ALTERNATIVE_ID,SOURCE_CAMPAIGN,UBIGEO,DISTRICT_NAME,CROP_CODE,CROP_STD,CAMPAIGN_MONTH_ORDER,CALENDAR_YEAR,CALENDAR_MONTH,YEAR_MONTH,SIEMBRA_HA,CAMPAIGN_TOTAL_HA,WITHIN_CAMPAIGN_SHARE,OBSERVED_ZERO_FLAG,SOURCE_MISSING_FLAG,EMPIRICALLY_REALIZED,REFERENCE_CONFIGURATION_ROLE
C0B5-A2020-2021,2020/2021,200101,PIURA,14010020000,ARROZ,1,2020,8,202008,135,330,0.4090909090909090909090909091,FALSE,FALSE,TRUE,EMPIRICALLY_REALIZED_TRANSIENT_REFERENCE_CONFIGURATION
C0B5-A2020-2021,2020/2021,200101,PIURA,14010020000,ARROZ,2,2020,9,202009,8,330,0.02424242424242424242424242424,FALSE,FALSE,TRUE,EMPIRICALLY_REALIZED_TRANSIENT_REFERENCE_CONFIGURATION
C0B5-A2020-2021,2020/2021,200101,PIURA,14010020000,ARROZ,3,2020,10,202010,0,330,0,TRUE,FALSE,TRUE,EMPIRICALLY_REALIZED_TRANSIENT_REFERENCE_CONFIGURATION
C0B5-A2020-2021,2020/2021,200101,PIURA,14010020000,ARROZ,4,2020,11,202011,0,330,0,TRUE,FALSE,TRUE,EMPIRICALLY_REALIZED_TRANSIENT_REFERENCE_CONFIGURATION
C0B5-A2020-2021,2020/2021,200101,PIURA,14010020000,ARROZ,5,2020,12,202012,0,330,0,TRUE,FALSE,TRUE,EMPIRICALLY_REALIZED_TRANSIENT_REFERENCE_CONFIGURATION
C0B5-A2020-2021,2020/2021,200101,PIURA,14010020000,ARROZ,6,2021,1,202101,0,330,0,TRUE,FALSE,TRUE,EMPIRICALLY_REALIZED_TRANSIENT_REFERENCE_CONFIGURATION
C0B5-A2020-2021,2020/2021,200101,PIURA,14010020000,ARROZ,7,2021,2,202102,50,330,0.1515151515151515151515151515,FALSE,FALSE,TRUE,EMPIRICALLY_REALIZED_TRANSIENT_REFERENCE_CONFIGURATION
C0B5-A2020-2021,2020/2021,200101,PIURA,14010020000,ARROZ,8,2021,3,202103,128,330,0.3878787878787878787878787879,FALSE,FALSE,TRUE,EMPIRICALLY_REALIZED_TRANSIENT_REFERENCE_CONFIGURATION
C0B5-A2020-2021,2020/2021,200101,PIURA,14010020000,ARROZ,9,2021,4,202104,9,330,0.02727272727272727272727272727,FALSE,FALSE,TRUE,EMPIRICALLY_REALIZED_TRANSIENT_REFERENCE_CONFIGURATION
C0B5-A2020-2021,2020/2021,200101,PIURA,14010020000,ARROZ,10,2021,5,202105,0,330,0,TRUE,FALSE,TRUE,EMPIRICALLY_REALIZED_TRANSIENT_REFERENCE_CONFIGURATION
C0B5-A2020-2021,2020/2021,200101,PIURA,14010020000,ARROZ,11,2021,6,202106,0,330,0,TRUE,FALSE,TRUE,EMPIRICALLY_REALIZED_TRANSIENT_REFERENCE_CONFIGURATION
C0B5-A2020-2021,2020/2021,200101,PIURA,14010020000,ARROZ,12,2021,7,202107,0,330,0,TRUE,FALSE,TRUE,EMPIRICALLY_REALIZED_TRANSIENT_REFERENCE_CONFIGURATION
C0B5-A2020-2021,2020/2021,200101,PIURA,14010070000,MAIZ AMARILLO DURO,1,2020,8,202008,29,56,0.5178571428571428571428571429,FALSE,FALSE,TRUE,EMPIRICALLY_REALIZED_TRANSIENT_REFERENCE_CONFIGURATION
C0B5-A2020-2021,2020/2021,200101,PIURA,14010070000,MAIZ AMARILLO DURO,2,2020,9,202009,10,56,0.1785714285714285714285714286,FALSE,FALSE,TRUE,EMPIRICALLY_REALIZED_TRANSIENT_REFERENCE_CONFIGURATION
C0B5-A2020-2021,2020/2021,200101,PIURA,14010070000,MAIZ AMARILLO DURO,3,2020,10,202010,0,56,0,TRUE,FALSE,TRUE,EMPIRICALLY_REALIZED_TRANSIENT_REFERENCE_CONFIGURATION
C0B5-A2020-2021,2020/2021,200101,PIURA,14010070000,MAIZ AMARILLO DURO,4,2020,11,202011,0,56,0,TRUE,FALSE,TRUE,EMPIRICALLY_REALIZED_TRANSIENT_REFERENCE_CONFIGURATION
C0B5-A2020-2021,2020/2021,200101,PIURA,14010070000,MAIZ AMARILLO DURO,5,2020,12,202012,0,56,0,TRUE,FALSE,TRUE,EMPIRICALLY_REALIZED_TRANSIENT_REFERENCE_CONFIGURATION
C0B5-A2020-2021,2020/2021,200101,PIURA,14010070000,MAIZ AMARILLO DURO,6,2021,1,202101,2,56,0.03571428571428571428571428571,FALSE,FALSE,TRUE,EMPIRICALLY_REALIZED_TRANSIENT_REFERENCE_CONFIGURATION
C0B5-A2020-2021,2020/2021,200101,PIURA,14010070000,MAIZ AMARILLO DURO,7,2021,2,202102,5,56,0.08928571428571428571428571429,FALSE,FALSE,TRUE,EMPIRICALLY_REALIZED_TRANSIENT_REFERENCE_CONFIGURATION
C0B5-A2020-2021,2020/2021,200101,PIURA,14010070000,MAIZ AMARILLO DURO,8,2021,3,202103,10,56,0.1785714285714285714285714286,FALSE,FALSE,TRUE,EMPIRICALLY_REALIZED_TRANSIENT_REFERENCE_CONFIGURATION
C0B5-A2020-2021,2020/2021,200101,PIURA,14010070000,MAIZ AMARILLO DURO,9,2021,4,202104,0,56,0,TRUE,FALSE,TRUE,EMPIRICALLY_REALIZED_TRANSIENT_REFERENCE_CONFIGURATION
C0B5-A2020-2021,2020/2021,200101,PIURA,14010070000,MAIZ AMARILLO DURO,10,2021,5,202105,0,56,0,TRUE,FALSE,TRUE,EMPIRICALLY_REALIZED_TRANSIENT_REFERENCE_CONFIGURATION
C0B5-A2020-2021,2020/2021,200101,PIURA,14010070000,MAIZ AMARILLO DURO,11,2021,6,202106,0,56,0,TRUE,FALSE,TRUE,EMPIRICALLY_REALIZED_TRANSIENT_REFERENCE_CONFIGURATION
C0B5-A2020-2021,2020/2021,200101,PIURA,14010070000,MAIZ AMARILLO DURO,12,2021,7,202107,0,56,0,TRUE,FALSE,TRUE,EMPIRICALLY_REALIZED_TRANSIENT_REFERENCE_CONFIGURATION
C0B5-A2020-2021,2020/2021,200105,CATACAOS,14010020000,ARROZ,1,2020,8,202008,228,2687,0.08485299590621510978786751023,FALSE,FALSE,TRUE,EMPIRICALLY_REALIZED_TRANSIENT_REFERENCE_CONFIGURATION
C0B5-A2020-2021,2020/2021,200105,CATACAOS,14010020000,ARROZ,2,2020,9,202009,122,2687,0.04540379605508001488649050986,FALSE,FALSE,TRUE,EMPIRICALLY_REALIZED_TRANSIENT_REFERENCE_CONFIGURATION
C0B5-A2020-2021,2020/2021,200105,CATACAOS,14010020000,ARROZ,3,2020,10,202010,216,2687,0.08038704875325641979903237812,FALSE,FALSE,TRUE,EMPIRICALLY_REALIZED_TRANSIENT_REFERENCE_CONFIGURATION
C0B5-A2020-2021,2020/2021,200105,CATACAOS,14010020000,ARROZ,4,2020,11,202011,0,2687,0,TRUE,FALSE,TRUE,EMPIRICALLY_REALIZED_TRANSIENT_REFERENCE_CONFIGURATION
C0B5-A2020-2021,2020/2021,200105,CATACAOS,14010020000,ARROZ,5,2020,12,202012,0,2687,0,TRUE,FALSE,TRUE,EMPIRICALLY_REALIZED_TRANSIENT_REFERENCE_CONFIGURATION
C0B5-A2020-2021,2020/2021,200105,CATACAOS,14010020000,ARROZ,6,2021,1,202101,57,2687,0.02121324897655377744696687756,FALSE,FALSE,TRUE,EMPIRICALLY_REALIZED_TRANSIENT_REFERENCE_CONFIGURATION
C0B5-A2020-2021,2020/2021,200105,CATACAOS,14010020000,ARROZ,7,2021,2,202102,1327,2687,0.4938593226646818012653516933,FALSE,FALSE,TRUE,EMPIRICALLY_REALIZED_TRANSIENT_REFERENCE_CONFIGURATION
C0B5-A2020-2021,2020/2021,200105,CATACAOS,14010020000,ARROZ,8,2021,3,202103,737,2687,0.2742835876442128768142910309,FALSE,FALSE,TRUE,EMPIRICALLY_REALIZED_TRANSIENT_REFERENCE_CONFIGURATION
C0B5-A2020-2021,2020/2021,200105,CATACAOS,14010020000,ARROZ,9,2021,4,202104,0,2687,0,TRUE,FALSE,TRUE,EMPIRICALLY_REALIZED_TRANSIENT_REFERENCE_CONFIGURATION
C0B5-A2020-2021,2020/2021,200105,CATACAOS,14010020000,ARROZ,10,2021,5,202105,0,2687,0,TRUE,FALSE,TRUE,EMPIRICALLY_REALIZED_TRANSIENT_REFERENCE_CONFIGURATION
C0B5-A2020-2021,2020/2021,200105,CATACAOS,14010020000,ARROZ,11,2021,6,202106,0,2687,0,TRUE,FALSE,TRUE,EMPIRICALLY_REALIZED_TRANSIENT_REFERENCE_CONFIGURATION
C0B5-A2020-2021,2020/2021,200105,CATACAOS,14010020000,ARROZ,12,2021,7,202107,0,2687,0,TRUE,FALSE,TRUE,EMPIRICALLY_REALIZED_TRANSIENT_REFERENCE_CONFIGURATION
C0B5-A2020-2021,2020/2021,200105,CATACAOS,14010070000,MAIZ AMARILLO DURO,1,2020,8,202008,916,2156,0.4248608534322820037105751391,FALSE,FALSE,TRUE,EMPIRICALLY_REALIZED_TRANSIENT_REFERENCE_CONFIGURATION
C0B5-A2020-2021,2020/2021,200105,CATACAOS,14010070000,MAIZ AMARILLO DURO,2,2020,9,202009,0,2156,0,TRUE,FALSE,TRUE,EMPIRICALLY_REALIZED_TRANSIENT_REFERENCE_CONFIGURATION
C0B5-A2020-2021,2020/2021,200105,CATACAOS,14010070000,MAIZ AMARILLO DURO,3,2020,10,202010,184,2156,0.08534322820037105751391465677,FALSE,FALSE,TRUE,EMPIRICALLY_REALIZED_TRANSIENT_REFERENCE_CONFIGURATION
C0B5-A2020-2021,2020/2021,200105,CATACAOS,14010070000,MAIZ AMARILLO DURO,4,2020,11,202011,0,2156,0,TRUE,FALSE,TRUE,EMPIRICALLY_REALIZED_TRANSIENT_REFERENCE_CONFIGURATION
C0B5-A2020-2021,2020/2021,200105,CATACAOS,14010070000,MAIZ AMARILLO DURO,5,2020,12,202012,0,2156,0,TRUE,FALSE,TRUE,EMPIRICALLY_REALIZED_TRANSIENT_REFERENCE_CONFIGURATION
C0B5-A2020-2021,2020/2021,200105,CATACAOS,14010070000,MAIZ AMARILLO DURO,6,2021,1,202101,38,2156,0.01762523191094619666048237477,FALSE,FALSE,TRUE,EMPIRICALLY_REALIZED_TRANSIENT_REFERENCE_CONFIGURATION
C0B5-A2020-2021,2020/2021,200105,CATACAOS,14010070000,MAIZ AMARILLO DURO,7,2021,2,202102,531,2156,0.2462894248608534322820037106,FALSE,FALSE,TRUE,EMPIRICALLY_REALIZED_TRANSIENT_REFERENCE_CONFIGURATION
C0B5-A2020-2021,2020/2021,200105,CATACAOS,14010070000,MAIZ AMARILLO DURO,8,2021,3,202103,187,2156,0.08673469387755102040816326531,FALSE,FALSE,TRUE,EMPIRICALLY_REALIZED_TRANSIENT_REFERENCE_CONFIGURATION
C0B5-A2020-2021,2020/2021,200105,CATACAOS,14010070000,MAIZ AMARILLO DURO,9,2021,4,202104,100,2156,0.04638218923933209647495361781,FALSE,FALSE,TRUE,EMPIRICALLY_REALIZED_TRANSIENT_REFERENCE_CONFIGURATION
C0B5-A2020-2021,2020/2021,200105,CATACAOS,14010070000,MAIZ AMARILLO DURO,10,2021,5,202105,200,2156,0.09276437847866419294990723562,FALSE,FALSE,TRUE,EMPIRICALLY_REALIZED_TRANSIENT_REFERENCE_CONFIGURATION
C0B5-A2020-2021,2020/2021,200105,CATACAOS,14010070000,MAIZ AMARILLO DURO,11,2021,6,202106,0,2156,0,TRUE,FALSE,TRUE,EMPIRICALLY_REALIZED_TRANSIENT_REFERENCE_CONFIGURATION
C0B5-A2020-2021,2020/2021,200105,CATACAOS,14010070000,MAIZ AMARILLO DURO,12,2021,7,202107,0,2156,0,TRUE,FALSE,TRUE,EMPIRICALLY_REALIZED_TRANSIENT_REFERENCE_CONFIGURATION
C0B5-A2020-2021,2020/2021,200108,EL TALLAN,14010020000,ARROZ,1,2020,8,202008,24,1161,0.02067183462532299741602067183,FALSE,FALSE,TRUE,EMPIRICALLY_REALIZED_TRANSIENT_REFERENCE_CONFIGURATION
C0B5-A2020-2021,2020/2021,200108,EL TALLAN,14010020000,ARROZ,2,2020,9,202009,72,1161,0.0620155038759689922480620155,FALSE,FALSE,TRUE,EMPIRICALLY_REALIZED_TRANSIENT_REFERENCE_CONFIGURATION
C0B5-A2020-2021,2020/2021,200108,EL TALLAN,14010020000,ARROZ,3,2020,10,202010,71,1161,0.06115417743324720068906115418,FALSE,FALSE,TRUE,EMPIRICALLY_REALIZED_TRANSIENT_REFERENCE_CONFIGURATION
C0B5-A2020-2021,2020/2021,200108,EL TALLAN,14010020000,ARROZ,4,2020,11,202011,0,1161,0,TRUE,FALSE,TRUE,EMPIRICALLY_REALIZED_TRANSIENT_REFERENCE_CONFIGURATION
C0B5-A2020-2021,2020/2021,200108,EL TALLAN,14010020000,ARROZ,5,2020,12,202012,0,1161,0,TRUE,FALSE,TRUE,EMPIRICALLY_REALIZED_TRANSIENT_REFERENCE_CONFIGURATION
C0B5-A2020-2021,2020/2021,200108,EL TALLAN,14010020000,ARROZ,6,2021,1,202101,24,1161,0.02067183462532299741602067183,FALSE,FALSE,TRUE,EMPIRICALLY_REALIZED_TRANSIENT_REFERENCE_CONFIGURATION
C0B5-A2020-2021,2020/2021,200108,EL TALLAN,14010020000,ARROZ,7,2021,2,202102,849,1161,0.7312661498708010335917312661,FALSE,FALSE,TRUE,EMPIRICALLY_REALIZED_TRANSIENT_REFERENCE_CONFIGURATION
C0B5-A2020-2021,2020/2021,200108,EL TALLAN,14010020000,ARROZ,8,2021,3,202103,121,1161,0.1042204995693367786391042205,FALSE,FALSE,TRUE,EMPIRICALLY_REALIZED_TRANSIENT_REFERENCE_CONFIGURATION
C0B5-A2020-2021,2020/2021,200108,EL TALLAN,14010020000,ARROZ,9,2021,4,202104,0,1161,0,TRUE,FALSE,TRUE,EMPIRICALLY_REALIZED_TRANSIENT_REFERENCE_CONFIGURATION
C0B5-A2020-2021,2020/2021,200108,EL TALLAN,14010020000,ARROZ,10,2021,5,202105,0,1161,0,TRUE,FALSE,TRUE,EMPIRICALLY_REALIZED_TRANSIENT_REFERENCE_CONFIGURATION
C0B5-A2020-2021,2020/2021,200108,EL TALLAN,14010020000,ARROZ,11,2021,6,202106,0,1161,0,TRUE,FALSE,TRUE,EMPIRICALLY_REALIZED_TRANSIENT_REFERENCE_CONFIGURATION
C0B5-A2020-2021,2020/2021,200108,EL TALLAN,14010020000,ARROZ,12,2021,7,202107,0,1161,0.0000000000000000000000000001,TRUE,FALSE,TRUE,EMPIRICALLY_REALIZED_TRANSIENT_REFERENCE_CONFIGURATION
C0B5-A2020-2021,2020/2021,200108,EL TALLAN,14010070000,MAIZ AMARILLO DURO,1,2020,8,202008,420,680,0.6176470588235294117647058824,FALSE,FALSE,TRUE,EMPIRICALLY_REALIZED_TRANSIENT_REFERENCE_CONFIGURATION
C0B5-A2020-2021,2020/2021,200108,EL TALLAN,14010070000,MAIZ AMARILLO DURO,2,2020,9,202009,0,680,0,TRUE,FALSE,TRUE,EMPIRICALLY_REALIZED_TRANSIENT_REFERENCE_CONFIGURATION
C0B5-A2020-2021,2020/2021,200108,EL TALLAN,14010070000,MAIZ AMARILLO DURO,3,2020,10,202010,0,680,0,TRUE,FALSE,TRUE,EMPIRICALLY_REALIZED_TRANSIENT_REFERENCE_CONFIGURATION
C0B5-A2020-2021,2020/2021,200108,EL TALLAN,14010070000,MAIZ AMARILLO DURO,4,2020,11,202011,0,680,0,TRUE,FALSE,TRUE,EMPIRICALLY_REALIZED_TRANSIENT_REFERENCE_CONFIGURATION
C0B5-A2020-2021,2020/2021,200108,EL TALLAN,14010070000,MAIZ AMARILLO DURO,5,2020,12,202012,0,680,0,TRUE,FALSE,TRUE,EMPIRICALLY_REALIZED_TRANSIENT_REFERENCE_CONFIGURATION
C0B5-A2020-2021,2020/2021,200108,EL TALLAN,14010070000,MAIZ AMARILLO DURO,6,2021,1,202101,0,680,0,TRUE,FALSE,TRUE,EMPIRICALLY_REALIZED_TRANSIENT_REFERENCE_CONFIGURATION
C0B5-A2020-2021,2020/2021,200108,EL TALLAN,14010070000,MAIZ AMARILLO DURO,7,2021,2,202102,30,680,0.04411764705882352941176470588,FALSE,FALSE,TRUE,EMPIRICALLY_REALIZED_TRANSIENT_REFERENCE_CONFIGURATION
C0B5-A2020-2021,2020/2021,200108,EL TALLAN,14010070000,MAIZ AMARILLO DURO,8,2021,3,202103,139,680,0.2044117647058823529411764706,FALSE,FALSE,TRUE,EMPIRICALLY_REALIZED_TRANSIENT_REFERENCE_CONFIGURATION
C0B5-A2020-2021,2020/2021,200108,EL TALLAN,14010070000,MAIZ AMARILLO DURO,9,2021,4,202104,91,680,0.1338235294117647058823529412,FALSE,FALSE,TRUE,EMPIRICALLY_REALIZED_TRANSIENT_REFERENCE_CONFIGURATION
C0B5-A2020-2021,2020/2021,200108,EL TALLAN,14010070000,MAIZ AMARILLO DURO,10,2021,5,202105,0,680,0,TRUE,FALSE,TRUE,EMPIRICALLY_REALIZED_TRANSIENT_REFERENCE_CONFIGURATION
C0B5-A2020-2021,2020/2021,200108,EL TALLAN,14010070000,MAIZ AMARILLO DURO,11,2021,6,202106,0,680,0,TRUE,FALSE,TRUE,EMPIRICALLY_REALIZED_TRANSIENT_REFERENCE_CONFIGURATION
C0B5-A2020-2021,2020/2021,200108,EL TALLAN,14010070000,MAIZ AMARILLO DURO,12,2021,7,202107,0,680,0,TRUE,FALSE,TRUE,EMPIRICALLY_REALIZED_TRANSIENT_REFERENCE_CONFIGURATION
C0B5-A2020-2021,2020/2021,200111,LAS LOMAS,14010020000,ARROZ,1,2020,8,202008,200,1670,0.1197604790419161676646706587,FALSE,FALSE,TRUE,EMPIRICALLY_REALIZED_TRANSIENT_REFERENCE_CONFIGURATION
C0B5-A2020-2021,2020/2021,200111,LAS LOMAS,14010020000,ARROZ,2,2020,9,202009,0,1670,0,TRUE,FALSE,TRUE,EMPIRICALLY_REALIZED_TRANSIENT_REFERENCE_CONFIGURATION
C0B5-A2020-2021,2020/2021,200111,LAS LOMAS,14010020000,ARROZ,3,2020,10,202010,0,1670,0,TRUE,FALSE,TRUE,EMPIRICALLY_REALIZED_TRANSIENT_REFERENCE_CONFIGURATION
C0B5-A2020-2021,2020/2021,200111,LAS LOMAS,14010020000,ARROZ,4,2020,11,202011,0,1670,0,TRUE,FALSE,TRUE,EMPIRICALLY_REALIZED_TRANSIENT_REFERENCE_CONFIGURATION
C0B5-A2020-2021,2020/2021,200111,LAS LOMAS,14010020000,ARROZ,5,2020,12,202012,0,1670,0,TRUE,FALSE,TRUE,EMPIRICALLY_REALIZED_TRANSIENT_REFERENCE_CONFIGURATION
C0B5-A2020-2021,2020/2021,200111,LAS LOMAS,14010020000,ARROZ,6,2021,1,202101,0,1670,0,TRUE,FALSE,TRUE,EMPIRICALLY_REALIZED_TRANSIENT_REFERENCE_CONFIGURATION
C0B5-A2020-2021,2020/2021,200111,LAS LOMAS,14010020000,ARROZ,7,2021,2,202102,1470,1670,0.8802395209580838323353293413,FALSE,FALSE,TRUE,EMPIRICALLY_REALIZED_TRANSIENT_REFERENCE_CONFIGURATION
C0B5-A2020-2021,2020/2021,200111,LAS LOMAS,14010020000,ARROZ,8,2021,3,202103,0,1670,0,TRUE,FALSE,TRUE,EMPIRICALLY_REALIZED_TRANSIENT_REFERENCE_CONFIGURATION
C0B5-A2020-2021,2020/2021,200111,LAS LOMAS,14010020000,ARROZ,9,2021,4,202104,0,1670,0,TRUE,FALSE,TRUE,EMPIRICALLY_REALIZED_TRANSIENT_REFERENCE_CONFIGURATION
C0B5-A2020-2021,2020/2021,200111,LAS LOMAS,14010020000,ARROZ,10,2021,5,202105,0,1670,0,TRUE,FALSE,TRUE,EMPIRICALLY_REALIZED_TRANSIENT_REFERENCE_CONFIGURATION
C0B5-A2020-2021,2020/2021,200111,LAS LOMAS,14010020000,ARROZ,11,2021,6,202106,0,1670,0,TRUE,FALSE,TRUE,EMPIRICALLY_REALIZED_TRANSIENT_REFERENCE_CONFIGURATION
C0B5-A2020-2021,2020/2021,200111,LAS LOMAS,14010020000,ARROZ,12,2021,7,202107,0,1670,0,TRUE,FALSE,TRUE,EMPIRICALLY_REALIZED_TRANSIENT_REFERENCE_CONFIGURATION
C0B5-A2020-2021,2020/2021,200111,LAS LOMAS,14010070000,MAIZ AMARILLO DURO,1,2020,8,202008,0,30,0,TRUE,FALSE,TRUE,EMPIRICALLY_REALIZED_TRANSIENT_REFERENCE_CONFIGURATION
C0B5-A2020-2021,2020/2021,200111,LAS LOMAS,14010070000,MAIZ AMARILLO DURO,2,2020,9,202009,0,30,0,TRUE,FALSE,TRUE,EMPIRICALLY_REALIZED_TRANSIENT_REFERENCE_CONFIGURATION
C0B5-A2020-2021,2020/2021,200111,LAS LOMAS,14010070000,MAIZ AMARILLO DURO,3,2020,10,202010,0,30,0,TRUE,FALSE,TRUE,EMPIRICALLY_REALIZED_TRANSIENT_REFERENCE_CONFIGURATION
C0B5-A2020-2021,2020/2021,200111,LAS LOMAS,14010070000,MAIZ AMARILLO DURO,4,2020,11,202011,0,30,0,TRUE,FALSE,TRUE,EMPIRICALLY_REALIZED_TRANSIENT_REFERENCE_CONFIGURATION
C0B5-A2020-2021,2020/2021,200111,LAS LOMAS,14010070000,MAIZ AMARILLO DURO,5,2020,12,202012,0,30,0,TRUE,FALSE,TRUE,EMPIRICALLY_REALIZED_TRANSIENT_REFERENCE_CONFIGURATION
C0B5-A2020-2021,2020/2021,200111,LAS LOMAS,14010070000,MAIZ AMARILLO DURO,6,2021,1,202101,0,30,0,TRUE,FALSE,TRUE,EMPIRICALLY_REALIZED_TRANSIENT_REFERENCE_CONFIGURATION
C0B5-A2020-2021,2020/2021,200111,LAS LOMAS,14010070000,MAIZ AMARILLO DURO,7,2021,2,202102,30,30,1,FALSE,FALSE,TRUE,EMPIRICALLY_REALIZED_TRANSIENT_REFERENCE_CONFIGURATION
C0B5-A2020-2021,2020/2021,200111,LAS LOMAS,14010070000,MAIZ AMARILLO DURO,8,2021,3,202103,0,30,0,TRUE,FALSE,TRUE,EMPIRICALLY_REALIZED_TRANSIENT_REFERENCE_CONFIGURATION
C0B5-A2020-2021,2020/2021,200111,LAS LOMAS,14010070000,MAIZ AMARILLO DURO,9,2021,4,202104,0,30,0,TRUE,FALSE,TRUE,EMPIRICALLY_REALIZED_TRANSIENT_REFERENCE_CONFIGURATION
C0B5-A2020-2021,2020/2021,200111,LAS LOMAS,14010070000,MAIZ AMARILLO DURO,10,2021,5,202105,0,30,0,TRUE,FALSE,TRUE,EMPIRICALLY_REALIZED_TRANSIENT_REFERENCE_CONFIGURATION
C0B5-A2020-2021,2020/2021,200111,LAS LOMAS,14010070000,MAIZ AMARILLO DURO,11,2021,6,202106,0,30,0,TRUE,FALSE,TRUE,EMPIRICALLY_REALIZED_TRANSIENT_REFERENCE_CONFIGURATION
C0B5-A2020-2021,2020/2021,200111,LAS LOMAS,14010070000,MAIZ AMARILLO DURO,12,2021,7,202107,0,30,0,TRUE,FALSE,TRUE,EMPIRICALLY_REALIZED_TRANSIENT_REFERENCE_CONFIGURATION
C0B5-A2020-2021,2020/2021,200114,TAMBO GRANDE,14010020000,ARROZ,1,2020,8,202008,702,4078,0.1721432074546346248160863168,FALSE,FALSE,TRUE,EMPIRICALLY_REALIZED_TRANSIENT_REFERENCE_CONFIGURATION
C0B5-A2020-2021,2020/2021,200114,TAMBO GRANDE,14010020000,ARROZ,2,2020,9,202009,0,4078,0,TRUE,FALSE,TRUE,EMPIRICALLY_REALIZED_TRANSIENT_REFERENCE_CONFIGURATION
C0B5-A2020-2021,2020/2021,200114,TAMBO GRANDE,14010020000,ARROZ,3,2020,10,202010,0,4078,0,TRUE,FALSE,TRUE,EMPIRICALLY_REALIZED_TRANSIENT_REFERENCE_CONFIGURATION
C0B5-A2020-2021,2020/2021,200114,TAMBO GRANDE,14010020000,ARROZ,4,2020,11,202011,0,4078,0,TRUE,FALSE,TRUE,EMPIRICALLY_REALIZED_TRANSIENT_REFERENCE_CONFIGURATION
C0B5-A2020-2021,2020/2021,200114,TAMBO GRANDE,14010020000,ARROZ,5,2020,12,202012,0,4078,0,TRUE,FALSE,TRUE,EMPIRICALLY_REALIZED_TRANSIENT_REFERENCE_CONFIGURATION
C0B5-A2020-2021,2020/2021,200114,TAMBO GRANDE,14010020000,ARROZ,6,2021,1,202101,0,4078,0,TRUE,FALSE,TRUE,EMPIRICALLY_REALIZED_TRANSIENT_REFERENCE_CONFIGURATION
C0B5-A2020-2021,2020/2021,200114,TAMBO GRANDE,14010020000,ARROZ,7,2021,2,202102,3136,4078,0.769004413928396272682687592,FALSE,FALSE,TRUE,EMPIRICALLY_REALIZED_TRANSIENT_REFERENCE_CONFIGURATION
C0B5-A2020-2021,2020/2021,200114,TAMBO GRANDE,14010020000,ARROZ,8,2021,3,202103,240,4078,0.05885237861696910250122609122,FALSE,FALSE,TRUE,EMPIRICALLY_REALIZED_TRANSIENT_REFERENCE_CONFIGURATION
C0B5-A2020-2021,2020/2021,200114,TAMBO GRANDE,14010020000,ARROZ,9,2021,4,202104,0,4078,0,TRUE,FALSE,TRUE,EMPIRICALLY_REALIZED_TRANSIENT_REFERENCE_CONFIGURATION
C0B5-A2020-2021,2020/2021,200114,TAMBO GRANDE,14010020000,ARROZ,10,2021,5,202105,0,4078,0,TRUE,FALSE,TRUE,EMPIRICALLY_REALIZED_TRANSIENT_REFERENCE_CONFIGURATION
C0B5-A2020-2021,2020/2021,200114,TAMBO GRANDE,14010020000,ARROZ,11,2021,6,202106,0,4078,0,TRUE,FALSE,TRUE,EMPIRICALLY_REALIZED_TRANSIENT_REFERENCE_CONFIGURATION
C0B5-A2020-2021,2020/2021,200114,TAMBO GRANDE,14010020000,ARROZ,12,2021,7,202107,0,4078,0,TRUE,FALSE,TRUE,EMPIRICALLY_REALIZED_TRANSIENT_REFERENCE_CONFIGURATION
C0B5-A2020-2021,2020/2021,200114,TAMBO GRANDE,14010070000,MAIZ AMARILLO DURO,1,2020,8,202008,0,535,0,TRUE,FALSE,TRUE,EMPIRICALLY_REALIZED_TRANSIENT_REFERENCE_CONFIGURATION
C0B5-A2020-2021,2020/2021,200114,TAMBO GRANDE,14010070000,MAIZ AMARILLO DURO,2,2020,9,202009,0,535,0,TRUE,FALSE,TRUE,EMPIRICALLY_REALIZED_TRANSIENT_REFERENCE_CONFIGURATION
C0B5-A2020-2021,2020/2021,200114,TAMBO GRANDE,14010070000,MAIZ AMARILLO DURO,3,2020,10,202010,0,535,0,TRUE,FALSE,TRUE,EMPIRICALLY_REALIZED_TRANSIENT_REFERENCE_CONFIGURATION
C0B5-A2020-2021,2020/2021,200114,TAMBO GRANDE,14010070000,MAIZ AMARILLO DURO,4,2020,11,202011,0,535,0,TRUE,FALSE,TRUE,EMPIRICALLY_REALIZED_TRANSIENT_REFERENCE_CONFIGURATION
C0B5-A2020-2021,2020/2021,200114,TAMBO GRANDE,14010070000,MAIZ AMARILLO DURO,5,2020,12,202012,0,535,0,TRUE,FALSE,TRUE,EMPIRICALLY_REALIZED_TRANSIENT_REFERENCE_CONFIGURATION
C0B5-A2020-2021,2020/2021,200114,TAMBO GRANDE,14010070000,MAIZ AMARILLO DURO,6,2021,1,202101,237,535,0.4429906542056074766355140187,FALSE,FALSE,TRUE,EMPIRICALLY_REALIZED_TRANSIENT_REFERENCE_CONFIGURATION
C0B5-A2020-2021,2020/2021,200114,TAMBO GRANDE,14010070000,MAIZ AMARILLO DURO,7,2021,2,202102,110,535,0.205607476635514018691588785,FALSE,FALSE,TRUE,EMPIRICALLY_REALIZED_TRANSIENT_REFERENCE_CONFIGURATION
C0B5-A2020-2021,2020/2021,200114,TAMBO GRANDE,14010070000,MAIZ AMARILLO DURO,8,2021,3,202103,188,535,0.3514018691588785046728971963,FALSE,FALSE,TRUE,EMPIRICALLY_REALIZED_TRANSIENT_REFERENCE_CONFIGURATION
C0B5-A2020-2021,2020/2021,200114,TAMBO GRANDE,14010070000,MAIZ AMARILLO DURO,9,2021,4,202104,0,535,0,TRUE,FALSE,TRUE,EMPIRICALLY_REALIZED_TRANSIENT_REFERENCE_CONFIGURATION
C0B5-A2020-2021,2020/2021,200114,TAMBO GRANDE,14010070000,MAIZ AMARILLO DURO,10,2021,5,202105,0,535,0,TRUE,FALSE,TRUE,EMPIRICALLY_REALIZED_TRANSIENT_REFERENCE_CONFIGURATION
C0B5-A2020-2021,2020/2021,200114,TAMBO GRANDE,14010070000,MAIZ AMARILLO DURO,11,2021,6,202106,0,535,0,TRUE,FALSE,TRUE,EMPIRICALLY_REALIZED_TRANSIENT_REFERENCE_CONFIGURATION
C0B5-A2020-2021,2020/2021,200114,TAMBO GRANDE,14010070000,MAIZ AMARILLO DURO,12,2021,7,202107,0,535,0,TRUE,FALSE,TRUE,EMPIRICALLY_REALIZED_TRANSIENT_REFERENCE_CONFIGURATION
C0B5-A2020-2021,2020/2021,200201,AYABACA,14010020000,ARROZ,1,2020,8,202008,0,16,0,TRUE,FALSE,TRUE,EMPIRICALLY_REALIZED_TRANSIENT_REFERENCE_CONFIGURATION
C0B5-A2020-2021,2020/2021,200201,AYABACA,14010020000,ARROZ,2,2020,9,202009,0,16,0,TRUE,FALSE,TRUE,EMPIRICALLY_REALIZED_TRANSIENT_REFERENCE_CONFIGURATION
C0B5-A2020-2021,2020/2021,200201,AYABACA,14010020000,ARROZ,3,2020,10,202010,0,16,0,TRUE,FALSE,TRUE,EMPIRICALLY_REALIZED_TRANSIENT_REFERENCE_CONFIGURATION
C0B5-A2020-2021,2020/2021,200201,AYABACA,14010020000,ARROZ,4,2020,11,202011,0,16,0,TRUE,FALSE,TRUE,EMPIRICALLY_REALIZED_TRANSIENT_REFERENCE_CONFIGURATION
C0B5-A2020-2021,2020/2021,200201,AYABACA,14010020000,ARROZ,5,2020,12,202012,0,16,0,TRUE,FALSE,TRUE,EMPIRICALLY_REALIZED_TRANSIENT_REFERENCE_CONFIGURATION
C0B5-A2020-2021,2020/2021,200201,AYABACA,14010020000,ARROZ,6,2021,1,202101,16,16,1,FALSE,FALSE,TRUE,EMPIRICALLY_REALIZED_TRANSIENT_REFERENCE_CONFIGURATION
C0B5-A2020-2021,2020/2021,200201,AYABACA,14010020000,ARROZ,7,2021,2,202102,0,16,0,TRUE,FALSE,TRUE,EMPIRICALLY_REALIZED_TRANSIENT_REFERENCE_CONFIGURATION
C0B5-A2020-2021,2020/2021,200201,AYABACA,14010020000,ARROZ,8,2021,3,202103,0,16,0,TRUE,FALSE,TRUE,EMPIRICALLY_REALIZED_TRANSIENT_REFERENCE_CONFIGURATION
C0B5-A2020-2021,2020/2021,200201,AYABACA,14010020000,ARROZ,9,2021,4,202104,0,16,0,TRUE,FALSE,TRUE,EMPIRICALLY_REALIZED_TRANSIENT_REFERENCE_CONFIGURATION
C0B5-A2020-2021,2020/2021,200201,AYABACA,14010020000,ARROZ,10,2021,5,202105,0,16,0,TRUE,FALSE,TRUE,EMPIRICALLY_REALIZED_TRANSIENT_REFERENCE_CONFIGURATION
C0B5-A2020-2021,2020/2021,200201,AYABACA,14010020000,ARROZ,11,2021,6,202106,0,16,0,TRUE,FALSE,TRUE,EMPIRICALLY_REALIZED_TRANSIENT_REFERENCE_CONFIGURATION
C0B5-A2020-2021,2020/2021,200201,AYABACA,14010020000,ARROZ,12,2021,7,202107,0,16,0,TRUE,FALSE,TRUE,EMPIRICALLY_REALIZED_TRANSIENT_REFERENCE_CONFIGURATION
C0B5-A2020-2021,2020/2021,200201,AYABACA,14010070000,MAIZ AMARILLO DURO,1,2020,8,202008,5,624,0.008012820512820512820512820513,FALSE,FALSE,TRUE,EMPIRICALLY_REALIZED_TRANSIENT_REFERENCE_CONFIGURATION
C0B5-A2020-2021,2020/2021,200201,AYABACA,14010070000,MAIZ AMARILLO DURO,2,2020,9,202009,0,624,0,TRUE,FALSE,TRUE,EMPIRICALLY_REALIZED_TRANSIENT_REFERENCE_CONFIGURATION
C0B5-A2020-2021,2020/2021,200201,AYABACA,14010070000,MAIZ AMARILLO DURO,3,2020,10,202010,0,624,0,TRUE,FALSE,TRUE,EMPIRICALLY_REALIZED_TRANSIENT_REFERENCE_CONFIGURATION
C0B5-A2020-2021,2020/2021,200201,AYABACA,14010070000,MAIZ AMARILLO DURO,4,2020,11,202011,0,624,0,TRUE,FALSE,TRUE,EMPIRICALLY_REALIZED_TRANSIENT_REFERENCE_CONFIGURATION
C0B5-A2020-2021,2020/2021,200201,AYABACA,14010070000,MAIZ AMARILLO DURO,5,2020,12,202012,0,624,0,TRUE,FALSE,TRUE,EMPIRICALLY_REALIZED_TRANSIENT_REFERENCE_CONFIGURATION
C0B5-A2020-2021,2020/2021,200201,AYABACA,14010070000,MAIZ AMARILLO DURO,6,2021,1,202101,390,624,0.625,FALSE,FALSE,TRUE,EMPIRICALLY_REALIZED_TRANSIENT_REFERENCE_CONFIGURATION
C0B5-A2020-2021,2020/2021,200201,AYABACA,14010070000,MAIZ AMARILLO DURO,7,2021,2,202102,229,624,0.3669871794871794871794871795,FALSE,FALSE,TRUE,EMPIRICALLY_REALIZED_TRANSIENT_REFERENCE_CONFIGURATION
C0B5-A2020-2021,2020/2021,200201,AYABACA,14010070000,MAIZ AMARILLO DURO,8,2021,3,202103,0,624,0,TRUE,FALSE,TRUE,EMPIRICALLY_REALIZED_TRANSIENT_REFERENCE_CONFIGURATION
C0B5-A2020-2021,2020/2021,200201,AYABACA,14010070000,MAIZ AMARILLO DURO,9,2021,4,202104,0,624,0,TRUE,FALSE,TRUE,EMPIRICALLY_REALIZED_TRANSIENT_REFERENCE_CONFIGURATION
C0B5-A2020-2021,2020/2021,200201,AYABACA,14010070000,MAIZ AMARILLO DURO,10,2021,5,202105,0,624,0,TRUE,FALSE,TRUE,EMPIRICALLY_REALIZED_TRANSIENT_REFERENCE_CONFIGURATION
C0B5-A2020-2021,2020/2021,200201,AYABACA,14010070000,MAIZ AMARILLO DURO,11,2021,6,202106,0,624,0,TRUE,FALSE,TRUE,EMPIRICALLY_REALIZED_TRANSIENT_REFERENCE_CONFIGURATION
C0B5-A2020-2021,2020/2021,200201,AYABACA,14010070000,MAIZ AMARILLO DURO,12,2021,7,202107,0,624,0,TRUE,FALSE,TRUE,EMPIRICALLY_REALIZED_TRANSIENT_REFERENCE_CONFIGURATION
C0B5-A2020-2021,2020/2021,200205,MONTERO,14010020000,ARROZ,1,2020,8,202008,2,54,0.03703703703703703703703703704,FALSE,FALSE,TRUE,EMPIRICALLY_REALIZED_TRANSIENT_REFERENCE_CONFIGURATION
C0B5-A2020-2021,2020/2021,200205,MONTERO,14010020000,ARROZ,2,2020,9,202009,0,54,0,TRUE,FALSE,TRUE,EMPIRICALLY_REALIZED_TRANSIENT_REFERENCE_CONFIGURATION
C0B5-A2020-2021,2020/2021,200205,MONTERO,14010020000,ARROZ,3,2020,10,202010,0,54,0,TRUE,FALSE,TRUE,EMPIRICALLY_REALIZED_TRANSIENT_REFERENCE_CONFIGURATION
C0B5-A2020-2021,2020/2021,200205,MONTERO,14010020000,ARROZ,4,2020,11,202011,0,54,0,TRUE,FALSE,TRUE,EMPIRICALLY_REALIZED_TRANSIENT_REFERENCE_CONFIGURATION
C0B5-A2020-2021,2020/2021,200205,MONTERO,14010020000,ARROZ,5,2020,12,202012,0,54,0,TRUE,FALSE,TRUE,EMPIRICALLY_REALIZED_TRANSIENT_REFERENCE_CONFIGURATION
C0B5-A2020-2021,2020/2021,200205,MONTERO,14010020000,ARROZ,6,2021,1,202101,10,54,0.1851851851851851851851851852,FALSE,FALSE,TRUE,EMPIRICALLY_REALIZED_TRANSIENT_REFERENCE_CONFIGURATION
C0B5-A2020-2021,2020/2021,200205,MONTERO,14010020000,ARROZ,7,2021,2,202102,42,54,0.7777777777777777777777777778,FALSE,FALSE,TRUE,EMPIRICALLY_REALIZED_TRANSIENT_REFERENCE_CONFIGURATION
C0B5-A2020-2021,2020/2021,200205,MONTERO,14010020000,ARROZ,8,2021,3,202103,0,54,0,TRUE,FALSE,TRUE,EMPIRICALLY_REALIZED_TRANSIENT_REFERENCE_CONFIGURATION
C0B5-A2020-2021,2020/2021,200205,MONTERO,14010020000,ARROZ,9,2021,4,202104,0,54,0,TRUE,FALSE,TRUE,EMPIRICALLY_REALIZED_TRANSIENT_REFERENCE_CONFIGURATION
C0B5-A2020-2021,2020/2021,200205,MONTERO,14010020000,ARROZ,10,2021,5,202105,0,54,0,TRUE,FALSE,TRUE,EMPIRICALLY_REALIZED_TRANSIENT_REFERENCE_CONFIGURATION
C0B5-A2020-2021,2020/2021,200205,MONTERO,14010020000,ARROZ,11,2021,6,202106,0,54,0,TRUE,FALSE,TRUE,EMPIRICALLY_REALIZED_TRANSIENT_REFERENCE_CONFIGURATION
C0B5-A2020-2021,2020/2021,200205,MONTERO,14010020000,ARROZ,12,2021,7,202107,0,54,0,TRUE,FALSE,TRUE,EMPIRICALLY_REALIZED_TRANSIENT_REFERENCE_CONFIGURATION
C0B5-A2020-2021,2020/2021,200205,MONTERO,14010070000,MAIZ AMARILLO DURO,1,2020,8,202008,26,159,0.1635220125786163522012578616,FALSE,FALSE,TRUE,EMPIRICALLY_REALIZED_TRANSIENT_REFERENCE_CONFIGURATION
C0B5-A2020-2021,2020/2021,200205,MONTERO,14010070000,MAIZ AMARILLO DURO,2,2020,9,202009,0,159,0,TRUE,FALSE,TRUE,EMPIRICALLY_REALIZED_TRANSIENT_REFERENCE_CONFIGURATION
C0B5-A2020-2021,2020/2021,200205,MONTERO,14010070000,MAIZ AMARILLO DURO,3,2020,10,202010,0,159,0,TRUE,FALSE,TRUE,EMPIRICALLY_REALIZED_TRANSIENT_REFERENCE_CONFIGURATION
C0B5-A2020-2021,2020/2021,200205,MONTERO,14010070000,MAIZ AMARILLO DURO,4,2020,11,202011,0,159,0,TRUE,FALSE,TRUE,EMPIRICALLY_REALIZED_TRANSIENT_REFERENCE_CONFIGURATION
C0B5-A2020-2021,2020/2021,200205,MONTERO,14010070000,MAIZ AMARILLO DURO,5,2020,12,202012,0,159,0,TRUE,FALSE,TRUE,EMPIRICALLY_REALIZED_TRANSIENT_REFERENCE_CONFIGURATION
C0B5-A2020-2021,2020/2021,200205,MONTERO,14010070000,MAIZ AMARILLO DURO,6,2021,1,202101,32,159,0.201257861635220125786163522,FALSE,FALSE,TRUE,EMPIRICALLY_REALIZED_TRANSIENT_REFERENCE_CONFIGURATION
C0B5-A2020-2021,2020/2021,200205,MONTERO,14010070000,MAIZ AMARILLO DURO,7,2021,2,202102,91,159,0.5723270440251572327044025157,FALSE,FALSE,TRUE,EMPIRICALLY_REALIZED_TRANSIENT_REFERENCE_CONFIGURATION
C0B5-A2020-2021,2020/2021,200205,MONTERO,14010070000,MAIZ AMARILLO DURO,8,2021,3,202103,10,159,0.06289308176100628930817610063,FALSE,FALSE,TRUE,EMPIRICALLY_REALIZED_TRANSIENT_REFERENCE_CONFIGURATION
C0B5-A2020-2021,2020/2021,200205,MONTERO,14010070000,MAIZ AMARILLO DURO,9,2021,4,202104,0,159,0,TRUE,FALSE,TRUE,EMPIRICALLY_REALIZED_TRANSIENT_REFERENCE_CONFIGURATION
C0B5-A2020-2021,2020/2021,200205,MONTERO,14010070000,MAIZ AMARILLO DURO,10,2021,5,202105,0,159,0,TRUE,FALSE,TRUE,EMPIRICALLY_REALIZED_TRANSIENT_REFERENCE_CONFIGURATION
C0B5-A2020-2021,2020/2021,200205,MONTERO,14010070000,MAIZ AMARILLO DURO,11,2021,6,202106,0,159,0,TRUE,FALSE,TRUE,EMPIRICALLY_REALIZED_TRANSIENT_REFERENCE_CONFIGURATION
C0B5-A2020-2021,2020/2021,200205,MONTERO,14010070000,MAIZ AMARILLO DURO,12,2021,7,202107,0,159,0.0000000000000000000000000001,TRUE,FALSE,TRUE,EMPIRICALLY_REALIZED_TRANSIENT_REFERENCE_CONFIGURATION
C0B5-A2020-2021,2020/2021,200304,HUARMACA,14010020000,ARROZ,1,2020,8,202008,0,160,0,TRUE,FALSE,TRUE,EMPIRICALLY_REALIZED_TRANSIENT_REFERENCE_CONFIGURATION
C0B5-A2020-2021,2020/2021,200304,HUARMACA,14010020000,ARROZ,2,2020,9,202009,0,160,0,TRUE,FALSE,TRUE,EMPIRICALLY_REALIZED_TRANSIENT_REFERENCE_CONFIGURATION
C0B5-A2020-2021,2020/2021,200304,HUARMACA,14010020000,ARROZ,3,2020,10,202010,0,160,0,TRUE,FALSE,TRUE,EMPIRICALLY_REALIZED_TRANSIENT_REFERENCE_CONFIGURATION
C0B5-A2020-2021,2020/2021,200304,HUARMACA,14010020000,ARROZ,4,2020,11,202011,0,160,0,TRUE,FALSE,TRUE,EMPIRICALLY_REALIZED_TRANSIENT_REFERENCE_CONFIGURATION
C0B5-A2020-2021,2020/2021,200304,HUARMACA,14010020000,ARROZ,5,2020,12,202012,0,160,0,TRUE,FALSE,TRUE,EMPIRICALLY_REALIZED_TRANSIENT_REFERENCE_CONFIGURATION
C0B5-A2020-2021,2020/2021,200304,HUARMACA,14010020000,ARROZ,6,2021,1,202101,135,160,0.84375,FALSE,FALSE,TRUE,EMPIRICALLY_REALIZED_TRANSIENT_REFERENCE_CONFIGURATION
C0B5-A2020-2021,2020/2021,200304,HUARMACA,14010020000,ARROZ,7,2021,2,202102,0,160,0,TRUE,FALSE,TRUE,EMPIRICALLY_REALIZED_TRANSIENT_REFERENCE_CONFIGURATION
C0B5-A2020-2021,2020/2021,200304,HUARMACA,14010020000,ARROZ,8,2021,3,202103,0,160,0,TRUE,FALSE,TRUE,EMPIRICALLY_REALIZED_TRANSIENT_REFERENCE_CONFIGURATION
C0B5-A2020-2021,2020/2021,200304,HUARMACA,14010020000,ARROZ,9,2021,4,202104,0,160,0,TRUE,FALSE,TRUE,EMPIRICALLY_REALIZED_TRANSIENT_REFERENCE_CONFIGURATION
C0B5-A2020-2021,2020/2021,200304,HUARMACA,14010020000,ARROZ,10,2021,5,202105,0,160,0,TRUE,FALSE,TRUE,EMPIRICALLY_REALIZED_TRANSIENT_REFERENCE_CONFIGURATION
C0B5-A2020-2021,2020/2021,200304,HUARMACA,14010020000,ARROZ,11,2021,6,202106,0,160,0,TRUE,FALSE,TRUE,EMPIRICALLY_REALIZED_TRANSIENT_REFERENCE_CONFIGURATION
C0B5-A2020-2021,2020/2021,200304,HUARMACA,14010020000,ARROZ,12,2021,7,202107,25,160,0.15625,FALSE,FALSE,TRUE,EMPIRICALLY_REALIZED_TRANSIENT_REFERENCE_CONFIGURATION
C0B5-A2020-2021,2020/2021,200304,HUARMACA,14010070000,MAIZ AMARILLO DURO,1,2020,8,202008,0,257,0,TRUE,FALSE,TRUE,EMPIRICALLY_REALIZED_TRANSIENT_REFERENCE_CONFIGURATION
C0B5-A2020-2021,2020/2021,200304,HUARMACA,14010070000,MAIZ AMARILLO DURO,2,2020,9,202009,0,257,0,TRUE,FALSE,TRUE,EMPIRICALLY_REALIZED_TRANSIENT_REFERENCE_CONFIGURATION
C0B5-A2020-2021,2020/2021,200304,HUARMACA,14010070000,MAIZ AMARILLO DURO,3,2020,10,202010,0,257,0,TRUE,FALSE,TRUE,EMPIRICALLY_REALIZED_TRANSIENT_REFERENCE_CONFIGURATION
C0B5-A2020-2021,2020/2021,200304,HUARMACA,14010070000,MAIZ AMARILLO DURO,4,2020,11,202011,0,257,0,TRUE,FALSE,TRUE,EMPIRICALLY_REALIZED_TRANSIENT_REFERENCE_CONFIGURATION
C0B5-A2020-2021,2020/2021,200304,HUARMACA,14010070000,MAIZ AMARILLO DURO,5,2020,12,202012,0,257,0,TRUE,FALSE,TRUE,EMPIRICALLY_REALIZED_TRANSIENT_REFERENCE_CONFIGURATION
C0B5-A2020-2021,2020/2021,200304,HUARMACA,14010070000,MAIZ AMARILLO DURO,6,2021,1,202101,195,257,0.7587548638132295719844357977,FALSE,FALSE,TRUE,EMPIRICALLY_REALIZED_TRANSIENT_REFERENCE_CONFIGURATION
C0B5-A2020-2021,2020/2021,200304,HUARMACA,14010070000,MAIZ AMARILLO DURO,7,2021,2,202102,47,257,0.1828793774319066147859922179,FALSE,FALSE,TRUE,EMPIRICALLY_REALIZED_TRANSIENT_REFERENCE_CONFIGURATION
C0B5-A2020-2021,2020/2021,200304,HUARMACA,14010070000,MAIZ AMARILLO DURO,8,2021,3,202103,0,257,0,TRUE,FALSE,TRUE,EMPIRICALLY_REALIZED_TRANSIENT_REFERENCE_CONFIGURATION
C0B5-A2020-2021,2020/2021,200304,HUARMACA,14010070000,MAIZ AMARILLO DURO,9,2021,4,202104,0,257,0,TRUE,FALSE,TRUE,EMPIRICALLY_REALIZED_TRANSIENT_REFERENCE_CONFIGURATION
C0B5-A2020-2021,2020/2021,200304,HUARMACA,14010070000,MAIZ AMARILLO DURO,10,2021,5,202105,0,257,0,TRUE,FALSE,TRUE,EMPIRICALLY_REALIZED_TRANSIENT_REFERENCE_CONFIGURATION
C0B5-A2020-2021,2020/2021,200304,HUARMACA,14010070000,MAIZ AMARILLO DURO,11,2021,6,202106,0,257,0,TRUE,FALSE,TRUE,EMPIRICALLY_REALIZED_TRANSIENT_REFERENCE_CONFIGURATION
C0B5-A2020-2021,2020/2021,200304,HUARMACA,14010070000,MAIZ AMARILLO DURO,12,2021,7,202107,15,257,0.0583657587548638132295719844,FALSE,FALSE,TRUE,EMPIRICALLY_REALIZED_TRANSIENT_REFERENCE_CONFIGURATION
C0B5-A2020-2021,2020/2021,200802,BELLAVISTA DE LA UNION,14010020000,ARROZ,1,2020,8,202008,92,981,0.09378185524974515800203873598,FALSE,FALSE,TRUE,EMPIRICALLY_REALIZED_TRANSIENT_REFERENCE_CONFIGURATION
C0B5-A2020-2021,2020/2021,200802,BELLAVISTA DE LA UNION,14010020000,ARROZ,2,2020,9,202009,8,981,0.008154943934760448521916411825,FALSE,FALSE,TRUE,EMPIRICALLY_REALIZED_TRANSIENT_REFERENCE_CONFIGURATION
C0B5-A2020-2021,2020/2021,200802,BELLAVISTA DE LA UNION,14010020000,ARROZ,3,2020,10,202010,0,981,0,TRUE,FALSE,TRUE,EMPIRICALLY_REALIZED_TRANSIENT_REFERENCE_CONFIGURATION
C0B5-A2020-2021,2020/2021,200802,BELLAVISTA DE LA UNION,14010020000,ARROZ,4,2020,11,202011,0,981,0,TRUE,FALSE,TRUE,EMPIRICALLY_REALIZED_TRANSIENT_REFERENCE_CONFIGURATION
C0B5-A2020-2021,2020/2021,200802,BELLAVISTA DE LA UNION,14010020000,ARROZ,5,2020,12,202012,0,981,0,TRUE,FALSE,TRUE,EMPIRICALLY_REALIZED_TRANSIENT_REFERENCE_CONFIGURATION
C0B5-A2020-2021,2020/2021,200802,BELLAVISTA DE LA UNION,14010020000,ARROZ,6,2021,1,202101,10,981,0.01019367991845056065239551478,FALSE,FALSE,TRUE,EMPIRICALLY_REALIZED_TRANSIENT_REFERENCE_CONFIGURATION
C0B5-A2020-2021,2020/2021,200802,BELLAVISTA DE LA UNION,14010020000,ARROZ,7,2021,2,202102,414,981,0.4220183486238532110091743119,FALSE,FALSE,TRUE,EMPIRICALLY_REALIZED_TRANSIENT_REFERENCE_CONFIGURATION
C0B5-A2020-2021,2020/2021,200802,BELLAVISTA DE LA UNION,14010020000,ARROZ,8,2021,3,202103,434,981,0.4424057084607543323139653415,FALSE,FALSE,TRUE,EMPIRICALLY_REALIZED_TRANSIENT_REFERENCE_CONFIGURATION
C0B5-A2020-2021,2020/2021,200802,BELLAVISTA DE LA UNION,14010020000,ARROZ,9,2021,4,202104,23,981,0.023445463812436289500509684,FALSE,FALSE,TRUE,EMPIRICALLY_REALIZED_TRANSIENT_REFERENCE_CONFIGURATION
C0B5-A2020-2021,2020/2021,200802,BELLAVISTA DE LA UNION,14010020000,ARROZ,10,2021,5,202105,0,981,0,TRUE,FALSE,TRUE,EMPIRICALLY_REALIZED_TRANSIENT_REFERENCE_CONFIGURATION
C0B5-A2020-2021,2020/2021,200802,BELLAVISTA DE LA UNION,14010020000,ARROZ,11,2021,6,202106,0,981,0,TRUE,FALSE,TRUE,EMPIRICALLY_REALIZED_TRANSIENT_REFERENCE_CONFIGURATION
C0B5-A2020-2021,2020/2021,200802,BELLAVISTA DE LA UNION,14010020000,ARROZ,12,2021,7,202107,0,981,0,TRUE,FALSE,TRUE,EMPIRICALLY_REALIZED_TRANSIENT_REFERENCE_CONFIGURATION
C0B5-A2020-2021,2020/2021,200802,BELLAVISTA DE LA UNION,14010070000,MAIZ AMARILLO DURO,1,2020,8,202008,47,219,0.2146118721461187214611872146,FALSE,FALSE,TRUE,EMPIRICALLY_REALIZED_TRANSIENT_REFERENCE_CONFIGURATION
C0B5-A2020-2021,2020/2021,200802,BELLAVISTA DE LA UNION,14010070000,MAIZ AMARILLO DURO,2,2020,9,202009,128,219,0.5844748858447488584474885845,FALSE,FALSE,TRUE,EMPIRICALLY_REALIZED_TRANSIENT_REFERENCE_CONFIGURATION
C0B5-A2020-2021,2020/2021,200802,BELLAVISTA DE LA UNION,14010070000,MAIZ AMARILLO DURO,3,2020,10,202010,13,219,0.05936073059360730593607305936,FALSE,FALSE,TRUE,EMPIRICALLY_REALIZED_TRANSIENT_REFERENCE_CONFIGURATION
C0B5-A2020-2021,2020/2021,200802,BELLAVISTA DE LA UNION,14010070000,MAIZ AMARILLO DURO,4,2020,11,202011,0,219,0,TRUE,FALSE,TRUE,EMPIRICALLY_REALIZED_TRANSIENT_REFERENCE_CONFIGURATION
C0B5-A2020-2021,2020/2021,200802,BELLAVISTA DE LA UNION,14010070000,MAIZ AMARILLO DURO,5,2020,12,202012,0,219,0,TRUE,FALSE,TRUE,EMPIRICALLY_REALIZED_TRANSIENT_REFERENCE_CONFIGURATION
C0B5-A2020-2021,2020/2021,200802,BELLAVISTA DE LA UNION,14010070000,MAIZ AMARILLO DURO,6,2021,1,202101,0,219,0,TRUE,FALSE,TRUE,EMPIRICALLY_REALIZED_TRANSIENT_REFERENCE_CONFIGURATION
C0B5-A2020-2021,2020/2021,200802,BELLAVISTA DE LA UNION,14010070000,MAIZ AMARILLO DURO,7,2021,2,202102,2,219,0.009132420091324200913242009132,FALSE,FALSE,TRUE,EMPIRICALLY_REALIZED_TRANSIENT_REFERENCE_CONFIGURATION
C0B5-A2020-2021,2020/2021,200802,BELLAVISTA DE LA UNION,14010070000,MAIZ AMARILLO DURO,8,2021,3,202103,17,219,0.07762557077625570776255707763,FALSE,FALSE,TRUE,EMPIRICALLY_REALIZED_TRANSIENT_REFERENCE_CONFIGURATION
C0B5-A2020-2021,2020/2021,200802,BELLAVISTA DE LA UNION,14010070000,MAIZ AMARILLO DURO,9,2021,4,202104,12,219,0.05479452054794520547945205479,FALSE,FALSE,TRUE,EMPIRICALLY_REALIZED_TRANSIENT_REFERENCE_CONFIGURATION
C0B5-A2020-2021,2020/2021,200802,BELLAVISTA DE LA UNION,14010070000,MAIZ AMARILLO DURO,10,2021,5,202105,0,219,0,TRUE,FALSE,TRUE,EMPIRICALLY_REALIZED_TRANSIENT_REFERENCE_CONFIGURATION
C0B5-A2020-2021,2020/2021,200802,BELLAVISTA DE LA UNION,14010070000,MAIZ AMARILLO DURO,11,2021,6,202106,0,219,0,TRUE,FALSE,TRUE,EMPIRICALLY_REALIZED_TRANSIENT_REFERENCE_CONFIGURATION
C0B5-A2020-2021,2020/2021,200802,BELLAVISTA DE LA UNION,14010070000,MAIZ AMARILLO DURO,12,2021,7,202107,0,219,0,TRUE,FALSE,TRUE,EMPIRICALLY_REALIZED_TRANSIENT_REFERENCE_CONFIGURATION
C0B5-A2020-2021,2020/2021,200803,BERNAL,14010020000,ARROZ,1,2020,8,202008,146,1000,0.146,FALSE,FALSE,TRUE,EMPIRICALLY_REALIZED_TRANSIENT_REFERENCE_CONFIGURATION
C0B5-A2020-2021,2020/2021,200803,BERNAL,14010020000,ARROZ,2,2020,9,202009,38,1000,0.038,FALSE,FALSE,TRUE,EMPIRICALLY_REALIZED_TRANSIENT_REFERENCE_CONFIGURATION
C0B5-A2020-2021,2020/2021,200803,BERNAL,14010020000,ARROZ,3,2020,10,202010,8,1000,0.008,FALSE,FALSE,TRUE,EMPIRICALLY_REALIZED_TRANSIENT_REFERENCE_CONFIGURATION
C0B5-A2020-2021,2020/2021,200803,BERNAL,14010020000,ARROZ,4,2020,11,202011,0,1000,0,TRUE,FALSE,TRUE,EMPIRICALLY_REALIZED_TRANSIENT_REFERENCE_CONFIGURATION
C0B5-A2020-2021,2020/2021,200803,BERNAL,14010020000,ARROZ,5,2020,12,202012,0,1000,0,TRUE,FALSE,TRUE,EMPIRICALLY_REALIZED_TRANSIENT_REFERENCE_CONFIGURATION
C0B5-A2020-2021,2020/2021,200803,BERNAL,14010020000,ARROZ,6,2021,1,202101,5,1000,0.005,FALSE,FALSE,TRUE,EMPIRICALLY_REALIZED_TRANSIENT_REFERENCE_CONFIGURATION
C0B5-A2020-2021,2020/2021,200803,BERNAL,14010020000,ARROZ,7,2021,2,202102,405,1000,0.405,FALSE,FALSE,TRUE,EMPIRICALLY_REALIZED_TRANSIENT_REFERENCE_CONFIGURATION
C0B5-A2020-2021,2020/2021,200803,BERNAL,14010020000,ARROZ,8,2021,3,202103,398,1000,0.398,FALSE,FALSE,TRUE,EMPIRICALLY_REALIZED_TRANSIENT_REFERENCE_CONFIGURATION
C0B5-A2020-2021,2020/2021,200803,BERNAL,14010020000,ARROZ,9,2021,4,202104,0,1000,0,TRUE,FALSE,TRUE,EMPIRICALLY_REALIZED_TRANSIENT_REFERENCE_CONFIGURATION
C0B5-A2020-2021,2020/2021,200803,BERNAL,14010020000,ARROZ,10,2021,5,202105,0,1000,0,TRUE,FALSE,TRUE,EMPIRICALLY_REALIZED_TRANSIENT_REFERENCE_CONFIGURATION
C0B5-A2020-2021,2020/2021,200803,BERNAL,14010020000,ARROZ,11,2021,6,202106,0,1000,0,TRUE,FALSE,TRUE,EMPIRICALLY_REALIZED_TRANSIENT_REFERENCE_CONFIGURATION
C0B5-A2020-2021,2020/2021,200803,BERNAL,14010020000,ARROZ,12,2021,7,202107,0,1000,0,TRUE,FALSE,TRUE,EMPIRICALLY_REALIZED_TRANSIENT_REFERENCE_CONFIGURATION
C0B5-A2020-2021,2020/2021,200803,BERNAL,14010070000,MAIZ AMARILLO DURO,1,2020,8,202008,33,300,0.11,FALSE,FALSE,TRUE,EMPIRICALLY_REALIZED_TRANSIENT_REFERENCE_CONFIGURATION
C0B5-A2020-2021,2020/2021,200803,BERNAL,14010070000,MAIZ AMARILLO DURO,2,2020,9,202009,142,300,0.4733333333333333333333333333,FALSE,FALSE,TRUE,EMPIRICALLY_REALIZED_TRANSIENT_REFERENCE_CONFIGURATION
C0B5-A2020-2021,2020/2021,200803,BERNAL,14010070000,MAIZ AMARILLO DURO,3,2020,10,202010,21,300,0.07,FALSE,FALSE,TRUE,EMPIRICALLY_REALIZED_TRANSIENT_REFERENCE_CONFIGURATION
C0B5-A2020-2021,2020/2021,200803,BERNAL,14010070000,MAIZ AMARILLO DURO,4,2020,11,202011,0,300,0,TRUE,FALSE,TRUE,EMPIRICALLY_REALIZED_TRANSIENT_REFERENCE_CONFIGURATION
C0B5-A2020-2021,2020/2021,200803,BERNAL,14010070000,MAIZ AMARILLO DURO,5,2020,12,202012,0,300,0,TRUE,FALSE,TRUE,EMPIRICALLY_REALIZED_TRANSIENT_REFERENCE_CONFIGURATION
C0B5-A2020-2021,2020/2021,200803,BERNAL,14010070000,MAIZ AMARILLO DURO,6,2021,1,202101,0,300,0,TRUE,FALSE,TRUE,EMPIRICALLY_REALIZED_TRANSIENT_REFERENCE_CONFIGURATION
C0B5-A2020-2021,2020/2021,200803,BERNAL,14010070000,MAIZ AMARILLO DURO,7,2021,2,202102,6,300,0.02,FALSE,FALSE,TRUE,EMPIRICALLY_REALIZED_TRANSIENT_REFERENCE_CONFIGURATION
C0B5-A2020-2021,2020/2021,200803,BERNAL,14010070000,MAIZ AMARILLO DURO,8,2021,3,202103,36,300,0.12,FALSE,FALSE,TRUE,EMPIRICALLY_REALIZED_TRANSIENT_REFERENCE_CONFIGURATION
C0B5-A2020-2021,2020/2021,200803,BERNAL,14010070000,MAIZ AMARILLO DURO,9,2021,4,202104,62,300,0.2066666666666666666666666667,FALSE,FALSE,TRUE,EMPIRICALLY_REALIZED_TRANSIENT_REFERENCE_CONFIGURATION
C0B5-A2020-2021,2020/2021,200803,BERNAL,14010070000,MAIZ AMARILLO DURO,10,2021,5,202105,0,300,0,TRUE,FALSE,TRUE,EMPIRICALLY_REALIZED_TRANSIENT_REFERENCE_CONFIGURATION
C0B5-A2020-2021,2020/2021,200803,BERNAL,14010070000,MAIZ AMARILLO DURO,11,2021,6,202106,0,300,0,TRUE,FALSE,TRUE,EMPIRICALLY_REALIZED_TRANSIENT_REFERENCE_CONFIGURATION
C0B5-A2020-2021,2020/2021,200803,BERNAL,14010070000,MAIZ AMARILLO DURO,12,2021,7,202107,0,300,0,TRUE,FALSE,TRUE,EMPIRICALLY_REALIZED_TRANSIENT_REFERENCE_CONFIGURATION
C0B5-A2020-2021,2020/2021,200804,CRISTO NOS VALGA,14010020000,ARROZ,1,2020,8,202008,144,991,0.1453077699293642785065590313,FALSE,FALSE,TRUE,EMPIRICALLY_REALIZED_TRANSIENT_REFERENCE_CONFIGURATION
C0B5-A2020-2021,2020/2021,200804,CRISTO NOS VALGA,14010020000,ARROZ,2,2020,9,202009,40,991,0.04036326942482341069626639758,FALSE,FALSE,TRUE,EMPIRICALLY_REALIZED_TRANSIENT_REFERENCE_CONFIGURATION
C0B5-A2020-2021,2020/2021,200804,CRISTO NOS VALGA,14010020000,ARROZ,3,2020,10,202010,0,991,0,TRUE,FALSE,TRUE,EMPIRICALLY_REALIZED_TRANSIENT_REFERENCE_CONFIGURATION
C0B5-A2020-2021,2020/2021,200804,CRISTO NOS VALGA,14010020000,ARROZ,4,2020,11,202011,0,991,0,TRUE,FALSE,TRUE,EMPIRICALLY_REALIZED_TRANSIENT_REFERENCE_CONFIGURATION
C0B5-A2020-2021,2020/2021,200804,CRISTO NOS VALGA,14010020000,ARROZ,5,2020,12,202012,0,991,0,TRUE,FALSE,TRUE,EMPIRICALLY_REALIZED_TRANSIENT_REFERENCE_CONFIGURATION
C0B5-A2020-2021,2020/2021,200804,CRISTO NOS VALGA,14010020000,ARROZ,6,2021,1,202101,4,991,0.004036326942482341069626639758,FALSE,FALSE,TRUE,EMPIRICALLY_REALIZED_TRANSIENT_REFERENCE_CONFIGURATION
C0B5-A2020-2021,2020/2021,200804,CRISTO NOS VALGA,14010020000,ARROZ,7,2021,2,202102,405,991,0.4086781029263370332996972755,FALSE,FALSE,TRUE,EMPIRICALLY_REALIZED_TRANSIENT_REFERENCE_CONFIGURATION
C0B5-A2020-2021,2020/2021,200804,CRISTO NOS VALGA,14010020000,ARROZ,8,2021,3,202103,398,991,0.4016145307769929364278506559,FALSE,FALSE,TRUE,EMPIRICALLY_REALIZED_TRANSIENT_REFERENCE_CONFIGURATION
C0B5-A2020-2021,2020/2021,200804,CRISTO NOS VALGA,14010020000,ARROZ,9,2021,4,202104,0,991,0,TRUE,FALSE,TRUE,EMPIRICALLY_REALIZED_TRANSIENT_REFERENCE_CONFIGURATION
C0B5-A2020-2021,2020/2021,200804,CRISTO NOS VALGA,14010020000,ARROZ,10,2021,5,202105,0,991,0,TRUE,FALSE,TRUE,EMPIRICALLY_REALIZED_TRANSIENT_REFERENCE_CONFIGURATION
C0B5-A2020-2021,2020/2021,200804,CRISTO NOS VALGA,14010020000,ARROZ,11,2021,6,202106,0,991,0,TRUE,FALSE,TRUE,EMPIRICALLY_REALIZED_TRANSIENT_REFERENCE_CONFIGURATION
C0B5-A2020-2021,2020/2021,200804,CRISTO NOS VALGA,14010020000,ARROZ,12,2021,7,202107,0,991,0,TRUE,FALSE,TRUE,EMPIRICALLY_REALIZED_TRANSIENT_REFERENCE_CONFIGURATION
C0B5-A2020-2021,2020/2021,200804,CRISTO NOS VALGA,14010070000,MAIZ AMARILLO DURO,1,2020,8,202008,32,320,0.1,FALSE,FALSE,TRUE,EMPIRICALLY_REALIZED_TRANSIENT_REFERENCE_CONFIGURATION
C0B5-A2020-2021,2020/2021,200804,CRISTO NOS VALGA,14010070000,MAIZ AMARILLO DURO,2,2020,9,202009,143,320,0.446875,FALSE,FALSE,TRUE,EMPIRICALLY_REALIZED_TRANSIENT_REFERENCE_CONFIGURATION
C0B5-A2020-2021,2020/2021,200804,CRISTO NOS VALGA,14010070000,MAIZ AMARILLO DURO,3,2020,10,202010,21,320,0.065625,FALSE,FALSE,TRUE,EMPIRICALLY_REALIZED_TRANSIENT_REFERENCE_CONFIGURATION
C0B5-A2020-2021,2020/2021,200804,CRISTO NOS VALGA,14010070000,MAIZ AMARILLO DURO,4,2020,11,202011,0,320,0,TRUE,FALSE,TRUE,EMPIRICALLY_REALIZED_TRANSIENT_REFERENCE_CONFIGURATION
C0B5-A2020-2021,2020/2021,200804,CRISTO NOS VALGA,14010070000,MAIZ AMARILLO DURO,5,2020,12,202012,0,320,0,TRUE,FALSE,TRUE,EMPIRICALLY_REALIZED_TRANSIENT_REFERENCE_CONFIGURATION
C0B5-A2020-2021,2020/2021,200804,CRISTO NOS VALGA,14010070000,MAIZ AMARILLO DURO,6,2021,1,202101,0,320,0,TRUE,FALSE,TRUE,EMPIRICALLY_REALIZED_TRANSIENT_REFERENCE_CONFIGURATION
C0B5-A2020-2021,2020/2021,200804,CRISTO NOS VALGA,14010070000,MAIZ AMARILLO DURO,7,2021,2,202102,6,320,0.01875,FALSE,FALSE,TRUE,EMPIRICALLY_REALIZED_TRANSIENT_REFERENCE_CONFIGURATION
C0B5-A2020-2021,2020/2021,200804,CRISTO NOS VALGA,14010070000,MAIZ AMARILLO DURO,8,2021,3,202103,57,320,0.178125,FALSE,FALSE,TRUE,EMPIRICALLY_REALIZED_TRANSIENT_REFERENCE_CONFIGURATION
C0B5-A2020-2021,2020/2021,200804,CRISTO NOS VALGA,14010070000,MAIZ AMARILLO DURO,9,2021,4,202104,61,320,0.190625,FALSE,FALSE,TRUE,EMPIRICALLY_REALIZED_TRANSIENT_REFERENCE_CONFIGURATION
C0B5-A2020-2021,2020/2021,200804,CRISTO NOS VALGA,14010070000,MAIZ AMARILLO DURO,10,2021,5,202105,0,320,0,TRUE,FALSE,TRUE,EMPIRICALLY_REALIZED_TRANSIENT_REFERENCE_CONFIGURATION
C0B5-A2020-2021,2020/2021,200804,CRISTO NOS VALGA,14010070000,MAIZ AMARILLO DURO,11,2021,6,202106,0,320,0,TRUE,FALSE,TRUE,EMPIRICALLY_REALIZED_TRANSIENT_REFERENCE_CONFIGURATION
C0B5-A2020-2021,2020/2021,200804,CRISTO NOS VALGA,14010070000,MAIZ AMARILLO DURO,12,2021,7,202107,0,320,0,TRUE,FALSE,TRUE,EMPIRICALLY_REALIZED_TRANSIENT_REFERENCE_CONFIGURATION
C0B5-A2020-2021,2020/2021,200805,VICE,14010020000,ARROZ,1,2020,8,202008,173,1105,0.1565610859728506787330316742,FALSE,FALSE,TRUE,EMPIRICALLY_REALIZED_TRANSIENT_REFERENCE_CONFIGURATION
C0B5-A2020-2021,2020/2021,200805,VICE,14010020000,ARROZ,2,2020,9,202009,0,1105,0,TRUE,FALSE,TRUE,EMPIRICALLY_REALIZED_TRANSIENT_REFERENCE_CONFIGURATION
C0B5-A2020-2021,2020/2021,200805,VICE,14010020000,ARROZ,3,2020,10,202010,0,1105,0,TRUE,FALSE,TRUE,EMPIRICALLY_REALIZED_TRANSIENT_REFERENCE_CONFIGURATION
C0B5-A2020-2021,2020/2021,200805,VICE,14010020000,ARROZ,4,2020,11,202011,0,1105,0,TRUE,FALSE,TRUE,EMPIRICALLY_REALIZED_TRANSIENT_REFERENCE_CONFIGURATION
C0B5-A2020-2021,2020/2021,200805,VICE,14010020000,ARROZ,5,2020,12,202012,0,1105,0,TRUE,FALSE,TRUE,EMPIRICALLY_REALIZED_TRANSIENT_REFERENCE_CONFIGURATION
C0B5-A2020-2021,2020/2021,200805,VICE,14010020000,ARROZ,6,2021,1,202101,0,1105,0,TRUE,FALSE,TRUE,EMPIRICALLY_REALIZED_TRANSIENT_REFERENCE_CONFIGURATION
C0B5-A2020-2021,2020/2021,200805,VICE,14010020000,ARROZ,7,2021,2,202102,624,1105,0.5647058823529411764705882353,FALSE,FALSE,TRUE,EMPIRICALLY_REALIZED_TRANSIENT_REFERENCE_CONFIGURATION
C0B5-A2020-2021,2020/2021,200805,VICE,14010020000,ARROZ,8,2021,3,202103,220,1105,0.1990950226244343891402714932,FALSE,FALSE,TRUE,EMPIRICALLY_REALIZED_TRANSIENT_REFERENCE_CONFIGURATION
C0B5-A2020-2021,2020/2021,200805,VICE,14010020000,ARROZ,9,2021,4,202104,88,1105,0.07963800904977375565610859729,FALSE,FALSE,TRUE,EMPIRICALLY_REALIZED_TRANSIENT_REFERENCE_CONFIGURATION
C0B5-A2020-2021,2020/2021,200805,VICE,14010020000,ARROZ,10,2021,5,202105,0,1105,0,TRUE,FALSE,TRUE,EMPIRICALLY_REALIZED_TRANSIENT_REFERENCE_CONFIGURATION
C0B5-A2020-2021,2020/2021,200805,VICE,14010020000,ARROZ,11,2021,6,202106,0,1105,0,TRUE,FALSE,TRUE,EMPIRICALLY_REALIZED_TRANSIENT_REFERENCE_CONFIGURATION
C0B5-A2020-2021,2020/2021,200805,VICE,14010020000,ARROZ,12,2021,7,202107,0,1105,0,TRUE,FALSE,TRUE,EMPIRICALLY_REALIZED_TRANSIENT_REFERENCE_CONFIGURATION
C0B5-A2020-2021,2020/2021,200805,VICE,14010070000,MAIZ AMARILLO DURO,1,2020,8,202008,20,148,0.1351351351351351351351351351,FALSE,FALSE,TRUE,EMPIRICALLY_REALIZED_TRANSIENT_REFERENCE_CONFIGURATION
C0B5-A2020-2021,2020/2021,200805,VICE,14010070000,MAIZ AMARILLO DURO,2,2020,9,202009,90,148,0.6081081081081081081081081081,FALSE,FALSE,TRUE,EMPIRICALLY_REALIZED_TRANSIENT_REFERENCE_CONFIGURATION
C0B5-A2020-2021,2020/2021,200805,VICE,14010070000,MAIZ AMARILLO DURO,3,2020,10,202010,0,148,0,TRUE,FALSE,TRUE,EMPIRICALLY_REALIZED_TRANSIENT_REFERENCE_CONFIGURATION
C0B5-A2020-2021,2020/2021,200805,VICE,14010070000,MAIZ AMARILLO DURO,4,2020,11,202011,0,148,0,TRUE,FALSE,TRUE,EMPIRICALLY_REALIZED_TRANSIENT_REFERENCE_CONFIGURATION
C0B5-A2020-2021,2020/2021,200805,VICE,14010070000,MAIZ AMARILLO DURO,5,2020,12,202012,0,148,0,TRUE,FALSE,TRUE,EMPIRICALLY_REALIZED_TRANSIENT_REFERENCE_CONFIGURATION
C0B5-A2020-2021,2020/2021,200805,VICE,14010070000,MAIZ AMARILLO DURO,6,2021,1,202101,0,148,0,TRUE,FALSE,TRUE,EMPIRICALLY_REALIZED_TRANSIENT_REFERENCE_CONFIGURATION
C0B5-A2020-2021,2020/2021,200805,VICE,14010070000,MAIZ AMARILLO DURO,7,2021,2,202102,2,148,0.01351351351351351351351351351,FALSE,FALSE,TRUE,EMPIRICALLY_REALIZED_TRANSIENT_REFERENCE_CONFIGURATION
C0B5-A2020-2021,2020/2021,200805,VICE,14010070000,MAIZ AMARILLO DURO,8,2021,3,202103,23,148,0.1554054054054054054054054054,FALSE,FALSE,TRUE,EMPIRICALLY_REALIZED_TRANSIENT_REFERENCE_CONFIGURATION
C0B5-A2020-2021,2020/2021,200805,VICE,14010070000,MAIZ AMARILLO DURO,9,2021,4,202104,13,148,0.08783783783783783783783783784,FALSE,FALSE,TRUE,EMPIRICALLY_REALIZED_TRANSIENT_REFERENCE_CONFIGURATION
C0B5-A2020-2021,2020/2021,200805,VICE,14010070000,MAIZ AMARILLO DURO,10,2021,5,202105,0,148,0,TRUE,FALSE,TRUE,EMPIRICALLY_REALIZED_TRANSIENT_REFERENCE_CONFIGURATION
C0B5-A2020-2021,2020/2021,200805,VICE,14010070000,MAIZ AMARILLO DURO,11,2021,6,202106,0,148,0,TRUE,FALSE,TRUE,EMPIRICALLY_REALIZED_TRANSIENT_REFERENCE_CONFIGURATION
C0B5-A2020-2021,2020/2021,200805,VICE,14010070000,MAIZ AMARILLO DURO,12,2021,7,202107,0,148,0.0000000000000000000000000001,TRUE,FALSE,TRUE,EMPIRICALLY_REALIZED_TRANSIENT_REFERENCE_CONFIGURATION
C0B5-A2020-2021,2020/2021,200806,RINCONADA LLICUAR,14010020000,ARROZ,1,2020,8,202008,93,980,0.09489795918367346938775510204,FALSE,FALSE,TRUE,EMPIRICALLY_REALIZED_TRANSIENT_REFERENCE_CONFIGURATION
C0B5-A2020-2021,2020/2021,200806,RINCONADA LLICUAR,14010020000,ARROZ,2,2020,9,202009,5,980,0.005102040816326530612244897959,FALSE,FALSE,TRUE,EMPIRICALLY_REALIZED_TRANSIENT_REFERENCE_CONFIGURATION
C0B5-A2020-2021,2020/2021,200806,RINCONADA LLICUAR,14010020000,ARROZ,3,2020,10,202010,9,980,0.009183673469387755102040816327,FALSE,FALSE,TRUE,EMPIRICALLY_REALIZED_TRANSIENT_REFERENCE_CONFIGURATION
C0B5-A2020-2021,2020/2021,200806,RINCONADA LLICUAR,14010020000,ARROZ,4,2020,11,202011,0,980,0,TRUE,FALSE,TRUE,EMPIRICALLY_REALIZED_TRANSIENT_REFERENCE_CONFIGURATION
C0B5-A2020-2021,2020/2021,200806,RINCONADA LLICUAR,14010020000,ARROZ,5,2020,12,202012,0,980,0,TRUE,FALSE,TRUE,EMPIRICALLY_REALIZED_TRANSIENT_REFERENCE_CONFIGURATION
C0B5-A2020-2021,2020/2021,200806,RINCONADA LLICUAR,14010020000,ARROZ,6,2021,1,202101,3,980,0.003061224489795918367346938776,FALSE,FALSE,TRUE,EMPIRICALLY_REALIZED_TRANSIENT_REFERENCE_CONFIGURATION
C0B5-A2020-2021,2020/2021,200806,RINCONADA LLICUAR,14010020000,ARROZ,7,2021,2,202102,414,980,0.422448979591836734693877551,FALSE,FALSE,TRUE,EMPIRICALLY_REALIZED_TRANSIENT_REFERENCE_CONFIGURATION
C0B5-A2020-2021,2020/2021,200806,RINCONADA LLICUAR,14010020000,ARROZ,8,2021,3,202103,433,980,0.4418367346938775510204081633,FALSE,FALSE,TRUE,EMPIRICALLY_REALIZED_TRANSIENT_REFERENCE_CONFIGURATION
C0B5-A2020-2021,2020/2021,200806,RINCONADA LLICUAR,14010020000,ARROZ,9,2021,4,202104,23,980,0.02346938775510204081632653061,FALSE,FALSE,TRUE,EMPIRICALLY_REALIZED_TRANSIENT_REFERENCE_CONFIGURATION
C0B5-A2020-2021,2020/2021,200806,RINCONADA LLICUAR,14010020000,ARROZ,10,2021,5,202105,0,980,0,TRUE,FALSE,TRUE,EMPIRICALLY_REALIZED_TRANSIENT_REFERENCE_CONFIGURATION
C0B5-A2020-2021,2020/2021,200806,RINCONADA LLICUAR,14010020000,ARROZ,11,2021,6,202106,0,980,0,TRUE,FALSE,TRUE,EMPIRICALLY_REALIZED_TRANSIENT_REFERENCE_CONFIGURATION
C0B5-A2020-2021,2020/2021,200806,RINCONADA LLICUAR,14010020000,ARROZ,12,2021,7,202107,0,980,0,TRUE,FALSE,TRUE,EMPIRICALLY_REALIZED_TRANSIENT_REFERENCE_CONFIGURATION
C0B5-A2020-2021,2020/2021,200806,RINCONADA LLICUAR,14010070000,MAIZ AMARILLO DURO,1,2020,8,202008,47,220,0.2136363636363636363636363636,FALSE,FALSE,TRUE,EMPIRICALLY_REALIZED_TRANSIENT_REFERENCE_CONFIGURATION
C0B5-A2020-2021,2020/2021,200806,RINCONADA LLICUAR,14010070000,MAIZ AMARILLO DURO,2,2020,9,202009,128,220,0.5818181818181818181818181818,FALSE,FALSE,TRUE,EMPIRICALLY_REALIZED_TRANSIENT_REFERENCE_CONFIGURATION
C0B5-A2020-2021,2020/2021,200806,RINCONADA LLICUAR,14010070000,MAIZ AMARILLO DURO,3,2020,10,202010,14,220,0.06363636363636363636363636364,FALSE,FALSE,TRUE,EMPIRICALLY_REALIZED_TRANSIENT_REFERENCE_CONFIGURATION
C0B5-A2020-2021,2020/2021,200806,RINCONADA LLICUAR,14010070000,MAIZ AMARILLO DURO,4,2020,11,202011,0,220,0,TRUE,FALSE,TRUE,EMPIRICALLY_REALIZED_TRANSIENT_REFERENCE_CONFIGURATION
C0B5-A2020-2021,2020/2021,200806,RINCONADA LLICUAR,14010070000,MAIZ AMARILLO DURO,5,2020,12,202012,0,220,0,TRUE,FALSE,TRUE,EMPIRICALLY_REALIZED_TRANSIENT_REFERENCE_CONFIGURATION
C0B5-A2020-2021,2020/2021,200806,RINCONADA LLICUAR,14010070000,MAIZ AMARILLO DURO,6,2021,1,202101,0,220,0,TRUE,FALSE,TRUE,EMPIRICALLY_REALIZED_TRANSIENT_REFERENCE_CONFIGURATION
C0B5-A2020-2021,2020/2021,200806,RINCONADA LLICUAR,14010070000,MAIZ AMARILLO DURO,7,2021,2,202102,2,220,0.009090909090909090909090909091,FALSE,FALSE,TRUE,EMPIRICALLY_REALIZED_TRANSIENT_REFERENCE_CONFIGURATION
C0B5-A2020-2021,2020/2021,200806,RINCONADA LLICUAR,14010070000,MAIZ AMARILLO DURO,8,2021,3,202103,19,220,0.08636363636363636363636363636,FALSE,FALSE,TRUE,EMPIRICALLY_REALIZED_TRANSIENT_REFERENCE_CONFIGURATION
C0B5-A2020-2021,2020/2021,200806,RINCONADA LLICUAR,14010070000,MAIZ AMARILLO DURO,9,2021,4,202104,10,220,0.04545454545454545454545454545,FALSE,FALSE,TRUE,EMPIRICALLY_REALIZED_TRANSIENT_REFERENCE_CONFIGURATION
C0B5-A2020-2021,2020/2021,200806,RINCONADA LLICUAR,14010070000,MAIZ AMARILLO DURO,10,2021,5,202105,0,220,0,TRUE,FALSE,TRUE,EMPIRICALLY_REALIZED_TRANSIENT_REFERENCE_CONFIGURATION
C0B5-A2020-2021,2020/2021,200806,RINCONADA LLICUAR,14010070000,MAIZ AMARILLO DURO,11,2021,6,202106,0,220,0,TRUE,FALSE,TRUE,EMPIRICALLY_REALIZED_TRANSIENT_REFERENCE_CONFIGURATION
C0B5-A2020-2021,2020/2021,200806,RINCONADA LLICUAR,14010070000,MAIZ AMARILLO DURO,12,2021,7,202107,0,220,0,TRUE,FALSE,TRUE,EMPIRICALLY_REALIZED_TRANSIENT_REFERENCE_CONFIGURATION
C0B5-A2023-2024,2023/2024,200101,PIURA,14010020000,ARROZ,1,2023,8,202308,10,248,0.04032258064516129032258064516,FALSE,FALSE,TRUE,EMPIRICALLY_REALIZED_TRANSIENT_REFERENCE_CONFIGURATION
C0B5-A2023-2024,2023/2024,200101,PIURA,14010020000,ARROZ,2,2023,9,202309,0,248,0,TRUE,FALSE,TRUE,EMPIRICALLY_REALIZED_TRANSIENT_REFERENCE_CONFIGURATION
C0B5-A2023-2024,2023/2024,200101,PIURA,14010020000,ARROZ,3,2023,10,202310,0,248,0,TRUE,FALSE,TRUE,EMPIRICALLY_REALIZED_TRANSIENT_REFERENCE_CONFIGURATION
C0B5-A2023-2024,2023/2024,200101,PIURA,14010020000,ARROZ,4,2023,11,202311,0,248,0,TRUE,FALSE,TRUE,EMPIRICALLY_REALIZED_TRANSIENT_REFERENCE_CONFIGURATION
C0B5-A2023-2024,2023/2024,200101,PIURA,14010020000,ARROZ,5,2023,12,202312,0,248,0,TRUE,FALSE,TRUE,EMPIRICALLY_REALIZED_TRANSIENT_REFERENCE_CONFIGURATION
C0B5-A2023-2024,2023/2024,200101,PIURA,14010020000,ARROZ,6,2024,1,202401,125,248,0.5040322580645161290322580645,FALSE,FALSE,TRUE,EMPIRICALLY_REALIZED_TRANSIENT_REFERENCE_CONFIGURATION
C0B5-A2023-2024,2023/2024,200101,PIURA,14010020000,ARROZ,7,2024,2,202402,18,248,0.07258064516129032258064516129,FALSE,FALSE,TRUE,EMPIRICALLY_REALIZED_TRANSIENT_REFERENCE_CONFIGURATION
C0B5-A2023-2024,2023/2024,200101,PIURA,14010020000,ARROZ,8,2024,3,202403,1,248,0.004032258064516129032258064516,FALSE,FALSE,TRUE,EMPIRICALLY_REALIZED_TRANSIENT_REFERENCE_CONFIGURATION
C0B5-A2023-2024,2023/2024,200101,PIURA,14010020000,ARROZ,9,2024,4,202404,0,248,0,TRUE,FALSE,TRUE,EMPIRICALLY_REALIZED_TRANSIENT_REFERENCE_CONFIGURATION
C0B5-A2023-2024,2023/2024,200101,PIURA,14010020000,ARROZ,10,2024,5,202405,0,248,0,TRUE,FALSE,TRUE,EMPIRICALLY_REALIZED_TRANSIENT_REFERENCE_CONFIGURATION
C0B5-A2023-2024,2023/2024,200101,PIURA,14010020000,ARROZ,11,2024,6,202406,15,248,0.06048387096774193548387096774,FALSE,FALSE,TRUE,EMPIRICALLY_REALIZED_TRANSIENT_REFERENCE_CONFIGURATION
C0B5-A2023-2024,2023/2024,200101,PIURA,14010020000,ARROZ,12,2024,7,202407,79,248,0.3185483870967741935483870968,FALSE,FALSE,TRUE,EMPIRICALLY_REALIZED_TRANSIENT_REFERENCE_CONFIGURATION
C0B5-A2023-2024,2023/2024,200101,PIURA,14010070000,MAIZ AMARILLO DURO,1,2023,8,202308,6,35,0.1714285714285714285714285714,FALSE,FALSE,TRUE,EMPIRICALLY_REALIZED_TRANSIENT_REFERENCE_CONFIGURATION
C0B5-A2023-2024,2023/2024,200101,PIURA,14010070000,MAIZ AMARILLO DURO,2,2023,9,202309,0,35,0,TRUE,FALSE,TRUE,EMPIRICALLY_REALIZED_TRANSIENT_REFERENCE_CONFIGURATION
C0B5-A2023-2024,2023/2024,200101,PIURA,14010070000,MAIZ AMARILLO DURO,3,2023,10,202310,0,35,0,TRUE,FALSE,TRUE,EMPIRICALLY_REALIZED_TRANSIENT_REFERENCE_CONFIGURATION
C0B5-A2023-2024,2023/2024,200101,PIURA,14010070000,MAIZ AMARILLO DURO,4,2023,11,202311,0,35,0,TRUE,FALSE,TRUE,EMPIRICALLY_REALIZED_TRANSIENT_REFERENCE_CONFIGURATION
C0B5-A2023-2024,2023/2024,200101,PIURA,14010070000,MAIZ AMARILLO DURO,5,2023,12,202312,0,35,0,TRUE,FALSE,TRUE,EMPIRICALLY_REALIZED_TRANSIENT_REFERENCE_CONFIGURATION
C0B5-A2023-2024,2023/2024,200101,PIURA,14010070000,MAIZ AMARILLO DURO,6,2024,1,202401,7,35,0.2,FALSE,FALSE,TRUE,EMPIRICALLY_REALIZED_TRANSIENT_REFERENCE_CONFIGURATION
C0B5-A2023-2024,2023/2024,200101,PIURA,14010070000,MAIZ AMARILLO DURO,7,2024,2,202402,7,35,0.2,FALSE,FALSE,TRUE,EMPIRICALLY_REALIZED_TRANSIENT_REFERENCE_CONFIGURATION
C0B5-A2023-2024,2023/2024,200101,PIURA,14010070000,MAIZ AMARILLO DURO,8,2024,3,202403,5,35,0.1428571428571428571428571429,FALSE,FALSE,TRUE,EMPIRICALLY_REALIZED_TRANSIENT_REFERENCE_CONFIGURATION
C0B5-A2023-2024,2023/2024,200101,PIURA,14010070000,MAIZ AMARILLO DURO,9,2024,4,202404,7,35,0.2,FALSE,FALSE,TRUE,EMPIRICALLY_REALIZED_TRANSIENT_REFERENCE_CONFIGURATION
C0B5-A2023-2024,2023/2024,200101,PIURA,14010070000,MAIZ AMARILLO DURO,10,2024,5,202405,1,35,0.02857142857142857142857142857,FALSE,FALSE,TRUE,EMPIRICALLY_REALIZED_TRANSIENT_REFERENCE_CONFIGURATION
C0B5-A2023-2024,2023/2024,200101,PIURA,14010070000,MAIZ AMARILLO DURO,11,2024,6,202406,0,35,0,TRUE,FALSE,TRUE,EMPIRICALLY_REALIZED_TRANSIENT_REFERENCE_CONFIGURATION
C0B5-A2023-2024,2023/2024,200101,PIURA,14010070000,MAIZ AMARILLO DURO,12,2024,7,202407,2,35,0.0571428571428571428571428571,FALSE,FALSE,TRUE,EMPIRICALLY_REALIZED_TRANSIENT_REFERENCE_CONFIGURATION
C0B5-A2023-2024,2023/2024,200105,CATACAOS,14010020000,ARROZ,1,2023,8,202308,225,2938,0.07658270932607215793056501021,FALSE,FALSE,TRUE,EMPIRICALLY_REALIZED_TRANSIENT_REFERENCE_CONFIGURATION
C0B5-A2023-2024,2023/2024,200105,CATACAOS,14010020000,ARROZ,2,2023,9,202309,0,2938,0,TRUE,FALSE,TRUE,EMPIRICALLY_REALIZED_TRANSIENT_REFERENCE_CONFIGURATION
C0B5-A2023-2024,2023/2024,200105,CATACAOS,14010020000,ARROZ,3,2023,10,202310,0,2938,0,TRUE,FALSE,TRUE,EMPIRICALLY_REALIZED_TRANSIENT_REFERENCE_CONFIGURATION
C0B5-A2023-2024,2023/2024,200105,CATACAOS,14010020000,ARROZ,4,2023,11,202311,0,2938,0,TRUE,FALSE,TRUE,EMPIRICALLY_REALIZED_TRANSIENT_REFERENCE_CONFIGURATION
C0B5-A2023-2024,2023/2024,200105,CATACAOS,14010020000,ARROZ,5,2023,12,202312,0,2938,0,TRUE,FALSE,TRUE,EMPIRICALLY_REALIZED_TRANSIENT_REFERENCE_CONFIGURATION
C0B5-A2023-2024,2023/2024,200105,CATACAOS,14010020000,ARROZ,6,2024,1,202401,747,2938,0.2542545949625595643294758339,FALSE,FALSE,TRUE,EMPIRICALLY_REALIZED_TRANSIENT_REFERENCE_CONFIGURATION
C0B5-A2023-2024,2023/2024,200105,CATACAOS,14010020000,ARROZ,7,2024,2,202402,1604,2938,0.5459496255956432947583390061,FALSE,FALSE,TRUE,EMPIRICALLY_REALIZED_TRANSIENT_REFERENCE_CONFIGURATION
C0B5-A2023-2024,2023/2024,200105,CATACAOS,14010020000,ARROZ,8,2024,3,202403,15,2938,0.005105513955071477195371000681,FALSE,FALSE,TRUE,EMPIRICALLY_REALIZED_TRANSIENT_REFERENCE_CONFIGURATION
C0B5-A2023-2024,2023/2024,200105,CATACAOS,14010020000,ARROZ,9,2024,4,202404,6,2938,0.002042205582028590878148400272,FALSE,FALSE,TRUE,EMPIRICALLY_REALIZED_TRANSIENT_REFERENCE_CONFIGURATION
C0B5-A2023-2024,2023/2024,200105,CATACAOS,14010020000,ARROZ,10,2024,5,202405,0,2938,0,TRUE,FALSE,TRUE,EMPIRICALLY_REALIZED_TRANSIENT_REFERENCE_CONFIGURATION
C0B5-A2023-2024,2023/2024,200105,CATACAOS,14010020000,ARROZ,11,2024,6,202406,9,2938,0.003063308373042886317222600408,FALSE,FALSE,TRUE,EMPIRICALLY_REALIZED_TRANSIENT_REFERENCE_CONFIGURATION
C0B5-A2023-2024,2023/2024,200105,CATACAOS,14010020000,ARROZ,12,2024,7,202407,332,2938,0.1130020422055820285908781484,FALSE,FALSE,TRUE,EMPIRICALLY_REALIZED_TRANSIENT_REFERENCE_CONFIGURATION
C0B5-A2023-2024,2023/2024,200105,CATACAOS,14010070000,MAIZ AMARILLO DURO,1,2023,8,202308,198,865,0.228901734104046242774566474,FALSE,FALSE,TRUE,EMPIRICALLY_REALIZED_TRANSIENT_REFERENCE_CONFIGURATION
C0B5-A2023-2024,2023/2024,200105,CATACAOS,14010070000,MAIZ AMARILLO DURO,2,2023,9,202309,0,865,0,TRUE,FALSE,TRUE,EMPIRICALLY_REALIZED_TRANSIENT_REFERENCE_CONFIGURATION
C0B5-A2023-2024,2023/2024,200105,CATACAOS,14010070000,MAIZ AMARILLO DURO,3,2023,10,202310,0,865,0,TRUE,FALSE,TRUE,EMPIRICALLY_REALIZED_TRANSIENT_REFERENCE_CONFIGURATION
C0B5-A2023-2024,2023/2024,200105,CATACAOS,14010070000,MAIZ AMARILLO DURO,4,2023,11,202311,0,865,0,TRUE,FALSE,TRUE,EMPIRICALLY_REALIZED_TRANSIENT_REFERENCE_CONFIGURATION
C0B5-A2023-2024,2023/2024,200105,CATACAOS,14010070000,MAIZ AMARILLO DURO,5,2023,12,202312,0,865,0,TRUE,FALSE,TRUE,EMPIRICALLY_REALIZED_TRANSIENT_REFERENCE_CONFIGURATION
C0B5-A2023-2024,2023/2024,200105,CATACAOS,14010070000,MAIZ AMARILLO DURO,6,2024,1,202401,125,865,0.1445086705202312138728323699,FALSE,FALSE,TRUE,EMPIRICALLY_REALIZED_TRANSIENT_REFERENCE_CONFIGURATION
C0B5-A2023-2024,2023/2024,200105,CATACAOS,14010070000,MAIZ AMARILLO DURO,7,2024,2,202402,270,865,0.3121387283236994219653179191,FALSE,FALSE,TRUE,EMPIRICALLY_REALIZED_TRANSIENT_REFERENCE_CONFIGURATION
C0B5-A2023-2024,2023/2024,200105,CATACAOS,14010070000,MAIZ AMARILLO DURO,8,2024,3,202403,82,865,0.09479768786127167630057803468,FALSE,FALSE,TRUE,EMPIRICALLY_REALIZED_TRANSIENT_REFERENCE_CONFIGURATION
C0B5-A2023-2024,2023/2024,200105,CATACAOS,14010070000,MAIZ AMARILLO DURO,9,2024,4,202404,57,865,0.06589595375722543352601156069,FALSE,FALSE,TRUE,EMPIRICALLY_REALIZED_TRANSIENT_REFERENCE_CONFIGURATION
C0B5-A2023-2024,2023/2024,200105,CATACAOS,14010070000,MAIZ AMARILLO DURO,10,2024,5,202405,33,865,0.03815028901734104046242774566,FALSE,FALSE,TRUE,EMPIRICALLY_REALIZED_TRANSIENT_REFERENCE_CONFIGURATION
C0B5-A2023-2024,2023/2024,200105,CATACAOS,14010070000,MAIZ AMARILLO DURO,11,2024,6,202406,0,865,0,TRUE,FALSE,TRUE,EMPIRICALLY_REALIZED_TRANSIENT_REFERENCE_CONFIGURATION
C0B5-A2023-2024,2023/2024,200105,CATACAOS,14010070000,MAIZ AMARILLO DURO,12,2024,7,202407,100,865,0.1156069364161849710982658959,FALSE,FALSE,TRUE,EMPIRICALLY_REALIZED_TRANSIENT_REFERENCE_CONFIGURATION
C0B5-A2023-2024,2023/2024,200108,EL TALLAN,14010020000,ARROZ,1,2023,8,202308,0,1631,0,TRUE,FALSE,TRUE,EMPIRICALLY_REALIZED_TRANSIENT_REFERENCE_CONFIGURATION
C0B5-A2023-2024,2023/2024,200108,EL TALLAN,14010020000,ARROZ,2,2023,9,202309,0,1631,0,TRUE,FALSE,TRUE,EMPIRICALLY_REALIZED_TRANSIENT_REFERENCE_CONFIGURATION
C0B5-A2023-2024,2023/2024,200108,EL TALLAN,14010020000,ARROZ,3,2023,10,202310,0,1631,0,TRUE,FALSE,TRUE,EMPIRICALLY_REALIZED_TRANSIENT_REFERENCE_CONFIGURATION
C0B5-A2023-2024,2023/2024,200108,EL TALLAN,14010020000,ARROZ,4,2023,11,202311,0,1631,0,TRUE,FALSE,TRUE,EMPIRICALLY_REALIZED_TRANSIENT_REFERENCE_CONFIGURATION
C0B5-A2023-2024,2023/2024,200108,EL TALLAN,14010020000,ARROZ,5,2023,12,202312,0,1631,0,TRUE,FALSE,TRUE,EMPIRICALLY_REALIZED_TRANSIENT_REFERENCE_CONFIGURATION
C0B5-A2023-2024,2023/2024,200108,EL TALLAN,14010020000,ARROZ,6,2024,1,202401,900,1631,0.5518087063151440833844267321,FALSE,FALSE,TRUE,EMPIRICALLY_REALIZED_TRANSIENT_REFERENCE_CONFIGURATION
C0B5-A2023-2024,2023/2024,200108,EL TALLAN,14010020000,ARROZ,7,2024,2,202402,633,1631,0.3881054567749846719803801349,FALSE,FALSE,TRUE,EMPIRICALLY_REALIZED_TRANSIENT_REFERENCE_CONFIGURATION
C0B5-A2023-2024,2023/2024,200108,EL TALLAN,14010020000,ARROZ,8,2024,3,202403,52,1631,0.03188228080931943592887798896,FALSE,FALSE,TRUE,EMPIRICALLY_REALIZED_TRANSIENT_REFERENCE_CONFIGURATION
C0B5-A2023-2024,2023/2024,200108,EL TALLAN,14010020000,ARROZ,9,2024,4,202404,16,1631,0.009809932556713672593500919681,FALSE,FALSE,TRUE,EMPIRICALLY_REALIZED_TRANSIENT_REFERENCE_CONFIGURATION
C0B5-A2023-2024,2023/2024,200108,EL TALLAN,14010020000,ARROZ,10,2024,5,202405,0,1631,0,TRUE,FALSE,TRUE,EMPIRICALLY_REALIZED_TRANSIENT_REFERENCE_CONFIGURATION
C0B5-A2023-2024,2023/2024,200108,EL TALLAN,14010020000,ARROZ,11,2024,6,202406,0,1631,0,TRUE,FALSE,TRUE,EMPIRICALLY_REALIZED_TRANSIENT_REFERENCE_CONFIGURATION
C0B5-A2023-2024,2023/2024,200108,EL TALLAN,14010020000,ARROZ,12,2024,7,202407,30,1631,0.0183936235438381361128142243,FALSE,FALSE,TRUE,EMPIRICALLY_REALIZED_TRANSIENT_REFERENCE_CONFIGURATION
C0B5-A2023-2024,2023/2024,200108,EL TALLAN,14010070000,MAIZ AMARILLO DURO,1,2023,8,202308,444,596,0.7449664429530201342281879195,FALSE,FALSE,TRUE,EMPIRICALLY_REALIZED_TRANSIENT_REFERENCE_CONFIGURATION
C0B5-A2023-2024,2023/2024,200108,EL TALLAN,14010070000,MAIZ AMARILLO DURO,2,2023,9,202309,0,596,0,TRUE,FALSE,TRUE,EMPIRICALLY_REALIZED_TRANSIENT_REFERENCE_CONFIGURATION
C0B5-A2023-2024,2023/2024,200108,EL TALLAN,14010070000,MAIZ AMARILLO DURO,3,2023,10,202310,0,596,0,TRUE,FALSE,TRUE,EMPIRICALLY_REALIZED_TRANSIENT_REFERENCE_CONFIGURATION
C0B5-A2023-2024,2023/2024,200108,EL TALLAN,14010070000,MAIZ AMARILLO DURO,4,2023,11,202311,0,596,0,TRUE,FALSE,TRUE,EMPIRICALLY_REALIZED_TRANSIENT_REFERENCE_CONFIGURATION
C0B5-A2023-2024,2023/2024,200108,EL TALLAN,14010070000,MAIZ AMARILLO DURO,5,2023,12,202312,0,596,0,TRUE,FALSE,TRUE,EMPIRICALLY_REALIZED_TRANSIENT_REFERENCE_CONFIGURATION
C0B5-A2023-2024,2023/2024,200108,EL TALLAN,14010070000,MAIZ AMARILLO DURO,6,2024,1,202401,1,596,0.001677852348993288590604026846,FALSE,FALSE,TRUE,EMPIRICALLY_REALIZED_TRANSIENT_REFERENCE_CONFIGURATION
C0B5-A2023-2024,2023/2024,200108,EL TALLAN,14010070000,MAIZ AMARILLO DURO,7,2024,2,202402,60,596,0.1006711409395973154362416107,FALSE,FALSE,TRUE,EMPIRICALLY_REALIZED_TRANSIENT_REFERENCE_CONFIGURATION
C0B5-A2023-2024,2023/2024,200108,EL TALLAN,14010070000,MAIZ AMARILLO DURO,8,2024,3,202403,42,596,0.07046979865771812080536912752,FALSE,FALSE,TRUE,EMPIRICALLY_REALIZED_TRANSIENT_REFERENCE_CONFIGURATION
C0B5-A2023-2024,2023/2024,200108,EL TALLAN,14010070000,MAIZ AMARILLO DURO,9,2024,4,202404,5,596,0.008389261744966442953020134228,FALSE,FALSE,TRUE,EMPIRICALLY_REALIZED_TRANSIENT_REFERENCE_CONFIGURATION
C0B5-A2023-2024,2023/2024,200108,EL TALLAN,14010070000,MAIZ AMARILLO DURO,10,2024,5,202405,0,596,0,TRUE,FALSE,TRUE,EMPIRICALLY_REALIZED_TRANSIENT_REFERENCE_CONFIGURATION
C0B5-A2023-2024,2023/2024,200108,EL TALLAN,14010070000,MAIZ AMARILLO DURO,11,2024,6,202406,4,596,0.006711409395973154362416107383,FALSE,FALSE,TRUE,EMPIRICALLY_REALIZED_TRANSIENT_REFERENCE_CONFIGURATION
C0B5-A2023-2024,2023/2024,200108,EL TALLAN,14010070000,MAIZ AMARILLO DURO,12,2024,7,202407,40,596,0.0671140939597315436241610739,FALSE,FALSE,TRUE,EMPIRICALLY_REALIZED_TRANSIENT_REFERENCE_CONFIGURATION
C0B5-A2023-2024,2023/2024,200111,LAS LOMAS,14010020000,ARROZ,1,2023,8,202308,260,2560,0.1015625,FALSE,FALSE,TRUE,EMPIRICALLY_REALIZED_TRANSIENT_REFERENCE_CONFIGURATION
C0B5-A2023-2024,2023/2024,200111,LAS LOMAS,14010020000,ARROZ,2,2023,9,202309,0,2560,0,TRUE,FALSE,TRUE,EMPIRICALLY_REALIZED_TRANSIENT_REFERENCE_CONFIGURATION
C0B5-A2023-2024,2023/2024,200111,LAS LOMAS,14010020000,ARROZ,3,2023,10,202310,0,2560,0,TRUE,FALSE,TRUE,EMPIRICALLY_REALIZED_TRANSIENT_REFERENCE_CONFIGURATION
C0B5-A2023-2024,2023/2024,200111,LAS LOMAS,14010020000,ARROZ,4,2023,11,202311,0,2560,0,TRUE,FALSE,TRUE,EMPIRICALLY_REALIZED_TRANSIENT_REFERENCE_CONFIGURATION
C0B5-A2023-2024,2023/2024,200111,LAS LOMAS,14010020000,ARROZ,5,2023,12,202312,0,2560,0,TRUE,FALSE,TRUE,EMPIRICALLY_REALIZED_TRANSIENT_REFERENCE_CONFIGURATION
C0B5-A2023-2024,2023/2024,200111,LAS LOMAS,14010020000,ARROZ,6,2024,1,202401,1634,2560,0.63828125,FALSE,FALSE,TRUE,EMPIRICALLY_REALIZED_TRANSIENT_REFERENCE_CONFIGURATION
C0B5-A2023-2024,2023/2024,200111,LAS LOMAS,14010020000,ARROZ,7,2024,2,202402,366,2560,0.14296875,FALSE,FALSE,TRUE,EMPIRICALLY_REALIZED_TRANSIENT_REFERENCE_CONFIGURATION
C0B5-A2023-2024,2023/2024,200111,LAS LOMAS,14010020000,ARROZ,8,2024,3,202403,0,2560,0,TRUE,FALSE,TRUE,EMPIRICALLY_REALIZED_TRANSIENT_REFERENCE_CONFIGURATION
C0B5-A2023-2024,2023/2024,200111,LAS LOMAS,14010020000,ARROZ,9,2024,4,202404,0,2560,0,TRUE,FALSE,TRUE,EMPIRICALLY_REALIZED_TRANSIENT_REFERENCE_CONFIGURATION
C0B5-A2023-2024,2023/2024,200111,LAS LOMAS,14010020000,ARROZ,10,2024,5,202405,0,2560,0,TRUE,FALSE,TRUE,EMPIRICALLY_REALIZED_TRANSIENT_REFERENCE_CONFIGURATION
C0B5-A2023-2024,2023/2024,200111,LAS LOMAS,14010020000,ARROZ,11,2024,6,202406,0,2560,0,TRUE,FALSE,TRUE,EMPIRICALLY_REALIZED_TRANSIENT_REFERENCE_CONFIGURATION
C0B5-A2023-2024,2023/2024,200111,LAS LOMAS,14010020000,ARROZ,12,2024,7,202407,300,2560,0.1171875,FALSE,FALSE,TRUE,EMPIRICALLY_REALIZED_TRANSIENT_REFERENCE_CONFIGURATION
C0B5-A2023-2024,2023/2024,200111,LAS LOMAS,14010070000,MAIZ AMARILLO DURO,1,2023,8,202308,160,300,0.5333333333333333333333333333,FALSE,FALSE,TRUE,EMPIRICALLY_REALIZED_TRANSIENT_REFERENCE_CONFIGURATION
C0B5-A2023-2024,2023/2024,200111,LAS LOMAS,14010070000,MAIZ AMARILLO DURO,2,2023,9,202309,0,300,0,TRUE,FALSE,TRUE,EMPIRICALLY_REALIZED_TRANSIENT_REFERENCE_CONFIGURATION
C0B5-A2023-2024,2023/2024,200111,LAS LOMAS,14010070000,MAIZ AMARILLO DURO,3,2023,10,202310,0,300,0,TRUE,FALSE,TRUE,EMPIRICALLY_REALIZED_TRANSIENT_REFERENCE_CONFIGURATION
C0B5-A2023-2024,2023/2024,200111,LAS LOMAS,14010070000,MAIZ AMARILLO DURO,4,2023,11,202311,0,300,0,TRUE,FALSE,TRUE,EMPIRICALLY_REALIZED_TRANSIENT_REFERENCE_CONFIGURATION
C0B5-A2023-2024,2023/2024,200111,LAS LOMAS,14010070000,MAIZ AMARILLO DURO,5,2023,12,202312,0,300,0,TRUE,FALSE,TRUE,EMPIRICALLY_REALIZED_TRANSIENT_REFERENCE_CONFIGURATION
C0B5-A2023-2024,2023/2024,200111,LAS LOMAS,14010070000,MAIZ AMARILLO DURO,6,2024,1,202401,50,300,0.1666666666666666666666666667,FALSE,FALSE,TRUE,EMPIRICALLY_REALIZED_TRANSIENT_REFERENCE_CONFIGURATION
C0B5-A2023-2024,2023/2024,200111,LAS LOMAS,14010070000,MAIZ AMARILLO DURO,7,2024,2,202402,40,300,0.1333333333333333333333333333,FALSE,FALSE,TRUE,EMPIRICALLY_REALIZED_TRANSIENT_REFERENCE_CONFIGURATION
C0B5-A2023-2024,2023/2024,200111,LAS LOMAS,14010070000,MAIZ AMARILLO DURO,8,2024,3,202403,0,300,0,TRUE,FALSE,TRUE,EMPIRICALLY_REALIZED_TRANSIENT_REFERENCE_CONFIGURATION
C0B5-A2023-2024,2023/2024,200111,LAS LOMAS,14010070000,MAIZ AMARILLO DURO,9,2024,4,202404,0,300,0,TRUE,FALSE,TRUE,EMPIRICALLY_REALIZED_TRANSIENT_REFERENCE_CONFIGURATION
C0B5-A2023-2024,2023/2024,200111,LAS LOMAS,14010070000,MAIZ AMARILLO DURO,10,2024,5,202405,0,300,0,TRUE,FALSE,TRUE,EMPIRICALLY_REALIZED_TRANSIENT_REFERENCE_CONFIGURATION
C0B5-A2023-2024,2023/2024,200111,LAS LOMAS,14010070000,MAIZ AMARILLO DURO,11,2024,6,202406,0,300,0,TRUE,FALSE,TRUE,EMPIRICALLY_REALIZED_TRANSIENT_REFERENCE_CONFIGURATION
C0B5-A2023-2024,2023/2024,200111,LAS LOMAS,14010070000,MAIZ AMARILLO DURO,12,2024,7,202407,50,300,0.1666666666666666666666666667,FALSE,FALSE,TRUE,EMPIRICALLY_REALIZED_TRANSIENT_REFERENCE_CONFIGURATION
C0B5-A2023-2024,2023/2024,200114,TAMBO GRANDE,14010020000,ARROZ,1,2023,8,202308,1063,6363,0.1670595630991670595630991671,FALSE,FALSE,TRUE,EMPIRICALLY_REALIZED_TRANSIENT_REFERENCE_CONFIGURATION
C0B5-A2023-2024,2023/2024,200114,TAMBO GRANDE,14010020000,ARROZ,2,2023,9,202309,0,6363,0,TRUE,FALSE,TRUE,EMPIRICALLY_REALIZED_TRANSIENT_REFERENCE_CONFIGURATION
C0B5-A2023-2024,2023/2024,200114,TAMBO GRANDE,14010020000,ARROZ,3,2023,10,202310,0,6363,0,TRUE,FALSE,TRUE,EMPIRICALLY_REALIZED_TRANSIENT_REFERENCE_CONFIGURATION
C0B5-A2023-2024,2023/2024,200114,TAMBO GRANDE,14010020000,ARROZ,4,2023,11,202311,0,6363,0,TRUE,FALSE,TRUE,EMPIRICALLY_REALIZED_TRANSIENT_REFERENCE_CONFIGURATION
C0B5-A2023-2024,2023/2024,200114,TAMBO GRANDE,14010020000,ARROZ,5,2023,12,202312,0,6363,0,TRUE,FALSE,TRUE,EMPIRICALLY_REALIZED_TRANSIENT_REFERENCE_CONFIGURATION
C0B5-A2023-2024,2023/2024,200114,TAMBO GRANDE,14010020000,ARROZ,6,2024,1,202401,2775,6363,0.4361150400754361150400754361,FALSE,FALSE,TRUE,EMPIRICALLY_REALIZED_TRANSIENT_REFERENCE_CONFIGURATION
C0B5-A2023-2024,2023/2024,200114,TAMBO GRANDE,14010020000,ARROZ,7,2024,2,202402,1225,6363,0.1925192519251925192519251925,FALSE,FALSE,TRUE,EMPIRICALLY_REALIZED_TRANSIENT_REFERENCE_CONFIGURATION
C0B5-A2023-2024,2023/2024,200114,TAMBO GRANDE,14010020000,ARROZ,8,2024,3,202403,0,6363,0,TRUE,FALSE,TRUE,EMPIRICALLY_REALIZED_TRANSIENT_REFERENCE_CONFIGURATION
C0B5-A2023-2024,2023/2024,200114,TAMBO GRANDE,14010020000,ARROZ,9,2024,4,202404,0,6363,0,TRUE,FALSE,TRUE,EMPIRICALLY_REALIZED_TRANSIENT_REFERENCE_CONFIGURATION
C0B5-A2023-2024,2023/2024,200114,TAMBO GRANDE,14010020000,ARROZ,10,2024,5,202405,0,6363,0,TRUE,FALSE,TRUE,EMPIRICALLY_REALIZED_TRANSIENT_REFERENCE_CONFIGURATION
C0B5-A2023-2024,2023/2024,200114,TAMBO GRANDE,14010020000,ARROZ,11,2024,6,202406,0,6363,0,TRUE,FALSE,TRUE,EMPIRICALLY_REALIZED_TRANSIENT_REFERENCE_CONFIGURATION
C0B5-A2023-2024,2023/2024,200114,TAMBO GRANDE,14010020000,ARROZ,12,2024,7,202407,1300,6363,0.2043061449002043061449002043,FALSE,FALSE,TRUE,EMPIRICALLY_REALIZED_TRANSIENT_REFERENCE_CONFIGURATION
C0B5-A2023-2024,2023/2024,200114,TAMBO GRANDE,14010070000,MAIZ AMARILLO DURO,1,2023,8,202308,70,270,0.2592592592592592592592592593,FALSE,FALSE,TRUE,EMPIRICALLY_REALIZED_TRANSIENT_REFERENCE_CONFIGURATION
C0B5-A2023-2024,2023/2024,200114,TAMBO GRANDE,14010070000,MAIZ AMARILLO DURO,2,2023,9,202309,0,270,0,TRUE,FALSE,TRUE,EMPIRICALLY_REALIZED_TRANSIENT_REFERENCE_CONFIGURATION
C0B5-A2023-2024,2023/2024,200114,TAMBO GRANDE,14010070000,MAIZ AMARILLO DURO,3,2023,10,202310,0,270,0,TRUE,FALSE,TRUE,EMPIRICALLY_REALIZED_TRANSIENT_REFERENCE_CONFIGURATION
C0B5-A2023-2024,2023/2024,200114,TAMBO GRANDE,14010070000,MAIZ AMARILLO DURO,4,2023,11,202311,0,270,0,TRUE,FALSE,TRUE,EMPIRICALLY_REALIZED_TRANSIENT_REFERENCE_CONFIGURATION
C0B5-A2023-2024,2023/2024,200114,TAMBO GRANDE,14010070000,MAIZ AMARILLO DURO,5,2023,12,202312,0,270,0,TRUE,FALSE,TRUE,EMPIRICALLY_REALIZED_TRANSIENT_REFERENCE_CONFIGURATION
C0B5-A2023-2024,2023/2024,200114,TAMBO GRANDE,14010070000,MAIZ AMARILLO DURO,6,2024,1,202401,120,270,0.4444444444444444444444444444,FALSE,FALSE,TRUE,EMPIRICALLY_REALIZED_TRANSIENT_REFERENCE_CONFIGURATION
C0B5-A2023-2024,2023/2024,200114,TAMBO GRANDE,14010070000,MAIZ AMARILLO DURO,7,2024,2,202402,20,270,0.07407407407407407407407407407,FALSE,FALSE,TRUE,EMPIRICALLY_REALIZED_TRANSIENT_REFERENCE_CONFIGURATION
C0B5-A2023-2024,2023/2024,200114,TAMBO GRANDE,14010070000,MAIZ AMARILLO DURO,8,2024,3,202403,0,270,0,TRUE,FALSE,TRUE,EMPIRICALLY_REALIZED_TRANSIENT_REFERENCE_CONFIGURATION
C0B5-A2023-2024,2023/2024,200114,TAMBO GRANDE,14010070000,MAIZ AMARILLO DURO,9,2024,4,202404,0,270,0,TRUE,FALSE,TRUE,EMPIRICALLY_REALIZED_TRANSIENT_REFERENCE_CONFIGURATION
C0B5-A2023-2024,2023/2024,200114,TAMBO GRANDE,14010070000,MAIZ AMARILLO DURO,10,2024,5,202405,0,270,0,TRUE,FALSE,TRUE,EMPIRICALLY_REALIZED_TRANSIENT_REFERENCE_CONFIGURATION
C0B5-A2023-2024,2023/2024,200114,TAMBO GRANDE,14010070000,MAIZ AMARILLO DURO,11,2024,6,202406,0,270,0,TRUE,FALSE,TRUE,EMPIRICALLY_REALIZED_TRANSIENT_REFERENCE_CONFIGURATION
C0B5-A2023-2024,2023/2024,200114,TAMBO GRANDE,14010070000,MAIZ AMARILLO DURO,12,2024,7,202407,60,270,0.2222222222222222222222222222,FALSE,FALSE,TRUE,EMPIRICALLY_REALIZED_TRANSIENT_REFERENCE_CONFIGURATION
C0B5-A2023-2024,2023/2024,200201,AYABACA,14010020000,ARROZ,1,2023,8,202308,3,10,0.3,FALSE,FALSE,TRUE,EMPIRICALLY_REALIZED_TRANSIENT_REFERENCE_CONFIGURATION
C0B5-A2023-2024,2023/2024,200201,AYABACA,14010020000,ARROZ,2,2023,9,202309,0,10,0,TRUE,FALSE,TRUE,EMPIRICALLY_REALIZED_TRANSIENT_REFERENCE_CONFIGURATION
C0B5-A2023-2024,2023/2024,200201,AYABACA,14010020000,ARROZ,3,2023,10,202310,0,10,0,TRUE,FALSE,TRUE,EMPIRICALLY_REALIZED_TRANSIENT_REFERENCE_CONFIGURATION
C0B5-A2023-2024,2023/2024,200201,AYABACA,14010020000,ARROZ,4,2023,11,202311,0,10,0,TRUE,FALSE,TRUE,EMPIRICALLY_REALIZED_TRANSIENT_REFERENCE_CONFIGURATION
C0B5-A2023-2024,2023/2024,200201,AYABACA,14010020000,ARROZ,5,2023,12,202312,0,10,0,TRUE,FALSE,TRUE,EMPIRICALLY_REALIZED_TRANSIENT_REFERENCE_CONFIGURATION
C0B5-A2023-2024,2023/2024,200201,AYABACA,14010020000,ARROZ,6,2024,1,202401,7,10,0.7,FALSE,FALSE,TRUE,EMPIRICALLY_REALIZED_TRANSIENT_REFERENCE_CONFIGURATION
C0B5-A2023-2024,2023/2024,200201,AYABACA,14010020000,ARROZ,7,2024,2,202402,0,10,0,TRUE,FALSE,TRUE,EMPIRICALLY_REALIZED_TRANSIENT_REFERENCE_CONFIGURATION
C0B5-A2023-2024,2023/2024,200201,AYABACA,14010020000,ARROZ,8,2024,3,202403,0,10,0,TRUE,FALSE,TRUE,EMPIRICALLY_REALIZED_TRANSIENT_REFERENCE_CONFIGURATION
C0B5-A2023-2024,2023/2024,200201,AYABACA,14010020000,ARROZ,9,2024,4,202404,0,10,0,TRUE,FALSE,TRUE,EMPIRICALLY_REALIZED_TRANSIENT_REFERENCE_CONFIGURATION
C0B5-A2023-2024,2023/2024,200201,AYABACA,14010020000,ARROZ,10,2024,5,202405,0,10,0,TRUE,FALSE,TRUE,EMPIRICALLY_REALIZED_TRANSIENT_REFERENCE_CONFIGURATION
C0B5-A2023-2024,2023/2024,200201,AYABACA,14010020000,ARROZ,11,2024,6,202406,0,10,0,TRUE,FALSE,TRUE,EMPIRICALLY_REALIZED_TRANSIENT_REFERENCE_CONFIGURATION
C0B5-A2023-2024,2023/2024,200201,AYABACA,14010020000,ARROZ,12,2024,7,202407,0,10,0,TRUE,FALSE,TRUE,EMPIRICALLY_REALIZED_TRANSIENT_REFERENCE_CONFIGURATION
C0B5-A2023-2024,2023/2024,200201,AYABACA,14010070000,MAIZ AMARILLO DURO,1,2023,8,202308,5,1006,0.004970178926441351888667992048,FALSE,FALSE,TRUE,EMPIRICALLY_REALIZED_TRANSIENT_REFERENCE_CONFIGURATION
C0B5-A2023-2024,2023/2024,200201,AYABACA,14010070000,MAIZ AMARILLO DURO,2,2023,9,202309,10,1006,0.009940357852882703777335984095,FALSE,FALSE,TRUE,EMPIRICALLY_REALIZED_TRANSIENT_REFERENCE_CONFIGURATION
C0B5-A2023-2024,2023/2024,200201,AYABACA,14010070000,MAIZ AMARILLO DURO,3,2023,10,202310,0,1006,0,TRUE,FALSE,TRUE,EMPIRICALLY_REALIZED_TRANSIENT_REFERENCE_CONFIGURATION
C0B5-A2023-2024,2023/2024,200201,AYABACA,14010070000,MAIZ AMARILLO DURO,4,2023,11,202311,1,1006,0.0009940357852882703777335984095,FALSE,FALSE,TRUE,EMPIRICALLY_REALIZED_TRANSIENT_REFERENCE_CONFIGURATION
C0B5-A2023-2024,2023/2024,200201,AYABACA,14010070000,MAIZ AMARILLO DURO,5,2023,12,202312,0,1006,0,TRUE,FALSE,TRUE,EMPIRICALLY_REALIZED_TRANSIENT_REFERENCE_CONFIGURATION
C0B5-A2023-2024,2023/2024,200201,AYABACA,14010070000,MAIZ AMARILLO DURO,6,2024,1,202401,397,1006,0.3946322067594433399602385686,FALSE,FALSE,TRUE,EMPIRICALLY_REALIZED_TRANSIENT_REFERENCE_CONFIGURATION
C0B5-A2023-2024,2023/2024,200201,AYABACA,14010070000,MAIZ AMARILLO DURO,7,2024,2,202402,583,1006,0.5795228628230616302186878728,FALSE,FALSE,TRUE,EMPIRICALLY_REALIZED_TRANSIENT_REFERENCE_CONFIGURATION
C0B5-A2023-2024,2023/2024,200201,AYABACA,14010070000,MAIZ AMARILLO DURO,8,2024,3,202403,0,1006,0,TRUE,FALSE,TRUE,EMPIRICALLY_REALIZED_TRANSIENT_REFERENCE_CONFIGURATION
C0B5-A2023-2024,2023/2024,200201,AYABACA,14010070000,MAIZ AMARILLO DURO,9,2024,4,202404,0,1006,0,TRUE,FALSE,TRUE,EMPIRICALLY_REALIZED_TRANSIENT_REFERENCE_CONFIGURATION
C0B5-A2023-2024,2023/2024,200201,AYABACA,14010070000,MAIZ AMARILLO DURO,10,2024,5,202405,0,1006,0,TRUE,FALSE,TRUE,EMPIRICALLY_REALIZED_TRANSIENT_REFERENCE_CONFIGURATION
C0B5-A2023-2024,2023/2024,200201,AYABACA,14010070000,MAIZ AMARILLO DURO,11,2024,6,202406,5,1006,0.004970178926441351888667992048,FALSE,FALSE,TRUE,EMPIRICALLY_REALIZED_TRANSIENT_REFERENCE_CONFIGURATION
C0B5-A2023-2024,2023/2024,200201,AYABACA,14010070000,MAIZ AMARILLO DURO,12,2024,7,202407,5,1006,0.004970178926441351888667992,FALSE,FALSE,TRUE,EMPIRICALLY_REALIZED_TRANSIENT_REFERENCE_CONFIGURATION
C0B5-A2023-2024,2023/2024,200205,MONTERO,14010020000,ARROZ,1,2023,8,202308,22,39,0.5641025641025641025641025641,FALSE,FALSE,TRUE,EMPIRICALLY_REALIZED_TRANSIENT_REFERENCE_CONFIGURATION
C0B5-A2023-2024,2023/2024,200205,MONTERO,14010020000,ARROZ,2,2023,9,202309,0,39,0,TRUE,FALSE,TRUE,EMPIRICALLY_REALIZED_TRANSIENT_REFERENCE_CONFIGURATION
C0B5-A2023-2024,2023/2024,200205,MONTERO,14010020000,ARROZ,3,2023,10,202310,0,39,0,TRUE,FALSE,TRUE,EMPIRICALLY_REALIZED_TRANSIENT_REFERENCE_CONFIGURATION
C0B5-A2023-2024,2023/2024,200205,MONTERO,14010020000,ARROZ,4,2023,11,202311,0,39,0,TRUE,FALSE,TRUE,EMPIRICALLY_REALIZED_TRANSIENT_REFERENCE_CONFIGURATION
C0B5-A2023-2024,2023/2024,200205,MONTERO,14010020000,ARROZ,5,2023,12,202312,0,39,0,TRUE,FALSE,TRUE,EMPIRICALLY_REALIZED_TRANSIENT_REFERENCE_CONFIGURATION
C0B5-A2023-2024,2023/2024,200205,MONTERO,14010020000,ARROZ,6,2024,1,202401,12,39,0.3076923076923076923076923077,FALSE,FALSE,TRUE,EMPIRICALLY_REALIZED_TRANSIENT_REFERENCE_CONFIGURATION
C0B5-A2023-2024,2023/2024,200205,MONTERO,14010020000,ARROZ,7,2024,2,202402,5,39,0.1282051282051282051282051282,FALSE,FALSE,TRUE,EMPIRICALLY_REALIZED_TRANSIENT_REFERENCE_CONFIGURATION
C0B5-A2023-2024,2023/2024,200205,MONTERO,14010020000,ARROZ,8,2024,3,202403,0,39,0,TRUE,FALSE,TRUE,EMPIRICALLY_REALIZED_TRANSIENT_REFERENCE_CONFIGURATION
C0B5-A2023-2024,2023/2024,200205,MONTERO,14010020000,ARROZ,9,2024,4,202404,0,39,0,TRUE,FALSE,TRUE,EMPIRICALLY_REALIZED_TRANSIENT_REFERENCE_CONFIGURATION
C0B5-A2023-2024,2023/2024,200205,MONTERO,14010020000,ARROZ,10,2024,5,202405,0,39,0,TRUE,FALSE,TRUE,EMPIRICALLY_REALIZED_TRANSIENT_REFERENCE_CONFIGURATION
C0B5-A2023-2024,2023/2024,200205,MONTERO,14010020000,ARROZ,11,2024,6,202406,0,39,0,TRUE,FALSE,TRUE,EMPIRICALLY_REALIZED_TRANSIENT_REFERENCE_CONFIGURATION
C0B5-A2023-2024,2023/2024,200205,MONTERO,14010020000,ARROZ,12,2024,7,202407,0,39,0,TRUE,FALSE,TRUE,EMPIRICALLY_REALIZED_TRANSIENT_REFERENCE_CONFIGURATION
C0B5-A2023-2024,2023/2024,200205,MONTERO,14010070000,MAIZ AMARILLO DURO,1,2023,8,202308,22,225,0.09777777777777777777777777778,FALSE,FALSE,TRUE,EMPIRICALLY_REALIZED_TRANSIENT_REFERENCE_CONFIGURATION
C0B5-A2023-2024,2023/2024,200205,MONTERO,14010070000,MAIZ AMARILLO DURO,2,2023,9,202309,0,225,0,TRUE,FALSE,TRUE,EMPIRICALLY_REALIZED_TRANSIENT_REFERENCE_CONFIGURATION
C0B5-A2023-2024,2023/2024,200205,MONTERO,14010070000,MAIZ AMARILLO DURO,3,2023,10,202310,0,225,0,TRUE,FALSE,TRUE,EMPIRICALLY_REALIZED_TRANSIENT_REFERENCE_CONFIGURATION
C0B5-A2023-2024,2023/2024,200205,MONTERO,14010070000,MAIZ AMARILLO DURO,4,2023,11,202311,0,225,0,TRUE,FALSE,TRUE,EMPIRICALLY_REALIZED_TRANSIENT_REFERENCE_CONFIGURATION
C0B5-A2023-2024,2023/2024,200205,MONTERO,14010070000,MAIZ AMARILLO DURO,5,2023,12,202312,0,225,0,TRUE,FALSE,TRUE,EMPIRICALLY_REALIZED_TRANSIENT_REFERENCE_CONFIGURATION
C0B5-A2023-2024,2023/2024,200205,MONTERO,14010070000,MAIZ AMARILLO DURO,6,2024,1,202401,79,225,0.3511111111111111111111111111,FALSE,FALSE,TRUE,EMPIRICALLY_REALIZED_TRANSIENT_REFERENCE_CONFIGURATION
C0B5-A2023-2024,2023/2024,200205,MONTERO,14010070000,MAIZ AMARILLO DURO,7,2024,2,202402,124,225,0.5511111111111111111111111111,FALSE,FALSE,TRUE,EMPIRICALLY_REALIZED_TRANSIENT_REFERENCE_CONFIGURATION
C0B5-A2023-2024,2023/2024,200205,MONTERO,14010070000,MAIZ AMARILLO DURO,8,2024,3,202403,0,225,0,TRUE,FALSE,TRUE,EMPIRICALLY_REALIZED_TRANSIENT_REFERENCE_CONFIGURATION
C0B5-A2023-2024,2023/2024,200205,MONTERO,14010070000,MAIZ AMARILLO DURO,9,2024,4,202404,0,225,0,TRUE,FALSE,TRUE,EMPIRICALLY_REALIZED_TRANSIENT_REFERENCE_CONFIGURATION
C0B5-A2023-2024,2023/2024,200205,MONTERO,14010070000,MAIZ AMARILLO DURO,10,2024,5,202405,0,225,0,TRUE,FALSE,TRUE,EMPIRICALLY_REALIZED_TRANSIENT_REFERENCE_CONFIGURATION
C0B5-A2023-2024,2023/2024,200205,MONTERO,14010070000,MAIZ AMARILLO DURO,11,2024,6,202406,0,225,0,TRUE,FALSE,TRUE,EMPIRICALLY_REALIZED_TRANSIENT_REFERENCE_CONFIGURATION
C0B5-A2023-2024,2023/2024,200205,MONTERO,14010070000,MAIZ AMARILLO DURO,12,2024,7,202407,0,225,0,TRUE,FALSE,TRUE,EMPIRICALLY_REALIZED_TRANSIENT_REFERENCE_CONFIGURATION
C0B5-A2023-2024,2023/2024,200304,HUARMACA,14010020000,ARROZ,1,2023,8,202308,25,218,0.1146788990825688073394495413,FALSE,FALSE,TRUE,EMPIRICALLY_REALIZED_TRANSIENT_REFERENCE_CONFIGURATION
C0B5-A2023-2024,2023/2024,200304,HUARMACA,14010020000,ARROZ,2,2023,9,202309,20,218,0.09174311926605504587155963303,FALSE,FALSE,TRUE,EMPIRICALLY_REALIZED_TRANSIENT_REFERENCE_CONFIGURATION
C0B5-A2023-2024,2023/2024,200304,HUARMACA,14010020000,ARROZ,3,2023,10,202310,0,218,0,TRUE,FALSE,TRUE,EMPIRICALLY_REALIZED_TRANSIENT_REFERENCE_CONFIGURATION
C0B5-A2023-2024,2023/2024,200304,HUARMACA,14010020000,ARROZ,4,2023,11,202311,0,218,0,TRUE,FALSE,TRUE,EMPIRICALLY_REALIZED_TRANSIENT_REFERENCE_CONFIGURATION
C0B5-A2023-2024,2023/2024,200304,HUARMACA,14010020000,ARROZ,5,2023,12,202312,0,218,0,TRUE,FALSE,TRUE,EMPIRICALLY_REALIZED_TRANSIENT_REFERENCE_CONFIGURATION
C0B5-A2023-2024,2023/2024,200304,HUARMACA,14010020000,ARROZ,6,2024,1,202401,90,218,0.4128440366972477064220183486,FALSE,FALSE,TRUE,EMPIRICALLY_REALIZED_TRANSIENT_REFERENCE_CONFIGURATION
C0B5-A2023-2024,2023/2024,200304,HUARMACA,14010020000,ARROZ,7,2024,2,202402,83,218,0.3807339449541284403669724771,FALSE,FALSE,TRUE,EMPIRICALLY_REALIZED_TRANSIENT_REFERENCE_CONFIGURATION
C0B5-A2023-2024,2023/2024,200304,HUARMACA,14010020000,ARROZ,8,2024,3,202403,0,218,0,TRUE,FALSE,TRUE,EMPIRICALLY_REALIZED_TRANSIENT_REFERENCE_CONFIGURATION
C0B5-A2023-2024,2023/2024,200304,HUARMACA,14010020000,ARROZ,9,2024,4,202404,0,218,0,TRUE,FALSE,TRUE,EMPIRICALLY_REALIZED_TRANSIENT_REFERENCE_CONFIGURATION
C0B5-A2023-2024,2023/2024,200304,HUARMACA,14010020000,ARROZ,10,2024,5,202405,0,218,0,TRUE,FALSE,TRUE,EMPIRICALLY_REALIZED_TRANSIENT_REFERENCE_CONFIGURATION
C0B5-A2023-2024,2023/2024,200304,HUARMACA,14010020000,ARROZ,11,2024,6,202406,0,218,0,TRUE,FALSE,TRUE,EMPIRICALLY_REALIZED_TRANSIENT_REFERENCE_CONFIGURATION
C0B5-A2023-2024,2023/2024,200304,HUARMACA,14010020000,ARROZ,12,2024,7,202407,0,218,0,TRUE,FALSE,TRUE,EMPIRICALLY_REALIZED_TRANSIENT_REFERENCE_CONFIGURATION
C0B5-A2023-2024,2023/2024,200304,HUARMACA,14010070000,MAIZ AMARILLO DURO,1,2023,8,202308,25,421,0.0593824228028503562945368171,FALSE,FALSE,TRUE,EMPIRICALLY_REALIZED_TRANSIENT_REFERENCE_CONFIGURATION
C0B5-A2023-2024,2023/2024,200304,HUARMACA,14010070000,MAIZ AMARILLO DURO,2,2023,9,202309,0,421,0,TRUE,FALSE,TRUE,EMPIRICALLY_REALIZED_TRANSIENT_REFERENCE_CONFIGURATION
C0B5-A2023-2024,2023/2024,200304,HUARMACA,14010070000,MAIZ AMARILLO DURO,3,2023,10,202310,25,421,0.0593824228028503562945368171,FALSE,FALSE,TRUE,EMPIRICALLY_REALIZED_TRANSIENT_REFERENCE_CONFIGURATION
C0B5-A2023-2024,2023/2024,200304,HUARMACA,14010070000,MAIZ AMARILLO DURO,4,2023,11,202311,0,421,0,TRUE,FALSE,TRUE,EMPIRICALLY_REALIZED_TRANSIENT_REFERENCE_CONFIGURATION
C0B5-A2023-2024,2023/2024,200304,HUARMACA,14010070000,MAIZ AMARILLO DURO,5,2023,12,202312,0,421,0,TRUE,FALSE,TRUE,EMPIRICALLY_REALIZED_TRANSIENT_REFERENCE_CONFIGURATION
C0B5-A2023-2024,2023/2024,200304,HUARMACA,14010070000,MAIZ AMARILLO DURO,6,2024,1,202401,160,421,0.3800475059382422802850356295,FALSE,FALSE,TRUE,EMPIRICALLY_REALIZED_TRANSIENT_REFERENCE_CONFIGURATION
C0B5-A2023-2024,2023/2024,200304,HUARMACA,14010070000,MAIZ AMARILLO DURO,7,2024,2,202402,176,421,0.4180522565320665083135391924,FALSE,FALSE,TRUE,EMPIRICALLY_REALIZED_TRANSIENT_REFERENCE_CONFIGURATION
C0B5-A2023-2024,2023/2024,200304,HUARMACA,14010070000,MAIZ AMARILLO DURO,8,2024,3,202403,25,421,0.0593824228028503562945368171,FALSE,FALSE,TRUE,EMPIRICALLY_REALIZED_TRANSIENT_REFERENCE_CONFIGURATION
C0B5-A2023-2024,2023/2024,200304,HUARMACA,14010070000,MAIZ AMARILLO DURO,9,2024,4,202404,0,421,0,TRUE,FALSE,TRUE,EMPIRICALLY_REALIZED_TRANSIENT_REFERENCE_CONFIGURATION
C0B5-A2023-2024,2023/2024,200304,HUARMACA,14010070000,MAIZ AMARILLO DURO,10,2024,5,202405,0,421,0,TRUE,FALSE,TRUE,EMPIRICALLY_REALIZED_TRANSIENT_REFERENCE_CONFIGURATION
C0B5-A2023-2024,2023/2024,200304,HUARMACA,14010070000,MAIZ AMARILLO DURO,11,2024,6,202406,0,421,0,TRUE,FALSE,TRUE,EMPIRICALLY_REALIZED_TRANSIENT_REFERENCE_CONFIGURATION
C0B5-A2023-2024,2023/2024,200304,HUARMACA,14010070000,MAIZ AMARILLO DURO,12,2024,7,202407,10,421,0.0237529691211401425178147268,FALSE,FALSE,TRUE,EMPIRICALLY_REALIZED_TRANSIENT_REFERENCE_CONFIGURATION
C0B5-A2023-2024,2023/2024,200802,BELLAVISTA DE LA UNION,14010020000,ARROZ,1,2023,8,202308,120,2102,0.05708848715509039010466222645,FALSE,FALSE,TRUE,EMPIRICALLY_REALIZED_TRANSIENT_REFERENCE_CONFIGURATION
C0B5-A2023-2024,2023/2024,200802,BELLAVISTA DE LA UNION,14010020000,ARROZ,2,2023,9,202309,0,2102,0,TRUE,FALSE,TRUE,EMPIRICALLY_REALIZED_TRANSIENT_REFERENCE_CONFIGURATION
C0B5-A2023-2024,2023/2024,200802,BELLAVISTA DE LA UNION,14010020000,ARROZ,3,2023,10,202310,0,2102,0,TRUE,FALSE,TRUE,EMPIRICALLY_REALIZED_TRANSIENT_REFERENCE_CONFIGURATION
C0B5-A2023-2024,2023/2024,200802,BELLAVISTA DE LA UNION,14010020000,ARROZ,4,2023,11,202311,0,2102,0,TRUE,FALSE,TRUE,EMPIRICALLY_REALIZED_TRANSIENT_REFERENCE_CONFIGURATION
C0B5-A2023-2024,2023/2024,200802,BELLAVISTA DE LA UNION,14010020000,ARROZ,5,2023,12,202312,0,2102,0,TRUE,FALSE,TRUE,EMPIRICALLY_REALIZED_TRANSIENT_REFERENCE_CONFIGURATION
C0B5-A2023-2024,2023/2024,200802,BELLAVISTA DE LA UNION,14010020000,ARROZ,6,2024,1,202401,278,2102,0.1322549952426260704091341579,FALSE,FALSE,TRUE,EMPIRICALLY_REALIZED_TRANSIENT_REFERENCE_CONFIGURATION
C0B5-A2023-2024,2023/2024,200802,BELLAVISTA DE LA UNION,14010020000,ARROZ,7,2024,2,202402,630,2102,0.2997145575642245480494766889,FALSE,FALSE,TRUE,EMPIRICALLY_REALIZED_TRANSIENT_REFERENCE_CONFIGURATION
C0B5-A2023-2024,2023/2024,200802,BELLAVISTA DE LA UNION,14010020000,ARROZ,8,2024,3,202403,0,2102,0,TRUE,FALSE,TRUE,EMPIRICALLY_REALIZED_TRANSIENT_REFERENCE_CONFIGURATION
C0B5-A2023-2024,2023/2024,200802,BELLAVISTA DE LA UNION,14010020000,ARROZ,9,2024,4,202404,0,2102,0,TRUE,FALSE,TRUE,EMPIRICALLY_REALIZED_TRANSIENT_REFERENCE_CONFIGURATION
C0B5-A2023-2024,2023/2024,200802,BELLAVISTA DE LA UNION,14010020000,ARROZ,10,2024,5,202405,0,2102,0,TRUE,FALSE,TRUE,EMPIRICALLY_REALIZED_TRANSIENT_REFERENCE_CONFIGURATION
C0B5-A2023-2024,2023/2024,200802,BELLAVISTA DE LA UNION,14010020000,ARROZ,11,2024,6,202406,949,2102,0.4514747859181731684110371075,FALSE,FALSE,TRUE,EMPIRICALLY_REALIZED_TRANSIENT_REFERENCE_CONFIGURATION
C0B5-A2023-2024,2023/2024,200802,BELLAVISTA DE LA UNION,14010020000,ARROZ,12,2024,7,202407,125,2102,0.0594671741198858230256898192,FALSE,FALSE,TRUE,EMPIRICALLY_REALIZED_TRANSIENT_REFERENCE_CONFIGURATION
C0B5-A2023-2024,2023/2024,200802,BELLAVISTA DE LA UNION,14010070000,MAIZ AMARILLO DURO,1,2023,8,202308,110,425,0.2588235294117647058823529412,FALSE,FALSE,TRUE,EMPIRICALLY_REALIZED_TRANSIENT_REFERENCE_CONFIGURATION
C0B5-A2023-2024,2023/2024,200802,BELLAVISTA DE LA UNION,14010070000,MAIZ AMARILLO DURO,2,2023,9,202309,24,425,0.05647058823529411764705882353,FALSE,FALSE,TRUE,EMPIRICALLY_REALIZED_TRANSIENT_REFERENCE_CONFIGURATION
C0B5-A2023-2024,2023/2024,200802,BELLAVISTA DE LA UNION,14010070000,MAIZ AMARILLO DURO,3,2023,10,202310,43,425,0.1011764705882352941176470588,FALSE,FALSE,TRUE,EMPIRICALLY_REALIZED_TRANSIENT_REFERENCE_CONFIGURATION
C0B5-A2023-2024,2023/2024,200802,BELLAVISTA DE LA UNION,14010070000,MAIZ AMARILLO DURO,4,2023,11,202311,0,425,0,TRUE,FALSE,TRUE,EMPIRICALLY_REALIZED_TRANSIENT_REFERENCE_CONFIGURATION
C0B5-A2023-2024,2023/2024,200802,BELLAVISTA DE LA UNION,14010070000,MAIZ AMARILLO DURO,5,2023,12,202312,0,425,0,TRUE,FALSE,TRUE,EMPIRICALLY_REALIZED_TRANSIENT_REFERENCE_CONFIGURATION
C0B5-A2023-2024,2023/2024,200802,BELLAVISTA DE LA UNION,14010070000,MAIZ AMARILLO DURO,6,2024,1,202401,4,425,0.009411764705882352941176470588,FALSE,FALSE,TRUE,EMPIRICALLY_REALIZED_TRANSIENT_REFERENCE_CONFIGURATION
C0B5-A2023-2024,2023/2024,200802,BELLAVISTA DE LA UNION,14010070000,MAIZ AMARILLO DURO,7,2024,2,202402,14,425,0.03294117647058823529411764706,FALSE,FALSE,TRUE,EMPIRICALLY_REALIZED_TRANSIENT_REFERENCE_CONFIGURATION
C0B5-A2023-2024,2023/2024,200802,BELLAVISTA DE LA UNION,14010070000,MAIZ AMARILLO DURO,8,2024,3,202403,0,425,0,TRUE,FALSE,TRUE,EMPIRICALLY_REALIZED_TRANSIENT_REFERENCE_CONFIGURATION
C0B5-A2023-2024,2023/2024,200802,BELLAVISTA DE LA UNION,14010070000,MAIZ AMARILLO DURO,9,2024,4,202404,0,425,0,TRUE,FALSE,TRUE,EMPIRICALLY_REALIZED_TRANSIENT_REFERENCE_CONFIGURATION
C0B5-A2023-2024,2023/2024,200802,BELLAVISTA DE LA UNION,14010070000,MAIZ AMARILLO DURO,10,2024,5,202405,84,425,0.1976470588235294117647058824,FALSE,FALSE,TRUE,EMPIRICALLY_REALIZED_TRANSIENT_REFERENCE_CONFIGURATION
C0B5-A2023-2024,2023/2024,200802,BELLAVISTA DE LA UNION,14010070000,MAIZ AMARILLO DURO,11,2024,6,202406,146,425,0.3435294117647058823529411765,FALSE,FALSE,TRUE,EMPIRICALLY_REALIZED_TRANSIENT_REFERENCE_CONFIGURATION
C0B5-A2023-2024,2023/2024,200802,BELLAVISTA DE LA UNION,14010070000,MAIZ AMARILLO DURO,12,2024,7,202407,0,425,0,TRUE,FALSE,TRUE,EMPIRICALLY_REALIZED_TRANSIENT_REFERENCE_CONFIGURATION
C0B5-A2023-2024,2023/2024,200803,BERNAL,14010020000,ARROZ,1,2023,8,202308,137,1535,0.08925081433224755700325732899,FALSE,FALSE,TRUE,EMPIRICALLY_REALIZED_TRANSIENT_REFERENCE_CONFIGURATION
C0B5-A2023-2024,2023/2024,200803,BERNAL,14010020000,ARROZ,2,2023,9,202309,37,1535,0.02410423452768729641693811075,FALSE,FALSE,TRUE,EMPIRICALLY_REALIZED_TRANSIENT_REFERENCE_CONFIGURATION
C0B5-A2023-2024,2023/2024,200803,BERNAL,14010020000,ARROZ,3,2023,10,202310,0,1535,0,TRUE,FALSE,TRUE,EMPIRICALLY_REALIZED_TRANSIENT_REFERENCE_CONFIGURATION
C0B5-A2023-2024,2023/2024,200803,BERNAL,14010020000,ARROZ,4,2023,11,202311,0,1535,0,TRUE,FALSE,TRUE,EMPIRICALLY_REALIZED_TRANSIENT_REFERENCE_CONFIGURATION
C0B5-A2023-2024,2023/2024,200803,BERNAL,14010020000,ARROZ,5,2023,12,202312,0,1535,0,TRUE,FALSE,TRUE,EMPIRICALLY_REALIZED_TRANSIENT_REFERENCE_CONFIGURATION
C0B5-A2023-2024,2023/2024,200803,BERNAL,14010020000,ARROZ,6,2024,1,202401,470,1535,0.3061889250814332247557003257,FALSE,FALSE,TRUE,EMPIRICALLY_REALIZED_TRANSIENT_REFERENCE_CONFIGURATION
C0B5-A2023-2024,2023/2024,200803,BERNAL,14010020000,ARROZ,7,2024,2,202402,865,1535,0.5635179153094462540716612378,FALSE,FALSE,TRUE,EMPIRICALLY_REALIZED_TRANSIENT_REFERENCE_CONFIGURATION
C0B5-A2023-2024,2023/2024,200803,BERNAL,14010020000,ARROZ,8,2024,3,202403,0,1535,0,TRUE,FALSE,TRUE,EMPIRICALLY_REALIZED_TRANSIENT_REFERENCE_CONFIGURATION
C0B5-A2023-2024,2023/2024,200803,BERNAL,14010020000,ARROZ,9,2024,4,202404,26,1535,0.01693811074918566775244299674,FALSE,FALSE,TRUE,EMPIRICALLY_REALIZED_TRANSIENT_REFERENCE_CONFIGURATION
C0B5-A2023-2024,2023/2024,200803,BERNAL,14010020000,ARROZ,10,2024,5,202405,0,1535,0,TRUE,FALSE,TRUE,EMPIRICALLY_REALIZED_TRANSIENT_REFERENCE_CONFIGURATION
C0B5-A2023-2024,2023/2024,200803,BERNAL,14010020000,ARROZ,11,2024,6,202406,0,1535,0,TRUE,FALSE,TRUE,EMPIRICALLY_REALIZED_TRANSIENT_REFERENCE_CONFIGURATION
C0B5-A2023-2024,2023/2024,200803,BERNAL,14010020000,ARROZ,12,2024,7,202407,0,1535,0.0000000000000000000000000001,TRUE,FALSE,TRUE,EMPIRICALLY_REALIZED_TRANSIENT_REFERENCE_CONFIGURATION
C0B5-A2023-2024,2023/2024,200803,BERNAL,14010070000,MAIZ AMARILLO DURO,1,2023,8,202308,161,835,0.1928143712574850299401197605,FALSE,FALSE,TRUE,EMPIRICALLY_REALIZED_TRANSIENT_REFERENCE_CONFIGURATION
C0B5-A2023-2024,2023/2024,200803,BERNAL,14010070000,MAIZ AMARILLO DURO,2,2023,9,202309,248,835,0.2970059880239520958083832335,FALSE,FALSE,TRUE,EMPIRICALLY_REALIZED_TRANSIENT_REFERENCE_CONFIGURATION
C0B5-A2023-2024,2023/2024,200803,BERNAL,14010070000,MAIZ AMARILLO DURO,3,2023,10,202310,94,835,0.1125748502994011976047904192,FALSE,FALSE,TRUE,EMPIRICALLY_REALIZED_TRANSIENT_REFERENCE_CONFIGURATION
C0B5-A2023-2024,2023/2024,200803,BERNAL,14010070000,MAIZ AMARILLO DURO,4,2023,11,202311,0,835,0,TRUE,FALSE,TRUE,EMPIRICALLY_REALIZED_TRANSIENT_REFERENCE_CONFIGURATION
C0B5-A2023-2024,2023/2024,200803,BERNAL,14010070000,MAIZ AMARILLO DURO,5,2023,12,202312,0,835,0,TRUE,FALSE,TRUE,EMPIRICALLY_REALIZED_TRANSIENT_REFERENCE_CONFIGURATION
C0B5-A2023-2024,2023/2024,200803,BERNAL,14010070000,MAIZ AMARILLO DURO,6,2024,1,202401,44,835,0.05269461077844311377245508982,FALSE,FALSE,TRUE,EMPIRICALLY_REALIZED_TRANSIENT_REFERENCE_CONFIGURATION
C0B5-A2023-2024,2023/2024,200803,BERNAL,14010070000,MAIZ AMARILLO DURO,7,2024,2,202402,48,835,0.05748502994011976047904191617,FALSE,FALSE,TRUE,EMPIRICALLY_REALIZED_TRANSIENT_REFERENCE_CONFIGURATION
C0B5-A2023-2024,2023/2024,200803,BERNAL,14010070000,MAIZ AMARILLO DURO,8,2024,3,202403,22,835,0.02634730538922155688622754491,FALSE,FALSE,TRUE,EMPIRICALLY_REALIZED_TRANSIENT_REFERENCE_CONFIGURATION
C0B5-A2023-2024,2023/2024,200803,BERNAL,14010070000,MAIZ AMARILLO DURO,9,2024,4,202404,35,835,0.04191616766467065868263473054,FALSE,FALSE,TRUE,EMPIRICALLY_REALIZED_TRANSIENT_REFERENCE_CONFIGURATION
C0B5-A2023-2024,2023/2024,200803,BERNAL,14010070000,MAIZ AMARILLO DURO,10,2024,5,202405,7,835,0.008383233532934131736526946108,FALSE,FALSE,TRUE,EMPIRICALLY_REALIZED_TRANSIENT_REFERENCE_CONFIGURATION
C0B5-A2023-2024,2023/2024,200803,BERNAL,14010070000,MAIZ AMARILLO DURO,11,2024,6,202406,176,835,0.2107784431137724550898203593,FALSE,FALSE,TRUE,EMPIRICALLY_REALIZED_TRANSIENT_REFERENCE_CONFIGURATION
C0B5-A2023-2024,2023/2024,200803,BERNAL,14010070000,MAIZ AMARILLO DURO,12,2024,7,202407,0,835,0,TRUE,FALSE,TRUE,EMPIRICALLY_REALIZED_TRANSIENT_REFERENCE_CONFIGURATION
C0B5-A2023-2024,2023/2024,200804,CRISTO NOS VALGA,14010020000,ARROZ,1,2023,8,202308,46,511,0.09001956947162426614481409002,FALSE,FALSE,TRUE,EMPIRICALLY_REALIZED_TRANSIENT_REFERENCE_CONFIGURATION
C0B5-A2023-2024,2023/2024,200804,CRISTO NOS VALGA,14010020000,ARROZ,2,2023,9,202309,12,511,0.02348336594911937377690802348,FALSE,FALSE,TRUE,EMPIRICALLY_REALIZED_TRANSIENT_REFERENCE_CONFIGURATION
C0B5-A2023-2024,2023/2024,200804,CRISTO NOS VALGA,14010020000,ARROZ,3,2023,10,202310,0,511,0,TRUE,FALSE,TRUE,EMPIRICALLY_REALIZED_TRANSIENT_REFERENCE_CONFIGURATION
C0B5-A2023-2024,2023/2024,200804,CRISTO NOS VALGA,14010020000,ARROZ,4,2023,11,202311,0,511,0,TRUE,FALSE,TRUE,EMPIRICALLY_REALIZED_TRANSIENT_REFERENCE_CONFIGURATION
C0B5-A2023-2024,2023/2024,200804,CRISTO NOS VALGA,14010020000,ARROZ,5,2023,12,202312,0,511,0,TRUE,FALSE,TRUE,EMPIRICALLY_REALIZED_TRANSIENT_REFERENCE_CONFIGURATION
C0B5-A2023-2024,2023/2024,200804,CRISTO NOS VALGA,14010020000,ARROZ,6,2024,1,202401,157,511,0.3072407045009784735812133072,FALSE,FALSE,TRUE,EMPIRICALLY_REALIZED_TRANSIENT_REFERENCE_CONFIGURATION
C0B5-A2023-2024,2023/2024,200804,CRISTO NOS VALGA,14010020000,ARROZ,7,2024,2,202402,288,511,0.5636007827788649706457925636,FALSE,FALSE,TRUE,EMPIRICALLY_REALIZED_TRANSIENT_REFERENCE_CONFIGURATION
C0B5-A2023-2024,2023/2024,200804,CRISTO NOS VALGA,14010020000,ARROZ,8,2024,3,202403,0,511,0,TRUE,FALSE,TRUE,EMPIRICALLY_REALIZED_TRANSIENT_REFERENCE_CONFIGURATION
C0B5-A2023-2024,2023/2024,200804,CRISTO NOS VALGA,14010020000,ARROZ,9,2024,4,202404,8,511,0.01565557729941291585127201566,FALSE,FALSE,TRUE,EMPIRICALLY_REALIZED_TRANSIENT_REFERENCE_CONFIGURATION
C0B5-A2023-2024,2023/2024,200804,CRISTO NOS VALGA,14010020000,ARROZ,10,2024,5,202405,0,511,0,TRUE,FALSE,TRUE,EMPIRICALLY_REALIZED_TRANSIENT_REFERENCE_CONFIGURATION
C0B5-A2023-2024,2023/2024,200804,CRISTO NOS VALGA,14010020000,ARROZ,11,2024,6,202406,0,511,0,TRUE,FALSE,TRUE,EMPIRICALLY_REALIZED_TRANSIENT_REFERENCE_CONFIGURATION
C0B5-A2023-2024,2023/2024,200804,CRISTO NOS VALGA,14010020000,ARROZ,12,2024,7,202407,0,511,0,TRUE,FALSE,TRUE,EMPIRICALLY_REALIZED_TRANSIENT_REFERENCE_CONFIGURATION
C0B5-A2023-2024,2023/2024,200804,CRISTO NOS VALGA,14010070000,MAIZ AMARILLO DURO,1,2023,8,202308,53,335,0.1582089552238805970149253731,FALSE,FALSE,TRUE,EMPIRICALLY_REALIZED_TRANSIENT_REFERENCE_CONFIGURATION
C0B5-A2023-2024,2023/2024,200804,CRISTO NOS VALGA,14010070000,MAIZ AMARILLO DURO,2,2023,9,202309,82,335,0.2447761194029850746268656716,FALSE,FALSE,TRUE,EMPIRICALLY_REALIZED_TRANSIENT_REFERENCE_CONFIGURATION
C0B5-A2023-2024,2023/2024,200804,CRISTO NOS VALGA,14010070000,MAIZ AMARILLO DURO,3,2023,10,202310,85,335,0.253731343283582089552238806,FALSE,FALSE,TRUE,EMPIRICALLY_REALIZED_TRANSIENT_REFERENCE_CONFIGURATION
C0B5-A2023-2024,2023/2024,200804,CRISTO NOS VALGA,14010070000,MAIZ AMARILLO DURO,4,2023,11,202311,0,335,0,TRUE,FALSE,TRUE,EMPIRICALLY_REALIZED_TRANSIENT_REFERENCE_CONFIGURATION
C0B5-A2023-2024,2023/2024,200804,CRISTO NOS VALGA,14010070000,MAIZ AMARILLO DURO,5,2023,12,202312,0,335,0,TRUE,FALSE,TRUE,EMPIRICALLY_REALIZED_TRANSIENT_REFERENCE_CONFIGURATION
C0B5-A2023-2024,2023/2024,200804,CRISTO NOS VALGA,14010070000,MAIZ AMARILLO DURO,6,2024,1,202401,14,335,0.04179104477611940298507462687,FALSE,FALSE,TRUE,EMPIRICALLY_REALIZED_TRANSIENT_REFERENCE_CONFIGURATION
C0B5-A2023-2024,2023/2024,200804,CRISTO NOS VALGA,14010070000,MAIZ AMARILLO DURO,7,2024,2,202402,17,335,0.05074626865671641791044776119,FALSE,FALSE,TRUE,EMPIRICALLY_REALIZED_TRANSIENT_REFERENCE_CONFIGURATION
C0B5-A2023-2024,2023/2024,200804,CRISTO NOS VALGA,14010070000,MAIZ AMARILLO DURO,8,2024,3,202403,7,335,0.02089552238805970149253731343,FALSE,FALSE,TRUE,EMPIRICALLY_REALIZED_TRANSIENT_REFERENCE_CONFIGURATION
C0B5-A2023-2024,2023/2024,200804,CRISTO NOS VALGA,14010070000,MAIZ AMARILLO DURO,9,2024,4,202404,11,335,0.03283582089552238805970149254,FALSE,FALSE,TRUE,EMPIRICALLY_REALIZED_TRANSIENT_REFERENCE_CONFIGURATION
C0B5-A2023-2024,2023/2024,200804,CRISTO NOS VALGA,14010070000,MAIZ AMARILLO DURO,10,2024,5,202405,7,335,0.02089552238805970149253731343,FALSE,FALSE,TRUE,EMPIRICALLY_REALIZED_TRANSIENT_REFERENCE_CONFIGURATION
C0B5-A2023-2024,2023/2024,200804,CRISTO NOS VALGA,14010070000,MAIZ AMARILLO DURO,11,2024,6,202406,59,335,0.1761194029850746268656716418,FALSE,FALSE,TRUE,EMPIRICALLY_REALIZED_TRANSIENT_REFERENCE_CONFIGURATION
C0B5-A2023-2024,2023/2024,200804,CRISTO NOS VALGA,14010070000,MAIZ AMARILLO DURO,12,2024,7,202407,0,335,0.0000000000000000000000000001,TRUE,FALSE,TRUE,EMPIRICALLY_REALIZED_TRANSIENT_REFERENCE_CONFIGURATION
C0B5-A2023-2024,2023/2024,200805,VICE,14010020000,ARROZ,1,2023,8,202308,250,2355,0.1061571125265392781316348195,FALSE,FALSE,TRUE,EMPIRICALLY_REALIZED_TRANSIENT_REFERENCE_CONFIGURATION
C0B5-A2023-2024,2023/2024,200805,VICE,14010020000,ARROZ,2,2023,9,202309,20,2355,0.008492569002123142250530785563,FALSE,FALSE,TRUE,EMPIRICALLY_REALIZED_TRANSIENT_REFERENCE_CONFIGURATION
C0B5-A2023-2024,2023/2024,200805,VICE,14010020000,ARROZ,3,2023,10,202310,0,2355,0,TRUE,FALSE,TRUE,EMPIRICALLY_REALIZED_TRANSIENT_REFERENCE_CONFIGURATION
C0B5-A2023-2024,2023/2024,200805,VICE,14010020000,ARROZ,4,2023,11,202311,0,2355,0,TRUE,FALSE,TRUE,EMPIRICALLY_REALIZED_TRANSIENT_REFERENCE_CONFIGURATION
C0B5-A2023-2024,2023/2024,200805,VICE,14010020000,ARROZ,5,2023,12,202312,0,2355,0,TRUE,FALSE,TRUE,EMPIRICALLY_REALIZED_TRANSIENT_REFERENCE_CONFIGURATION
C0B5-A2023-2024,2023/2024,200805,VICE,14010020000,ARROZ,6,2024,1,202401,215,2355,0.0912951167728237791932059448,FALSE,FALSE,TRUE,EMPIRICALLY_REALIZED_TRANSIENT_REFERENCE_CONFIGURATION
C0B5-A2023-2024,2023/2024,200805,VICE,14010020000,ARROZ,7,2024,2,202402,765,2355,0.3248407643312101910828025478,FALSE,FALSE,TRUE,EMPIRICALLY_REALIZED_TRANSIENT_REFERENCE_CONFIGURATION
C0B5-A2023-2024,2023/2024,200805,VICE,14010020000,ARROZ,8,2024,3,202403,0,2355,0,TRUE,FALSE,TRUE,EMPIRICALLY_REALIZED_TRANSIENT_REFERENCE_CONFIGURATION
C0B5-A2023-2024,2023/2024,200805,VICE,14010020000,ARROZ,9,2024,4,202404,0,2355,0,TRUE,FALSE,TRUE,EMPIRICALLY_REALIZED_TRANSIENT_REFERENCE_CONFIGURATION
C0B5-A2023-2024,2023/2024,200805,VICE,14010020000,ARROZ,10,2024,5,202405,0,2355,0,TRUE,FALSE,TRUE,EMPIRICALLY_REALIZED_TRANSIENT_REFERENCE_CONFIGURATION
C0B5-A2023-2024,2023/2024,200805,VICE,14010020000,ARROZ,11,2024,6,202406,980,2355,0.4161358811040339702760084926,FALSE,FALSE,TRUE,EMPIRICALLY_REALIZED_TRANSIENT_REFERENCE_CONFIGURATION
C0B5-A2023-2024,2023/2024,200805,VICE,14010020000,ARROZ,12,2024,7,202407,125,2355,0.0530785562632696390658174097,FALSE,FALSE,TRUE,EMPIRICALLY_REALIZED_TRANSIENT_REFERENCE_CONFIGURATION
C0B5-A2023-2024,2023/2024,200805,VICE,14010070000,MAIZ AMARILLO DURO,1,2023,8,202308,38,181,0.2099447513812154696132596685,FALSE,FALSE,TRUE,EMPIRICALLY_REALIZED_TRANSIENT_REFERENCE_CONFIGURATION
C0B5-A2023-2024,2023/2024,200805,VICE,14010070000,MAIZ AMARILLO DURO,2,2023,9,202309,15,181,0.08287292817679558011049723757,FALSE,FALSE,TRUE,EMPIRICALLY_REALIZED_TRANSIENT_REFERENCE_CONFIGURATION
C0B5-A2023-2024,2023/2024,200805,VICE,14010070000,MAIZ AMARILLO DURO,3,2023,10,202310,0,181,0,TRUE,FALSE,TRUE,EMPIRICALLY_REALIZED_TRANSIENT_REFERENCE_CONFIGURATION
C0B5-A2023-2024,2023/2024,200805,VICE,14010070000,MAIZ AMARILLO DURO,4,2023,11,202311,0,181,0,TRUE,FALSE,TRUE,EMPIRICALLY_REALIZED_TRANSIENT_REFERENCE_CONFIGURATION
C0B5-A2023-2024,2023/2024,200805,VICE,14010070000,MAIZ AMARILLO DURO,5,2023,12,202312,0,181,0,TRUE,FALSE,TRUE,EMPIRICALLY_REALIZED_TRANSIENT_REFERENCE_CONFIGURATION
C0B5-A2023-2024,2023/2024,200805,VICE,14010070000,MAIZ AMARILLO DURO,6,2024,1,202401,2,181,0.01104972375690607734806629834,FALSE,FALSE,TRUE,EMPIRICALLY_REALIZED_TRANSIENT_REFERENCE_CONFIGURATION
C0B5-A2023-2024,2023/2024,200805,VICE,14010070000,MAIZ AMARILLO DURO,7,2024,2,202402,33,181,0.1823204419889502762430939227,FALSE,FALSE,TRUE,EMPIRICALLY_REALIZED_TRANSIENT_REFERENCE_CONFIGURATION
C0B5-A2023-2024,2023/2024,200805,VICE,14010070000,MAIZ AMARILLO DURO,8,2024,3,202403,12,181,0.06629834254143646408839779006,FALSE,FALSE,TRUE,EMPIRICALLY_REALIZED_TRANSIENT_REFERENCE_CONFIGURATION
C0B5-A2023-2024,2023/2024,200805,VICE,14010070000,MAIZ AMARILLO DURO,9,2024,4,202404,0,181,0,TRUE,FALSE,TRUE,EMPIRICALLY_REALIZED_TRANSIENT_REFERENCE_CONFIGURATION
C0B5-A2023-2024,2023/2024,200805,VICE,14010070000,MAIZ AMARILLO DURO,10,2024,5,202405,13,181,0.07182320441988950276243093923,FALSE,FALSE,TRUE,EMPIRICALLY_REALIZED_TRANSIENT_REFERENCE_CONFIGURATION
C0B5-A2023-2024,2023/2024,200805,VICE,14010070000,MAIZ AMARILLO DURO,11,2024,6,202406,58,181,0.3204419889502762430939226519,FALSE,FALSE,TRUE,EMPIRICALLY_REALIZED_TRANSIENT_REFERENCE_CONFIGURATION
C0B5-A2023-2024,2023/2024,200805,VICE,14010070000,MAIZ AMARILLO DURO,12,2024,7,202407,10,181,0.0552486187845303867403314917,FALSE,FALSE,TRUE,EMPIRICALLY_REALIZED_TRANSIENT_REFERENCE_CONFIGURATION
C0B5-A2023-2024,2023/2024,200806,RINCONADA LLICUAR,14010020000,ARROZ,1,2023,8,202308,110,2082,0.05283381364073006724303554275,FALSE,FALSE,TRUE,EMPIRICALLY_REALIZED_TRANSIENT_REFERENCE_CONFIGURATION
C0B5-A2023-2024,2023/2024,200806,RINCONADA LLICUAR,14010020000,ARROZ,2,2023,9,202309,0,2082,0,TRUE,FALSE,TRUE,EMPIRICALLY_REALIZED_TRANSIENT_REFERENCE_CONFIGURATION
C0B5-A2023-2024,2023/2024,200806,RINCONADA LLICUAR,14010020000,ARROZ,3,2023,10,202310,0,2082,0,TRUE,FALSE,TRUE,EMPIRICALLY_REALIZED_TRANSIENT_REFERENCE_CONFIGURATION
C0B5-A2023-2024,2023/2024,200806,RINCONADA LLICUAR,14010020000,ARROZ,4,2023,11,202311,0,2082,0,TRUE,FALSE,TRUE,EMPIRICALLY_REALIZED_TRANSIENT_REFERENCE_CONFIGURATION
C0B5-A2023-2024,2023/2024,200806,RINCONADA LLICUAR,14010020000,ARROZ,5,2023,12,202312,0,2082,0,TRUE,FALSE,TRUE,EMPIRICALLY_REALIZED_TRANSIENT_REFERENCE_CONFIGURATION
C0B5-A2023-2024,2023/2024,200806,RINCONADA LLICUAR,14010020000,ARROZ,6,2024,1,202401,279,2082,0.134005763688760806916426513,FALSE,FALSE,TRUE,EMPIRICALLY_REALIZED_TRANSIENT_REFERENCE_CONFIGURATION
C0B5-A2023-2024,2023/2024,200806,RINCONADA LLICUAR,14010020000,ARROZ,7,2024,2,202402,629,2082,0.3021133525456292026897214217,FALSE,FALSE,TRUE,EMPIRICALLY_REALIZED_TRANSIENT_REFERENCE_CONFIGURATION
C0B5-A2023-2024,2023/2024,200806,RINCONADA LLICUAR,14010020000,ARROZ,8,2024,3,202403,0,2082,0,TRUE,FALSE,TRUE,EMPIRICALLY_REALIZED_TRANSIENT_REFERENCE_CONFIGURATION
C0B5-A2023-2024,2023/2024,200806,RINCONADA LLICUAR,14010020000,ARROZ,9,2024,4,202404,0,2082,0,TRUE,FALSE,TRUE,EMPIRICALLY_REALIZED_TRANSIENT_REFERENCE_CONFIGURATION
C0B5-A2023-2024,2023/2024,200806,RINCONADA LLICUAR,14010020000,ARROZ,10,2024,5,202405,0,2082,0,TRUE,FALSE,TRUE,EMPIRICALLY_REALIZED_TRANSIENT_REFERENCE_CONFIGURATION
C0B5-A2023-2024,2023/2024,200806,RINCONADA LLICUAR,14010020000,ARROZ,11,2024,6,202406,950,2082,0.4562920268972142170989433237,FALSE,FALSE,TRUE,EMPIRICALLY_REALIZED_TRANSIENT_REFERENCE_CONFIGURATION
C0B5-A2023-2024,2023/2024,200806,RINCONADA LLICUAR,14010020000,ARROZ,12,2024,7,202407,114,2082,0.0547550432276657060518731988,FALSE,FALSE,TRUE,EMPIRICALLY_REALIZED_TRANSIENT_REFERENCE_CONFIGURATION
C0B5-A2023-2024,2023/2024,200806,RINCONADA LLICUAR,14010070000,MAIZ AMARILLO DURO,1,2023,8,202308,114,443,0.2573363431151241534988713318,FALSE,FALSE,TRUE,EMPIRICALLY_REALIZED_TRANSIENT_REFERENCE_CONFIGURATION
C0B5-A2023-2024,2023/2024,200806,RINCONADA LLICUAR,14010070000,MAIZ AMARILLO DURO,2,2023,9,202309,25,443,0.0564334085778781038374717833,FALSE,FALSE,TRUE,EMPIRICALLY_REALIZED_TRANSIENT_REFERENCE_CONFIGURATION
C0B5-A2023-2024,2023/2024,200806,RINCONADA LLICUAR,14010070000,MAIZ AMARILLO DURO,3,2023,10,202310,45,443,0.1015801354401805869074492099,FALSE,FALSE,TRUE,EMPIRICALLY_REALIZED_TRANSIENT_REFERENCE_CONFIGURATION
C0B5-A2023-2024,2023/2024,200806,RINCONADA LLICUAR,14010070000,MAIZ AMARILLO DURO,4,2023,11,202311,0,443,0,TRUE,FALSE,TRUE,EMPIRICALLY_REALIZED_TRANSIENT_REFERENCE_CONFIGURATION
C0B5-A2023-2024,2023/2024,200806,RINCONADA LLICUAR,14010070000,MAIZ AMARILLO DURO,5,2023,12,202312,0,443,0,TRUE,FALSE,TRUE,EMPIRICALLY_REALIZED_TRANSIENT_REFERENCE_CONFIGURATION
C0B5-A2023-2024,2023/2024,200806,RINCONADA LLICUAR,14010070000,MAIZ AMARILLO DURO,6,2024,1,202401,6,443,0.01354401805869074492099322799,FALSE,FALSE,TRUE,EMPIRICALLY_REALIZED_TRANSIENT_REFERENCE_CONFIGURATION
C0B5-A2023-2024,2023/2024,200806,RINCONADA LLICUAR,14010070000,MAIZ AMARILLO DURO,7,2024,2,202402,13,443,0.02934537246049661399548532731,FALSE,FALSE,TRUE,EMPIRICALLY_REALIZED_TRANSIENT_REFERENCE_CONFIGURATION
C0B5-A2023-2024,2023/2024,200806,RINCONADA LLICUAR,14010070000,MAIZ AMARILLO DURO,8,2024,3,202403,0,443,0,TRUE,FALSE,TRUE,EMPIRICALLY_REALIZED_TRANSIENT_REFERENCE_CONFIGURATION
C0B5-A2023-2024,2023/2024,200806,RINCONADA LLICUAR,14010070000,MAIZ AMARILLO DURO,9,2024,4,202404,0,443,0,TRUE,FALSE,TRUE,EMPIRICALLY_REALIZED_TRANSIENT_REFERENCE_CONFIGURATION
C0B5-A2023-2024,2023/2024,200806,RINCONADA LLICUAR,14010070000,MAIZ AMARILLO DURO,10,2024,5,202405,95,443,0.2144469525959367945823927765,FALSE,FALSE,TRUE,EMPIRICALLY_REALIZED_TRANSIENT_REFERENCE_CONFIGURATION
C0B5-A2023-2024,2023/2024,200806,RINCONADA LLICUAR,14010070000,MAIZ AMARILLO DURO,11,2024,6,202406,145,443,0.3273137697516930022573363431,FALSE,FALSE,TRUE,EMPIRICALLY_REALIZED_TRANSIENT_REFERENCE_CONFIGURATION
C0B5-A2023-2024,2023/2024,200806,RINCONADA LLICUAR,14010070000,MAIZ AMARILLO DURO,12,2024,7,202407,0,443,0.0000000000000000000000000001,TRUE,FALSE,TRUE,EMPIRICALLY_REALIZED_TRANSIENT_REFERENCE_CONFIGURATION
