UBIGEO,COD_CULTIVO,CROP_STD,CULTIVO_SOURCE,ANO,PRODUCCION,HARVEST_AREA,SOWN_AREA,PRECIO,VERDE_ACTUAL,YIELD_RAW,YIELD_UNIT,AREA_HA,MONTHS_PRESENT
200101,13010170102,LIMON SUTIL,LIMON SUTIL,2016,10010.0,635.0,0.0,1.0185014985014986,635.0,15.763779527559056,UNRESOLVED,9069.581826761658,12
200101,13010170102,LIMON SUTIL,LIMON SUTIL,2017,7999.0,649.0,139.0,1.7136392049006126,703.0,12.325115562403697,UNRESOLVED,9069.581826761658,12
200101,13010170102,LIMON SUTIL,LIMON SUTIL,2018,6809.0,564.0,73.0,1.0761051549419884,776.0,12.072695035460994,UNRESOLVED,9069.581826761658,12
200101,13010170102,LIMON SUTIL,LIMON SUTIL,2019,11037.0,564.0,0.0,1.2397753012594002,776.0,19.569148936170212,UNRESOLVED,9069.581826761658,12
200101,13010170102,LIMON SUTIL,LIMON SUTIL,2020,12618.0,776.0,0.0,0.9593596449516564,776.0,16.260309278350515,UNRESOLVED,9069.581826761658,12
200101,13010170102,LIMON SUTIL,LIMON SUTIL,2021,15736.0,564.0,0.0,0.9836108286731062,776.0,27.900709219858157,UNRESOLVED,9069.581826761658,12
200101,13010170102,LIMON SUTIL,LIMON SUTIL,2022,6255.0,564.0,40.0,1.4263613109512392,816.0,11.090425531914894,UNRESOLVED,9069.581826761658,12
200101,13010170102,LIMON SUTIL,LIMON SUTIL,2023,7700.0,1024.0,312.0,1.990509090909091,1024.0,7.51953125,UNRESOLVED,9069.581826761658,12
200101,13010210000,MANGO,MANGO,2016,2668.0,619.0,73.0,1.5,692.0,4.310177705977383,UNRESOLVED,9069.581826761658,12
200101,13010210000,MANGO,MANGO,2017,15708.0,619.0,124.0,1.4713521772345302,816.0,25.376413570274636,UNRESOLVED,9069.581826761658,12
200101,13010210000,MANGO,MANGO,2018,19485.0,619.0,40.0,1.449389273800359,856.0,31.478190630048466,UNRESOLVED,9069.581826761658,12
200101,13010210000,MANGO,MANGO,2019,8885.0,619.0,212.0,1.231254924029263,1068.0,14.353796445880452,UNRESOLVED,9069.581826761658,12
200101,13010210000,MANGO,MANGO,2020,11005.0,1068.0,0.0,1.9471694684234437,1068.0,10.30430711610487,UNRESOLVED,9069.581826761658,12
200101,13010210000,MANGO,MANGO,2021,8044.0,619.0,0.0,1.4451317752362007,1068.0,12.995153473344104,UNRESOLVED,9069.581826761658,12
200101,13010210000,MANGO,MANGO,2022,20591.0,1124.0,56.0,1.1718741197610605,1124.0,18.319395017793596,UNRESOLVED,9069.581826761658,12
200101,13010210000,MANGO,MANGO,2023,15245.0,1039.0,60.0,1.280042636930141,1099.0,14.672762271414822,UNRESOLVED,9069.581826761658,12
200101,14010020000,ARROZ,ARROZ,2016,6945.0,761.0,626.0,1.2805183585313176,151.0,9.126149802890932,UNRESOLVED,9069.581826761658,12
200101,14010020000,ARROZ,ARROZ,2017,1592.0,195.0,586.0,1.4535678391959799,167.0,8.164102564102564,UNRESOLVED,9069.581826761658,12
200101,14010020000,ARROZ,ARROZ,2018,1764.0,222.0,167.0,1.2175510204081632,112.0,7.945945945945946,UNRESOLVED,9069.581826761658,12
200101,14010020000,ARROZ,ARROZ,2020,520.0,52.0,330.0,1.26,390.0,10.0,UNRESOLVED,9069.581826761658,12
200101,14010020000,ARROZ,ARROZ,2021,4264.0,518.0,187.0,1.2416979362101315,59.0,8.231660231660232,UNRESOLVED,9069.581826761658,12
200101,14010020000,ARROZ,ARROZ,2022,137.0,21.0,21.0,2.61,59.0,6.523809523809524,UNRESOLVED,9069.581826761658,12
200101,14010020000,ARROZ,ARROZ,2023,1096.0,128.0,158.0,1.519872262773723,10.0,8.5625,UNRESOLVED,9069.581826761658,12
200101,14010070000,MAIZ AMARILLO DURO,MAIZ AMARILLO DURO,2016,92.0,23.0,25.0,1.2254347826086955,2.0,4.0,UNRESOLVED,9069.581826761658,11
200101,14010070000,MAIZ AMARILLO DURO,MAIZ AMARILLO DURO,2017,67.0,14.0,33.0,1.3477611940298506,21.0,4.785714285714286,UNRESOLVED,9069.581826761658,12
200101,14010070000,MAIZ AMARILLO DURO,MAIZ AMARILLO DURO,2018,330.0,67.0,56.0,0.9821818181818182,10.0,4.925373134328358,UNRESOLVED,9069.581826761658,12
200101,14010070000,MAIZ AMARILLO DURO,MAIZ AMARILLO DURO,2019,101.0,18.0,18.0,1.0665346534653466,10.0,5.611111111111111,UNRESOLVED,9069.581826761658,12
200101,14010070000,MAIZ AMARILLO DURO,MAIZ AMARILLO DURO,2020,311.0,69.0,69.0,1.2305466237942122,10.0,4.507246376811594,UNRESOLVED,9069.581826761658,12
200101,14010070000,MAIZ AMARILLO DURO,MAIZ AMARILLO DURO,2021,365.0,72.0,84.0,1.5283561643835617,22.0,5.069444444444445,UNRESOLVED,9069.581826761658,12
200101,14010070000,MAIZ AMARILLO DURO,MAIZ AMARILLO DURO,2022,806.0,197.0,175.0,1.6596774193548391,0.0,4.091370558375634,UNRESOLVED,9069.581826761658,10
200101,14010070000,MAIZ AMARILLO DURO,MAIZ AMARILLO DURO,2023,446.0,92.0,112.0,1.2808744394618834,0.0,4.8478260869565215,UNRESOLVED,9069.581826761658,12
200101,15010040000,PLATANOS Y BANANAS,PLATANOS Y BANANAS PARA COCCI N (M X paradisiaca),2016,2665.0,282.0,142.0,1.1085365853658538,282.0,9.450354609929079,UNRESOLVED,9069.581826761658,12
200101,15010040000,PLATANOS Y BANANAS,PLATANOS Y BANANAS PARA COCCI N (M X paradisiaca),2017,1998.0,348.0,136.0,1.1380480480480482,348.0,5.741379310344827,UNRESOLVED,9069.581826761658,12
200101,15010040000,PLATANOS Y BANANAS,PLATANOS Y BANANAS PARA COCCI N (M X paradisiaca),2018,4568.0,349.0,1.0,1.2804049912434325,349.0,13.088825214899714,UNRESOLVED,9069.581826761658,12
200101,15010040000,PLATANOS Y BANANAS,PLATANOS Y BANANAS PARA COCCI N (M X paradisiaca),2019,4272.0,349.0,0.0,1.3201779026217229,349.0,12.240687679083095,UNRESOLVED,9069.581826761658,12
200101,15010040000,PLATANOS Y BANANAS,PLATANOS Y BANANAS PARA COCCI N (M X paradisiaca),2020,4277.0,349.0,0.0,1.5663549216740706,349.0,12.255014326647565,UNRESOLVED,9069.581826761658,12
200101,15010040000,PLATANOS Y BANANAS,PLATANOS Y BANANAS PARA COCCI N (M X paradisiaca),2021,5927.0,349.0,0.0,0.9557010291884597,349.0,16.982808022922637,UNRESOLVED,9069.581826761658,12
200101,15010040000,PLATANOS Y BANANAS,PLATANOS Y BANANAS PARA COCCI N (M X paradisiaca),2022,5490.0,352.0,25.0,1.1278907103825135,374.0,15.596590909090908,UNRESOLVED,9069.581826761658,12
200101,15010040000,PLATANOS Y BANANAS,PLATANOS Y BANANAS PARA COCCI N (M X paradisiaca),2023,2767.0,374.0,0.0,1.210238525478858,374.0,7.398395721925134,UNRESOLVED,9069.581826761658,12
200104,13010170102,LIMON SUTIL,LIMON SUTIL,2016,14.0,1.0,0.0,0.9928571428571429,1.0,14.0,UNRESOLVED,14318.670871168899,12
200104,13010170102,LIMON SUTIL,LIMON SUTIL,2017,9.0,1.0,0.0,0.7333333333333333,0.0,9.0,UNRESOLVED,14318.670871168899,8
200104,13010170102,LIMON SUTIL,LIMON SUTIL,2019,208.0,121.0,105.0,1.1826923076923077,121.0,1.71900826446281,UNRESOLVED,14318.670871168899,12
200104,13010170102,LIMON SUTIL,LIMON SUTIL,2020,359.0,121.0,0.0,1.1319220055710306,121.0,2.9669421487603307,UNRESOLVED,14318.670871168899,12
200104,13010170102,LIMON SUTIL,LIMON SUTIL,2021,632.0,121.0,0.0,1.161107594936709,121.0,5.223140495867769,UNRESOLVED,14318.670871168899,12
200104,13010170102,LIMON SUTIL,LIMON SUTIL,2022,1206.0,124.0,17.0,1.1818739635157545,138.0,9.725806451612904,UNRESOLVED,14318.670871168899,12
200104,13010170102,LIMON SUTIL,LIMON SUTIL,2023,1071.0,132.0,34.0,2.070718954248366,132.0,8.113636363636363,UNRESOLVED,14318.670871168899,12
200104,13010210000,MANGO,MANGO,2016,96.0,9.0,0.0,1.25,9.0,10.666666666666666,UNRESOLVED,14318.670871168899,12
200104,13010210000,MANGO,MANGO,2017,132.0,9.0,3.0,1.6454545454545453,12.0,14.666666666666666,UNRESOLVED,14318.670871168899,12
200104,13010210000,MANGO,MANGO,2018,121.0,12.0,0.0,1.506611570247934,12.0,10.083333333333334,UNRESOLVED,14318.670871168899,12
200104,13010210000,MANGO,MANGO,2019,69.0,9.0,4.0,1.2028985507246377,16.0,7.666666666666667,UNRESOLVED,14318.670871168899,12
200104,13010210000,MANGO,MANGO,2020,100.0,16.0,3.0,1.902,19.0,6.25,UNRESOLVED,14318.670871168899,12
200104,13010210000,MANGO,MANGO,2021,98.0,10.0,0.0,1.5589795918367346,10.0,9.8,UNRESOLVED,14318.670871168899,12
200104,13010210000,MANGO,MANGO,2022,119.0,10.0,0.0,1.1770588235294117,10.0,11.9,UNRESOLVED,14318.670871168899,12
200104,13010210000,MANGO,MANGO,2023,71.0,7.0,0.0,1.8129577464788733,7.0,10.142857142857142,UNRESOLVED,14318.670871168899,12
200104,14010020000,ARROZ,ARROZ,2019,35.0,5.0,4.0,0.9799999999999999,0.0,7.0,UNRESOLVED,14318.670871168899,6
200104,14010020000,ARROZ,ARROZ,2020,20.0,2.0,2.0,1.4,0.0,10.0,UNRESOLVED,14318.670871168899,4
200104,14010070000,MAIZ AMARILLO DURO,MAIZ AMARILLO DURO,2016,105.0,20.0,30.0,1.299047619047619,10.0,5.25,UNRESOLVED,14318.670871168899,11
200104,14010070000,MAIZ AMARILLO DURO,MAIZ AMARILLO DURO,2017,160.0,35.0,35.0,1.0848749999999998,10.0,4.571428571428571,UNRESOLVED,14318.670871168899,9
200104,14010070000,MAIZ AMARILLO DURO,MAIZ AMARILLO DURO,2018,156.0,33.0,23.0,1.0775641025641027,0.0,4.7272727272727275,UNRESOLVED,14318.670871168899,11
200104,14010070000,MAIZ AMARILLO DURO,MAIZ AMARILLO DURO,2019,326.0,56.0,56.0,1.0957055214723925,0.0,5.821428571428571,UNRESOLVED,14318.670871168899,12
200104,14010070000,MAIZ AMARILLO DURO,MAIZ AMARILLO DURO,2020,84.0,12.0,20.0,1.2654761904761904,8.0,7.0,UNRESOLVED,14318.670871168899,9
200104,14010070000,MAIZ AMARILLO DURO,MAIZ AMARILLO DURO,2021,105.0,21.0,21.0,1.5742857142857143,8.0,5.0,UNRESOLVED,14318.670871168899,12
200104,14010070000,MAIZ AMARILLO DURO,MAIZ AMARILLO DURO,2022,4319.0,864.0,864.0,1.5181268812225053,8.0,4.998842592592593,UNRESOLVED,14318.670871168899,12
200104,14010070000,MAIZ AMARILLO DURO,MAIZ AMARILLO DURO,2023,16.0,3.0,6.0,1.34,0.0,5.333333333333333,UNRESOLVED,14318.670871168899,7
200104,15010040000,PLATANOS Y BANANAS,PLATANOS Y BANANAS PARA COCCI N (M X paradisiaca),2016,894.0,52.0,193.0,1.212751677852349,245.0,17.192307692307693,UNRESOLVED,14318.670871168899,12
200104,15010040000,PLATANOS Y BANANAS,PLATANOS Y BANANAS PARA COCCI N (M X paradisiaca),2017,5709.0,256.0,11.0,1.2329637414608512,256.0,22.30078125,UNRESOLVED,14318.670871168899,12
200104,15010040000,PLATANOS Y BANANAS,PLATANOS Y BANANAS PARA COCCI N (M X paradisiaca),2018,8529.0,260.0,144.0,1.4923519756126158,400.0,32.80384615384615,UNRESOLVED,14318.670871168899,12
200104,15010040000,PLATANOS Y BANANAS,PLATANOS Y BANANAS PARA COCCI N (M X paradisiaca),2019,7353.0,400.0,152.0,1.4827553379572964,552.0,18.3825,UNRESOLVED,14318.670871168899,12
200104,15010040000,PLATANOS Y BANANAS,PLATANOS Y BANANAS PARA COCCI N (M X paradisiaca),2020,7504.0,400.0,0.0,1.2911913646055437,552.0,18.76,UNRESOLVED,14318.670871168899,12
200104,15010040000,PLATANOS Y BANANAS,PLATANOS Y BANANAS PARA COCCI N (M X paradisiaca),2021,10828.0,552.0,0.0,1.0614739564093094,552.0,19.615942028985508,UNRESOLVED,14318.670871168899,12
200104,15010040000,PLATANOS Y BANANAS,PLATANOS Y BANANAS PARA COCCI N (M X paradisiaca),2022,8105.0,552.0,0.0,1.0923849475632326,552.0,14.682971014492754,UNRESOLVED,14318.670871168899,12
200104,15010040000,PLATANOS Y BANANAS,PLATANOS Y BANANAS PARA COCCI N (M X paradisiaca),2023,9373.0,385.0,0.0,1.237662434652726,385.0,24.345454545454544,UNRESOLVED,14318.670871168899,12
200105,13010170102,LIMON SUTIL,LIMON SUTIL,2016,14.0,1.0,0.0,1.05,1.0,14.0,UNRESOLVED,11242.407313147127,12
200105,13010170102,LIMON SUTIL,LIMON SUTIL,2017,15.0,1.0,0.0,1.3746666666666667,1.0,15.0,UNRESOLVED,11242.407313147127,12
200105,13010170102,LIMON SUTIL,LIMON SUTIL,2018,12.0,1.0,0.0,1.0083333333333333,1.0,12.0,UNRESOLVED,11242.407313147127,12
200105,13010170102,LIMON SUTIL,LIMON SUTIL,2019,11.0,5.0,4.0,1.1454545454545455,5.0,2.2,UNRESOLVED,11242.407313147127,12
200105,13010170102,LIMON SUTIL,LIMON SUTIL,2020,19.0,5.0,0.0,1.0,5.0,3.8,UNRESOLVED,11242.407313147127,12
200105,13010170102,LIMON SUTIL,LIMON SUTIL,2021,23.0,5.0,0.0,1.107391304347826,5.0,4.6,UNRESOLVED,11242.407313147127,12
200105,13010170102,LIMON SUTIL,LIMON SUTIL,2022,55.0,5.0,1.0,1.5601818181818181,6.0,11.0,UNRESOLVED,11242.407313147127,12
200105,13010170102,LIMON SUTIL,LIMON SUTIL,2023,43.0,5.0,0.0,1.9513953488372093,6.0,8.6,UNRESOLVED,11242.407313147127,12
200105,13010210000,MANGO,MANGO,2016,16.0,2.0,0.0,1.35,2.0,8.0,UNRESOLVED,11242.407313147127,12
200105,13010210000,MANGO,MANGO,2017,10.0,2.0,0.0,0.8,2.0,5.0,UNRESOLVED,11242.407313147127,12
200105,13010210000,MANGO,MANGO,2018,97.0,2.0,10.0,1.4319587628865977,12.0,48.5,UNRESOLVED,11242.407313147127,12
200105,13010210000,MANGO,MANGO,2019,42.0,2.0,0.0,1.188095238095238,12.0,21.0,UNRESOLVED,11242.407313147127,12
200105,13010210000,MANGO,MANGO,2020,18.0,13.0,1.0,1.0233333333333334,13.0,1.3846153846153846,UNRESOLVED,11242.407313147127,12
200105,13010210000,MANGO,MANGO,2021,59.0,13.0,0.0,1.477966101694915,13.0,4.538461538461538,UNRESOLVED,11242.407313147127,12
200105,13010210000,MANGO,MANGO,2022,59.0,6.0,16.0,1.2442372881355932,22.0,9.833333333333334,UNRESOLVED,11242.407313147127,12
200105,13010210000,MANGO,MANGO,2023,102.0,20.0,0.0,1.947549019607843,37.0,5.1,UNRESOLVED,11242.407313147127,12
200105,14010020000,ARROZ,ARROZ,2016,30149.0,3551.0,3522.0,1.2912627284487048,700.0,8.490284426921994,UNRESOLVED,11242.407313147127,12
200105,14010020000,ARROZ,ARROZ,2017,15130.0,1954.0,2871.0,1.3593575677461998,1617.0,7.743091095189355,UNRESOLVED,11242.407313147127,12
200105,14010020000,ARROZ,ARROZ,2018,27229.0,3184.0,2557.0,1.0848723787138712,0.0,8.551821608040202,UNRESOLVED,11242.407313147127,7
200105,14010020000,ARROZ,ARROZ,2019,16082.0,1894.0,2495.0,0.9821489864444721,601.0,8.491024287222809,UNRESOLVED,11242.407313147127,12
200105,14010020000,ARROZ,ARROZ,2020,21983.0,2489.0,3580.0,1.35571850975754,1692.0,8.83206106870229,UNRESOLVED,11242.407313147127,12
200105,14010020000,ARROZ,ARROZ,2021,29940.0,3808.0,2121.0,1.165811623246493,5.0,7.862394957983193,UNRESOLVED,11242.407313147127,12
200105,14010020000,ARROZ,ARROZ,2022,12713.0,1971.0,1971.0,1.8099999999999998,5.0,6.450025367833587,UNRESOLVED,11242.407313147127,12
200105,14010020000,ARROZ,ARROZ,2023,15872.0,1812.0,2068.0,1.519802797379032,225.0,8.759381898454746,UNRESOLVED,11242.407313147127,12
200105,14010070000,MAIZ AMARILLO DURO,MAIZ AMARILLO DURO,2016,5936.0,1282.0,1253.0,1.2108490566037737,0.0,4.6302652106084246,UNRESOLVED,11242.407313147127,12
200105,14010070000,MAIZ AMARILLO DURO,MAIZ AMARILLO DURO,2017,3840.0,816.0,1122.0,1.0334453125,306.0,4.705882352941177,UNRESOLVED,11242.407313147127,11
200105,14010070000,MAIZ AMARILLO DURO,MAIZ AMARILLO DURO,2018,5929.0,1261.0,955.0,1.071425198178445,0.0,4.70182394924663,UNRESOLVED,11242.407313147127,12
200105,14010070000,MAIZ AMARILLO DURO,MAIZ AMARILLO DURO,2019,7560.0,1434.0,1555.0,1.0609523809523809,121.0,5.2719665271966525,UNRESOLVED,11242.407313147127,11
200105,14010070000,MAIZ AMARILLO DURO,MAIZ AMARILLO DURO,2020,7481.0,1784.0,1663.0,1.1959871674909772,0.0,4.193385650224215,UNRESOLVED,11242.407313147127,12
200105,14010070000,MAIZ AMARILLO DURO,MAIZ AMARILLO DURO,2021,12875.0,2575.0,2779.0,1.5383378640776697,204.0,5.0,UNRESOLVED,11242.407313147127,12
200105,14010070000,MAIZ AMARILLO DURO,MAIZ AMARILLO DURO,2022,15810.0,3162.0,2958.0,1.6504111321948134,0.0,5.0,UNRESOLVED,11242.407313147127,11
200105,14010070000,MAIZ AMARILLO DURO,MAIZ AMARILLO DURO,2023,6341.0,1351.0,1608.0,1.4481643273931555,0.0,4.693560325684678,UNRESOLVED,11242.407313147127,12
200105,15010040000,PLATANOS Y BANANAS,PLATANOS Y BANANAS PARA COCCI N (M X paradisiaca),2017,89.0,11.0,0.0,1.1134831460674157,11.0,8.090909090909092,UNRESOLVED,11242.407313147127,12
200105,15010040000,PLATANOS Y BANANAS,PLATANOS Y BANANAS PARA COCCI N (M X paradisiaca),2018,119.0,9.0,0.0,1.215966386554622,9.0,13.222222222222221,UNRESOLVED,11242.407313147127,12
200105,15010040000,PLATANOS Y BANANAS,PLATANOS Y BANANAS PARA COCCI N (M X paradisiaca),2019,153.0,9.0,0.0,1.4633986928104576,9.0,17.0,UNRESOLVED,11242.407313147127,12
200105,15010040000,PLATANOS Y BANANAS,PLATANOS Y BANANAS PARA COCCI N (M X paradisiaca),2020,130.0,9.0,0.0,1.3015384615384615,9.0,14.444444444444445,UNRESOLVED,11242.407313147127,12
200105,15010040000,PLATANOS Y BANANAS,PLATANOS Y BANANAS PARA COCCI N (M X paradisiaca),2021,164.0,9.0,0.0,1.0786585365853658,9.0,18.22222222222222,UNRESOLVED,11242.407313147127,12
200105,15010040000,PLATANOS Y BANANAS,PLATANOS Y BANANAS PARA COCCI N (M X paradisiaca),2022,119.0,10.0,1.0,1.149747899159664,10.0,11.9,UNRESOLVED,11242.407313147127,12
200105,15010040000,PLATANOS Y BANANAS,PLATANOS Y BANANAS PARA COCCI N (M X paradisiaca),2023,85.0,6.0,2.0,1.3894117647058823,6.0,14.166666666666666,UNRESOLVED,11242.407313147127,12
200107,13010170102,LIMON SUTIL,LIMON SUTIL,2016,649.0,42.0,0.0,1.0240369799691833,49.0,15.452380952380953,UNRESOLVED,6088.7068606422545,12
200107,13010170102,LIMON SUTIL,LIMON SUTIL,2017,476.0,34.0,0.0,1.6205042016806723,34.0,14.0,UNRESOLVED,6088.7068606422545,12
200107,13010170102,LIMON SUTIL,LIMON SUTIL,2018,403.0,34.0,0.0,1.118213399503722,34.0,11.852941176470589,UNRESOLVED,6088.7068606422545,12
200107,13010170102,LIMON SUTIL,LIMON SUTIL,2019,645.0,34.0,0.0,1.2448062015503876,34.0,18.970588235294116,UNRESOLVED,6088.7068606422545,12
200107,13010170102,LIMON SUTIL,LIMON SUTIL,2020,676.0,34.0,0.0,1.1751479289940827,34.0,19.88235294117647,UNRESOLVED,6088.7068606422545,12
200107,13010170102,LIMON SUTIL,LIMON SUTIL,2021,747.0,34.0,31.0,1.0801204819277108,65.0,21.970588235294116,UNRESOLVED,6088.7068606422545,12
200107,13010170102,LIMON SUTIL,LIMON SUTIL,2022,811.0,68.0,3.0,1.3148951911220716,68.0,11.926470588235293,UNRESOLVED,6088.7068606422545,12
200107,13010170102,LIMON SUTIL,LIMON SUTIL,2023,680.0,81.0,13.0,1.808558823529412,81.0,8.395061728395062,UNRESOLVED,6088.7068606422545,12
200107,13010210000,MANGO,MANGO,2016,96.0,8.0,0.0,1.5,8.0,12.0,UNRESOLVED,6088.7068606422545,12
200107,13010210000,MANGO,MANGO,2017,112.0,8.0,0.0,1.5714285714285714,8.0,14.0,UNRESOLVED,6088.7068606422545,12
200107,13010210000,MANGO,MANGO,2018,108.0,8.0,0.0,1.4907407407407407,8.0,13.5,UNRESOLVED,6088.7068606422545,12
200107,13010210000,MANGO,MANGO,2019,55.0,8.0,0.0,1.2181818181818183,8.0,6.875,UNRESOLVED,6088.7068606422545,12
200107,13010210000,MANGO,MANGO,2020,25.0,8.0,1.0,1.0,9.0,3.125,UNRESOLVED,6088.7068606422545,12
200107,13010210000,MANGO,MANGO,2021,76.0,8.0,0.0,1.1131578947368421,9.0,9.5,UNRESOLVED,6088.7068606422545,12
200107,13010210000,MANGO,MANGO,2022,115.0,8.0,16.0,1.318695652173913,25.0,14.375,UNRESOLVED,6088.7068606422545,12
200107,13010210000,MANGO,MANGO,2023,57.0,8.0,0.0,1.4557894736842103,25.0,7.125,UNRESOLVED,6088.7068606422545,12
200107,14010020000,ARROZ,ARROZ,2016,11952.0,1440.0,1331.0,1.235970548862115,250.0,8.3,UNRESOLVED,6088.7068606422545,12
200107,14010020000,ARROZ,ARROZ,2017,3151.0,445.0,969.0,1.3267216756585212,649.0,7.080898876404494,UNRESOLVED,6088.7068606422545,12
200107,14010020000,ARROZ,ARROZ,2018,10024.0,1257.0,928.0,1.09048683160415,0.0,7.974542561654734,UNRESOLVED,6088.7068606422545,7
200107,14010020000,ARROZ,ARROZ,2019,6233.0,730.0,857.0,0.98,127.0,8.538356164383561,UNRESOLVED,6088.7068606422545,12
200107,14010020000,ARROZ,ARROZ,2020,8092.0,876.0,894.0,1.324008897676718,145.0,9.237442922374429,UNRESOLVED,6088.7068606422545,12
200107,14010020000,ARROZ,ARROZ,2021,11088.0,1136.0,1000.0,1.1294372294372295,9.0,9.76056338028169,UNRESOLVED,6088.7068606422545,12
200107,14010020000,ARROZ,ARROZ,2022,6451.0,975.0,975.0,1.8159107115175939,0.0,6.616410256410257,UNRESOLVED,6088.7068606422545,7
200107,14010020000,ARROZ,ARROZ,2023,5950.0,713.0,903.0,1.5086638655462183,190.0,8.345021037868163,UNRESOLVED,6088.7068606422545,12
200107,14010070000,MAIZ AMARILLO DURO,MAIZ AMARILLO DURO,2016,2269.0,483.0,411.0,1.2170207139709124,0.0,4.6977225672877845,UNRESOLVED,6088.7068606422545,11
200107,14010070000,MAIZ AMARILLO DURO,MAIZ AMARILLO DURO,2017,1679.0,407.0,414.0,1.0552114353782014,0.0,4.125307125307125,UNRESOLVED,6088.7068606422545,10
200107,14010070000,MAIZ AMARILLO DURO,MAIZ AMARILLO DURO,2018,2210.0,438.0,438.0,1.0923755656108598,0.0,5.045662100456621,UNRESOLVED,6088.7068606422545,11
200107,14010070000,MAIZ AMARILLO DURO,MAIZ AMARILLO DURO,2019,4554.0,839.0,839.0,1.1156785243741765,0.0,5.427890345649582,UNRESOLVED,6088.7068606422545,12
200107,14010070000,MAIZ AMARILLO DURO,MAIZ AMARILLO DURO,2020,3574.0,836.0,836.0,1.2386121992165642,0.0,4.27511961722488,UNRESOLVED,6088.7068606422545,11
200107,14010070000,MAIZ AMARILLO DURO,MAIZ AMARILLO DURO,2021,5545.0,1109.0,1309.0,1.5516230838593328,200.0,5.0,UNRESOLVED,6088.7068606422545,11
200107,14010070000,MAIZ AMARILLO DURO,MAIZ AMARILLO DURO,2022,8406.0,1481.0,1281.0,1.6087318581965262,0.0,5.675894665766374,UNRESOLVED,6088.7068606422545,12
200107,14010070000,MAIZ AMARILLO DURO,MAIZ AMARILLO DURO,2023,1985.0,431.0,539.0,1.2153702770780856,0.0,4.6055684454756385,UNRESOLVED,6088.7068606422545,12
200107,15010040000,PLATANOS Y BANANAS,PLATANOS Y BANANAS PARA COCCI N (M X paradisiaca),2016,223.0,13.0,0.0,1.1647982062780269,13.0,17.153846153846153,UNRESOLVED,6088.7068606422545,12
200107,15010040000,PLATANOS Y BANANAS,PLATANOS Y BANANAS PARA COCCI N (M X paradisiaca),2017,211.0,13.0,0.0,1.1280568720379147,13.0,16.23076923076923,UNRESOLVED,6088.7068606422545,12
200107,15010040000,PLATANOS Y BANANAS,PLATANOS Y BANANAS PARA COCCI N (M X paradisiaca),2018,210.0,9.0,0.0,1.3214285714285714,9.0,23.333333333333332,UNRESOLVED,6088.7068606422545,12
200107,15010040000,PLATANOS Y BANANAS,PLATANOS Y BANANAS PARA COCCI N (M X paradisiaca),2019,486.0,27.0,18.0,1.3479423868312759,27.0,18.0,UNRESOLVED,6088.7068606422545,12
200107,15010040000,PLATANOS Y BANANAS,PLATANOS Y BANANAS PARA COCCI N (M X paradisiaca),2020,404.0,27.0,0.0,1.2642326732673268,27.0,14.962962962962964,UNRESOLVED,6088.7068606422545,12
200107,15010040000,PLATANOS Y BANANAS,PLATANOS Y BANANAS PARA COCCI N (M X paradisiaca),2021,504.0,27.0,0.0,1.0703968253968255,27.0,18.666666666666668,UNRESOLVED,6088.7068606422545,12
200107,15010040000,PLATANOS Y BANANAS,PLATANOS Y BANANAS PARA COCCI N (M X paradisiaca),2022,401.0,27.0,12.0,1.129077306733167,39.0,14.851851851851851,UNRESOLVED,6088.7068606422545,12
200107,15010040000,PLATANOS Y BANANAS,PLATANOS Y BANANAS PARA COCCI N (M X paradisiaca),2023,328.0,23.0,0.0,1.2297865853658536,23.0,14.26086956521739,UNRESOLVED,6088.7068606422545,12
200108,13010170102,LIMON SUTIL,LIMON SUTIL,2016,11.0,2.0,0.0,1.0545454545454545,2.0,5.5,UNRESOLVED,4189.449491206324,12
200108,13010170102,LIMON SUTIL,LIMON SUTIL,2017,20.0,2.0,1.0,1.645,3.0,10.0,UNRESOLVED,4189.449491206324,12
200108,13010170102,LIMON SUTIL,LIMON SUTIL,2018,17.0,2.0,0.0,1.1235294117647059,3.0,8.5,UNRESOLVED,4189.449491206324,12
200108,13010170102,LIMON SUTIL,LIMON SUTIL,2019,45.0,4.0,1.0,1.2333333333333334,4.0,11.25,UNRESOLVED,4189.449491206324,12
200108,13010170102,LIMON SUTIL,LIMON SUTIL,2020,67.0,4.0,0.0,1.1074626865671642,4.0,16.75,UNRESOLVED,4189.449491206324,12
200108,13010170102,LIMON SUTIL,LIMON SUTIL,2021,91.0,4.0,1.0,1.1128571428571428,5.0,22.75,UNRESOLVED,4189.449491206324,12
200108,13010170102,LIMON SUTIL,LIMON SUTIL,2022,59.0,4.0,0.0,1.4279661016949152,5.0,14.75,UNRESOLVED,4189.449491206324,12
200108,13010170102,LIMON SUTIL,LIMON SUTIL,2023,51.0,4.0,0.0,1.9394117647058824,5.0,12.75,UNRESOLVED,4189.449491206324,12
200108,14010020000,ARROZ,ARROZ,2016,14760.0,1657.0,1507.0,1.238529132791328,200.0,8.907664453832227,UNRESOLVED,4189.449491206324,12
200108,14010020000,ARROZ,ARROZ,2017,8183.0,1159.0,1340.0,1.301060735671514,321.0,7.060396893874029,UNRESOLVED,4189.449491206324,12
200108,14010020000,ARROZ,ARROZ,2018,9317.0,1085.0,923.0,1.0724728990018246,159.0,8.587096774193549,UNRESOLVED,4189.449491206324,12
200108,14010020000,ARROZ,ARROZ,2019,3520.0,498.0,430.0,0.98,91.0,7.068273092369478,UNRESOLVED,4189.449491206324,11
200108,14010020000,ARROZ,ARROZ,2020,8695.0,954.0,1030.0,1.382652098907418,167.0,9.114255765199161,UNRESOLVED,4189.449491206324,12
200108,14010020000,ARROZ,ARROZ,2021,11276.0,1161.0,994.0,1.1428609435970203,0.0,9.712316968130922,UNRESOLVED,4189.449491206324,8
200108,14010020000,ARROZ,ARROZ,2022,6560.0,972.0,972.0,1.8049756097560974,0.0,6.748971193415638,UNRESOLVED,4189.449491206324,5
200108,14010020000,ARROZ,ARROZ,2023,10960.0,1217.0,1232.0,1.4810821167883212,0.0,9.005751848808545,UNRESOLVED,4189.449491206324,12
200108,14010070000,MAIZ AMARILLO DURO,MAIZ AMARILLO DURO,2016,3120.0,643.0,529.0,1.0851185897435898,0.0,4.852255054432348,UNRESOLVED,4189.449491206324,12
200108,14010070000,MAIZ AMARILLO DURO,MAIZ AMARILLO DURO,2017,1568.0,355.0,410.0,0.969279336734694,55.0,4.416901408450705,UNRESOLVED,4189.449491206324,11
200108,14010070000,MAIZ AMARILLO DURO,MAIZ AMARILLO DURO,2018,1086.0,361.0,317.0,1.1394106813996319,11.0,3.0083102493074794,UNRESOLVED,4189.449491206324,12
200108,14010070000,MAIZ AMARILLO DURO,MAIZ AMARILLO DURO,2019,3276.0,610.0,710.0,1.0212454212454214,111.0,5.370491803278688,UNRESOLVED,4189.449491206324,12
200108,14010070000,MAIZ AMARILLO DURO,MAIZ AMARILLO DURO,2020,3990.0,900.0,800.0,1.211528822055138,11.0,4.433333333333334,UNRESOLVED,4189.449491206324,12
200108,14010070000,MAIZ AMARILLO DURO,MAIZ AMARILLO DURO,2021,4300.0,860.0,1137.0,1.4902325581395348,288.0,5.0,UNRESOLVED,4189.449491206324,12
200108,14010070000,MAIZ AMARILLO DURO,MAIZ AMARILLO DURO,2022,9268.0,1860.0,1583.0,1.6573025463962021,11.0,4.982795698924731,UNRESOLVED,4189.449491206324,12
200108,14010070000,MAIZ AMARILLO DURO,MAIZ AMARILLO DURO,2023,3605.0,718.0,918.0,1.2782468793342578,11.0,5.020891364902507,UNRESOLVED,4189.449491206324,12
200108,15010040000,PLATANOS Y BANANAS,PLATANOS Y BANANAS PARA COCCI N (M X paradisiaca),2022,2.0,4.0,0.0,1.0,1.0,0.5,UNRESOLVED,4189.449491206324,12
200109,13010170102,LIMON SUTIL,LIMON SUTIL,2016,44.0,3.0,0.0,1.0295454545454545,3.0,14.666666666666666,UNRESOLVED,7249.6862821467475,12
200109,13010170102,LIMON SUTIL,LIMON SUTIL,2017,45.0,3.0,0.0,1.5288888888888887,3.0,15.0,UNRESOLVED,7249.6862821467475,12
200109,13010170102,LIMON SUTIL,LIMON SUTIL,2018,26.0,3.0,0.0,1.0269230769230768,3.0,8.666666666666666,UNRESOLVED,7249.6862821467475,12
200109,13010170102,LIMON SUTIL,LIMON SUTIL,2019,37.0,3.0,0.0,1.2351351351351352,3.0,12.333333333333334,UNRESOLVED,7249.6862821467475,12
200109,13010170102,LIMON SUTIL,LIMON SUTIL,2020,40.0,3.0,0.0,1.1425,3.0,13.333333333333334,UNRESOLVED,7249.6862821467475,12
200109,13010170102,LIMON SUTIL,LIMON SUTIL,2021,62.0,3.0,0.0,1.093225806451613,3.0,20.666666666666668,UNRESOLVED,7249.6862821467475,12
200109,13010170102,LIMON SUTIL,LIMON SUTIL,2022,47.0,3.0,0.0,1.3659574468085107,3.0,15.666666666666666,UNRESOLVED,7249.6862821467475,12
200109,13010170102,LIMON SUTIL,LIMON SUTIL,2023,19.0,2.0,0.0,2.363684210526316,2.0,9.5,UNRESOLVED,7249.6862821467475,12
200109,13010210000,MANGO,MANGO,2016,10.0,2.0,0.0,1.4,2.0,5.0,UNRESOLVED,7249.6862821467475,12
200109,13010210000,MANGO,MANGO,2017,18.0,2.0,0.0,1.1666666666666667,2.0,9.0,UNRESOLVED,7249.6862821467475,12
200109,13010210000,MANGO,MANGO,2019,5.0,2.0,0.0,1.0,2.0,2.5,UNRESOLVED,7249.6862821467475,12
200109,13010210000,MANGO,MANGO,2020,6.0,2.0,0.0,1.2666666666666666,2.0,3.0,UNRESOLVED,7249.6862821467475,12
200109,13010210000,MANGO,MANGO,2021,20.0,2.0,0.0,1.155,2.0,10.0,UNRESOLVED,7249.6862821467475,12
200109,13010210000,MANGO,MANGO,2022,23.0,2.0,0.0,1.3747826086956523,2.0,11.5,UNRESOLVED,7249.6862821467475,12
200109,14010020000,ARROZ,ARROZ,2016,45010.0,5015.0,4780.0,1.2432921572983782,970.0,8.975074775672981,UNRESOLVED,7249.6862821467475,12
200109,14010020000,ARROZ,ARROZ,2017,23045.0,3266.0,3910.0,1.3201171620742025,687.0,7.056031843233313,UNRESOLVED,7249.6862821467475,12
200109,14010020000,ARROZ,ARROZ,2018,36471.0,4205.0,3518.0,1.0634646705601711,0.0,8.673246135552914,UNRESOLVED,7249.6862821467475,7
200109,14010020000,ARROZ,ARROZ,2019,35511.0,5079.0,5486.0,0.98,407.0,6.9917306556408745,UNRESOLVED,7249.6862821467475,12
200109,14010020000,ARROZ,ARROZ,2020,36682.0,3815.0,3990.0,1.22409574178071,572.0,9.615203145478375,UNRESOLVED,7249.6862821467475,12
200109,14010020000,ARROZ,ARROZ,2021,42086.0,4323.0,3751.0,1.1326189231573445,0.0,9.735368956743002,UNRESOLVED,7249.6862821467475,8
200109,14010020000,ARROZ,ARROZ,2022,8120.0,1277.0,1277.0,1.81,0.0,6.358653093187157,UNRESOLVED,7249.6862821467475,5
200109,14010020000,ARROZ,ARROZ,2023,21981.0,2464.0,2642.0,1.536689868522815,172.0,8.92086038961039,UNRESOLVED,7249.6862821467475,12
200109,14010070000,MAIZ AMARILLO DURO,MAIZ AMARILLO DURO,2022,21750.0,4094.0,4094.0,1.6725241379310345,0.0,5.3126526624328285,UNRESOLVED,7249.6862821467475,11
200109,14010070000,MAIZ AMARILLO DURO,MAIZ AMARILLO DURO,2023,10879.0,2125.0,2518.0,1.3241658240647118,0.0,5.119529411764706,UNRESOLVED,7249.6862821467475,12
200109,15010040000,PLATANOS Y BANANAS,PLATANOS Y BANANAS PARA COCCI N (M X paradisiaca),2016,107.0,68.0,0.0,1.1,68.0,1.5735294117647058,UNRESOLVED,7249.6862821467475,12
200109,15010040000,PLATANOS Y BANANAS,PLATANOS Y BANANAS PARA COCCI N (M X paradisiaca),2017,95.0,65.0,0.0,1.088421052631579,65.0,1.4615384615384615,UNRESOLVED,7249.6862821467475,12
200109,15010040000,PLATANOS Y BANANAS,PLATANOS Y BANANAS PARA COCCI N (M X paradisiaca),2018,77.0,65.0,0.0,1.1090909090909091,65.0,1.1846153846153846,UNRESOLVED,7249.6862821467475,12
200109,15010040000,PLATANOS Y BANANAS,PLATANOS Y BANANAS PARA COCCI N (M X paradisiaca),2019,82.0,65.0,0.0,1.0914634146341464,65.0,1.2615384615384615,UNRESOLVED,7249.6862821467475,12
200109,15010040000,PLATANOS Y BANANAS,PLATANOS Y BANANAS PARA COCCI N (M X paradisiaca),2020,70.0,65.0,0.0,1.0571428571428572,65.0,1.0769230769230769,UNRESOLVED,7249.6862821467475,12
200109,15010040000,PLATANOS Y BANANAS,PLATANOS Y BANANAS PARA COCCI N (M X paradisiaca),2021,66.0,65.0,0.0,0.8880303030303031,65.0,1.0153846153846153,UNRESOLVED,7249.6862821467475,12
200109,15010040000,PLATANOS Y BANANAS,PLATANOS Y BANANAS PARA COCCI N (M X paradisiaca),2022,70.0,65.0,0.0,0.9518571428571428,65.0,1.0769230769230769,UNRESOLVED,7249.6862821467475,12
200109,15010040000,PLATANOS Y BANANAS,PLATANOS Y BANANAS PARA COCCI N (M X paradisiaca),2023,24.0,2.0,0.0,1.0095833333333333,2.0,12.0,UNRESOLVED,7249.6862821467475,12
200110,13010170102,LIMON SUTIL,LIMON SUTIL,2019,2.0,2.0,2.0,1.0,2.0,1.0,UNRESOLVED,4597.815219806408,11
200110,13010170102,LIMON SUTIL,LIMON SUTIL,2020,13.0,2.0,0.0,1.0923076923076922,2.0,6.5,UNRESOLVED,4597.815219806408,12
200110,13010170102,LIMON SUTIL,LIMON SUTIL,2021,16.0,2.0,0.0,1.02625,2.0,8.0,UNRESOLVED,4597.815219806408,12
200110,13010170102,LIMON SUTIL,LIMON SUTIL,2022,23.0,2.0,0.0,1.6360869565217393,2.0,11.5,UNRESOLVED,4597.815219806408,12
200110,13010170102,LIMON SUTIL,LIMON SUTIL,2023,2.0,2.0,0.0,1.6,0.0,1.0,UNRESOLVED,4597.815219806408,3
200110,14010020000,ARROZ,ARROZ,2016,35081.0,3907.0,3692.0,1.2524722784413214,400.0,8.979012029690299,UNRESOLVED,4597.815219806408,12
200110,14010020000,ARROZ,ARROZ,2017,19392.0,2783.0,3009.0,1.2806889438943894,368.0,6.96802012217032,UNRESOLVED,4597.815219806408,12
200110,14010020000,ARROZ,ARROZ,2018,26761.0,3101.0,2733.0,1.07425880946153,0.0,8.629796839729119,UNRESOLVED,4597.815219806408,8
200110,14010020000,ARROZ,ARROZ,2019,29345.0,4193.0,4651.0,0.9560095416595672,458.0,6.998569043644169,UNRESOLVED,4597.815219806408,12
200110,14010020000,ARROZ,ARROZ,2020,29197.0,3242.0,3109.0,1.3231626536972976,325.0,9.005860579888957,UNRESOLVED,4597.815219806408,12
200110,14010020000,ARROZ,ARROZ,2021,31683.0,3251.0,3526.0,1.1393239276583658,600.0,9.745616733312827,UNRESOLVED,4597.815219806408,12
200110,14010020000,ARROZ,ARROZ,2022,23075.0,2786.0,2186.0,1.7138591549295776,0.0,8.28248384781048,UNRESOLVED,4597.815219806408,7
200110,14010020000,ARROZ,ARROZ,2023,14680.0,1716.0,2011.0,1.5702302452316077,293.0,8.554778554778554,UNRESOLVED,4597.815219806408,12
200110,14010070000,MAIZ AMARILLO DURO,MAIZ AMARILLO DURO,2016,3362.0,696.0,1764.0,1.0689767995240929,1068.0,4.830459770114943,UNRESOLVED,4597.815219806408,11
200110,14010070000,MAIZ AMARILLO DURO,MAIZ AMARILLO DURO,2017,7560.0,1612.0,641.0,1.2281613756613756,97.0,4.689826302729529,UNRESOLVED,4597.815219806408,12
200110,14010070000,MAIZ AMARILLO DURO,MAIZ AMARILLO DURO,2018,3933.0,806.0,709.0,1.0104856343757944,0.0,4.879652605459057,UNRESOLVED,4597.815219806408,12
200110,14010070000,MAIZ AMARILLO DURO,MAIZ AMARILLO DURO,2019,4276.0,822.0,956.0,1.021244153414406,134.0,5.201946472019465,UNRESOLVED,4597.815219806408,12
200110,14010070000,MAIZ AMARILLO DURO,MAIZ AMARILLO DURO,2020,4954.0,1200.0,1066.0,1.180605571255551,0.0,4.128333333333333,UNRESOLVED,4597.815219806408,12
200110,14010070000,MAIZ AMARILLO DURO,MAIZ AMARILLO DURO,2021,5110.0,1022.0,1292.0,1.4850293542074364,270.0,5.0,UNRESOLVED,4597.815219806408,11
200110,14010070000,MAIZ AMARILLO DURO,MAIZ AMARILLO DURO,2022,9919.0,2346.0,2076.0,1.880502066740599,0.0,4.228047740835464,UNRESOLVED,4597.815219806408,12
200110,14010070000,MAIZ AMARILLO DURO,MAIZ AMARILLO DURO,2023,4995.0,1065.0,1684.0,1.329095095095095,190.0,4.690140845070423,UNRESOLVED,4597.815219806408,12
200110,15010040000,PLATANOS Y BANANAS,PLATANOS Y BANANAS PARA COCCI N (M X paradisiaca),2016,13.0,1.0,0.0,1.02,1.0,13.0,UNRESOLVED,4597.815219806408,12
200110,15010040000,PLATANOS Y BANANAS,PLATANOS Y BANANAS PARA COCCI N (M X paradisiaca),2017,16.0,1.0,0.0,1.0625,1.0,16.0,UNRESOLVED,4597.815219806408,12
200110,15010040000,PLATANOS Y BANANAS,PLATANOS Y BANANAS PARA COCCI N (M X paradisiaca),2018,10.0,1.0,0.0,1.08,1.0,10.0,UNRESOLVED,4597.815219806408,12
200110,15010040000,PLATANOS Y BANANAS,PLATANOS Y BANANAS PARA COCCI N (M X paradisiaca),2019,13.0,1.0,0.0,1.0815384615384616,1.0,13.0,UNRESOLVED,4597.815219806408,12
200110,15010040000,PLATANOS Y BANANAS,PLATANOS Y BANANAS PARA COCCI N (M X paradisiaca),2020,13.0,1.0,0.0,1.0307692307692309,1.0,13.0,UNRESOLVED,4597.815219806408,12
200110,15010040000,PLATANOS Y BANANAS,PLATANOS Y BANANAS PARA COCCI N (M X paradisiaca),2021,13.0,1.0,0.0,0.9030769230769231,1.0,13.0,UNRESOLVED,4597.815219806408,12
200110,15010040000,PLATANOS Y BANANAS,PLATANOS Y BANANAS PARA COCCI N (M X paradisiaca),2022,16.0,2.0,1.0,1.0150000000000001,2.0,8.0,UNRESOLVED,4597.815219806408,12
200110,15010040000,PLATANOS Y BANANAS,PLATANOS Y BANANAS PARA COCCI N (M X paradisiaca),2023,7.0,1.0,0.0,1.1114285714285714,1.0,7.0,UNRESOLVED,4597.815219806408,12
200111,13010170102,LIMON SUTIL,LIMON SUTIL,2016,733.0,141.0,0.0,0.6184174624829467,141.0,5.198581560283688,UNRESOLVED,13279.723298316321,12
200111,13010170102,LIMON SUTIL,LIMON SUTIL,2017,264.0,141.0,0.0,0.8848484848484848,141.0,1.872340425531915,UNRESOLVED,13279.723298316321,12
200111,13010170102,LIMON SUTIL,LIMON SUTIL,2018,582.0,141.0,0.0,0.5934707903780069,141.0,4.127659574468085,UNRESOLVED,13279.723298316321,12
200111,13010170102,LIMON SUTIL,LIMON SUTIL,2019,1353.0,141.0,0.0,0.844331116038433,141.0,9.595744680851064,UNRESOLVED,13279.723298316321,12
200111,13010170102,LIMON SUTIL,LIMON SUTIL,2020,2330.0,141.0,0.0,0.8597424892703863,141.0,16.52482269503546,UNRESOLVED,13279.723298316321,12
200111,13010170102,LIMON SUTIL,LIMON SUTIL,2021,1208.0,141.0,67.0,0.9695612582781458,208.0,8.567375886524824,UNRESOLVED,13279.723298316321,12
200111,13010170102,LIMON SUTIL,LIMON SUTIL,2022,1510.0,141.0,67.0,1.374682119205298,208.0,10.709219858156029,UNRESOLVED,13279.723298316321,12
200111,13010170102,LIMON SUTIL,LIMON SUTIL,2023,1139.0,141.0,18.0,1.3969973661106234,225.0,8.078014184397164,UNRESOLVED,13279.723298316321,12
200111,13010210000,MANGO,MANGO,2016,12299.0,792.0,0.0,0.4704935360598423,792.0,15.529040404040405,UNRESOLVED,13279.723298316321,12
200111,13010210000,MANGO,MANGO,2017,14710.0,792.0,0.0,0.5564242012236573,792.0,18.57323232323232,UNRESOLVED,13279.723298316321,12
200111,13010210000,MANGO,MANGO,2018,23100.0,792.0,2108.0,0.5246753246753246,2900.0,29.166666666666668,UNRESOLVED,13279.723298316321,12
200111,13010210000,MANGO,MANGO,2019,32092.0,2900.0,0.0,1.144833603390253,2900.0,11.066206896551725,UNRESOLVED,13279.723298316321,12
200111,13010210000,MANGO,MANGO,2020,15643.0,2900.0,0.0,2.276149076264144,2900.0,5.394137931034483,UNRESOLVED,13279.723298316321,12
200111,13010210000,MANGO,MANGO,2021,15955.0,2900.0,5.0,1.0425446568473835,2905.0,5.501724137931035,UNRESOLVED,13279.723298316321,12
200111,13010210000,MANGO,MANGO,2022,41120.0,2900.0,0.0,0.7852140077821012,2905.0,14.179310344827586,UNRESOLVED,13279.723298316321,12
200111,13010210000,MANGO,MANGO,2023,16200.0,2900.0,33.0,0.875,2938.0,5.586206896551724,UNRESOLVED,13279.723298316321,12
200111,14010020000,ARROZ,ARROZ,2016,28450.0,3640.0,4400.0,1.2680309314586993,360.0,7.815934065934066,UNRESOLVED,13279.723298316321,11
200111,14010020000,ARROZ,ARROZ,2017,35736.0,5278.0,5400.0,1.1058378106111484,480.0,6.770746494884426,UNRESOLVED,13279.723298316321,12
200111,14010020000,ARROZ,ARROZ,2018,34035.0,3900.0,3550.0,0.9828079917731748,130.0,8.726923076923077,UNRESOLVED,13279.723298316321,12
200111,14010020000,ARROZ,ARROZ,2019,38107.0,4185.0,4055.0,0.9325289316923401,0.0,9.105615292712066,UNRESOLVED,13279.723298316321,12
200111,14010020000,ARROZ,ARROZ,2020,25088.0,3136.0,3702.0,1.2,566.0,8.0,UNRESOLVED,13279.723298316321,11
200111,14010020000,ARROZ,ARROZ,2021,19116.0,2124.0,2124.0,1.2646610169491526,566.0,9.0,UNRESOLVED,13279.723298316321,12
200111,14010020000,ARROZ,ARROZ,2022,19790.0,2120.0,2120.0,1.3068165740272866,0.0,9.334905660377359,UNRESOLVED,13279.723298316321,11
200111,14010020000,ARROZ,ARROZ,2023,19285.0,2235.0,2260.0,1.3448794399792585,0.0,8.628635346756152,UNRESOLVED,13279.723298316321,11
200111,14010070000,MAIZ AMARILLO DURO,MAIZ AMARILLO DURO,2016,2455.0,860.0,910.0,1.1158859470468432,257.0,2.854651162790698,UNRESOLVED,13279.723298316321,10
200111,14010070000,MAIZ AMARILLO DURO,MAIZ AMARILLO DURO,2017,2530.0,870.0,840.0,0.9529644268774704,227.0,2.9080459770114944,UNRESOLVED,13279.723298316321,12
200111,14010070000,MAIZ AMARILLO DURO,MAIZ AMARILLO DURO,2018,1900.0,640.0,1212.007,1.0230000000000001,622.01,2.96875,UNRESOLVED,13279.723298316321,11
200111,14010070000,MAIZ AMARILLO DURO,MAIZ AMARILLO DURO,2019,1487.0,453.0,183.0,0.9272360457296571,0.0,3.282560706401766,UNRESOLVED,13279.723298316321,10
200111,14010070000,MAIZ AMARILLO DURO,MAIZ AMARILLO DURO,2020,238.0,75.0,85.0,1.1890756302521008,10.0,3.1733333333333333,UNRESOLVED,13279.723298316321,6
200111,14010070000,MAIZ AMARILLO DURO,MAIZ AMARILLO DURO,2021,1887.0,370.0,360.0,1.4869634340222575,0.0,5.1,UNRESOLVED,13279.723298316321,12
200111,14010070000,MAIZ AMARILLO DURO,MAIZ AMARILLO DURO,2022,2260.0,430.0,430.0,1.41,0.0,5.255813953488372,UNRESOLVED,13279.723298316321,12
200111,14010070000,MAIZ AMARILLO DURO,MAIZ AMARILLO DURO,2023,934.0,278.0,289.0,1.5339079229122057,0.0,3.3597122302158273,UNRESOLVED,13279.723298316321,12
200111,15010040000,PLATANOS Y BANANAS,PLATANOS Y BANANAS PARA COCCI N (M X paradisiaca),2016,567.0,38.0,0.0,0.8904761904761904,38.0,14.921052631578947,UNRESOLVED,13279.723298316321,12
200111,15010040000,PLATANOS Y BANANAS,PLATANOS Y BANANAS PARA COCCI N (M X paradisiaca),2017,338.0,38.0,0.0,0.9514792899408284,38.0,8.894736842105264,UNRESOLVED,13279.723298316321,12
200111,15010040000,PLATANOS Y BANANAS,PLATANOS Y BANANAS PARA COCCI N (M X paradisiaca),2018,1271.0,176.0,138.0,0.8894177812745869,176.0,7.221590909090909,UNRESOLVED,13279.723298316321,12
200111,15010040000,PLATANOS Y BANANAS,PLATANOS Y BANANAS PARA COCCI N (M X paradisiaca),2019,3317.0,176.0,0.0,0.8205004522158577,176.0,18.84659090909091,UNRESOLVED,13279.723298316321,12
200111,15010040000,PLATANOS Y BANANAS,PLATANOS Y BANANAS PARA COCCI N (M X paradisiaca),2020,3296.0,176.0,0.0,0.8327669902912622,176.0,18.727272727272727,UNRESOLVED,13279.723298316321,12
200111,15010040000,PLATANOS Y BANANAS,PLATANOS Y BANANAS PARA COCCI N (M X paradisiaca),2021,2669.0,176.0,0.0,0.7704795803671787,176.0,15.164772727272727,UNRESOLVED,13279.723298316321,12
200111,15010040000,PLATANOS Y BANANAS,PLATANOS Y BANANAS PARA COCCI N (M X paradisiaca),2022,2823.0,100.0,0.0,0.9273609635139922,176.0,28.23,UNRESOLVED,13279.723298316321,12
200111,15010040000,PLATANOS Y BANANAS,PLATANOS Y BANANAS PARA COCCI N (M X paradisiaca),2023,2827.0,100.0,0.0,1.246674920410329,100.0,28.27,UNRESOLVED,13279.723298316321,12
200114,13010170102,LIMON SUTIL,LIMON SUTIL,2016,68940.0,5146.0,0.0,0.6344067304902814,9738.0,13.396813058686359,UNRESOLVED,65481.94014926772,12
200114,13010170102,LIMON SUTIL,LIMON SUTIL,2017,18990.0,9738.0,0.0,0.9412322274881516,9738.0,1.9500924214417745,UNRESOLVED,65481.94014926772,12
200114,13010170102,LIMON SUTIL,LIMON SUTIL,2018,50650.0,9738.0,760.0,0.5968410661401777,10498.0,5.2012733620866705,UNRESOLVED,65481.94014926772,12
200114,13010170102,LIMON SUTIL,LIMON SUTIL,2019,75656.0,9738.0,0.0,0.7003410172359099,10498.0,7.769151776545492,UNRESOLVED,65481.94014926772,12
200114,13010170102,LIMON SUTIL,LIMON SUTIL,2020,83801.0,9738.0,0.0,0.8979642247705875,10498.0,8.605565824604641,UNRESOLVED,65481.94014926772,12
200114,13010170102,LIMON SUTIL,LIMON SUTIL,2021,80020.0,9738.0,0.0,1.0323856535866034,10498.0,8.217293078660916,UNRESOLVED,65481.94014926772,12
200114,13010170102,LIMON SUTIL,LIMON SUTIL,2022,109130.0,9738.0,0.0,1.3407811784110695,10498.0,11.20661326761142,UNRESOLVED,65481.94014926772,12
200114,13010170102,LIMON SUTIL,LIMON SUTIL,2023,69765.0,9738.0,152.0,1.4057794022790797,10650.0,7.164202094886013,UNRESOLVED,65481.94014926772,12
200114,13010210000,MANGO,MANGO,2016,203242.0,14440.0,0.0,0.4265269973725903,14440.0,14.074930747922437,UNRESOLVED,65481.94014926772,12
200114,13010210000,MANGO,MANGO,2017,215650.0,14440.0,0.0,0.5147414792487828,14440.0,14.93421052631579,UNRESOLVED,65481.94014926772,12
200114,13010210000,MANGO,MANGO,2018,191180.0,14440.0,6072.0,0.45320640234334136,20512.0,13.239612188365651,UNRESOLVED,65481.94014926772,12
200114,13010210000,MANGO,MANGO,2019,326762.0,14440.0,0.0,0.9960192739669852,20512.0,22.628947368421052,UNRESOLVED,65481.94014926772,12
200114,13010210000,MANGO,MANGO,2020,288195.0,14440.0,0.0,2.083089574767085,20512.0,19.958102493074794,UNRESOLVED,65481.94014926772,12
200114,13010210000,MANGO,MANGO,2021,272269.0,14440.0,78.0,1.054001006357683,20590.0,18.855193905817174,UNRESOLVED,65481.94014926772,12
200114,13010210000,MANGO,MANGO,2022,273632.0,14440.0,1.0,0.8360754590106421,20591.0,18.949584487534626,UNRESOLVED,65481.94014926772,12
200114,13010210000,MANGO,MANGO,2023,154479.0,20512.0,459.0,0.9409324244719346,21050.0,7.531152496099844,UNRESOLVED,65481.94014926772,12
200114,14010020000,ARROZ,ARROZ,2016,48661.0,6270.0,6940.0,1.2654096709890876,290.0,7.760925039872408,UNRESOLVED,65481.94014926772,11
200114,14010020000,ARROZ,ARROZ,2017,43440.0,6280.0,6650.0,1.1017866022099447,660.0,6.917197452229299,UNRESOLVED,65481.94014926772,12
200114,14010020000,ARROZ,ARROZ,2018,39636.0,4540.0,3970.0,0.986471137349884,90.0,8.730396475770926,UNRESOLVED,65481.94014926772,12
200114,14010020000,ARROZ,ARROZ,2019,40158.0,4475.0,4385.0,0.9702213755665123,0.0,8.973854748603351,UNRESOLVED,65481.94014926772,12
200114,14010020000,ARROZ,ARROZ,2020,21768.0,2722.0,3430.0,1.1911797133406834,708.0,7.997060984570169,UNRESOLVED,65481.94014926772,11
200114,14010020000,ARROZ,ARROZ,2021,48870.0,5618.0,4910.0,1.2674843462246776,0.0,8.698825204699181,UNRESOLVED,65481.94014926772,12
200114,14010020000,ARROZ,ARROZ,2022,43025.0,4610.0,4610.0,1.31,0.0,9.332971800433839,UNRESOLVED,65481.94014926772,10
200114,14010020000,ARROZ,ARROZ,2023,42648.0,5133.0,5133.0,1.379490011254924,0.0,8.308591466978376,UNRESOLVED,65481.94014926772,11
200114,14010070000,MAIZ AMARILLO DURO,MAIZ AMARILLO DURO,2016,1800.0,650.0,678.0,1.1133333333333333,72.0,2.769230769230769,UNRESOLVED,65481.94014926772,10
200114,14010070000,MAIZ AMARILLO DURO,MAIZ AMARILLO DURO,2017,1308.0,458.0,460.0,0.960091743119266,60.0,2.8558951965065504,UNRESOLVED,65481.94014926772,12
200114,14010070000,MAIZ AMARILLO DURO,MAIZ AMARILLO DURO,2018,1512.0,510.0,500.0,1.0279761904761906,50.0,2.9647058823529413,UNRESOLVED,65481.94014926772,10
200114,14010070000,MAIZ AMARILLO DURO,MAIZ AMARILLO DURO,2019,447.0,139.0,140.0,0.9201342281879195,51.0,3.2158273381294964,UNRESOLVED,65481.94014926772,10
200114,14010070000,MAIZ AMARILLO DURO,MAIZ AMARILLO DURO,2020,90.0,30.0,30.0,1.0,51.0,3.0,UNRESOLVED,65481.94014926772,12
200114,14010070000,MAIZ AMARILLO DURO,MAIZ AMARILLO DURO,2021,2841.0,683.0,683.0,1.143005983808518,51.0,4.159590043923865,UNRESOLVED,65481.94014926772,12
200114,14010070000,MAIZ AMARILLO DURO,MAIZ AMARILLO DURO,2022,1460.0,275.0,275.0,1.41,51.0,5.3090909090909095,UNRESOLVED,65481.94014926772,12
200114,14010070000,MAIZ AMARILLO DURO,MAIZ AMARILLO DURO,2023,448.0,136.0,140.0,1.5279687499999999,0.0,3.2941176470588234,UNRESOLVED,65481.94014926772,12
200114,15010040000,PLATANOS Y BANANAS,PLATANOS Y BANANAS PARA COCCI N (M X paradisiaca),2016,4961.0,246.0,0.0,0.8268494255190486,246.0,20.166666666666668,UNRESOLVED,65481.94014926772,12
200114,15010040000,PLATANOS Y BANANAS,PLATANOS Y BANANAS PARA COCCI N (M X paradisiaca),2017,2466.0,246.0,0.0,0.9510137875101378,246.0,10.024390243902438,UNRESOLVED,65481.94014926772,12
200114,15010040000,PLATANOS Y BANANAS,PLATANOS Y BANANAS PARA COCCI N (M X paradisiaca),2018,4811.0,346.0,100.0,0.8909686135938474,346.0,13.904624277456648,UNRESOLVED,65481.94014926772,12
200114,15010040000,PLATANOS Y BANANAS,PLATANOS Y BANANAS PARA COCCI N (M X paradisiaca),2019,9422.0,600.0,254.0,0.8483973678624496,600.0,15.703333333333333,UNRESOLVED,65481.94014926772,12
200114,15010040000,PLATANOS Y BANANAS,PLATANOS Y BANANAS PARA COCCI N (M X paradisiaca),2020,9502.0,600.0,0.0,0.8795621974321196,600.0,15.836666666666666,UNRESOLVED,65481.94014926772,12
200114,15010040000,PLATANOS Y BANANAS,PLATANOS Y BANANAS PARA COCCI N (M X paradisiaca),2021,13469.0,600.0,0.0,0.7934390080926572,600.0,22.448333333333334,UNRESOLVED,65481.94014926772,12
200114,15010040000,PLATANOS Y BANANAS,PLATANOS Y BANANAS PARA COCCI N (M X paradisiaca),2022,14644.0,600.0,0.0,1.0319414094509696,600.0,24.406666666666666,UNRESOLVED,65481.94014926772,12
200114,15010040000,PLATANOS Y BANANAS,PLATANOS Y BANANAS PARA COCCI N (M X paradisiaca),2023,17690.0,600.0,0.0,1.2441006218202373,600.0,29.483333333333334,UNRESOLVED,65481.94014926772,12
200201,13010170102,LIMON SUTIL,LIMON SUTIL,2016,48.0,16.0,0.0,0.39166666666666666,16.0,3.0,UNRESOLVED,82408.95968305676,12
200201,13010170102,LIMON SUTIL,LIMON SUTIL,2017,47.0,16.0,0.0,0.5680851063829788,16.0,2.9375,UNRESOLVED,82408.95968305676,12
200201,13010170102,LIMON SUTIL,LIMON SUTIL,2018,58.0,16.0,0.0,0.5258620689655172,16.0,3.625,UNRESOLVED,82408.95968305676,12
200201,13010170102,LIMON SUTIL,LIMON SUTIL,2019,39.0,16.0,0.0,0.5153846153846154,16.0,2.4375,UNRESOLVED,82408.95968305676,12
200201,13010170102,LIMON SUTIL,LIMON SUTIL,2020,43.0,16.0,0.0,0.48139534883720936,16.0,2.6875,UNRESOLVED,82408.95968305676,12
200201,13010170102,LIMON SUTIL,LIMON SUTIL,2021,43.0,16.0,0.0,0.5,16.0,2.6875,UNRESOLVED,82408.95968305676,12
200201,13010170102,LIMON SUTIL,LIMON SUTIL,2022,43.0,16.0,0.0,0.5113953488372094,16.0,2.6875,UNRESOLVED,82408.95968305676,12
200201,13010170102,LIMON SUTIL,LIMON SUTIL,2023,42.0,16.0,0.0,0.5176190476190475,16.0,2.625,UNRESOLVED,82408.95968305676,12
200201,13010210000,MANGO,MANGO,2016,81.0,9.0,0.0,0.4777777777777778,9.0,9.0,UNRESOLVED,82408.95968305676,12
200201,13010210000,MANGO,MANGO,2017,49.0,9.0,0.0,0.5,9.0,5.444444444444445,UNRESOLVED,82408.95968305676,12
200201,13010210000,MANGO,MANGO,2018,39.0,9.0,0.0,0.5,9.0,4.333333333333333,UNRESOLVED,82408.95968305676,12
200201,13010210000,MANGO,MANGO,2019,35.0,9.0,0.0,0.6542857142857142,9.0,3.888888888888889,UNRESOLVED,82408.95968305676,12
200201,13010210000,MANGO,MANGO,2020,44.0,9.0,0.0,0.5,9.0,4.888888888888889,UNRESOLVED,82408.95968305676,12
200201,13010210000,MANGO,MANGO,2021,44.0,9.0,0.0,0.475,9.0,4.888888888888889,UNRESOLVED,82408.95968305676,12
200201,13010210000,MANGO,MANGO,2022,44.0,9.0,0.0,0.5097727272727273,9.0,4.888888888888889,UNRESOLVED,82408.95968305676,12
200201,13010210000,MANGO,MANGO,2023,44.0,9.0,0.0,0.5227272727272727,9.0,4.888888888888889,UNRESOLVED,82408.95968305676,12
200201,14010020000,ARROZ,ARROZ,2016,285.0,67.0,67.0,1.27859649122807,0.0,4.253731343283582,UNRESOLVED,82408.95968305676,12
200201,14010020000,ARROZ,ARROZ,2017,140.0,35.0,38.0,1.3714285714285714,0.0,4.0,UNRESOLVED,82408.95968305676,11
200201,14010020000,ARROZ,ARROZ,2018,108.0,27.0,33.0,0.9555555555555556,6.0,4.0,UNRESOLVED,82408.95968305676,12
200201,14010020000,ARROZ,ARROZ,2019,124.0,31.0,38.0,0.9816129032258064,13.0,4.0,UNRESOLVED,82408.95968305676,12
200201,14010020000,ARROZ,ARROZ,2020,168.0,39.0,26.0,1.1371428571428572,0.0,4.3076923076923075,UNRESOLVED,82408.95968305676,12
200201,14010020000,ARROZ,ARROZ,2021,116.0,29.0,29.0,1.149310344827586,0.0,4.0,UNRESOLVED,82408.95968305676,12
200201,14010020000,ARROZ,ARROZ,2022,20.0,5.0,8.0,1.1,3.0,4.0,UNRESOLVED,82408.95968305676,12
200201,14010020000,ARROZ,ARROZ,2023,48.0,12.0,9.0,1.3558333333333332,0.0,4.0,UNRESOLVED,82408.95968305676,12
200201,14010070000,MAIZ AMARILLO DURO,MAIZ AMARILLO DURO,2016,610.0,580.0,580.0,1.001639344262295,0.0,1.0517241379310345,UNRESOLVED,82408.95968305676,11
200201,14010070000,MAIZ AMARILLO DURO,MAIZ AMARILLO DURO,2017,650.0,653.0,689.0,0.9141538461538462,0.0,0.9954058192955589,UNRESOLVED,82408.95968305676,7
200201,14010070000,MAIZ AMARILLO DURO,MAIZ AMARILLO DURO,2018,647.0,750.0,750.0,1.0121174652241114,0.0,0.8626666666666667,UNRESOLVED,82408.95968305676,12
200201,14010070000,MAIZ AMARILLO DURO,MAIZ AMARILLO DURO,2019,636.0,623.0,623.0,1.2675157232704402,0.0,1.0208667736757624,UNRESOLVED,82408.95968305676,11
200201,14010070000,MAIZ AMARILLO DURO,MAIZ AMARILLO DURO,2020,602.0,595.0,595.0,1.3255813953488371,0.0,1.011764705882353,UNRESOLVED,82408.95968305676,12
200201,14010070000,MAIZ AMARILLO DURO,MAIZ AMARILLO DURO,2021,619.0,619.0,809.0,1.159628432956381,190.0,1.0,UNRESOLVED,82408.95968305676,9
200201,14010070000,MAIZ AMARILLO DURO,MAIZ AMARILLO DURO,2022,757.0,755.0,786.0,1.3159445178335534,200.0,1.0026490066225167,UNRESOLVED,82408.95968305676,12
200201,14010070000,MAIZ AMARILLO DURO,MAIZ AMARILLO DURO,2023,1396.0,837.0,841.0,1.6854441260744983,11.0,1.6678614097968936,UNRESOLVED,82408.95968305676,12
200201,15010040000,PLATANOS Y BANANAS,PLATANOS Y BANANAS PARA COCCI N (M X paradisiaca),2016,407.0,198.0,0.0,0.10982800982800983,198.0,2.0555555555555554,UNRESOLVED,82408.95968305676,12
200201,15010040000,PLATANOS Y BANANAS,PLATANOS Y BANANAS PARA COCCI N (M X paradisiaca),2017,358.0,198.0,0.0,0.1122905027932961,198.0,1.8080808080808082,UNRESOLVED,82408.95968305676,12
200201,15010040000,PLATANOS Y BANANAS,PLATANOS Y BANANAS PARA COCCI N (M X paradisiaca),2018,360.0,198.0,0.0,0.12083333333333333,198.0,1.8181818181818181,UNRESOLVED,82408.95968305676,12
200201,15010040000,PLATANOS Y BANANAS,PLATANOS Y BANANAS PARA COCCI N (M X paradisiaca),2019,399.0,198.0,0.0,0.118796992481203,198.0,2.015151515151515,UNRESOLVED,82408.95968305676,12
200201,15010040000,PLATANOS Y BANANAS,PLATANOS Y BANANAS PARA COCCI N (M X paradisiaca),2020,405.0,198.0,0.0,0.1728395061728395,198.0,2.0454545454545454,UNRESOLVED,82408.95968305676,12
200201,15010040000,PLATANOS Y BANANAS,PLATANOS Y BANANAS PARA COCCI N (M X paradisiaca),2021,513.0,198.0,0.0,0.20356725146198829,198.0,2.590909090909091,UNRESOLVED,82408.95968305676,12
200201,15010040000,PLATANOS Y BANANAS,PLATANOS Y BANANAS PARA COCCI N (M X paradisiaca),2022,295.0,193.0,0.0,0.19166101694915255,193.0,1.528497409326425,UNRESOLVED,82408.95968305676,12
200201,15010040000,PLATANOS Y BANANAS,PLATANOS Y BANANAS PARA COCCI N (M X paradisiaca),2023,412.0,193.0,0.0,0.28514563106796115,193.0,2.134715025906736,UNRESOLVED,82408.95968305676,12
200202,14010070000,MAIZ AMARILLO DURO,MAIZ AMARILLO DURO,2016,400.0,400.0,400.0,0.5,0.0,1.0,UNRESOLVED,31460.50842528882,6
200202,14010070000,MAIZ AMARILLO DURO,MAIZ AMARILLO DURO,2017,1250.0,500.0,500.0,1.5,0.0,2.5,UNRESOLVED,31460.50842528882,7
200202,14010070000,MAIZ AMARILLO DURO,MAIZ AMARILLO DURO,2018,1500.0,500.0,500.0,1.5,0.0,3.0,UNRESOLVED,31460.50842528882,7
200202,14010070000,MAIZ AMARILLO DURO,MAIZ AMARILLO DURO,2019,1600.0,500.0,500.0,1.32,0.0,3.2,UNRESOLVED,31460.50842528882,7
200202,14010070000,MAIZ AMARILLO DURO,MAIZ AMARILLO DURO,2020,1200.0,400.0,400.0,1.35,0.0,3.0,UNRESOLVED,31460.50842528882,7
200202,14010070000,MAIZ AMARILLO DURO,MAIZ AMARILLO DURO,2021,1330.0,450.0,450.0,1.374812030075188,0.0,2.9555555555555557,UNRESOLVED,31460.50842528882,6
200202,14010070000,MAIZ AMARILLO DURO,MAIZ AMARILLO DURO,2022,609.0,580.0,580.0,1.5099999999999998,0.0,1.05,UNRESOLVED,31460.50842528882,7
200202,14010070000,MAIZ AMARILLO DURO,MAIZ AMARILLO DURO,2023,549.0,530.0,530.0,1.5020765027322405,0.0,1.0358490566037737,UNRESOLVED,31460.50842528882,7
200202,15010040000,PLATANOS Y BANANAS,PLATANOS Y BANANAS PARA COCCI N (M X paradisiaca),2016,530.0,39.0,0.0,0.6239622641509435,437.0,13.58974358974359,UNRESOLVED,31460.50842528882,12
200202,15010040000,PLATANOS Y BANANAS,PLATANOS Y BANANAS PARA COCCI N (M X paradisiaca),2017,333.0,437.0,0.0,0.5,437.0,0.7620137299771167,UNRESOLVED,31460.50842528882,12
200202,15010040000,PLATANOS Y BANANAS,PLATANOS Y BANANAS PARA COCCI N (M X paradisiaca),2018,319.0,38.0,0.0,0.5,437.0,8.394736842105264,UNRESOLVED,31460.50842528882,12
200202,15010040000,PLATANOS Y BANANAS,PLATANOS Y BANANAS PARA COCCI N (M X paradisiaca),2019,422.0,437.0,0.0,0.5,437.0,0.965675057208238,UNRESOLVED,31460.50842528882,12
200202,15010040000,PLATANOS Y BANANAS,PLATANOS Y BANANAS PARA COCCI N (M X paradisiaca),2020,423.0,437.0,0.0,0.5007092198581561,437.0,0.9679633867276888,UNRESOLVED,31460.50842528882,12
200202,15010040000,PLATANOS Y BANANAS,PLATANOS Y BANANAS PARA COCCI N (M X paradisiaca),2021,462.0,437.0,0.0,0.5094155844155844,437.0,1.05720823798627,UNRESOLVED,31460.50842528882,12
200202,15010040000,PLATANOS Y BANANAS,PLATANOS Y BANANAS PARA COCCI N (M X paradisiaca),2022,756.0,437.0,0.0,0.59239417989418,437.0,1.7299771167048055,UNRESOLVED,31460.50842528882,12
200202,15010040000,PLATANOS Y BANANAS,PLATANOS Y BANANAS PARA COCCI N (M X paradisiaca),2023,410.0,437.0,0.0,0.8608536585365854,437.0,0.9382151029748284,UNRESOLVED,31460.50842528882,12
200203,13010170102,LIMON SUTIL,LIMON SUTIL,2016,3.0,2.0,0.0,0.5466666666666667,2.0,1.5,UNRESOLVED,6884.900845030339,12
200203,13010170102,LIMON SUTIL,LIMON SUTIL,2017,7.0,2.0,0.0,1.1142857142857143,2.0,3.5,UNRESOLVED,6884.900845030339,12
200203,13010170102,LIMON SUTIL,LIMON SUTIL,2018,5.0,2.0,0.0,0.5,2.0,2.5,UNRESOLVED,6884.900845030339,12
200203,13010170102,LIMON SUTIL,LIMON SUTIL,2019,9.0,2.0,0.0,0.30000000000000004,2.0,4.5,UNRESOLVED,6884.900845030339,12
200203,13010170102,LIMON SUTIL,LIMON SUTIL,2020,2.0,2.0,0.0,0.5,2.0,1.0,UNRESOLVED,6884.900845030339,12
200203,13010170102,LIMON SUTIL,LIMON SUTIL,2021,6.0,2.0,0.0,0.5516666666666666,2.0,3.0,UNRESOLVED,6884.900845030339,12
200203,13010170102,LIMON SUTIL,LIMON SUTIL,2022,13.0,2.0,0.0,0.4176923076923077,2.0,6.5,UNRESOLVED,6884.900845030339,12
200203,13010170102,LIMON SUTIL,LIMON SUTIL,2023,2.0,2.0,0.0,0.44,2.0,1.0,UNRESOLVED,6884.900845030339,12
200203,13010210000,MANGO,MANGO,2016,7.0,3.0,0.0,0.5,3.0,2.3333333333333335,UNRESOLVED,6884.900845030339,12
200203,13010210000,MANGO,MANGO,2017,14.0,3.0,0.0,0.5,3.0,4.666666666666667,UNRESOLVED,6884.900845030339,12
200203,13010210000,MANGO,MANGO,2018,16.0,3.0,0.0,0.5,3.0,5.333333333333333,UNRESOLVED,6884.900845030339,12
200203,13010210000,MANGO,MANGO,2019,12.0,3.0,0.0,0.31666666666666665,3.0,4.0,UNRESOLVED,6884.900845030339,12
200203,13010210000,MANGO,MANGO,2020,8.0,3.0,0.0,0.5,3.0,2.6666666666666665,UNRESOLVED,6884.900845030339,12
200203,13010210000,MANGO,MANGO,2021,12.0,3.0,0.0,0.6,3.0,4.0,UNRESOLVED,6884.900845030339,12
200203,13010210000,MANGO,MANGO,2022,11.0,3.0,0.0,0.41,3.0,3.6666666666666665,UNRESOLVED,6884.900845030339,12
200203,13010210000,MANGO,MANGO,2023,12.0,3.0,0.0,0.43166666666666664,3.0,4.0,UNRESOLVED,6884.900845030339,12
200203,14010020000,ARROZ,ARROZ,2016,104.0,26.0,26.0,1.2461538461538462,0.0,4.0,UNRESOLVED,6884.900845030339,11
200203,14010020000,ARROZ,ARROZ,2017,280.0,70.0,70.0,1.2114285714285713,0.0,4.0,UNRESOLVED,6884.900845030339,11
200203,14010020000,ARROZ,ARROZ,2018,124.0,31.0,31.0,0.8903225806451613,0.0,4.0,UNRESOLVED,6884.900845030339,12
200203,14010020000,ARROZ,ARROZ,2019,146.0,36.0,36.0,0.936986301369863,0.0,4.055555555555555,UNRESOLVED,6884.900845030339,12
200203,14010020000,ARROZ,ARROZ,2020,91.0,9.0,9.0,1.2,0.0,10.11111111111111,UNRESOLVED,6884.900845030339,5
200203,14010020000,ARROZ,ARROZ,2021,32.0,8.0,8.0,1.2312500000000002,0.0,4.0,UNRESOLVED,6884.900845030339,11
200203,14010020000,ARROZ,ARROZ,2022,28.0,8.0,8.0,1.695714285714286,0.0,3.5,UNRESOLVED,6884.900845030339,12
200203,14010020000,ARROZ,ARROZ,2023,44.0,11.0,11.0,1.5518181818181818,0.0,4.0,UNRESOLVED,6884.900845030339,11
200203,14010070000,MAIZ AMARILLO DURO,MAIZ AMARILLO DURO,2016,961.0,534.0,534.0,0.99105098855359,0.0,1.799625468164794,UNRESOLVED,6884.900845030339,12
200203,14010070000,MAIZ AMARILLO DURO,MAIZ AMARILLO DURO,2017,983.0,544.0,585.0,0.8999999999999999,36.0,1.806985294117647,UNRESOLVED,6884.900845030339,12
200203,14010070000,MAIZ AMARILLO DURO,MAIZ AMARILLO DURO,2018,332.0,166.0,130.0,0.9,0.0,2.0,UNRESOLVED,6884.900845030339,12
200203,14010070000,MAIZ AMARILLO DURO,MAIZ AMARILLO DURO,2019,285.0,133.0,133.0,0.836,0.0,2.142857142857143,UNRESOLVED,6884.900845030339,12
200203,14010070000,MAIZ AMARILLO DURO,MAIZ AMARILLO DURO,2020,186.0,93.0,93.0,1.121505376344086,0.0,2.0,UNRESOLVED,6884.900845030339,12
200203,14010070000,MAIZ AMARILLO DURO,MAIZ AMARILLO DURO,2021,508.0,254.0,254.0,1.3143307086614173,0.0,2.0,UNRESOLVED,6884.900845030339,12
200203,14010070000,MAIZ AMARILLO DURO,MAIZ AMARILLO DURO,2022,392.0,196.0,204.0,1.5283673469387755,2.0,2.0,UNRESOLVED,6884.900845030339,12
200203,14010070000,MAIZ AMARILLO DURO,MAIZ AMARILLO DURO,2023,720.0,390.0,438.0,1.2673888888888891,0.0,1.8461538461538463,UNRESOLVED,6884.900845030339,12
200203,15010040000,PLATANOS Y BANANAS,PLATANOS Y BANANAS PARA COCCI N (M X paradisiaca),2016,247.0,100.0,0.0,0.11457489878542511,100.0,2.47,UNRESOLVED,6884.900845030339,12
200203,15010040000,PLATANOS Y BANANAS,PLATANOS Y BANANAS PARA COCCI N (M X paradisiaca),2017,180.0,100.0,0.0,0.1,100.0,1.8,UNRESOLVED,6884.900845030339,12
200203,15010040000,PLATANOS Y BANANAS,PLATANOS Y BANANAS PARA COCCI N (M X paradisiaca),2018,180.0,100.0,0.0,0.1,100.0,1.8,UNRESOLVED,6884.900845030339,12
200203,15010040000,PLATANOS Y BANANAS,PLATANOS Y BANANAS PARA COCCI N (M X paradisiaca),2019,198.0,100.0,0.0,0.1,100.0,1.98,UNRESOLVED,6884.900845030339,12
200203,15010040000,PLATANOS Y BANANAS,PLATANOS Y BANANAS PARA COCCI N (M X paradisiaca),2020,183.0,100.0,0.0,0.19016393442622953,100.0,1.83,UNRESOLVED,6884.900845030339,12
200203,15010040000,PLATANOS Y BANANAS,PLATANOS Y BANANAS PARA COCCI N (M X paradisiaca),2021,286.0,100.0,0.0,0.20727272727272728,100.0,2.86,UNRESOLVED,6884.900845030339,12
200203,15010040000,PLATANOS Y BANANAS,PLATANOS Y BANANAS PARA COCCI N (M X paradisiaca),2022,188.0,100.0,0.0,0.12372340425531916,100.0,1.88,UNRESOLVED,6884.900845030339,12
200203,15010040000,PLATANOS Y BANANAS,PLATANOS Y BANANAS PARA COCCI N (M X paradisiaca),2023,196.0,100.0,0.0,0.18265306122448982,100.0,1.96,UNRESOLVED,6884.900845030339,12
200204,14010020000,ARROZ,ARROZ,2016,8.0,2.0,2.0,1.4,0.0,4.0,UNRESOLVED,4939.5438334589135,5
200204,14010020000,ARROZ,ARROZ,2017,8.0,2.0,2.0,1.2,0.0,4.0,UNRESOLVED,4939.5438334589135,6
200204,14010020000,ARROZ,ARROZ,2019,12.0,3.0,2.0,0.9433333333333334,0.0,4.0,UNRESOLVED,4939.5438334589135,12
200204,14010020000,ARROZ,ARROZ,2020,8.0,2.0,2.0,1.2,0.0,4.0,UNRESOLVED,4939.5438334589135,12
200204,14010020000,ARROZ,ARROZ,2021,16.0,4.0,4.0,1.155,0.0,4.0,UNRESOLVED,4939.5438334589135,12
200204,14010020000,ARROZ,ARROZ,2022,8.0,2.0,2.0,1.455,0.0,4.0,UNRESOLVED,4939.5438334589135,12
200204,14010020000,ARROZ,ARROZ,2023,4.0,1.0,1.0,1.0,0.0,4.0,UNRESOLVED,4939.5438334589135,7
200204,14010070000,MAIZ AMARILLO DURO,MAIZ AMARILLO DURO,2016,15.0,15.0,15.0,0.9666666666666667,0.0,1.0,UNRESOLVED,4939.5438334589135,7
200204,14010070000,MAIZ AMARILLO DURO,MAIZ AMARILLO DURO,2017,24.0,30.0,30.0,1.0,0.0,0.8,UNRESOLVED,4939.5438334589135,6
200204,14010070000,MAIZ AMARILLO DURO,MAIZ AMARILLO DURO,2018,20.0,25.0,25.0,0.96,0.0,0.8,UNRESOLVED,4939.5438334589135,7
200204,14010070000,MAIZ AMARILLO DURO,MAIZ AMARILLO DURO,2019,196.0,118.0,118.0,0.8,0.0,1.6610169491525424,UNRESOLVED,4939.5438334589135,8
200204,14010070000,MAIZ AMARILLO DURO,MAIZ AMARILLO DURO,2020,71.0,52.0,57.0,1.0183098591549298,5.0,1.3653846153846154,UNRESOLVED,4939.5438334589135,12
200204,14010070000,MAIZ AMARILLO DURO,MAIZ AMARILLO DURO,2021,40.0,40.0,40.0,1.186,0.0,1.0,UNRESOLVED,4939.5438334589135,8
200204,14010070000,MAIZ AMARILLO DURO,MAIZ AMARILLO DURO,2022,81.0,51.0,51.0,0.9499999999999998,0.0,1.588235294117647,UNRESOLVED,4939.5438334589135,8
200204,14010070000,MAIZ AMARILLO DURO,MAIZ AMARILLO DURO,2023,87.0,57.0,57.0,0.8810344827586207,0.0,1.5263157894736843,UNRESOLVED,4939.5438334589135,9
200204,15010040000,PLATANOS Y BANANAS,PLATANOS Y BANANAS PARA COCCI N (M X paradisiaca),2016,24.0,10.0,0.0,0.11666666666666668,10.0,2.4,UNRESOLVED,4939.5438334589135,12
200204,15010040000,PLATANOS Y BANANAS,PLATANOS Y BANANAS PARA COCCI N (M X paradisiaca),2017,28.0,10.0,0.0,0.1,10.0,2.8,UNRESOLVED,4939.5438334589135,12
200204,15010040000,PLATANOS Y BANANAS,PLATANOS Y BANANAS PARA COCCI N (M X paradisiaca),2018,32.0,10.0,0.0,0.13437500000000002,10.0,3.2,UNRESOLVED,4939.5438334589135,12
200204,15010040000,PLATANOS Y BANANAS,PLATANOS Y BANANAS PARA COCCI N (M X paradisiaca),2019,49.0,10.0,0.0,0.10612244897959186,10.0,4.9,UNRESOLVED,4939.5438334589135,12
200204,15010040000,PLATANOS Y BANANAS,PLATANOS Y BANANAS PARA COCCI N (M X paradisiaca),2020,50.0,10.0,0.0,0.22400000000000003,10.0,5.0,UNRESOLVED,4939.5438334589135,12
200204,15010040000,PLATANOS Y BANANAS,PLATANOS Y BANANAS PARA COCCI N (M X paradisiaca),2021,39.0,10.0,0.0,0.20076923076923078,10.0,3.9,UNRESOLVED,4939.5438334589135,12
200204,15010040000,PLATANOS Y BANANAS,PLATANOS Y BANANAS PARA COCCI N (M X paradisiaca),2022,38.0,10.0,0.0,0.25131578947368416,10.0,3.8,UNRESOLVED,4939.5438334589135,12
200204,15010040000,PLATANOS Y BANANAS,PLATANOS Y BANANAS PARA COCCI N (M X paradisiaca),2023,35.0,10.0,0.0,0.2714285714285714,10.0,3.5,UNRESOLVED,4939.5438334589135,12
200205,13010170102,LIMON SUTIL,LIMON SUTIL,2016,3.0,1.0,0.0,0.7333333333333334,1.0,3.0,UNRESOLVED,9690.246363465389,12
200205,13010170102,LIMON SUTIL,LIMON SUTIL,2017,4.0,1.0,0.0,0.825,1.0,4.0,UNRESOLVED,9690.246363465389,12
200205,13010170102,LIMON SUTIL,LIMON SUTIL,2018,3.0,1.0,0.0,0.5,1.0,3.0,UNRESOLVED,9690.246363465389,12
200205,13010170102,LIMON SUTIL,LIMON SUTIL,2019,7.0,1.0,0.0,0.5428571428571428,1.0,7.0,UNRESOLVED,9690.246363465389,12
200205,13010170102,LIMON SUTIL,LIMON SUTIL,2020,3.0,1.0,0.0,0.8666666666666667,1.0,3.0,UNRESOLVED,9690.246363465389,12
200205,13010170102,LIMON SUTIL,LIMON SUTIL,2021,4.0,1.0,0.0,0.6025,1.0,4.0,UNRESOLVED,9690.246363465389,12
200205,13010170102,LIMON SUTIL,LIMON SUTIL,2022,4.0,1.0,0.0,0.485,1.0,4.0,UNRESOLVED,9690.246363465389,12
200205,13010170102,LIMON SUTIL,LIMON SUTIL,2023,4.0,1.0,0.0,0.5025,1.0,4.0,UNRESOLVED,9690.246363465389,12
200205,13010210000,MANGO,MANGO,2016,48.0,12.0,0.0,0.5,12.0,4.0,UNRESOLVED,9690.246363465389,12
200205,13010210000,MANGO,MANGO,2017,34.0,12.0,0.0,0.5,12.0,2.8333333333333335,UNRESOLVED,9690.246363465389,12
200205,13010210000,MANGO,MANGO,2018,57.0,12.0,0.0,0.442280701754386,12.0,4.75,UNRESOLVED,9690.246363465389,12
200205,13010210000,MANGO,MANGO,2019,63.0,12.0,0.0,0.3,12.0,5.25,UNRESOLVED,9690.246363465389,12
200205,13010210000,MANGO,MANGO,2020,42.0,12.0,0.0,0.6428571428571429,12.0,3.5,UNRESOLVED,9690.246363465389,12
200205,13010210000,MANGO,MANGO,2021,47.0,12.0,0.0,0.5,12.0,3.9166666666666665,UNRESOLVED,9690.246363465389,12
200205,13010210000,MANGO,MANGO,2022,36.0,12.0,0.0,0.4294444444444444,12.0,3.0,UNRESOLVED,9690.246363465389,12
200205,13010210000,MANGO,MANGO,2023,43.0,12.0,0.0,0.5104651162790699,12.0,3.5833333333333335,UNRESOLVED,9690.246363465389,12
200205,14010020000,ARROZ,ARROZ,2016,212.0,53.0,53.0,1.2641509433962264,0.0,4.0,UNRESOLVED,9690.246363465389,11
200205,14010020000,ARROZ,ARROZ,2017,116.0,29.0,50.0,1.1,19.0,4.0,UNRESOLVED,9690.246363465389,11
200205,14010020000,ARROZ,ARROZ,2018,167.0,37.0,26.0,1.0850299401197605,8.0,4.513513513513513,UNRESOLVED,9690.246363465389,12
200205,14010020000,ARROZ,ARROZ,2019,178.0,43.0,35.0,0.9941573033707866,0.0,4.1395348837209305,UNRESOLVED,9690.246363465389,12
200205,14010020000,ARROZ,ARROZ,2020,41.0,10.0,10.0,1.1219512195121952,0.0,4.1,UNRESOLVED,9690.246363465389,11
200205,14010020000,ARROZ,ARROZ,2021,278.0,71.0,71.0,1.2797841726618706,0.0,3.915492957746479,UNRESOLVED,9690.246363465389,12
200205,14010020000,ARROZ,ARROZ,2022,48.0,12.0,28.0,1.055,12.0,4.0,UNRESOLVED,9690.246363465389,12
200205,14010020000,ARROZ,ARROZ,2023,188.0,47.0,40.0,2.25,0.0,4.0,UNRESOLVED,9690.246363465389,11
200205,14010070000,MAIZ AMARILLO DURO,MAIZ AMARILLO DURO,2016,499.0,277.0,277.0,1.0160320641282565,24.0,1.8014440433212997,UNRESOLVED,9690.246363465389,12
200205,14010070000,MAIZ AMARILLO DURO,MAIZ AMARILLO DURO,2017,840.0,421.0,433.0,0.9976190476190476,11.0,1.995249406175772,UNRESOLVED,9690.246363465389,12
200205,14010070000,MAIZ AMARILLO DURO,MAIZ AMARILLO DURO,2018,104.0,53.0,42.0,0.9461538461538462,0.0,1.9622641509433962,UNRESOLVED,9690.246363465389,11
200205,14010070000,MAIZ AMARILLO DURO,MAIZ AMARILLO DURO,2019,354.0,177.0,177.0,0.8227118644067797,0.0,2.0,UNRESOLVED,9690.246363465389,12
200205,14010070000,MAIZ AMARILLO DURO,MAIZ AMARILLO DURO,2020,140.0,70.0,70.0,1.0771428571428572,0.0,2.0,UNRESOLVED,9690.246363465389,12
200205,14010070000,MAIZ AMARILLO DURO,MAIZ AMARILLO DURO,2021,304.0,152.0,152.0,1.3907894736842106,0.0,2.0,UNRESOLVED,9690.246363465389,12
200205,14010070000,MAIZ AMARILLO DURO,MAIZ AMARILLO DURO,2022,250.0,125.0,143.0,1.4259999999999997,14.0,2.0,UNRESOLVED,9690.246363465389,11
200205,14010070000,MAIZ AMARILLO DURO,MAIZ AMARILLO DURO,2023,614.0,307.0,295.0,0.9513029315960913,0.0,2.0,UNRESOLVED,9690.246363465389,12
200205,15010040000,PLATANOS Y BANANAS,PLATANOS Y BANANAS PARA COCCI N (M X paradisiaca),2016,475.0,247.0,0.0,0.11852631578947369,247.0,1.9230769230769231,UNRESOLVED,9690.246363465389,12
200205,15010040000,PLATANOS Y BANANAS,PLATANOS Y BANANAS PARA COCCI N (M X paradisiaca),2017,446.0,247.0,0.0,0.16434977578475335,247.0,1.805668016194332,UNRESOLVED,9690.246363465389,12
200205,15010040000,PLATANOS Y BANANAS,PLATANOS Y BANANAS PARA COCCI N (M X paradisiaca),2018,434.0,247.0,0.0,0.10806451612903226,247.0,1.757085020242915,UNRESOLVED,9690.246363465389,12
200205,15010040000,PLATANOS Y BANANAS,PLATANOS Y BANANAS PARA COCCI N (M X paradisiaca),2019,595.0,247.0,0.0,0.13647058823529412,247.0,2.408906882591093,UNRESOLVED,9690.246363465389,12
200205,15010040000,PLATANOS Y BANANAS,PLATANOS Y BANANAS PARA COCCI N (M X paradisiaca),2020,440.0,247.0,0.0,0.19318181818181818,247.0,1.7813765182186234,UNRESOLVED,9690.246363465389,12
200205,15010040000,PLATANOS Y BANANAS,PLATANOS Y BANANAS PARA COCCI N (M X paradisiaca),2021,647.0,247.0,0.0,0.20556414219474498,247.0,2.619433198380567,UNRESOLVED,9690.246363465389,12
200205,15010040000,PLATANOS Y BANANAS,PLATANOS Y BANANAS PARA COCCI N (M X paradisiaca),2022,376.0,247.0,0.0,0.2276595744680851,247.0,1.5222672064777327,UNRESOLVED,9690.246363465389,12
200205,15010040000,PLATANOS Y BANANAS,PLATANOS Y BANANAS PARA COCCI N (M X paradisiaca),2023,501.0,247.0,247.0,0.31562874251497003,494.0,2.02834008097166,UNRESOLVED,9690.246363465389,12
200206,13010170102,LIMON SUTIL,LIMON SUTIL,2016,12.0,5.0,0.0,0.6999999999999998,8.0,2.4,UNRESOLVED,46911.673753385636,12
200206,13010170102,LIMON SUTIL,LIMON SUTIL,2017,15.0,5.0,0.0,0.92,8.0,3.0,UNRESOLVED,46911.673753385636,12
200206,13010170102,LIMON SUTIL,LIMON SUTIL,2018,19.0,5.0,0.0,0.9368421052631579,8.0,3.8,UNRESOLVED,46911.673753385636,12
200206,13010170102,LIMON SUTIL,LIMON SUTIL,2019,21.0,5.0,0.0,0.5571428571428572,8.0,4.2,UNRESOLVED,46911.673753385636,12
200206,13010170102,LIMON SUTIL,LIMON SUTIL,2020,30.0,5.0,0.0,0.7100000000000001,8.0,6.0,UNRESOLVED,46911.673753385636,12
200206,13010170102,LIMON SUTIL,LIMON SUTIL,2021,36.0,5.0,0.0,0.7666666666666666,8.0,7.2,UNRESOLVED,46911.673753385636,12
200206,13010170102,LIMON SUTIL,LIMON SUTIL,2022,23.0,5.0,0.0,1.3130434782608693,8.0,4.6,UNRESOLVED,46911.673753385636,12
200206,13010170102,LIMON SUTIL,LIMON SUTIL,2023,15.0,5.0,0.0,0.884,8.0,3.0,UNRESOLVED,46911.673753385636,12
200206,13010210000,MANGO,MANGO,2016,48.0,14.0,0.0,0.5,14.0,3.4285714285714284,UNRESOLVED,46911.673753385636,12
200206,13010210000,MANGO,MANGO,2017,24.0,14.0,0.0,0.5,14.0,1.7142857142857142,UNRESOLVED,46911.673753385636,12
200206,13010210000,MANGO,MANGO,2018,48.0,14.0,0.0,0.75,14.0,3.4285714285714284,UNRESOLVED,46911.673753385636,12
200206,13010210000,MANGO,MANGO,2019,24.0,14.0,0.0,0.5,14.0,1.7142857142857142,UNRESOLVED,46911.673753385636,12
200206,13010210000,MANGO,MANGO,2020,24.0,8.0,0.0,0.5,8.0,3.0,UNRESOLVED,46911.673753385636,12
200206,13010210000,MANGO,MANGO,2021,22.0,8.0,0.0,1.74,8.0,2.75,UNRESOLVED,46911.673753385636,12
200206,13010210000,MANGO,MANGO,2022,36.0,8.0,0.0,1.6666666666666667,8.0,4.5,UNRESOLVED,46911.673753385636,12
200206,13010210000,MANGO,MANGO,2023,58.0,8.0,0.0,1.4137931034482758,8.0,7.25,UNRESOLVED,46911.673753385636,12
200206,14010020000,ARROZ,ARROZ,2016,125.0,25.0,30.0,1.2,5.0,5.0,UNRESOLVED,46911.673753385636,11
200206,14010020000,ARROZ,ARROZ,2017,255.0,45.0,40.0,1.219607843137255,0.0,5.666666666666667,UNRESOLVED,46911.673753385636,12
200206,14010020000,ARROZ,ARROZ,2018,180.0,30.0,30.0,1.2,0.0,6.0,UNRESOLVED,46911.673753385636,6
200206,14010020000,ARROZ,ARROZ,2019,90.0,15.0,15.0,1.2,0.0,6.0,UNRESOLVED,46911.673753385636,6
200206,14010020000,ARROZ,ARROZ,2020,50.0,10.0,10.0,1.2,0.0,5.0,UNRESOLVED,46911.673753385636,5
200206,14010020000,ARROZ,ARROZ,2021,90.0,15.0,15.0,1.8,0.0,6.0,UNRESOLVED,46911.673753385636,6
200206,14010020000,ARROZ,ARROZ,2022,90.0,15.0,15.0,1.81,0.0,6.0,UNRESOLVED,46911.673753385636,4
200206,14010020000,ARROZ,ARROZ,2023,50.0,10.0,10.0,1.905,0.0,5.0,UNRESOLVED,46911.673753385636,10
200206,14010070000,MAIZ AMARILLO DURO,MAIZ AMARILLO DURO,2022,350.0,500.0,500.0,1.71,220.0,0.7,UNRESOLVED,46911.673753385636,12
200206,14010070000,MAIZ AMARILLO DURO,MAIZ AMARILLO DURO,2023,9.0,9.0,9.0,1.0,0.0,1.0,UNRESOLVED,46911.673753385636,8
200206,15010040000,PLATANOS Y BANANAS,PLATANOS Y BANANAS PARA COCCI N (M X paradisiaca),2016,12.0,9.0,0.0,0.6583333333333333,9.0,1.3333333333333333,UNRESOLVED,46911.673753385636,12
200206,15010040000,PLATANOS Y BANANAS,PLATANOS Y BANANAS PARA COCCI N (M X paradisiaca),2017,9.0,9.0,0.0,0.5444444444444445,9.0,1.0,UNRESOLVED,46911.673753385636,12
200206,15010040000,PLATANOS Y BANANAS,PLATANOS Y BANANAS PARA COCCI N (M X paradisiaca),2018,9.0,1.0,0.0,0.7555555555555556,9.0,9.0,UNRESOLVED,46911.673753385636,12
200206,15010040000,PLATANOS Y BANANAS,PLATANOS Y BANANAS PARA COCCI N (M X paradisiaca),2019,16.0,9.0,0.0,0.59375,9.0,1.7777777777777777,UNRESOLVED,46911.673753385636,12
200206,15010040000,PLATANOS Y BANANAS,PLATANOS Y BANANAS PARA COCCI N (M X paradisiaca),2020,17.0,9.0,0.0,0.7529411764705882,9.0,1.8888888888888888,UNRESOLVED,46911.673753385636,12
200206,15010040000,PLATANOS Y BANANAS,PLATANOS Y BANANAS PARA COCCI N (M X paradisiaca),2021,15.0,9.0,0.0,0.5459999999999999,9.0,1.6666666666666667,UNRESOLVED,46911.673753385636,12
200206,15010040000,PLATANOS Y BANANAS,PLATANOS Y BANANAS PARA COCCI N (M X paradisiaca),2022,10.0,9.0,3.0,0.951,12.0,1.1111111111111112,UNRESOLVED,46911.673753385636,12
200206,15010040000,PLATANOS Y BANANAS,PLATANOS Y BANANAS PARA COCCI N (M X paradisiaca),2023,11.0,12.0,0.0,0.9954545454545454,12.0,0.9166666666666666,UNRESOLVED,46911.673753385636,12
200207,13010170102,LIMON SUTIL,LIMON SUTIL,2016,30.0,9.0,0.0,0.49,9.0,3.3333333333333335,UNRESOLVED,6364.338774018681,12
200207,13010170102,LIMON SUTIL,LIMON SUTIL,2017,16.0,9.0,0.0,1.7750000000000001,9.0,1.7777777777777777,UNRESOLVED,6364.338774018681,12
200207,13010170102,LIMON SUTIL,LIMON SUTIL,2018,24.0,9.0,0.0,1.0999999999999999,9.0,2.6666666666666665,UNRESOLVED,6364.338774018681,12
200207,13010170102,LIMON SUTIL,LIMON SUTIL,2019,21.0,9.0,0.0,0.8761904761904761,9.0,2.3333333333333335,UNRESOLVED,6364.338774018681,12
200207,13010170102,LIMON SUTIL,LIMON SUTIL,2020,31.0,9.0,1.0,1.2999999999999998,10.0,3.4444444444444446,UNRESOLVED,6364.338774018681,12
200207,13010170102,LIMON SUTIL,LIMON SUTIL,2021,56.0,9.0,0.0,0.9744642857142857,10.0,6.222222222222222,UNRESOLVED,6364.338774018681,12
200207,13010170102,LIMON SUTIL,LIMON SUTIL,2022,56.0,9.0,0.0,1.3219642857142857,10.0,6.222222222222222,UNRESOLVED,6364.338774018681,12
200207,13010170102,LIMON SUTIL,LIMON SUTIL,2023,36.0,9.0,0.0,1.58,10.0,4.0,UNRESOLVED,6364.338774018681,12
200207,13010210000,MANGO,MANGO,2016,30.0,6.0,0.0,0.6,6.0,5.0,UNRESOLVED,6364.338774018681,12
200207,13010210000,MANGO,MANGO,2018,36.0,6.0,0.0,0.5,6.0,6.0,UNRESOLVED,6364.338774018681,12
200207,13010210000,MANGO,MANGO,2019,12.0,6.0,0.0,0.6,6.0,2.0,UNRESOLVED,6364.338774018681,12
200207,13010210000,MANGO,MANGO,2020,36.0,6.0,0.0,0.8833333333333333,6.0,6.0,UNRESOLVED,6364.338774018681,12
200207,13010210000,MANGO,MANGO,2021,42.0,6.0,0.0,0.9714285714285713,6.0,7.0,UNRESOLVED,6364.338774018681,12
200207,13010210000,MANGO,MANGO,2022,66.0,6.0,0.0,0.9090909090909091,6.0,11.0,UNRESOLVED,6364.338774018681,12
200207,13010210000,MANGO,MANGO,2023,45.0,6.0,0.0,2.2,6.0,7.5,UNRESOLVED,6364.338774018681,12
200207,14010020000,ARROZ,ARROZ,2016,13819.0,1850.0,1890.0,1.2913090672262826,193.0,7.46972972972973,UNRESOLVED,6364.338774018681,11
200207,14010020000,ARROZ,ARROZ,2017,9907.0,1447.0,1850.0,1.0926082567881297,338.0,6.846579129232896,UNRESOLVED,6364.338774018681,12
200207,14010020000,ARROZ,ARROZ,2018,15257.0,2073.0,1825.0,0.9754368486596318,90.0,7.359864930053063,UNRESOLVED,6364.338774018681,11
200207,14010020000,ARROZ,ARROZ,2019,11967.0,1610.0,1807.0,1.0117740452912174,287.0,7.432919254658385,UNRESOLVED,6364.338774018681,12
200207,14010020000,ARROZ,ARROZ,2020,11976.0,1517.0,1690.0,1.1559051436205745,460.0,7.89452867501648,UNRESOLVED,6364.338774018681,11
200207,14010020000,ARROZ,ARROZ,2021,13895.0,2020.0,1560.0,1.267894926232458,0.0,6.878712871287129,UNRESOLVED,6364.338774018681,11
200207,14010020000,ARROZ,ARROZ,2022,13550.0,1650.0,1650.0,1.351291512915129,0.0,8.212121212121213,UNRESOLVED,6364.338774018681,11
200207,14010020000,ARROZ,ARROZ,2023,12375.0,1550.0,1550.0,1.4435555555555555,0.0,7.983870967741935,UNRESOLVED,6364.338774018681,11
200207,14010070000,MAIZ AMARILLO DURO,MAIZ AMARILLO DURO,2016,1864.0,669.0,684.0,0.9705793991416308,15.0,2.7862481315396113,UNRESOLVED,6364.338774018681,12
200207,14010070000,MAIZ AMARILLO DURO,MAIZ AMARILLO DURO,2017,1879.0,611.0,630.0,0.8850718467269824,34.0,3.0752864157119477,UNRESOLVED,6364.338774018681,12
200207,14010070000,MAIZ AMARILLO DURO,MAIZ AMARILLO DURO,2018,626.0,180.0,146.0,0.9940575079872206,0.0,3.477777777777778,UNRESOLVED,6364.338774018681,12
200207,14010070000,MAIZ AMARILLO DURO,MAIZ AMARILLO DURO,2019,1056.0,434.0,441.0,0.9640909090909091,7.0,2.4331797235023043,UNRESOLVED,6364.338774018681,12
200207,14010070000,MAIZ AMARILLO DURO,MAIZ AMARILLO DURO,2020,210.0,60.0,60.0,1.2,7.0,3.5,UNRESOLVED,6364.338774018681,12
200207,14010070000,MAIZ AMARILLO DURO,MAIZ AMARILLO DURO,2021,311.0,81.0,81.0,1.2362057877813506,7.0,3.8395061728395063,UNRESOLVED,6364.338774018681,12
200207,14010070000,MAIZ AMARILLO DURO,MAIZ AMARILLO DURO,2022,580.0,175.0,175.0,1.2272413793103447,7.0,3.3142857142857145,UNRESOLVED,6364.338774018681,12
200207,14010070000,MAIZ AMARILLO DURO,MAIZ AMARILLO DURO,2023,567.0,155.0,155.0,1.523509700176367,0.0,3.6580645161290324,UNRESOLVED,6364.338774018681,12
200207,15010040000,PLATANOS Y BANANAS,PLATANOS Y BANANAS PARA COCCI N (M X paradisiaca),2016,194.0,20.0,0.0,0.7353092783505155,20.0,9.7,UNRESOLVED,6364.338774018681,12
200207,15010040000,PLATANOS Y BANANAS,PLATANOS Y BANANAS PARA COCCI N (M X paradisiaca),2017,157.0,20.0,0.0,0.6044585987261146,20.0,7.85,UNRESOLVED,6364.338774018681,12
200207,15010040000,PLATANOS Y BANANAS,PLATANOS Y BANANAS PARA COCCI N (M X paradisiaca),2018,118.0,20.0,0.0,0.6504237288135594,20.0,5.9,UNRESOLVED,6364.338774018681,12
200207,15010040000,PLATANOS Y BANANAS,PLATANOS Y BANANAS PARA COCCI N (M X paradisiaca),2019,37.0,20.0,0.0,0.6054054054054053,20.0,1.85,UNRESOLVED,6364.338774018681,12
200207,15010040000,PLATANOS Y BANANAS,PLATANOS Y BANANAS PARA COCCI N (M X paradisiaca),2020,66.0,20.0,0.0,0.696969696969697,20.0,3.3,UNRESOLVED,6364.338774018681,12
200207,15010040000,PLATANOS Y BANANAS,PLATANOS Y BANANAS PARA COCCI N (M X paradisiaca),2021,131.0,20.0,0.0,0.8540458015267175,20.0,6.55,UNRESOLVED,6364.338774018681,12
200207,15010040000,PLATANOS Y BANANAS,PLATANOS Y BANANAS PARA COCCI N (M X paradisiaca),2022,210.0,20.0,0.0,0.9288095238095239,20.0,10.5,UNRESOLVED,6364.338774018681,12
200207,15010040000,PLATANOS Y BANANAS,PLATANOS Y BANANAS PARA COCCI N (M X paradisiaca),2023,275.0,20.0,0.0,1.0,20.0,13.75,UNRESOLVED,6364.338774018681,12
200208,14010020000,ARROZ,ARROZ,2016,650.0,130.0,130.0,1.1,0.0,5.0,UNRESOLVED,16072.460211567792,7
200208,14010020000,ARROZ,ARROZ,2017,833.0,125.0,125.0,1.2,0.0,6.664,UNRESOLVED,16072.460211567792,7
200208,14010020000,ARROZ,ARROZ,2018,385.0,55.0,55.0,1.0,0.0,7.0,UNRESOLVED,16072.460211567792,7
200208,14010020000,ARROZ,ARROZ,2019,284.0,38.0,41.0,1.0,3.0,7.473684210526316,UNRESOLVED,16072.460211567792,12
200208,14010020000,ARROZ,ARROZ,2020,165.0,22.0,28.0,1.2,6.0,7.5,UNRESOLVED,16072.460211567792,12
200208,14010020000,ARROZ,ARROZ,2021,224.0,30.0,30.0,1.2016964285714287,0.0,7.466666666666667,UNRESOLVED,16072.460211567792,7
200208,14010020000,ARROZ,ARROZ,2022,146.0,23.0,23.0,1.4099999999999997,0.0,6.3478260869565215,UNRESOLVED,16072.460211567792,7
200208,14010020000,ARROZ,ARROZ,2023,144.0,27.0,27.0,1.6,0.0,5.333333333333333,UNRESOLVED,16072.460211567792,7
200208,14010070000,MAIZ AMARILLO DURO,MAIZ AMARILLO DURO,2016,2036.0,670.0,670.0,1.2067190569744597,0.0,3.038805970149254,UNRESOLVED,16072.460211567792,12
200208,14010070000,MAIZ AMARILLO DURO,MAIZ AMARILLO DURO,2017,2520.0,595.0,595.0,1.066031746031746,0.0,4.235294117647059,UNRESOLVED,16072.460211567792,12
200208,14010070000,MAIZ AMARILLO DURO,MAIZ AMARILLO DURO,2018,1133.0,425.0,425.0,1.1672550750220654,0.0,2.6658823529411766,UNRESOLVED,16072.460211567792,11
200208,14010070000,MAIZ AMARILLO DURO,MAIZ AMARILLO DURO,2019,2043.0,400.0,400.0,0.9640234948604993,0.0,5.1075,UNRESOLVED,16072.460211567792,12
200208,14010070000,MAIZ AMARILLO DURO,MAIZ AMARILLO DURO,2020,1936.0,420.0,420.0,1.0107954545454545,0.0,4.609523809523809,UNRESOLVED,16072.460211567792,12
200208,14010070000,MAIZ AMARILLO DURO,MAIZ AMARILLO DURO,2021,242.0,90.0,385.0,1.51,295.0,2.688888888888889,UNRESOLVED,16072.460211567792,12
200208,14010070000,MAIZ AMARILLO DURO,MAIZ AMARILLO DURO,2022,833.0,385.0,385.0,1.524297719087635,295.0,2.1636363636363636,UNRESOLVED,16072.460211567792,12
200208,14010070000,MAIZ AMARILLO DURO,MAIZ AMARILLO DURO,2023,1492.0,360.0,360.0,1.0720643431635388,0.0,4.144444444444445,UNRESOLVED,16072.460211567792,12
200208,15010040000,PLATANOS Y BANANAS,PLATANOS Y BANANAS PARA COCCI N (M X paradisiaca),2016,350.0,36.0,0.0,0.687,36.0,9.722222222222221,UNRESOLVED,16072.460211567792,12
200208,15010040000,PLATANOS Y BANANAS,PLATANOS Y BANANAS PARA COCCI N (M X paradisiaca),2017,300.0,34.0,0.0,0.6063333333333333,34.0,8.823529411764707,UNRESOLVED,16072.460211567792,12
200208,15010040000,PLATANOS Y BANANAS,PLATANOS Y BANANAS PARA COCCI N (M X paradisiaca),2018,292.0,34.0,0.0,0.6099315068493151,34.0,8.588235294117647,UNRESOLVED,16072.460211567792,12
200208,15010040000,PLATANOS Y BANANAS,PLATANOS Y BANANAS PARA COCCI N (M X paradisiaca),2019,187.0,34.0,0.0,0.6,34.0,5.5,UNRESOLVED,16072.460211567792,12
200208,15010040000,PLATANOS Y BANANAS,PLATANOS Y BANANAS PARA COCCI N (M X paradisiaca),2020,264.0,34.0,0.0,0.6356060606060606,34.0,7.764705882352941,UNRESOLVED,16072.460211567792,12
200208,15010040000,PLATANOS Y BANANAS,PLATANOS Y BANANAS PARA COCCI N (M X paradisiaca),2021,320.0,34.0,0.0,0.73584375,34.0,9.411764705882353,UNRESOLVED,16072.460211567792,12
200208,15010040000,PLATANOS Y BANANAS,PLATANOS Y BANANAS PARA COCCI N (M X paradisiaca),2022,212.0,34.0,0.0,0.9255188679245283,34.0,6.235294117647059,UNRESOLVED,16072.460211567792,12
200208,15010040000,PLATANOS Y BANANAS,PLATANOS Y BANANAS PARA COCCI N (M X paradisiaca),2023,100.0,34.0,0.0,0.945,34.0,2.9411764705882355,UNRESOLVED,16072.460211567792,12
200209,13010170102,LIMON SUTIL,LIMON SUTIL,2016,1.0,1.0,0.0,0.5,1.0,1.0,UNRESOLVED,2984.0350068210323,12
200209,13010170102,LIMON SUTIL,LIMON SUTIL,2018,3.9,1.0,0.0,0.5256410256410257,1.0,3.9,UNRESOLVED,2984.0350068210323,12
200209,13010170102,LIMON SUTIL,LIMON SUTIL,2019,7.0,1.0,0.0,0.4714285714285714,1.0,7.0,UNRESOLVED,2984.0350068210323,12
200209,13010170102,LIMON SUTIL,LIMON SUTIL,2020,5.0,1.0,0.0,0.5,1.0,5.0,UNRESOLVED,2984.0350068210323,12
200209,13010170102,LIMON SUTIL,LIMON SUTIL,2021,3.0,1.0,0.0,0.5,1.0,3.0,UNRESOLVED,2984.0350068210323,12
200209,13010170102,LIMON SUTIL,LIMON SUTIL,2022,2.0,1.0,0.0,0.51,1.0,2.0,UNRESOLVED,2984.0350068210323,12
200209,13010170102,LIMON SUTIL,LIMON SUTIL,2023,3.0,1.0,0.0,0.48,1.0,3.0,UNRESOLVED,2984.0350068210323,12
200209,13010210000,MANGO,MANGO,2016,4.0,1.0,0.0,0.5,1.0,4.0,UNRESOLVED,2984.0350068210323,12
200209,13010210000,MANGO,MANGO,2017,6.0,1.0,0.0,0.75,1.0,6.0,UNRESOLVED,2984.0350068210323,12
200209,13010210000,MANGO,MANGO,2018,5.0,1.0,0.0,0.5,1.0,5.0,UNRESOLVED,2984.0350068210323,12
200209,13010210000,MANGO,MANGO,2019,5.0,1.0,0.0,0.45999999999999996,1.0,5.0,UNRESOLVED,2984.0350068210323,12
200209,13010210000,MANGO,MANGO,2020,6.0,1.0,0.0,0.5,1.0,6.0,UNRESOLVED,2984.0350068210323,12
200209,13010210000,MANGO,MANGO,2021,6.0,1.0,0.0,0.5833333333333334,1.0,6.0,UNRESOLVED,2984.0350068210323,12
200209,13010210000,MANGO,MANGO,2022,14.0,1.0,0.0,0.44857142857142857,1.0,14.0,UNRESOLVED,2984.0350068210323,12
200209,13010210000,MANGO,MANGO,2023,5.0,1.0,0.0,0.446,1.0,5.0,UNRESOLVED,2984.0350068210323,12
200209,14010020000,ARROZ,ARROZ,2016,200.0,40.0,40.0,1.25,0.0,5.0,UNRESOLVED,2984.0350068210323,12
200209,14010020000,ARROZ,ARROZ,2017,175.0,35.0,35.0,1.1428571428571428,0.0,5.0,UNRESOLVED,2984.0350068210323,12
200209,14010020000,ARROZ,ARROZ,2018,125.0,25.0,25.0,0.96,0.0,5.0,UNRESOLVED,2984.0350068210323,12
200209,14010020000,ARROZ,ARROZ,2019,125.0,25.0,25.0,1.0,0.0,5.0,UNRESOLVED,2984.0350068210323,12
200209,14010020000,ARROZ,ARROZ,2020,25.0,5.0,5.0,1.2,0.0,5.0,UNRESOLVED,2984.0350068210323,7
200209,14010020000,ARROZ,ARROZ,2021,20.0,5.0,5.0,0.65,0.0,4.0,UNRESOLVED,2984.0350068210323,7
200209,14010070000,MAIZ AMARILLO DURO,MAIZ AMARILLO DURO,2016,120.0,120.0,120.0,1.0166666666666666,0.0,1.0,UNRESOLVED,2984.0350068210323,12
200209,14010070000,MAIZ AMARILLO DURO,MAIZ AMARILLO DURO,2017,110.0,110.0,110.0,1.3,0.0,1.0,UNRESOLVED,2984.0350068210323,7
200209,14010070000,MAIZ AMARILLO DURO,MAIZ AMARILLO DURO,2018,165.0,110.0,110.0,0.8,0.0,1.5,UNRESOLVED,2984.0350068210323,8
200209,14010070000,MAIZ AMARILLO DURO,MAIZ AMARILLO DURO,2019,167.0,113.0,113.0,0.8021556886227545,0.0,1.4778761061946903,UNRESOLVED,2984.0350068210323,12
200209,14010070000,MAIZ AMARILLO DURO,MAIZ AMARILLO DURO,2020,108.0,73.0,73.0,1.0222222222222224,0.0,1.4794520547945205,UNRESOLVED,2984.0350068210323,12
200209,14010070000,MAIZ AMARILLO DURO,MAIZ AMARILLO DURO,2021,243.0,122.0,122.0,1.2791358024691357,0.0,1.9918032786885247,UNRESOLVED,2984.0350068210323,12
200209,14010070000,MAIZ AMARILLO DURO,MAIZ AMARILLO DURO,2022,84.0,32.0,42.0,1.3314285714285714,10.0,2.625,UNRESOLVED,2984.0350068210323,11
200209,14010070000,MAIZ AMARILLO DURO,MAIZ AMARILLO DURO,2023,230.0,144.0,152.0,1.1022608695652174,8.0,1.5972222222222223,UNRESOLVED,2984.0350068210323,11
200209,15010040000,PLATANOS Y BANANAS,PLATANOS Y BANANAS PARA COCCI N (M X paradisiaca),2016,332.0,165.0,0.0,0.11024096385542169,165.0,2.012121212121212,UNRESOLVED,2984.0350068210323,12
200209,15010040000,PLATANOS Y BANANAS,PLATANOS Y BANANAS PARA COCCI N (M X paradisiaca),2017,298.5,165.0,0.0,0.1,165.0,1.809090909090909,UNRESOLVED,2984.0350068210323,12
200209,15010040000,PLATANOS Y BANANAS,PLATANOS Y BANANAS PARA COCCI N (M X paradisiaca),2018,299.0,165.0,0.0,0.1,165.0,1.812121212121212,UNRESOLVED,2984.0350068210323,12
200209,15010040000,PLATANOS Y BANANAS,PLATANOS Y BANANAS PARA COCCI N (M X paradisiaca),2019,337.0,165.0,0.0,0.1,165.0,2.0424242424242425,UNRESOLVED,2984.0350068210323,12
200209,15010040000,PLATANOS Y BANANAS,PLATANOS Y BANANAS PARA COCCI N (M X paradisiaca),2020,433.0,165.0,0.0,0.19214780600461895,165.0,2.624242424242424,UNRESOLVED,2984.0350068210323,12
200209,15010040000,PLATANOS Y BANANAS,PLATANOS Y BANANAS PARA COCCI N (M X paradisiaca),2021,445.0,165.0,0.0,0.20235955056179775,165.0,2.696969696969697,UNRESOLVED,2984.0350068210323,12
200209,15010040000,PLATANOS Y BANANAS,PLATANOS Y BANANAS PARA COCCI N (M X paradisiaca),2022,319.0,165.0,0.0,0.33918495297805645,165.0,1.9333333333333333,UNRESOLVED,2984.0350068210323,12
200209,15010040000,PLATANOS Y BANANAS,PLATANOS Y BANANAS PARA COCCI N (M X paradisiaca),2023,376.0,165.0,0.0,0.1808776595744681,165.0,2.278787878787879,UNRESOLVED,2984.0350068210323,12
200210,13010170102,LIMON SUTIL,LIMON SUTIL,2016,248.0,45.0,0.0,0.6608870967741935,45.0,5.511111111111111,UNRESOLVED,15895.44548318698,12
200210,13010170102,LIMON SUTIL,LIMON SUTIL,2020,49.0,45.0,0.0,1.6224489795918366,45.0,1.0888888888888888,UNRESOLVED,15895.44548318698,12
200210,13010170102,LIMON SUTIL,LIMON SUTIL,2021,198.0,45.0,0.0,1.0792929292929292,45.0,4.4,UNRESOLVED,15895.44548318698,12
200210,13010170102,LIMON SUTIL,LIMON SUTIL,2022,294.0,45.0,0.0,1.7724489795918368,45.0,6.533333333333333,UNRESOLVED,15895.44548318698,12
200210,13010170102,LIMON SUTIL,LIMON SUTIL,2023,332.0,45.0,0.0,4.066867469879519,45.0,7.377777777777778,UNRESOLVED,15895.44548318698,12
200210,13010210000,MANGO,MANGO,2020,33.0,8.0,0.0,0.9,8.0,4.125,UNRESOLVED,15895.44548318698,12
200210,13010210000,MANGO,MANGO,2021,45.0,8.0,0.0,1.1,8.0,5.625,UNRESOLVED,15895.44548318698,12
200210,13010210000,MANGO,MANGO,2022,60.0,6.0,0.0,0.81,6.0,10.0,UNRESOLVED,15895.44548318698,12
200210,13010210000,MANGO,MANGO,2023,30.0,6.0,0.0,3.0,6.0,5.0,UNRESOLVED,15895.44548318698,12
200210,14010020000,ARROZ,ARROZ,2016,5835.0,650.0,650.0,1.1222107969151671,0.0,8.976923076923077,UNRESOLVED,15895.44548318698,12
200210,14010020000,ARROZ,ARROZ,2017,5900.0,700.0,700.0,1.325084745762712,0.0,8.428571428571429,UNRESOLVED,15895.44548318698,11
200210,14010020000,ARROZ,ARROZ,2018,6300.0,700.0,700.0,1.4642857142857142,0.0,9.0,UNRESOLVED,15895.44548318698,12
200210,14010020000,ARROZ,ARROZ,2019,6075.0,700.0,700.0,1.068148148148148,0.0,8.678571428571429,UNRESOLVED,15895.44548318698,12
200210,14010020000,ARROZ,ARROZ,2020,4520.0,555.0,555.0,1.2557522123893805,0.0,8.144144144144144,UNRESOLVED,15895.44548318698,11
200210,14010020000,ARROZ,ARROZ,2021,4080.0,640.0,640.0,1.245,0.0,6.375,UNRESOLVED,15895.44548318698,11
200210,14010020000,ARROZ,ARROZ,2022,5075.0,620.0,620.0,1.2535073891625617,0.0,8.185483870967742,UNRESOLVED,15895.44548318698,11
200210,14010020000,ARROZ,ARROZ,2023,5190.0,600.0,610.0,1.504932562620424,0.0,8.65,UNRESOLVED,15895.44548318698,12
200210,14010070000,MAIZ AMARILLO DURO,MAIZ AMARILLO DURO,2016,2675.0,820.0,820.0,1.0510280373831775,0.0,3.2621951219512195,UNRESOLVED,15895.44548318698,10
200210,14010070000,MAIZ AMARILLO DURO,MAIZ AMARILLO DURO,2017,2420.0,780.0,780.0,0.9628099173553719,0.0,3.1025641025641026,UNRESOLVED,15895.44548318698,12
200210,14010070000,MAIZ AMARILLO DURO,MAIZ AMARILLO DURO,2018,900.0,400.0,400.0,1.011111111111111,0.0,2.25,UNRESOLVED,15895.44548318698,12
200210,14010070000,MAIZ AMARILLO DURO,MAIZ AMARILLO DURO,2019,985.0,470.0,510.0,0.9,40.0,2.095744680851064,UNRESOLVED,15895.44548318698,12
200210,14010070000,MAIZ AMARILLO DURO,MAIZ AMARILLO DURO,2020,215.0,100.0,150.0,1.2,90.0,2.15,UNRESOLVED,15895.44548318698,12
200210,14010070000,MAIZ AMARILLO DURO,MAIZ AMARILLO DURO,2021,555.0,185.0,185.0,1.4532432432432432,90.0,3.0,UNRESOLVED,15895.44548318698,12
200210,14010070000,MAIZ AMARILLO DURO,MAIZ AMARILLO DURO,2022,768.0,295.0,295.0,1.288125,90.0,2.6033898305084744,UNRESOLVED,15895.44548318698,12
200210,14010070000,MAIZ AMARILLO DURO,MAIZ AMARILLO DURO,2023,873.0,382.0,390.0,1.3844215349369988,0.0,2.2853403141361257,UNRESOLVED,15895.44548318698,11
200210,15010040000,PLATANOS Y BANANAS,PLATANOS Y BANANAS PARA COCCI N (M X paradisiaca),2016,136.0,70.0,0.0,0.7180147058823528,70.0,1.9428571428571428,UNRESOLVED,15895.44548318698,12
200210,15010040000,PLATANOS Y BANANAS,PLATANOS Y BANANAS PARA COCCI N (M X paradisiaca),2017,67.0,10.0,0.0,0.6917910447761193,10.0,6.7,UNRESOLVED,15895.44548318698,12
200210,15010040000,PLATANOS Y BANANAS,PLATANOS Y BANANAS PARA COCCI N (M X paradisiaca),2018,37.0,10.0,0.0,0.6270270270270271,10.0,3.7,UNRESOLVED,15895.44548318698,12
200210,15010040000,PLATANOS Y BANANAS,PLATANOS Y BANANAS PARA COCCI N (M X paradisiaca),2020,10.0,10.0,0.0,0.3,10.0,1.0,UNRESOLVED,15895.44548318698,12
200210,15010040000,PLATANOS Y BANANAS,PLATANOS Y BANANAS PARA COCCI N (M X paradisiaca),2021,52.0,10.0,0.0,0.5359615384615384,10.0,5.2,UNRESOLVED,15895.44548318698,12
200210,15010040000,PLATANOS Y BANANAS,PLATANOS Y BANANAS PARA COCCI N (M X paradisiaca),2022,49.0,10.0,0.0,2.045714285714286,10.0,4.9,UNRESOLVED,15895.44548318698,12
200210,15010040000,PLATANOS Y BANANAS,PLATANOS Y BANANAS PARA COCCI N (M X paradisiaca),2023,75.0,10.0,0.0,1.4834666666666667,10.0,7.5,UNRESOLVED,15895.44548318698,12
200301,13010170102,LIMON SUTIL,LIMON SUTIL,2016,16.0,3.0,0.0,0.7,3.0,5.333333333333333,UNRESOLVED,33197.75741469136,12
200301,13010170102,LIMON SUTIL,LIMON SUTIL,2017,10.36,3.0,0.0,0.8629343629343631,3.0,3.453333333333333,UNRESOLVED,33197.75741469136,12
200301,13010170102,LIMON SUTIL,LIMON SUTIL,2018,13.0,3.0,0.0,0.8,3.0,4.333333333333333,UNRESOLVED,33197.75741469136,12
200301,13010170102,LIMON SUTIL,LIMON SUTIL,2019,11.0,3.0,0.0,0.8,3.0,3.6666666666666665,UNRESOLVED,33197.75741469136,12
200301,13010170102,LIMON SUTIL,LIMON SUTIL,2020,12.0,3.0,0.0,0.8000000000000002,3.0,4.0,UNRESOLVED,33197.75741469136,12
200301,13010170102,LIMON SUTIL,LIMON SUTIL,2021,21.0,3.0,0.0,0.8014285714285715,3.0,7.0,UNRESOLVED,33197.75741469136,12
200301,13010170102,LIMON SUTIL,LIMON SUTIL,2022,12.0,3.0,0.0,0.7683333333333334,3.0,4.0,UNRESOLVED,33197.75741469136,12
200301,13010170102,LIMON SUTIL,LIMON SUTIL,2023,12.0,3.0,0.0,0.8091666666666667,3.0,4.0,UNRESOLVED,33197.75741469136,12
200301,14010070000,MAIZ AMARILLO DURO,MAIZ AMARILLO DURO,2016,43.0,40.0,40.0,1.0,18.0,1.075,UNRESOLVED,33197.75741469136,8
200301,14010070000,MAIZ AMARILLO DURO,MAIZ AMARILLO DURO,2017,27.0,22.0,48.0,1.0,44.0,1.2272727272727273,UNRESOLVED,33197.75741469136,12
200301,14010070000,MAIZ AMARILLO DURO,MAIZ AMARILLO DURO,2018,81.0,61.0,113.0,1.0222222222222221,96.0,1.3278688524590163,UNRESOLVED,33197.75741469136,12
200301,14010070000,MAIZ AMARILLO DURO,MAIZ AMARILLO DURO,2019,79.0,66.0,28.0,0.98,58.0,1.196969696969697,UNRESOLVED,33197.75741469136,12
200301,14010070000,MAIZ AMARILLO DURO,MAIZ AMARILLO DURO,2020,80.0,66.0,63.0,0.9484999999999999,55.0,1.2121212121212122,UNRESOLVED,33197.75741469136,8
200301,14010070000,MAIZ AMARILLO DURO,MAIZ AMARILLO DURO,2021,91.0,76.0,109.0,1.343956043956044,88.0,1.1973684210526316,UNRESOLVED,33197.75741469136,12
200301,14010070000,MAIZ AMARILLO DURO,MAIZ AMARILLO DURO,2022,110.0,92.0,74.0,1.4254545454545455,64.0,1.1956521739130435,UNRESOLVED,33197.75741469136,12
200301,14010070000,MAIZ AMARILLO DURO,MAIZ AMARILLO DURO,2023,140.0,116.0,144.0,1.4644285714285712,87.0,1.206896551724138,UNRESOLVED,33197.75741469136,10
200301,15010040000,PLATANOS Y BANANAS,PLATANOS Y BANANAS PARA COCCI N (M X paradisiaca),2016,39.0,10.0,0.0,0.3051282051282051,10.0,3.9,UNRESOLVED,33197.75741469136,12
200301,15010040000,PLATANOS Y BANANAS,PLATANOS Y BANANAS PARA COCCI N (M X paradisiaca),2017,40.0,10.0,0.0,0.2925,10.0,4.0,UNRESOLVED,33197.75741469136,12
200301,15010040000,PLATANOS Y BANANAS,PLATANOS Y BANANAS PARA COCCI N (M X paradisiaca),2018,46.0,10.0,0.0,0.3217391304347826,10.0,4.6,UNRESOLVED,33197.75741469136,12
200301,15010040000,PLATANOS Y BANANAS,PLATANOS Y BANANAS PARA COCCI N (M X paradisiaca),2019,48.0,10.0,0.0,0.3,10.0,4.8,UNRESOLVED,33197.75741469136,12
200301,15010040000,PLATANOS Y BANANAS,PLATANOS Y BANANAS PARA COCCI N (M X paradisiaca),2020,50.0,10.0,0.0,0.316,10.0,5.0,UNRESOLVED,33197.75741469136,12
200301,15010040000,PLATANOS Y BANANAS,PLATANOS Y BANANAS PARA COCCI N (M X paradisiaca),2021,48.0,10.0,0.0,0.3033333333333333,10.0,4.8,UNRESOLVED,33197.75741469136,12
200301,15010040000,PLATANOS Y BANANAS,PLATANOS Y BANANAS PARA COCCI N (M X paradisiaca),2022,48.0,10.0,0.0,0.3125,10.0,4.8,UNRESOLVED,33197.75741469136,12
200301,15010040000,PLATANOS Y BANANAS,PLATANOS Y BANANAS PARA COCCI N (M X paradisiaca),2023,49.0,10.0,0.0,0.3081632653061224,10.0,4.9,UNRESOLVED,33197.75741469136,12
200302,13010170102,LIMON SUTIL,LIMON SUTIL,2016,18.0,5.0,0.0,0.7,5.0,3.6,UNRESOLVED,13729.381228211809,12
200302,13010170102,LIMON SUTIL,LIMON SUTIL,2017,16.0,5.0,0.0,0.9437500000000001,5.0,3.2,UNRESOLVED,13729.381228211809,12
200302,13010170102,LIMON SUTIL,LIMON SUTIL,2018,25.0,5.0,0.0,0.8,5.0,5.0,UNRESOLVED,13729.381228211809,12
200302,13010170102,LIMON SUTIL,LIMON SUTIL,2019,24.0,5.0,0.0,0.8000000000000002,5.0,4.8,UNRESOLVED,13729.381228211809,12
200302,13010170102,LIMON SUTIL,LIMON SUTIL,2020,24.0,5.0,0.0,0.8000000000000002,5.0,4.8,UNRESOLVED,13729.381228211809,12
200302,13010170102,LIMON SUTIL,LIMON SUTIL,2021,24.0,5.0,0.0,0.8041666666666667,5.0,4.8,UNRESOLVED,13729.381228211809,12
200302,13010170102,LIMON SUTIL,LIMON SUTIL,2022,23.8,5.0,0.0,0.8236134453781513,5.0,4.76,UNRESOLVED,13729.381228211809,12
200302,13010170102,LIMON SUTIL,LIMON SUTIL,2023,29.0,5.0,0.0,0.8120689655172414,5.0,5.8,UNRESOLVED,13729.381228211809,12
200302,13010210000,MANGO,MANGO,2016,62.0,20.0,0.0,0.5,20.0,3.1,UNRESOLVED,13729.381228211809,12
200302,13010210000,MANGO,MANGO,2017,75.0,20.0,0.0,0.33666666666666667,20.0,3.75,UNRESOLVED,13729.381228211809,12
200302,13010210000,MANGO,MANGO,2018,20.0,20.0,0.0,0.35,20.0,1.0,UNRESOLVED,13729.381228211809,12
200302,13010210000,MANGO,MANGO,2019,33.0,20.0,0.0,0.8,20.0,1.65,UNRESOLVED,13729.381228211809,12
200302,13010210000,MANGO,MANGO,2020,28.0,20.0,0.0,0.8,20.0,1.4,UNRESOLVED,13729.381228211809,12
200302,13010210000,MANGO,MANGO,2021,16.0,20.0,0.0,0.74,20.0,0.8,UNRESOLVED,13729.381228211809,12
200302,13010210000,MANGO,MANGO,2022,22.0,20.0,0.0,0.9718181818181818,20.0,1.1,UNRESOLVED,13729.381228211809,12
200302,13010210000,MANGO,MANGO,2023,14.0,20.0,0.0,1.0,20.0,0.7,UNRESOLVED,13729.381228211809,12
200302,14010020000,ARROZ,ARROZ,2016,244.0,61.0,61.0,1.5,0.0,4.0,UNRESOLVED,13729.381228211809,7
200302,14010020000,ARROZ,ARROZ,2017,300.0,60.0,60.0,1.5,0.0,5.0,UNRESOLVED,13729.381228211809,6
200302,14010020000,ARROZ,ARROZ,2018,248.0,55.0,55.0,1.1,0.0,4.509090909090909,UNRESOLVED,13729.381228211809,8
200302,14010020000,ARROZ,ARROZ,2019,50.0,10.0,10.0,1.0,0.0,5.0,UNRESOLVED,13729.381228211809,5
200302,14010020000,ARROZ,ARROZ,2020,285.0,57.0,57.0,1.3,0.0,5.0,UNRESOLVED,13729.381228211809,7
200302,14010020000,ARROZ,ARROZ,2021,345.0,70.0,70.0,1.1,0.0,4.928571428571429,UNRESOLVED,13729.381228211809,6
200302,14010020000,ARROZ,ARROZ,2022,360.0,72.0,72.0,1.1044444444444443,0.0,5.0,UNRESOLVED,13729.381228211809,7
200302,14010020000,ARROZ,ARROZ,2023,295.0,59.0,102.0,2.0,30.0,5.0,UNRESOLVED,13729.381228211809,6
200302,14010070000,MAIZ AMARILLO DURO,MAIZ AMARILLO DURO,2016,486.0,130.0,130.0,1.2000000000000002,0.0,3.7384615384615385,UNRESOLVED,13729.381228211809,11
200302,14010070000,MAIZ AMARILLO DURO,MAIZ AMARILLO DURO,2017,416.0,105.0,125.0,1.0740384615384617,20.0,3.961904761904762,UNRESOLVED,13729.381228211809,12
200302,14010070000,MAIZ AMARILLO DURO,MAIZ AMARILLO DURO,2018,384.0,128.0,128.0,0.9,0.0,3.0,UNRESOLVED,13729.381228211809,12
200302,14010070000,MAIZ AMARILLO DURO,MAIZ AMARILLO DURO,2019,292.0,74.0,163.0,1.0,89.0,3.945945945945946,UNRESOLVED,13729.381228211809,8
200302,14010070000,MAIZ AMARILLO DURO,MAIZ AMARILLO DURO,2020,164.0,109.0,27.0,1.1,7.0,1.5045871559633028,UNRESOLVED,13729.381228211809,12
200302,14010070000,MAIZ AMARILLO DURO,MAIZ AMARILLO DURO,2022,171.0,94.0,64.0,1.0375438596491227,32.0,1.8191489361702127,UNRESOLVED,13729.381228211809,12
200302,14010070000,MAIZ AMARILLO DURO,MAIZ AMARILLO DURO,2023,161.0,89.0,145.0,1.21,40.0,1.8089887640449438,UNRESOLVED,13729.381228211809,12
200302,15010040000,PLATANOS Y BANANAS,PLATANOS Y BANANAS PARA COCCI N (M X paradisiaca),2016,1476.0,300.0,0.0,0.30802168021680215,300.0,4.92,UNRESOLVED,13729.381228211809,12
200302,15010040000,PLATANOS Y BANANAS,PLATANOS Y BANANAS PARA COCCI N (M X paradisiaca),2017,1202.0,300.0,0.0,0.30000000000000004,300.0,4.006666666666667,UNRESOLVED,13729.381228211809,12
200302,15010040000,PLATANOS Y BANANAS,PLATANOS Y BANANAS PARA COCCI N (M X paradisiaca),2018,1380.0,300.0,0.0,0.3,300.0,4.6,UNRESOLVED,13729.381228211809,12
200302,15010040000,PLATANOS Y BANANAS,PLATANOS Y BANANAS PARA COCCI N (M X paradisiaca),2019,1323.0,300.0,0.0,0.30544217687074826,300.0,4.41,UNRESOLVED,13729.381228211809,12
200302,15010040000,PLATANOS Y BANANAS,PLATANOS Y BANANAS PARA COCCI N (M X paradisiaca),2020,1476.0,300.0,0.0,0.30813008130081304,300.0,4.92,UNRESOLVED,13729.381228211809,12
200302,15010040000,PLATANOS Y BANANAS,PLATANOS Y BANANAS PARA COCCI N (M X paradisiaca),2021,1446.0,300.0,0.0,0.3132780082987552,300.0,4.82,UNRESOLVED,13729.381228211809,12
200302,15010040000,PLATANOS Y BANANAS,PLATANOS Y BANANAS PARA COCCI N (M X paradisiaca),2022,1320.0,300.0,0.0,0.3090909090909091,300.0,4.4,UNRESOLVED,13729.381228211809,12
200302,15010040000,PLATANOS Y BANANAS,PLATANOS Y BANANAS PARA COCCI N (M X paradisiaca),2023,1124.0,231.0,0.0,0.3120640569395018,231.0,4.865800865800866,UNRESOLVED,13729.381228211809,12
200303,13010170102,LIMON SUTIL,LIMON SUTIL,2016,2.0,3.0,0.0,0.7,3.0,0.6666666666666666,UNRESOLVED,16632.188615297742,12
200303,13010170102,LIMON SUTIL,LIMON SUTIL,2017,10.0,3.0,0.0,0.8700000000000001,3.0,3.3333333333333335,UNRESOLVED,16632.188615297742,12
200303,13010170102,LIMON SUTIL,LIMON SUTIL,2018,14.0,3.0,0.0,0.9064285714285715,3.0,4.666666666666667,UNRESOLVED,16632.188615297742,12
200303,13010170102,LIMON SUTIL,LIMON SUTIL,2019,10.0,3.0,0.0,0.8,3.0,3.3333333333333335,UNRESOLVED,16632.188615297742,12
200303,13010170102,LIMON SUTIL,LIMON SUTIL,2020,11.0,3.0,0.0,0.7363636363636363,3.0,3.6666666666666665,UNRESOLVED,16632.188615297742,12
200303,13010170102,LIMON SUTIL,LIMON SUTIL,2021,12.0,3.0,0.0,0.8033333333333333,3.0,4.0,UNRESOLVED,16632.188615297742,12
200303,13010170102,LIMON SUTIL,LIMON SUTIL,2022,13.0,3.0,0.0,0.7776923076923077,3.0,4.333333333333333,UNRESOLVED,16632.188615297742,12
200303,13010170102,LIMON SUTIL,LIMON SUTIL,2023,11.0,3.0,0.0,0.7927272727272728,3.0,3.6666666666666665,UNRESOLVED,16632.188615297742,12
200303,14010070000,MAIZ AMARILLO DURO,MAIZ AMARILLO DURO,2016,37.0,35.0,35.0,1.2,0.0,1.0571428571428572,UNRESOLVED,16632.188615297742,7
200303,14010070000,MAIZ AMARILLO DURO,MAIZ AMARILLO DURO,2017,42.0,32.0,35.0,2.0,3.0,1.3125,UNRESOLVED,16632.188615297742,12
200303,14010070000,MAIZ AMARILLO DURO,MAIZ AMARILLO DURO,2018,36.0,30.0,48.0,0.8999999999999999,18.0,1.2,UNRESOLVED,16632.188615297742,8
200303,14010070000,MAIZ AMARILLO DURO,MAIZ AMARILLO DURO,2019,19.0,18.0,0.0,0.9221052631578949,0.0,1.0555555555555556,UNRESOLVED,16632.188615297742,5
200303,14010070000,MAIZ AMARILLO DURO,MAIZ AMARILLO DURO,2021,36.0,18.0,28.0,1.26,10.0,2.0,UNRESOLVED,16632.188615297742,10
200303,14010070000,MAIZ AMARILLO DURO,MAIZ AMARILLO DURO,2023,69.0,48.0,56.0,1.607826086956522,25.0,1.4375,UNRESOLVED,16632.188615297742,12
200303,15010040000,PLATANOS Y BANANAS,PLATANOS Y BANANAS PARA COCCI N (M X paradisiaca),2016,589.0,155.0,0.0,0.3,155.0,3.8,UNRESOLVED,16632.188615297742,12
200303,15010040000,PLATANOS Y BANANAS,PLATANOS Y BANANAS PARA COCCI N (M X paradisiaca),2017,610.0,155.0,0.0,0.3,155.0,3.935483870967742,UNRESOLVED,16632.188615297742,12
200303,15010040000,PLATANOS Y BANANAS,PLATANOS Y BANANAS PARA COCCI N (M X paradisiaca),2018,713.0,155.0,0.0,0.3,155.0,4.6,UNRESOLVED,16632.188615297742,12
200303,15010040000,PLATANOS Y BANANAS,PLATANOS Y BANANAS PARA COCCI N (M X paradisiaca),2019,746.0,155.0,0.0,0.3,155.0,4.812903225806451,UNRESOLVED,16632.188615297742,12
200303,15010040000,PLATANOS Y BANANAS,PLATANOS Y BANANAS PARA COCCI N (M X paradisiaca),2020,758.0,155.0,0.0,0.3,155.0,4.890322580645162,UNRESOLVED,16632.188615297742,12
200303,15010040000,PLATANOS Y BANANAS,PLATANOS Y BANANAS PARA COCCI N (M X paradisiaca),2021,747.0,155.0,0.0,0.29004016064257027,155.0,4.819354838709677,UNRESOLVED,16632.188615297742,12
200303,15010040000,PLATANOS Y BANANAS,PLATANOS Y BANANAS PARA COCCI N (M X paradisiaca),2022,744.0,155.0,0.0,0.32666666666666666,155.0,4.8,UNRESOLVED,16632.188615297742,12
200303,15010040000,PLATANOS Y BANANAS,PLATANOS Y BANANAS PARA COCCI N (M X paradisiaca),2023,742.0,155.0,0.0,0.30668463611859836,155.0,4.787096774193548,UNRESOLVED,16632.188615297742,12
200304,13010170102,LIMON SUTIL,LIMON SUTIL,2016,4.0,10.0,0.0,0.8,10.0,0.4,UNRESOLVED,47735.80602861057,12
200304,13010170102,LIMON SUTIL,LIMON SUTIL,2017,9.0,10.0,0.0,0.7,10.0,0.9,UNRESOLVED,47735.80602861057,12
200304,13010170102,LIMON SUTIL,LIMON SUTIL,2018,23.0,10.0,0.0,0.6782608695652174,10.0,2.3,UNRESOLVED,47735.80602861057,12
200304,13010170102,LIMON SUTIL,LIMON SUTIL,2019,6.0,10.0,0.0,0.8000000000000002,10.0,0.6,UNRESOLVED,47735.80602861057,12
200304,13010170102,LIMON SUTIL,LIMON SUTIL,2020,6.0,10.0,0.0,0.6999999999999998,10.0,0.6,UNRESOLVED,47735.80602861057,12
200304,13010170102,LIMON SUTIL,LIMON SUTIL,2021,4.0,10.0,0.0,1.0,10.0,0.4,UNRESOLVED,47735.80602861057,12
200304,13010170102,LIMON SUTIL,LIMON SUTIL,2022,5.0,10.0,0.0,1.0,10.0,0.5,UNRESOLVED,47735.80602861057,12
200304,13010170102,LIMON SUTIL,LIMON SUTIL,2023,10.0,10.0,23.0,0.8,33.0,1.0,UNRESOLVED,47735.80602861057,12
200304,13010210000,MANGO,MANGO,2016,15.0,10.0,0.0,0.8,10.0,1.5,UNRESOLVED,47735.80602861057,12
200304,13010210000,MANGO,MANGO,2017,100.0,10.0,0.0,1.2,10.0,10.0,UNRESOLVED,47735.80602861057,12
200304,13010210000,MANGO,MANGO,2019,30.0,10.0,0.0,0.8,10.0,3.0,UNRESOLVED,47735.80602861057,12
200304,13010210000,MANGO,MANGO,2020,30.0,10.0,0.0,0.8,10.0,3.0,UNRESOLVED,47735.80602861057,12
200304,13010210000,MANGO,MANGO,2021,35.0,10.0,0.0,0.8,10.0,3.5,UNRESOLVED,47735.80602861057,12
200304,13010210000,MANGO,MANGO,2022,37.0,10.0,0.0,0.81,10.0,3.7,UNRESOLVED,47735.80602861057,12
200304,13010210000,MANGO,MANGO,2023,12.0,10.0,8.0,1.2,18.0,1.2,UNRESOLVED,47735.80602861057,12
200304,14010020000,ARROZ,ARROZ,2016,1075.0,145.0,145.0,1.427906976744186,0.0,7.413793103448276,UNRESOLVED,47735.80602861057,11
200304,14010020000,ARROZ,ARROZ,2017,1220.0,190.0,190.0,1.5091803278688525,0.0,6.421052631578948,UNRESOLVED,47735.80602861057,11
200304,14010020000,ARROZ,ARROZ,2018,747.0,177.0,342.0,1.2,0.0,4.220338983050848,UNRESOLVED,47735.80602861057,11
200304,14010020000,ARROZ,ARROZ,2019,1630.0,220.0,220.0,1.1,0.0,7.409090909090909,UNRESOLVED,47735.80602861057,7
200304,14010020000,ARROZ,ARROZ,2020,770.0,149.0,149.0,1.2805194805194806,0.0,5.167785234899329,UNRESOLVED,47735.80602861057,12
200304,14010020000,ARROZ,ARROZ,2021,900.0,120.0,160.0,1.1,0.0,7.5,UNRESOLVED,47735.80602861057,12
200304,14010020000,ARROZ,ARROZ,2022,1351.0,180.0,180.0,1.2464396743153219,0.0,7.5055555555555555,UNRESOLVED,47735.80602861057,12
200304,14010020000,ARROZ,ARROZ,2023,1251.0,178.0,210.0,1.8431654676258995,20.0,7.02808988764045,UNRESOLVED,47735.80602861057,12
200304,14010070000,MAIZ AMARILLO DURO,MAIZ AMARILLO DURO,2016,600.0,200.0,200.0,0.85,0.0,3.0,UNRESOLVED,47735.80602861057,6
200304,14010070000,MAIZ AMARILLO DURO,MAIZ AMARILLO DURO,2017,480.0,240.0,290.0,1.1916666666666667,50.0,2.0,UNRESOLVED,47735.80602861057,12
200304,14010070000,MAIZ AMARILLO DURO,MAIZ AMARILLO DURO,2018,483.0,322.0,272.0,1.015527950310559,0.0,1.5,UNRESOLVED,47735.80602861057,12
200304,14010070000,MAIZ AMARILLO DURO,MAIZ AMARILLO DURO,2019,208.0,130.0,130.0,1.2,0.0,1.6,UNRESOLVED,47735.80602861057,6
200304,14010070000,MAIZ AMARILLO DURO,MAIZ AMARILLO DURO,2020,419.0,232.0,232.0,1.0054892601431982,0.0,1.8060344827586208,UNRESOLVED,47735.80602861057,12
200304,14010070000,MAIZ AMARILLO DURO,MAIZ AMARILLO DURO,2021,455.0,229.0,257.0,1.5585714285714285,15.0,1.9868995633187774,UNRESOLVED,47735.80602861057,12
200304,14010070000,MAIZ AMARILLO DURO,MAIZ AMARILLO DURO,2022,464.0,256.0,256.0,1.6906034482758618,0.0,1.8125,UNRESOLVED,47735.80602861057,12
200304,14010070000,MAIZ AMARILLO DURO,MAIZ AMARILLO DURO,2023,795.0,227.0,295.0,1.0553459119496855,25.0,3.502202643171806,UNRESOLVED,47735.80602861057,12
200304,15010040000,PLATANOS Y BANANAS,PLATANOS Y BANANAS PARA COCCI N (M X paradisiaca),2016,3008.0,1200.0,0.0,0.32978723404255317,1200.0,2.506666666666667,UNRESOLVED,47735.80602861057,12
200304,15010040000,PLATANOS Y BANANAS,PLATANOS Y BANANAS PARA COCCI N (M X paradisiaca),2017,2216.0,1200.0,0.0,0.3802346570397112,1200.0,1.8466666666666667,UNRESOLVED,47735.80602861057,12
200304,15010040000,PLATANOS Y BANANAS,PLATANOS Y BANANAS PARA COCCI N (M X paradisiaca),2018,3764.0,1200.0,0.0,0.3337938363443146,1200.0,3.1366666666666667,UNRESOLVED,47735.80602861057,12
200304,15010040000,PLATANOS Y BANANAS,PLATANOS Y BANANAS PARA COCCI N (M X paradisiaca),2019,3434.0,1200.0,0.0,0.38105998835177635,1200.0,2.861666666666667,UNRESOLVED,47735.80602861057,12
200304,15010040000,PLATANOS Y BANANAS,PLATANOS Y BANANAS PARA COCCI N (M X paradisiaca),2020,5168.0,1190.0,0.0,0.36609907120743035,1200.0,4.3428571428571425,UNRESOLVED,47735.80602861057,12
200304,15010040000,PLATANOS Y BANANAS,PLATANOS Y BANANAS PARA COCCI N (M X paradisiaca),2021,5580.0,1200.0,0.0,0.35735483870967744,1200.0,4.65,UNRESOLVED,47735.80602861057,12
200304,15010040000,PLATANOS Y BANANAS,PLATANOS Y BANANAS PARA COCCI N (M X paradisiaca),2022,4920.0,1200.0,0.0,0.3198048780487805,1200.0,4.1,UNRESOLVED,47735.80602861057,12
200304,15010040000,PLATANOS Y BANANAS,PLATANOS Y BANANAS PARA COCCI N (M X paradisiaca),2023,9945.0,1198.0,10.0,1.0,1198.0,8.301335559265443,UNRESOLVED,47735.80602861057,12
200305,13010210000,MANGO,MANGO,2016,23.0,5.0,0.0,0.5,5.0,4.6,UNRESOLVED,10444.04907957854,12
200305,13010210000,MANGO,MANGO,2017,14.0,5.0,0.0,0.35,5.0,2.8,UNRESOLVED,10444.04907957854,12
200305,13010210000,MANGO,MANGO,2018,5.0,5.0,0.0,0.35,5.0,1.0,UNRESOLVED,10444.04907957854,12
200305,13010210000,MANGO,MANGO,2019,8.0,5.0,0.0,0.8,5.0,1.6,UNRESOLVED,10444.04907957854,12
200305,13010210000,MANGO,MANGO,2020,15.0,5.0,0.0,0.8,5.0,3.0,UNRESOLVED,10444.04907957854,12
200305,13010210000,MANGO,MANGO,2021,5.0,5.0,0.0,0.648,5.0,1.0,UNRESOLVED,10444.04907957854,12
200305,13010210000,MANGO,MANGO,2022,2.0,5.0,0.0,0.665,5.0,0.4,UNRESOLVED,10444.04907957854,12
200305,14010020000,ARROZ,ARROZ,2016,124.0,31.0,31.0,1.5,0.0,4.0,UNRESOLVED,10444.04907957854,7
200305,14010020000,ARROZ,ARROZ,2017,72.0,18.0,18.0,1.5,0.0,4.0,UNRESOLVED,10444.04907957854,6
200305,14010020000,ARROZ,ARROZ,2018,104.0,23.0,23.0,1.1,0.0,4.521739130434782,UNRESOLVED,10444.04907957854,8
200305,14010020000,ARROZ,ARROZ,2019,84.0,21.0,21.0,1.0,0.0,4.0,UNRESOLVED,10444.04907957854,5
200305,14010020000,ARROZ,ARROZ,2020,122.0,26.0,26.0,1.2737704918032788,0.0,4.6923076923076925,UNRESOLVED,10444.04907957854,7
200305,14010070000,MAIZ AMARILLO DURO,MAIZ AMARILLO DURO,2016,80.0,21.0,21.0,1.2,1.0,3.8095238095238093,UNRESOLVED,10444.04907957854,6
200305,14010070000,MAIZ AMARILLO DURO,MAIZ AMARILLO DURO,2017,40.0,18.0,27.0,0.8,7.0,2.2222222222222223,UNRESOLVED,10444.04907957854,12
200305,14010070000,MAIZ AMARILLO DURO,MAIZ AMARILLO DURO,2018,108.0,36.0,36.0,0.9,7.0,3.0,UNRESOLVED,10444.04907957854,12
200305,14010070000,MAIZ AMARILLO DURO,MAIZ AMARILLO DURO,2019,215.0,40.0,79.0,1.0,39.0,5.375,UNRESOLVED,10444.04907957854,12
200305,14010070000,MAIZ AMARILLO DURO,MAIZ AMARILLO DURO,2020,76.0,47.0,8.0,1.1,0.0,1.6170212765957446,UNRESOLVED,10444.04907957854,7
200305,14010070000,MAIZ AMARILLO DURO,MAIZ AMARILLO DURO,2023,25.0,29.0,6.0,1.7,6.0,0.8620689655172413,UNRESOLVED,10444.04907957854,8
200305,15010040000,PLATANOS Y BANANAS,PLATANOS Y BANANAS PARA COCCI N (M X paradisiaca),2016,33.0,9.0,0.0,0.29999999999999993,9.0,3.6666666666666665,UNRESOLVED,10444.04907957854,12
200305,15010040000,PLATANOS Y BANANAS,PLATANOS Y BANANAS PARA COCCI N (M X paradisiaca),2017,39.0,9.0,0.0,0.3,9.0,4.333333333333333,UNRESOLVED,10444.04907957854,12
200305,15010040000,PLATANOS Y BANANAS,PLATANOS Y BANANAS PARA COCCI N (M X paradisiaca),2018,46.0,4.0,0.0,0.3,9.0,11.5,UNRESOLVED,10444.04907957854,12
200305,15010040000,PLATANOS Y BANANAS,PLATANOS Y BANANAS PARA COCCI N (M X paradisiaca),2019,48.0,9.0,0.0,0.3,9.0,5.333333333333333,UNRESOLVED,10444.04907957854,12
200305,15010040000,PLATANOS Y BANANAS,PLATANOS Y BANANAS PARA COCCI N (M X paradisiaca),2020,45.0,9.0,0.0,0.3,9.0,5.0,UNRESOLVED,10444.04907957854,12
200305,15010040000,PLATANOS Y BANANAS,PLATANOS Y BANANAS PARA COCCI N (M X paradisiaca),2021,47.0,9.0,0.0,0.35957446808510635,9.0,5.222222222222222,UNRESOLVED,10444.04907957854,12
200305,15010040000,PLATANOS Y BANANAS,PLATANOS Y BANANAS PARA COCCI N (M X paradisiaca),2022,22.0,9.0,0.0,0.3154545454545455,9.0,2.4444444444444446,UNRESOLVED,10444.04907957854,12
200305,15010040000,PLATANOS Y BANANAS,PLATANOS Y BANANAS PARA COCCI N (M X paradisiaca),2023,14.0,9.0,0.0,1.5171428571428571,9.0,1.5555555555555556,UNRESOLVED,10444.04907957854,12
200306,13010170102,LIMON SUTIL,LIMON SUTIL,2016,34.0,10.0,0.0,0.7,10.0,3.4,UNRESOLVED,8853.173695866411,12
200306,13010170102,LIMON SUTIL,LIMON SUTIL,2017,26.0,8.0,0.0,0.9884615384615386,8.0,3.25,UNRESOLVED,8853.173695866411,12
200306,13010170102,LIMON SUTIL,LIMON SUTIL,2018,30.0,8.0,0.0,0.8000000000000002,8.0,3.75,UNRESOLVED,8853.173695866411,12
200306,13010170102,LIMON SUTIL,LIMON SUTIL,2019,36.0,8.0,0.0,0.8000000000000002,8.0,4.5,UNRESOLVED,8853.173695866411,12
200306,13010170102,LIMON SUTIL,LIMON SUTIL,2020,33.0,8.0,0.0,0.8000000000000002,8.0,4.125,UNRESOLVED,8853.173695866411,12
200306,13010170102,LIMON SUTIL,LIMON SUTIL,2021,34.0,8.0,0.0,0.726764705882353,8.0,4.25,UNRESOLVED,8853.173695866411,12
200306,13010170102,LIMON SUTIL,LIMON SUTIL,2022,35.0,8.0,0.0,0.8194285714285714,8.0,4.375,UNRESOLVED,8853.173695866411,12
200306,13010170102,LIMON SUTIL,LIMON SUTIL,2023,36.0,8.0,0.0,0.8216666666666668,8.0,4.5,UNRESOLVED,8853.173695866411,12
200306,13010210000,MANGO,MANGO,2016,248.0,55.0,0.0,0.5,55.0,4.509090909090909,UNRESOLVED,8853.173695866411,12
200306,13010210000,MANGO,MANGO,2017,194.0,51.0,0.0,0.3358247422680412,51.0,3.803921568627451,UNRESOLVED,8853.173695866411,12
200306,13010210000,MANGO,MANGO,2018,51.0,51.0,0.0,0.35,51.0,1.0,UNRESOLVED,8853.173695866411,12
200306,13010210000,MANGO,MANGO,2019,58.0,51.0,0.0,0.6,51.0,1.1372549019607843,UNRESOLVED,8853.173695866411,12
200306,13010210000,MANGO,MANGO,2020,133.0,51.0,51.0,0.8,102.0,2.607843137254902,UNRESOLVED,8853.173695866411,12
200306,13010210000,MANGO,MANGO,2021,162.0,51.0,0.0,0.8545679012345679,102.0,3.176470588235294,UNRESOLVED,8853.173695866411,12
200306,13010210000,MANGO,MANGO,2022,66.0,51.0,0.0,0.9545454545454546,51.0,1.2941176470588236,UNRESOLVED,8853.173695866411,12
200306,13010210000,MANGO,MANGO,2023,42.0,51.0,0.0,1.0285714285714287,51.0,0.8235294117647058,UNRESOLVED,8853.173695866411,12
200306,14010020000,ARROZ,ARROZ,2016,400.0,100.0,100.0,1.5,0.0,4.0,UNRESOLVED,8853.173695866411,6
200306,14010020000,ARROZ,ARROZ,2017,1460.0,292.0,300.0,1.5,0.0,5.0,UNRESOLVED,8853.173695866411,6
200306,14010020000,ARROZ,ARROZ,2018,1485.0,330.0,330.0,1.1,0.0,4.5,UNRESOLVED,8853.173695866411,8
200306,14010020000,ARROZ,ARROZ,2019,1500.0,300.0,300.0,1.0,0.0,5.0,UNRESOLVED,8853.173695866411,5
200306,14010020000,ARROZ,ARROZ,2020,1400.0,280.0,380.0,1.3,100.0,5.0,UNRESOLVED,8853.173695866411,8
200306,14010020000,ARROZ,ARROZ,2021,1950.0,400.0,300.0,1.2,0.0,4.875,UNRESOLVED,8853.173695866411,6
200306,14010020000,ARROZ,ARROZ,2022,1000.0,200.0,200.0,1.865,0.0,5.0,UNRESOLVED,8853.173695866411,7
200306,14010020000,ARROZ,ARROZ,2023,890.0,178.0,200.0,2.0,0.0,5.0,UNRESOLVED,8853.173695866411,8
200306,14010070000,MAIZ AMARILLO DURO,MAIZ AMARILLO DURO,2016,545.0,138.0,138.0,1.2,0.0,3.949275362318841,UNRESOLVED,8853.173695866411,11
200306,14010070000,MAIZ AMARILLO DURO,MAIZ AMARILLO DURO,2017,924.0,221.0,243.0,0.9897186147186147,0.0,4.180995475113122,UNRESOLVED,8853.173695866411,10
200306,14010070000,MAIZ AMARILLO DURO,MAIZ AMARILLO DURO,2018,640.0,160.0,160.0,0.93,0.0,4.0,UNRESOLVED,8853.173695866411,12
200306,14010070000,MAIZ AMARILLO DURO,MAIZ AMARILLO DURO,2019,449.0,113.0,115.0,1.0,2.0,3.9734513274336285,UNRESOLVED,8853.173695866411,6
200306,14010070000,MAIZ AMARILLO DURO,MAIZ AMARILLO DURO,2020,308.0,156.0,273.0,1.0990259740259742,119.0,1.9743589743589745,UNRESOLVED,8853.173695866411,8
200306,14010070000,MAIZ AMARILLO DURO,MAIZ AMARILLO DURO,2021,516.0,380.0,364.0,1.2,103.0,1.3578947368421053,UNRESOLVED,8853.173695866411,6
200306,14010070000,MAIZ AMARILLO DURO,MAIZ AMARILLO DURO,2022,618.0,155.0,54.0,1.8980258899676377,0.0,3.9870967741935486,UNRESOLVED,8853.173695866411,8
200306,14010070000,MAIZ AMARILLO DURO,MAIZ AMARILLO DURO,2023,529.0,133.0,324.0,1.8043478260869565,116.0,3.9774436090225564,UNRESOLVED,8853.173695866411,8
200306,15010040000,PLATANOS Y BANANAS,PLATANOS Y BANANAS PARA COCCI N (M X paradisiaca),2016,1050.0,260.0,0.0,0.2900952380952381,260.0,4.038461538461538,UNRESOLVED,8853.173695866411,12
200306,15010040000,PLATANOS Y BANANAS,PLATANOS Y BANANAS PARA COCCI N (M X paradisiaca),2017,999.0,260.0,0.0,0.3,260.0,3.8423076923076924,UNRESOLVED,8853.173695866411,12
200306,15010040000,PLATANOS Y BANANAS,PLATANOS Y BANANAS PARA COCCI N (M X paradisiaca),2018,1041.0,260.0,0.0,0.3,260.0,4.003846153846154,UNRESOLVED,8853.173695866411,12
200306,15010040000,PLATANOS Y BANANAS,PLATANOS Y BANANAS PARA COCCI N (M X paradisiaca),2019,1076.0,260.0,0.0,0.3055204460966543,260.0,4.138461538461539,UNRESOLVED,8853.173695866411,12
200306,15010040000,PLATANOS Y BANANAS,PLATANOS Y BANANAS PARA COCCI N (M X paradisiaca),2020,1220.0,260.0,0.0,0.3,260.0,4.6923076923076925,UNRESOLVED,8853.173695866411,12
200306,15010040000,PLATANOS Y BANANAS,PLATANOS Y BANANAS PARA COCCI N (M X paradisiaca),2021,1193.0,260.0,0.0,0.3066387259010897,260.0,4.588461538461538,UNRESOLVED,8853.173695866411,12
200306,15010040000,PLATANOS Y BANANAS,PLATANOS Y BANANAS PARA COCCI N (M X paradisiaca),2022,891.0,247.0,0.0,0.3111111111111111,247.0,3.6072874493927127,UNRESOLVED,8853.173695866411,12
200306,15010040000,PLATANOS Y BANANAS,PLATANOS Y BANANAS PARA COCCI N (M X paradisiaca),2023,1083.0,245.0,0.0,0.31634349030470915,245.0,4.420408163265306,UNRESOLVED,8853.173695866411,12
200307,13010170102,LIMON SUTIL,LIMON SUTIL,2016,49.0,6.0,0.0,0.7,6.0,8.166666666666666,UNRESOLVED,11436.854170318578,12
200307,13010170102,LIMON SUTIL,LIMON SUTIL,2017,18.0,6.0,0.0,0.8,6.0,3.0,UNRESOLVED,11436.854170318578,12
200307,13010170102,LIMON SUTIL,LIMON SUTIL,2018,25.0,6.0,0.0,0.7760000000000001,6.0,4.166666666666667,UNRESOLVED,11436.854170318578,12
200307,13010170102,LIMON SUTIL,LIMON SUTIL,2019,19.0,6.0,0.0,0.8,6.0,3.1666666666666665,UNRESOLVED,11436.854170318578,12
200307,13010170102,LIMON SUTIL,LIMON SUTIL,2020,24.0,6.0,0.0,0.775,6.0,4.0,UNRESOLVED,11436.854170318578,12
200307,13010170102,LIMON SUTIL,LIMON SUTIL,2021,25.0,6.0,0.0,0.764,6.0,4.166666666666667,UNRESOLVED,11436.854170318578,12
200307,13010170102,LIMON SUTIL,LIMON SUTIL,2022,24.0,6.0,0.0,0.8075000000000001,6.0,4.0,UNRESOLVED,11436.854170318578,12
200307,13010170102,LIMON SUTIL,LIMON SUTIL,2023,24.0,6.0,0.0,0.8041666666666667,6.0,4.0,UNRESOLVED,11436.854170318578,12
200307,14010070000,MAIZ AMARILLO DURO,MAIZ AMARILLO DURO,2016,317.0,252.0,105.0,1.086435331230284,55.0,1.257936507936508,UNRESOLVED,11436.854170318578,10
200307,14010070000,MAIZ AMARILLO DURO,MAIZ AMARILLO DURO,2017,220.0,148.0,218.0,1.2822727272727275,115.0,1.4864864864864864,UNRESOLVED,11436.854170318578,12
200307,14010070000,MAIZ AMARILLO DURO,MAIZ AMARILLO DURO,2018,333.0,182.0,259.0,0.9642642642642644,192.0,1.8296703296703296,UNRESOLVED,11436.854170318578,12
200307,14010070000,MAIZ AMARILLO DURO,MAIZ AMARILLO DURO,2019,207.0,145.0,22.0,0.985024154589372,69.0,1.4275862068965517,UNRESOLVED,11436.854170318578,12
200307,14010070000,MAIZ AMARILLO DURO,MAIZ AMARILLO DURO,2020,180.0,90.0,185.0,1.1111111111111112,164.0,2.0,UNRESOLVED,11436.854170318578,12
200307,14010070000,MAIZ AMARILLO DURO,MAIZ AMARILLO DURO,2021,340.0,170.0,170.0,1.2,164.0,2.0,UNRESOLVED,11436.854170318578,12
200307,14010070000,MAIZ AMARILLO DURO,MAIZ AMARILLO DURO,2022,260.0,120.0,50.0,1.5115384615384615,94.0,2.1666666666666665,UNRESOLVED,11436.854170318578,12
200307,14010070000,MAIZ AMARILLO DURO,MAIZ AMARILLO DURO,2023,375.0,140.0,140.0,2.552,94.0,2.6785714285714284,UNRESOLVED,11436.854170318578,12
200307,15010040000,PLATANOS Y BANANAS,PLATANOS Y BANANAS PARA COCCI N (M X paradisiaca),2016,442.0,109.0,0.0,0.3071266968325792,109.0,4.055045871559633,UNRESOLVED,11436.854170318578,12
200307,15010040000,PLATANOS Y BANANAS,PLATANOS Y BANANAS PARA COCCI N (M X paradisiaca),2017,446.0,109.0,0.0,0.3,109.0,4.091743119266055,UNRESOLVED,11436.854170318578,12
200307,15010040000,PLATANOS Y BANANAS,PLATANOS Y BANANAS PARA COCCI N (M X paradisiaca),2018,510.0,109.0,0.0,0.3069019607843137,109.0,4.678899082568807,UNRESOLVED,11436.854170318578,12
200307,15010040000,PLATANOS Y BANANAS,PLATANOS Y BANANAS PARA COCCI N (M X paradisiaca),2019,524.0,109.0,0.0,0.3,109.0,4.807339449541284,UNRESOLVED,11436.854170318578,12
200307,15010040000,PLATANOS Y BANANAS,PLATANOS Y BANANAS PARA COCCI N (M X paradisiaca),2020,544.0,109.0,0.0,0.3323529411764706,109.0,4.990825688073395,UNRESOLVED,11436.854170318578,12
200307,15010040000,PLATANOS Y BANANAS,PLATANOS Y BANANAS PARA COCCI N (M X paradisiaca),2021,500.0,109.0,0.0,0.3,109.0,4.587155963302752,UNRESOLVED,11436.854170318578,12
200307,15010040000,PLATANOS Y BANANAS,PLATANOS Y BANANAS PARA COCCI N (M X paradisiaca),2022,528.0,109.0,0.0,0.3125,109.0,4.844036697247707,UNRESOLVED,11436.854170318578,12
200307,15010040000,PLATANOS Y BANANAS,PLATANOS Y BANANAS PARA COCCI N (M X paradisiaca),2023,527.0,109.0,0.0,0.310853889943074,109.0,4.834862385321101,UNRESOLVED,11436.854170318578,12
200308,13010170102,LIMON SUTIL,LIMON SUTIL,2016,8.0,7.0,0.0,0.7,7.0,1.1428571428571428,UNRESOLVED,11023.264454620228,12
200308,13010170102,LIMON SUTIL,LIMON SUTIL,2017,9.0,7.0,0.0,0.8,3.0,1.2857142857142858,UNRESOLVED,11023.264454620228,12
200308,13010170102,LIMON SUTIL,LIMON SUTIL,2018,12.0,3.0,0.0,0.8000000000000002,3.0,4.0,UNRESOLVED,11023.264454620228,12
200308,13010170102,LIMON SUTIL,LIMON SUTIL,2019,11.0,3.0,0.0,0.8,3.0,3.6666666666666665,UNRESOLVED,11023.264454620228,12
200308,13010170102,LIMON SUTIL,LIMON SUTIL,2020,12.0,3.0,0.0,0.805,3.0,4.0,UNRESOLVED,11023.264454620228,12
200308,13010170102,LIMON SUTIL,LIMON SUTIL,2021,11.0,3.0,0.0,0.8045454545454547,3.0,3.6666666666666665,UNRESOLVED,11023.264454620228,12
200308,13010170102,LIMON SUTIL,LIMON SUTIL,2022,22.0,3.0,0.0,0.8013636363636365,3.0,7.333333333333333,UNRESOLVED,11023.264454620228,12
200308,13010170102,LIMON SUTIL,LIMON SUTIL,2023,12.0,3.0,0.0,0.7958333333333334,3.0,4.0,UNRESOLVED,11023.264454620228,12
200308,14010070000,MAIZ AMARILLO DURO,MAIZ AMARILLO DURO,2016,107.0,71.0,78.0,1.0,32.0,1.5070422535211268,UNRESOLVED,11023.264454620228,7
200308,14010070000,MAIZ AMARILLO DURO,MAIZ AMARILLO DURO,2017,23.0,21.0,21.0,1.0,32.0,1.0952380952380953,UNRESOLVED,11023.264454620228,6
200308,14010070000,MAIZ AMARILLO DURO,MAIZ AMARILLO DURO,2018,86.0,74.0,74.0,0.9,0.0,1.162162162162162,UNRESOLVED,11023.264454620228,6
200308,14010070000,MAIZ AMARILLO DURO,MAIZ AMARILLO DURO,2019,24.0,20.0,93.0,1.0,73.0,1.2,UNRESOLVED,11023.264454620228,8
200308,14010070000,MAIZ AMARILLO DURO,MAIZ AMARILLO DURO,2020,113.0,92.0,104.0,1.0575221238938053,85.0,1.2282608695652173,UNRESOLVED,11023.264454620228,7
200308,14010070000,MAIZ AMARILLO DURO,MAIZ AMARILLO DURO,2021,129.0,95.0,100.0,1.2,90.0,1.3578947368421053,UNRESOLVED,11023.264454620228,8
200308,14010070000,MAIZ AMARILLO DURO,MAIZ AMARILLO DURO,2022,380.0,190.0,155.0,1.4063157894736842,55.0,2.0,UNRESOLVED,11023.264454620228,12
200308,14010070000,MAIZ AMARILLO DURO,MAIZ AMARILLO DURO,2023,258.0,135.0,223.0,2.4790697674418607,88.0,1.9111111111111112,UNRESOLVED,11023.264454620228,10
200308,15010040000,PLATANOS Y BANANAS,PLATANOS Y BANANAS PARA COCCI N (M X paradisiaca),2016,20.0,5.0,0.0,0.3,5.0,4.0,UNRESOLVED,11023.264454620228,12
200308,15010040000,PLATANOS Y BANANAS,PLATANOS Y BANANAS PARA COCCI N (M X paradisiaca),2017,19.9,5.0,0.0,0.3,5.0,3.9799999999999995,UNRESOLVED,11023.264454620228,12
200308,15010040000,PLATANOS Y BANANAS,PLATANOS Y BANANAS PARA COCCI N (M X paradisiaca),2018,21.0,5.0,0.0,0.3,5.0,4.2,UNRESOLVED,11023.264454620228,12
200308,15010040000,PLATANOS Y BANANAS,PLATANOS Y BANANAS PARA COCCI N (M X paradisiaca),2019,24.0,5.0,0.0,0.31666666666666665,5.0,4.8,UNRESOLVED,11023.264454620228,12
200308,15010040000,PLATANOS Y BANANAS,PLATANOS Y BANANAS PARA COCCI N (M X paradisiaca),2020,22.3,5.0,0.0,0.326457399103139,5.0,4.46,UNRESOLVED,11023.264454620228,12
200308,15010040000,PLATANOS Y BANANAS,PLATANOS Y BANANAS PARA COCCI N (M X paradisiaca),2021,22.0,5.0,0.0,0.3054545454545454,5.0,4.4,UNRESOLVED,11023.264454620228,12
200308,15010040000,PLATANOS Y BANANAS,PLATANOS Y BANANAS PARA COCCI N (M X paradisiaca),2022,23.0,5.0,0.0,0.3247826086956522,5.0,4.6,UNRESOLVED,11023.264454620228,12
200308,15010040000,PLATANOS Y BANANAS,PLATANOS Y BANANAS PARA COCCI N (M X paradisiaca),2023,25.0,5.0,0.0,0.30079999999999996,5.0,5.0,UNRESOLVED,11023.264454620228,12
200401,13010170102,LIMON SUTIL,LIMON SUTIL,2016,8720.0,964.0,0.0,0.5485917431192661,964.0,9.04564315352697,UNRESOLVED,24896.226483674018,12
200401,13010170102,LIMON SUTIL,LIMON SUTIL,2017,6696.0,949.0,0.0,0.8216980286738351,949.0,7.055848261327713,UNRESOLVED,24896.226483674018,12
200401,13010170102,LIMON SUTIL,LIMON SUTIL,2018,6944.0,949.0,0.0,0.6397854262672811,949.0,7.317175974710222,UNRESOLVED,24896.226483674018,12
200401,13010170102,LIMON SUTIL,LIMON SUTIL,2019,7090.0,949.0,0.0,0.6416502115655853,949.0,7.471022128556375,UNRESOLVED,24896.226483674018,12
200401,13010170102,LIMON SUTIL,LIMON SUTIL,2020,7516.0,949.0,0.0,0.8141697711548697,949.0,7.919915700737619,UNRESOLVED,24896.226483674018,12
200401,13010170102,LIMON SUTIL,LIMON SUTIL,2021,9405.0,949.0,0.0,0.8369728867623605,949.0,9.910432033719704,UNRESOLVED,24896.226483674018,12
200401,13010170102,LIMON SUTIL,LIMON SUTIL,2022,11132.0,949.0,0.0,1.2978395616241465,949.0,11.730242360379346,UNRESOLVED,24896.226483674018,12
200401,13010170102,LIMON SUTIL,LIMON SUTIL,2023,8419.0,851.0,0.0,1.746807221760304,851.0,9.893066980023502,UNRESOLVED,24896.226483674018,12
200401,13010210000,MANGO,MANGO,2016,45050.0,2791.0,0.0,0.5215249722530522,2791.0,16.141168040128985,UNRESOLVED,24896.226483674018,12
200401,13010210000,MANGO,MANGO,2017,19442.0,2791.0,0.0,0.32252031683983134,2791.0,6.965962020781082,UNRESOLVED,24896.226483674018,12
200401,13010210000,MANGO,MANGO,2018,21556.0,2791.0,0.0,0.5294864538875488,2791.0,7.7233966320315295,UNRESOLVED,24896.226483674018,12
200401,13010210000,MANGO,MANGO,2019,23091.0,2791.0,0.0,0.8567796977177256,2791.0,8.273378717305626,UNRESOLVED,24896.226483674018,12
200401,13010210000,MANGO,MANGO,2020,24828.0,2791.0,0.0,1.2224041404865473,2791.0,8.895736295234682,UNRESOLVED,24896.226483674018,12
200401,13010210000,MANGO,MANGO,2021,39058.0,2791.0,0.0,1.0025756567156536,2791.0,13.994267287710498,UNRESOLVED,24896.226483674018,12
200401,13010210000,MANGO,MANGO,2022,38284.0,2726.0,0.0,1.51,2726.0,14.044020542920029,UNRESOLVED,24896.226483674018,12
200401,13010210000,MANGO,MANGO,2023,19860.0,2726.0,450.0,2.04265609264854,3051.0,7.285399853264857,UNRESOLVED,24896.226483674018,12
200401,14010020000,ARROZ,ARROZ,2016,5400.0,700.0,700.0,1.1055555555555556,0.0,7.714285714285714,UNRESOLVED,24896.226483674018,6
200401,14010020000,ARROZ,ARROZ,2017,7680.0,960.0,960.0,1.2625,0.0,8.0,UNRESOLVED,24896.226483674018,7
200401,14010020000,ARROZ,ARROZ,2018,6480.0,810.0,812.0,1.0,2.0,8.0,UNRESOLVED,24896.226483674018,12
200401,14010020000,ARROZ,ARROZ,2019,6375.0,752.0,750.0,0.9506666666666667,0.0,8.477393617021276,UNRESOLVED,24896.226483674018,7
200401,14010020000,ARROZ,ARROZ,2020,1680.0,210.0,210.0,1.292857142857143,0.0,8.0,UNRESOLVED,24896.226483674018,6
200401,14010020000,ARROZ,ARROZ,2021,2936.0,356.0,356.0,1.2,0.0,8.247191011235955,UNRESOLVED,24896.226483674018,7
200401,14010020000,ARROZ,ARROZ,2022,2350.0,295.0,295.0,1.51,0.0,7.966101694915254,UNRESOLVED,24896.226483674018,7
200401,14010020000,ARROZ,ARROZ,2023,1856.0,232.0,285.0,1.307758620689655,0.0,8.0,UNRESOLVED,24896.226483674018,6
200401,14010070000,MAIZ AMARILLO DURO,MAIZ AMARILLO DURO,2016,7354.0,1494.0,1471.0,0.9745920587435409,2.0,4.92235609103079,UNRESOLVED,24896.226483674018,12
200401,14010070000,MAIZ AMARILLO DURO,MAIZ AMARILLO DURO,2017,8115.0,1637.0,1635.0,0.8611829944547135,0.0,4.957238851557728,UNRESOLVED,24896.226483674018,11
200401,14010070000,MAIZ AMARILLO DURO,MAIZ AMARILLO DURO,2018,2100.0,455.0,525.0,0.8,70.0,4.615384615384615,UNRESOLVED,24896.226483674018,12
200401,14010070000,MAIZ AMARILLO DURO,MAIZ AMARILLO DURO,2019,5417.0,1085.0,1085.0,0.7513937603839764,0.0,4.992626728110599,UNRESOLVED,24896.226483674018,12
200401,14010070000,MAIZ AMARILLO DURO,MAIZ AMARILLO DURO,2020,242.0,50.0,50.0,1.0396694214876034,0.0,4.84,UNRESOLVED,24896.226483674018,10
200401,14010070000,MAIZ AMARILLO DURO,MAIZ AMARILLO DURO,2021,2626.0,523.0,1070.0,1.2518849961919267,0.0,5.0210325047801145,UNRESOLVED,24896.226483674018,11
200401,14010070000,MAIZ AMARILLO DURO,MAIZ AMARILLO DURO,2022,1146.0,228.0,228.0,1.3595462478184992,0.0,5.026315789473684,UNRESOLVED,24896.226483674018,12
200401,14010070000,MAIZ AMARILLO DURO,MAIZ AMARILLO DURO,2023,2397.0,461.0,860.0,1.7019524405506883,0.0,5.199566160520607,UNRESOLVED,24896.226483674018,9
200401,15010040000,PLATANOS Y BANANAS,PLATANOS Y BANANAS PARA COCCI N (M X paradisiaca),2016,9552.0,340.0,0.0,0.8542964824120602,340.0,28.094117647058823,UNRESOLVED,24896.226483674018,12
200401,15010040000,PLATANOS Y BANANAS,PLATANOS Y BANANAS PARA COCCI N (M X paradisiaca),2017,6638.0,260.0,0.0,0.8780144621874059,260.0,25.53076923076923,UNRESOLVED,24896.226483674018,12
200401,15010040000,PLATANOS Y BANANAS,PLATANOS Y BANANAS PARA COCCI N (M X paradisiaca),2018,6674.0,260.0,17.0,0.7511657177105184,277.0,25.66923076923077,UNRESOLVED,24896.226483674018,12
200401,15010040000,PLATANOS Y BANANAS,PLATANOS Y BANANAS PARA COCCI N (M X paradisiaca),2019,7314.0,277.0,0.0,0.8250341810226962,277.0,26.404332129963898,UNRESOLVED,24896.226483674018,12
200401,15010040000,PLATANOS Y BANANAS,PLATANOS Y BANANAS PARA COCCI N (M X paradisiaca),2020,6694.0,277.0,20.0,0.8347983268598745,297.0,24.166064981949457,UNRESOLVED,24896.226483674018,12
200401,15010040000,PLATANOS Y BANANAS,PLATANOS Y BANANAS PARA COCCI N (M X paradisiaca),2021,7446.0,297.0,0.0,0.8939820037604083,297.0,25.07070707070707,UNRESOLVED,24896.226483674018,12
200401,15010040000,PLATANOS Y BANANAS,PLATANOS Y BANANAS PARA COCCI N (M X paradisiaca),2022,6006.0,277.0,0.0,1.398814518814519,297.0,21.68231046931408,UNRESOLVED,24896.226483674018,12
200401,15010040000,PLATANOS Y BANANAS,PLATANOS Y BANANAS PARA COCCI N (M X paradisiaca),2023,5327.0,246.0,0.0,1.7762267692885303,246.0,21.65447154471545,UNRESOLVED,24896.226483674018,12
200402,13010170102,LIMON SUTIL,LIMON SUTIL,2016,140.0,14.0,0.0,0.85,14.0,10.0,UNRESOLVED,4676.371567759859,12
200402,13010170102,LIMON SUTIL,LIMON SUTIL,2017,112.0,14.0,0.0,1.25,14.0,8.0,UNRESOLVED,4676.371567759859,12
200402,13010170102,LIMON SUTIL,LIMON SUTIL,2018,127.0,14.0,0.0,0.9669291338582677,14.0,9.071428571428571,UNRESOLVED,4676.371567759859,12
200402,13010170102,LIMON SUTIL,LIMON SUTIL,2019,165.0,14.0,0.0,0.9872727272727273,14.0,11.785714285714286,UNRESOLVED,4676.371567759859,12
200402,13010170102,LIMON SUTIL,LIMON SUTIL,2020,161.0,14.0,0.0,1.01055900621118,14.0,11.5,UNRESOLVED,4676.371567759859,12
200402,13010170102,LIMON SUTIL,LIMON SUTIL,2021,143.0,14.0,0.0,1.149020979020979,14.0,10.214285714285714,UNRESOLVED,4676.371567759859,12
200402,13010170102,LIMON SUTIL,LIMON SUTIL,2022,150.0,14.0,0.0,1.3003333333333333,14.0,10.714285714285714,UNRESOLVED,4676.371567759859,12
200402,13010170102,LIMON SUTIL,LIMON SUTIL,2023,93.0,14.0,0.0,2.1636559139784945,14.0,6.642857142857143,UNRESOLVED,4676.371567759859,12
200402,13010210000,MANGO,MANGO,2016,337.0,23.0,0.0,0.9961424332344213,23.0,14.652173913043478,UNRESOLVED,4676.371567759859,12
200402,13010210000,MANGO,MANGO,2017,300.0,23.0,0.0,0.751,23.0,13.043478260869565,UNRESOLVED,4676.371567759859,12
200402,13010210000,MANGO,MANGO,2018,404.0,23.0,0.0,0.6165346534653465,23.0,17.565217391304348,UNRESOLVED,4676.371567759859,12
200402,13010210000,MANGO,MANGO,2019,131.0,23.0,0.0,0.8106870229007633,23.0,5.695652173913044,UNRESOLVED,4676.371567759859,12
200402,13010210000,MANGO,MANGO,2020,147.0,23.0,0.0,1.0370068027210884,23.0,6.391304347826087,UNRESOLVED,4676.371567759859,12
200402,13010210000,MANGO,MANGO,2021,160.0,23.0,0.0,1.15,23.0,6.956521739130435,UNRESOLVED,4676.371567759859,12
200402,13010210000,MANGO,MANGO,2022,281.0,23.0,0.0,1.208185053380783,23.0,12.217391304347826,UNRESOLVED,4676.371567759859,12
200402,13010210000,MANGO,MANGO,2023,277.0,23.0,0.0,2.08028880866426,23.0,12.043478260869565,UNRESOLVED,4676.371567759859,12
200402,14010020000,ARROZ,ARROZ,2016,6000.0,750.0,750.0,1.15,0.0,8.0,UNRESOLVED,4676.371567759859,6
200402,14010020000,ARROZ,ARROZ,2017,6400.0,800.0,800.0,1.1,0.0,8.0,UNRESOLVED,4676.371567759859,6
200402,14010020000,ARROZ,ARROZ,2018,6000.0,760.0,800.0,1.0,40.0,7.894736842105263,UNRESOLVED,4676.371567759859,12
200402,14010020000,ARROZ,ARROZ,2019,6800.0,850.0,850.0,0.9623529411764706,40.0,8.0,UNRESOLVED,4676.371567759859,12
200402,14010020000,ARROZ,ARROZ,2020,5328.0,666.0,666.0,1.2576576576576575,40.0,8.0,UNRESOLVED,4676.371567759859,8
200402,14010020000,ARROZ,ARROZ,2021,5096.0,650.0,650.0,1.15,40.0,7.84,UNRESOLVED,4676.371567759859,7
200402,14010020000,ARROZ,ARROZ,2022,3600.0,600.0,600.0,1.39,40.0,6.0,UNRESOLVED,4676.371567759859,5
200402,14010020000,ARROZ,ARROZ,2023,3112.0,450.0,550.0,1.3420051413881746,40.0,6.915555555555556,UNRESOLVED,4676.371567759859,5
200402,14010070000,MAIZ AMARILLO DURO,MAIZ AMARILLO DURO,2017,440.0,110.0,110.0,1.0,0.0,4.0,UNRESOLVED,4676.371567759859,9
200402,14010070000,MAIZ AMARILLO DURO,MAIZ AMARILLO DURO,2019,275.0,55.0,55.0,0.8,0.0,5.0,UNRESOLVED,4676.371567759859,7
200402,14010070000,MAIZ AMARILLO DURO,MAIZ AMARILLO DURO,2020,18.0,3.0,3.0,1.3,0.0,6.0,UNRESOLVED,4676.371567759859,5
200402,14010070000,MAIZ AMARILLO DURO,MAIZ AMARILLO DURO,2021,70.0,14.0,26.0,1.015,0.0,5.0,UNRESOLVED,4676.371567759859,7
200402,14010070000,MAIZ AMARILLO DURO,MAIZ AMARILLO DURO,2023,120.0,20.0,20.0,1.91,0.0,6.0,UNRESOLVED,4676.371567759859,5
200402,15010040000,PLATANOS Y BANANAS,PLATANOS Y BANANAS PARA COCCI N (M X paradisiaca),2016,16100.0,723.0,0.0,0.8937614906832297,723.0,22.26832641770401,UNRESOLVED,4676.371567759859,12
200402,15010040000,PLATANOS Y BANANAS,PLATANOS Y BANANAS PARA COCCI N (M X paradisiaca),2017,14562.0,723.0,0.0,0.9750927070457355,723.0,20.141078838174273,UNRESOLVED,4676.371567759859,12
200402,15010040000,PLATANOS Y BANANAS,PLATANOS Y BANANAS PARA COCCI N (M X paradisiaca),2018,14841.0,723.0,0.0,1.1975790041102352,723.0,20.526970954356848,UNRESOLVED,4676.371567759859,12
200402,15010040000,PLATANOS Y BANANAS,PLATANOS Y BANANAS PARA COCCI N (M X paradisiaca),2019,16452.0,723.0,0.0,1.6632312180889859,723.0,22.755186721991702,UNRESOLVED,4676.371567759859,12
200402,15010040000,PLATANOS Y BANANAS,PLATANOS Y BANANAS PARA COCCI N (M X paradisiaca),2020,15502.0,723.0,0.0,1.5287008127983486,723.0,21.441217150760718,UNRESOLVED,4676.371567759859,12
200402,15010040000,PLATANOS Y BANANAS,PLATANOS Y BANANAS PARA COCCI N (M X paradisiaca),2021,12475.0,723.0,0.0,1.4637907815631264,723.0,17.254495159059474,UNRESOLVED,4676.371567759859,12
200402,15010040000,PLATANOS Y BANANAS,PLATANOS Y BANANAS PARA COCCI N (M X paradisiaca),2022,13215.0,723.0,20.0,1.660668936814226,743.0,18.278008298755186,UNRESOLVED,4676.371567759859,12
200402,15010040000,PLATANOS Y BANANAS,PLATANOS Y BANANAS PARA COCCI N (M X paradisiaca),2023,14309.0,565.0,0.0,2.2436809001327838,565.0,25.32566371681416,UNRESOLVED,4676.371567759859,12
200403,14010070000,MAIZ AMARILLO DURO,MAIZ AMARILLO DURO,2016,140.0,200.0,200.0,0.9,0.0,0.7,UNRESOLVED,12660.152790755268,7
200403,14010070000,MAIZ AMARILLO DURO,MAIZ AMARILLO DURO,2017,160.0,160.0,160.0,1.0,0.0,1.0,UNRESOLVED,12660.152790755268,7
200403,14010070000,MAIZ AMARILLO DURO,MAIZ AMARILLO DURO,2018,105.0,262.0,262.0,1.2,0.0,0.40076335877862596,UNRESOLVED,12660.152790755268,6
200403,14010070000,MAIZ AMARILLO DURO,MAIZ AMARILLO DURO,2019,86.0,95.0,95.0,1.0,0.0,0.9052631578947369,UNRESOLVED,12660.152790755268,7
200403,14010070000,MAIZ AMARILLO DURO,MAIZ AMARILLO DURO,2020,122.0,174.0,174.0,1.2,0.0,0.7011494252873564,UNRESOLVED,12660.152790755268,8
200403,14010070000,MAIZ AMARILLO DURO,MAIZ AMARILLO DURO,2021,129.0,170.0,170.0,1.203798449612403,0.0,0.7588235294117647,UNRESOLVED,12660.152790755268,8
200403,14010070000,MAIZ AMARILLO DURO,MAIZ AMARILLO DURO,2022,130.0,185.0,185.0,1.6,0.0,0.7027027027027027,UNRESOLVED,12660.152790755268,8
200403,14010070000,MAIZ AMARILLO DURO,MAIZ AMARILLO DURO,2023,72.0,80.0,80.0,1.5,0.0,0.9,UNRESOLVED,12660.152790755268,6
200403,15010040000,PLATANOS Y BANANAS,PLATANOS Y BANANAS PARA COCCI N (M X paradisiaca),2016,442.0,44.0,0.0,0.7470588235294118,530.0,10.045454545454545,UNRESOLVED,12660.152790755268,12
200403,15010040000,PLATANOS Y BANANAS,PLATANOS Y BANANAS PARA COCCI N (M X paradisiaca),2017,452.0,530.0,0.0,0.5716814159292035,530.0,0.8528301886792453,UNRESOLVED,12660.152790755268,12
200403,15010040000,PLATANOS Y BANANAS,PLATANOS Y BANANAS PARA COCCI N (M X paradisiaca),2018,440.0,530.0,0.0,0.43,530.0,0.8301886792452831,UNRESOLVED,12660.152790755268,12
200403,15010040000,PLATANOS Y BANANAS,PLATANOS Y BANANAS PARA COCCI N (M X paradisiaca),2019,537.0,530.0,0.0,0.7132216014897579,530.0,1.0132075471698114,UNRESOLVED,12660.152790755268,12
200403,15010040000,PLATANOS Y BANANAS,PLATANOS Y BANANAS PARA COCCI N (M X paradisiaca),2020,538.0,530.0,0.0,0.9848327137546469,530.0,1.0150943396226415,UNRESOLVED,12660.152790755268,12
200403,15010040000,PLATANOS Y BANANAS,PLATANOS Y BANANAS PARA COCCI N (M X paradisiaca),2021,528.0,530.0,0.0,0.8933333333333333,530.0,0.9962264150943396,UNRESOLVED,12660.152790755268,12
200403,15010040000,PLATANOS Y BANANAS,PLATANOS Y BANANAS PARA COCCI N (M X paradisiaca),2022,505.0,530.0,0.0,0.9445544554455445,530.0,0.9528301886792453,UNRESOLVED,12660.152790755268,12
200403,15010040000,PLATANOS Y BANANAS,PLATANOS Y BANANAS PARA COCCI N (M X paradisiaca),2023,486.0,530.0,0.0,1.0,530.0,0.9169811320754717,UNRESOLVED,12660.152790755268,12
200404,13010170102,LIMON SUTIL,LIMON SUTIL,2016,1620.0,180.0,0.0,0.5367407407407407,180.0,9.0,UNRESOLVED,10384.324356600797,12
200404,13010170102,LIMON SUTIL,LIMON SUTIL,2017,1267.0,180.0,0.0,0.8211049723756907,180.0,7.038888888888889,UNRESOLVED,10384.324356600797,12
200404,13010170102,LIMON SUTIL,LIMON SUTIL,2018,1315.0,180.0,0.0,0.6454980988593156,180.0,7.305555555555555,UNRESOLVED,10384.324356600797,12
200404,13010170102,LIMON SUTIL,LIMON SUTIL,2019,1356.0,180.0,0.0,0.6786873156342182,180.0,7.533333333333333,UNRESOLVED,10384.324356600797,12
200404,13010170102,LIMON SUTIL,LIMON SUTIL,2020,1450.0,180.0,0.0,0.8164137931034482,180.0,8.055555555555555,UNRESOLVED,10384.324356600797,12
200404,13010170102,LIMON SUTIL,LIMON SUTIL,2021,1788.0,180.0,0.0,0.8573042505592842,180.0,9.933333333333334,UNRESOLVED,10384.324356600797,12
200404,13010170102,LIMON SUTIL,LIMON SUTIL,2022,2048.0,180.0,0.0,1.289248046875,180.0,11.377777777777778,UNRESOLVED,10384.324356600797,12
200404,13010170102,LIMON SUTIL,LIMON SUTIL,2023,1871.0,174.0,0.0,1.8502725815072154,174.0,10.75287356321839,UNRESOLVED,10384.324356600797,12
200404,13010210000,MANGO,MANGO,2016,1608.0,120.0,0.0,0.4876057213930349,120.0,13.4,UNRESOLVED,10384.324356600797,12
200404,13010210000,MANGO,MANGO,2017,825.0,120.0,0.0,0.32710303030303034,120.0,6.875,UNRESOLVED,10384.324356600797,12
200404,13010210000,MANGO,MANGO,2018,638.0,120.0,0.0,0.3819592476489029,120.0,5.316666666666666,UNRESOLVED,10384.324356600797,12
200404,13010210000,MANGO,MANGO,2019,135.0,120.0,0.0,0.8296296296296296,120.0,1.125,UNRESOLVED,10384.324356600797,12
200404,13010210000,MANGO,MANGO,2020,884.0,120.0,0.0,1.4058823529411764,120.0,7.366666666666666,UNRESOLVED,10384.324356600797,12
200404,13010210000,MANGO,MANGO,2021,1689.0,120.0,0.0,1.0568383658969804,120.0,14.075,UNRESOLVED,10384.324356600797,12
200404,13010210000,MANGO,MANGO,2022,1683.0,120.0,0.0,1.062002376708259,120.0,14.025,UNRESOLVED,10384.324356600797,12
200404,13010210000,MANGO,MANGO,2023,1499.0,120.0,0.0,2.9156104069379585,120.0,12.491666666666667,UNRESOLVED,10384.324356600797,12
200404,14010070000,MAIZ AMARILLO DURO,MAIZ AMARILLO DURO,2016,559.0,129.0,131.0,1.0522003577817531,2.0,4.333333333333333,UNRESOLVED,10384.324356600797,11
200404,14010070000,MAIZ AMARILLO DURO,MAIZ AMARILLO DURO,2017,2268.0,705.0,741.0,0.8620987654320986,38.0,3.217021276595745,UNRESOLVED,10384.324356600797,12
200404,14010070000,MAIZ AMARILLO DURO,MAIZ AMARILLO DURO,2018,390.0,83.0,45.0,0.8323076923076924,0.0,4.698795180722891,UNRESOLVED,10384.324356600797,8
200404,14010070000,MAIZ AMARILLO DURO,MAIZ AMARILLO DURO,2019,2269.0,420.0,420.0,0.8037020713970912,0.0,5.402380952380953,UNRESOLVED,10384.324356600797,9
200404,14010070000,MAIZ AMARILLO DURO,MAIZ AMARILLO DURO,2020,408.0,85.0,85.0,1.2,0.0,4.8,UNRESOLVED,10384.324356600797,8
200404,14010070000,MAIZ AMARILLO DURO,MAIZ AMARILLO DURO,2021,2967.0,576.0,596.0,1.224994944388271,20.0,5.151041666666667,UNRESOLVED,10384.324356600797,11
200404,14010070000,MAIZ AMARILLO DURO,MAIZ AMARILLO DURO,2022,642.0,128.0,128.0,1.293613707165109,0.0,5.015625,UNRESOLVED,10384.324356600797,12
200404,14010070000,MAIZ AMARILLO DURO,MAIZ AMARILLO DURO,2023,203.0,39.0,60.0,1.7012807881773397,0.0,5.205128205128205,UNRESOLVED,10384.324356600797,7
200404,15010040000,PLATANOS Y BANANAS,PLATANOS Y BANANAS PARA COCCI N (M X paradisiaca),2016,22880.0,1001.0,0.0,0.82,1001.0,22.857142857142858,UNRESOLVED,10384.324356600797,12
200404,15010040000,PLATANOS Y BANANAS,PLATANOS Y BANANAS PARA COCCI N (M X paradisiaca),2017,18782.0,870.0,0.0,0.8442689809391972,870.0,21.588505747126437,UNRESOLVED,10384.324356600797,12
200404,15010040000,PLATANOS Y BANANAS,PLATANOS Y BANANAS PARA COCCI N (M X paradisiaca),2018,19801.0,870.0,0.0,0.7726402706933992,870.0,22.75977011494253,UNRESOLVED,10384.324356600797,12
200404,15010040000,PLATANOS Y BANANAS,PLATANOS Y BANANAS PARA COCCI N (M X paradisiaca),2019,16948.0,870.0,0.0,0.8837384942176069,870.0,19.480459770114944,UNRESOLVED,10384.324356600797,12
200404,15010040000,PLATANOS Y BANANAS,PLATANOS Y BANANAS PARA COCCI N (M X paradisiaca),2020,19919.0,870.0,0.0,0.788628947236307,870.0,22.895402298850573,UNRESOLVED,10384.324356600797,12
200404,15010040000,PLATANOS Y BANANAS,PLATANOS Y BANANAS PARA COCCI N (M X paradisiaca),2021,20136.0,870.0,0.0,0.9049577870480731,870.0,23.144827586206898,UNRESOLVED,10384.324356600797,12
200404,15010040000,PLATANOS Y BANANAS,PLATANOS Y BANANAS PARA COCCI N (M X paradisiaca),2022,22974.0,870.0,0.0,1.2678937059284408,870.0,26.406896551724138,UNRESOLVED,10384.324356600797,12
200404,15010040000,PLATANOS Y BANANAS,PLATANOS Y BANANAS PARA COCCI N (M X paradisiaca),2023,12113.0,590.0,0.0,1.6460009906711797,590.0,20.530508474576273,UNRESOLVED,10384.324356600797,12
200405,13010170102,LIMON SUTIL,LIMON SUTIL,2016,300.0,25.0,0.0,0.8916666666666667,25.0,12.0,UNRESOLVED,4891.528919986613,12
200405,13010170102,LIMON SUTIL,LIMON SUTIL,2017,176.0,25.0,0.0,1.1761363636363635,25.0,7.04,UNRESOLVED,4891.528919986613,12
200405,13010170102,LIMON SUTIL,LIMON SUTIL,2018,240.0,25.0,0.0,1.06875,25.0,9.6,UNRESOLVED,4891.528919986613,12
200405,13010170102,LIMON SUTIL,LIMON SUTIL,2019,283.0,25.0,0.0,0.9872791519434628,25.0,11.32,UNRESOLVED,4891.528919986613,12
200405,13010170102,LIMON SUTIL,LIMON SUTIL,2020,297.0,25.0,0.0,0.9942760942760943,25.0,11.88,UNRESOLVED,4891.528919986613,12
200405,13010170102,LIMON SUTIL,LIMON SUTIL,2021,262.0,25.0,0.0,1.0914503816793895,25.0,10.48,UNRESOLVED,4891.528919986613,12
200405,13010170102,LIMON SUTIL,LIMON SUTIL,2022,255.0,25.0,0.0,1.1698823529411764,25.0,10.2,UNRESOLVED,4891.528919986613,12
200405,13010170102,LIMON SUTIL,LIMON SUTIL,2023,216.0,25.0,0.0,1.933240740740741,25.0,8.64,UNRESOLVED,4891.528919986613,12
200405,13010210000,MANGO,MANGO,2016,585.0,39.0,0.0,0.8200000000000001,39.0,15.0,UNRESOLVED,4891.528919986613,12
200405,13010210000,MANGO,MANGO,2017,418.0,39.0,0.0,1.206842105263158,39.0,10.717948717948717,UNRESOLVED,4891.528919986613,12
200405,13010210000,MANGO,MANGO,2018,549.0,39.0,0.0,0.61591985428051,39.0,14.076923076923077,UNRESOLVED,4891.528919986613,12
200405,13010210000,MANGO,MANGO,2019,517.0,39.0,0.0,0.8711798839458413,39.0,13.256410256410257,UNRESOLVED,4891.528919986613,12
200405,13010210000,MANGO,MANGO,2020,663.0,39.0,0.0,1.3879336349924587,39.0,17.0,UNRESOLVED,4891.528919986613,12
200405,13010210000,MANGO,MANGO,2021,578.0,39.0,0.0,0.9978373702422145,39.0,14.820512820512821,UNRESOLVED,4891.528919986613,12
200405,13010210000,MANGO,MANGO,2022,476.0,39.0,0.0,1.2084453781512605,39.0,12.205128205128204,UNRESOLVED,4891.528919986613,12
200405,13010210000,MANGO,MANGO,2023,468.0,39.0,0.0,2.006666666666667,39.0,12.0,UNRESOLVED,4891.528919986613,12
200405,14010020000,ARROZ,ARROZ,2016,8000.0,1000.0,1000.0,1.025,0.0,8.0,UNRESOLVED,4891.528919986613,7
200405,14010020000,ARROZ,ARROZ,2017,8000.0,1000.0,1000.0,1.1075,0.0,8.0,UNRESOLVED,4891.528919986613,7
200405,14010020000,ARROZ,ARROZ,2018,7176.0,1000.0,1002.0,1.0,2.0,7.176,UNRESOLVED,4891.528919986613,11
200405,14010020000,ARROZ,ARROZ,2019,8000.0,1002.0,1000.0,0.962,0.0,7.984031936127744,UNRESOLVED,4891.528919986613,7
200405,14010020000,ARROZ,ARROZ,2020,8032.0,1000.0,1000.0,1.2497211155378487,0.0,8.032,UNRESOLVED,4891.528919986613,7
200405,14010020000,ARROZ,ARROZ,2021,8795.0,1050.0,1050.0,1.1499999999999997,0.0,8.376190476190477,UNRESOLVED,4891.528919986613,7
200405,14010020000,ARROZ,ARROZ,2022,6905.0,920.0,930.0,1.413222302679218,0.0,7.505434782608695,UNRESOLVED,4891.528919986613,6
200405,14010020000,ARROZ,ARROZ,2023,4960.0,760.0,800.0,1.3165322580645162,0.0,6.526315789473684,UNRESOLVED,4891.528919986613,7
200405,14010070000,MAIZ AMARILLO DURO,MAIZ AMARILLO DURO,2016,1700.0,340.0,320.0,0.9029411764705882,0.0,5.0,UNRESOLVED,4891.528919986613,11
200405,14010070000,MAIZ AMARILLO DURO,MAIZ AMARILLO DURO,2017,800.0,200.0,200.0,1.0,0.0,4.0,UNRESOLVED,4891.528919986613,5
200405,14010070000,MAIZ AMARILLO DURO,MAIZ AMARILLO DURO,2018,500.0,100.0,106.0,1.0,6.0,5.0,UNRESOLVED,4891.528919986613,10
200405,14010070000,MAIZ AMARILLO DURO,MAIZ AMARILLO DURO,2019,1530.0,306.0,305.0,0.8,5.0,5.0,UNRESOLVED,4891.528919986613,12
200405,14010070000,MAIZ AMARILLO DURO,MAIZ AMARILLO DURO,2020,475.0,95.0,90.0,1.0,0.0,5.0,UNRESOLVED,4891.528919986613,6
200405,14010070000,MAIZ AMARILLO DURO,MAIZ AMARILLO DURO,2021,510.0,85.0,150.0,1.0,65.0,6.0,UNRESOLVED,4891.528919986613,12
200405,14010070000,MAIZ AMARILLO DURO,MAIZ AMARILLO DURO,2022,188.0,33.0,35.0,1.202659574468085,0.0,5.696969696969697,UNRESOLVED,4891.528919986613,12
200405,14010070000,MAIZ AMARILLO DURO,MAIZ AMARILLO DURO,2023,400.0,80.0,130.0,1.7,0.0,5.0,UNRESOLVED,4891.528919986613,5
200405,15010040000,PLATANOS Y BANANAS,PLATANOS Y BANANAS PARA COCCI N (M X paradisiaca),2016,3420.0,200.0,0.0,0.7862573099415204,200.0,17.1,UNRESOLVED,4891.528919986613,12
200405,15010040000,PLATANOS Y BANANAS,PLATANOS Y BANANAS PARA COCCI N (M X paradisiaca),2017,2739.0,200.0,0.0,0.9810295728368017,200.0,13.695,UNRESOLVED,4891.528919986613,12
200405,15010040000,PLATANOS Y BANANAS,PLATANOS Y BANANAS PARA COCCI N (M X paradisiaca),2018,3701.0,78.0,30.0,1.0314914887868145,230.0,47.44871794871795,UNRESOLVED,4891.528919986613,12
200405,15010040000,PLATANOS Y BANANAS,PLATANOS Y BANANAS PARA COCCI N (M X paradisiaca),2019,4357.0,230.0,0.0,1.4885815928391095,230.0,18.943478260869565,UNRESOLVED,4891.528919986613,12
200405,15010040000,PLATANOS Y BANANAS,PLATANOS Y BANANAS PARA COCCI N (M X paradisiaca),2020,4584.0,230.0,0.0,1.5614419720767887,230.0,19.930434782608696,UNRESOLVED,4891.528919986613,12
200405,15010040000,PLATANOS Y BANANAS,PLATANOS Y BANANAS PARA COCCI N (M X paradisiaca),2021,5159.0,230.0,0.0,1.4779046326807521,230.0,22.430434782608696,UNRESOLVED,4891.528919986613,12
200405,15010040000,PLATANOS Y BANANAS,PLATANOS Y BANANAS PARA COCCI N (M X paradisiaca),2022,4961.0,228.0,2.0,1.8617556944164484,230.0,21.75877192982456,UNRESOLVED,4891.528919986613,12
200405,15010040000,PLATANOS Y BANANAS,PLATANOS Y BANANAS PARA COCCI N (M X paradisiaca),2023,5213.0,198.0,8.0,2.2240399002493767,198.0,26.328282828282827,UNRESOLVED,4891.528919986613,12
200406,13010170102,LIMON SUTIL,LIMON SUTIL,2016,2085.0,188.0,0.0,0.6484412470023981,188.0,11.090425531914894,UNRESOLVED,3977.04111461619,12
200406,13010170102,LIMON SUTIL,LIMON SUTIL,2017,1319.0,188.0,0.0,0.8295451099317666,188.0,7.01595744680851,UNRESOLVED,3977.04111461619,12
200406,13010170102,LIMON SUTIL,LIMON SUTIL,2018,1346.0,188.0,0.0,0.697741456166419,188.0,7.159574468085107,UNRESOLVED,3977.04111461619,12
200406,13010170102,LIMON SUTIL,LIMON SUTIL,2019,1393.0,188.0,0.0,0.7281765972720746,188.0,7.409574468085107,UNRESOLVED,3977.04111461619,12
200406,13010170102,LIMON SUTIL,LIMON SUTIL,2020,1467.0,188.0,0.0,0.9196659850034083,188.0,7.803191489361702,UNRESOLVED,3977.04111461619,12
200406,13010170102,LIMON SUTIL,LIMON SUTIL,2021,517.0,188.0,0.0,1.1906769825918762,188.0,2.75,UNRESOLVED,3977.04111461619,12
200406,13010170102,LIMON SUTIL,LIMON SUTIL,2022,2052.0,188.0,0.0,1.283001949317739,188.0,10.914893617021276,UNRESOLVED,3977.04111461619,12
200406,13010170102,LIMON SUTIL,LIMON SUTIL,2023,1361.0,188.0,0.0,1.878119030124908,188.0,7.23936170212766,UNRESOLVED,3977.04111461619,12
200406,13010210000,MANGO,MANGO,2016,1039.0,224.0,33.0,0.5993262752646776,224.0,4.638392857142857,UNRESOLVED,3977.04111461619,12
200406,13010210000,MANGO,MANGO,2017,1549.0,224.0,0.0,0.5106778566817302,224.0,6.915178571428571,UNRESOLVED,3977.04111461619,12
200406,13010210000,MANGO,MANGO,2018,798.0,224.0,0.0,0.48214285714285715,224.0,3.5625,UNRESOLVED,3977.04111461619,12
200406,13010210000,MANGO,MANGO,2019,875.0,224.0,0.0,1.2938285714285713,224.0,3.90625,UNRESOLVED,3977.04111461619,12
200406,13010210000,MANGO,MANGO,2020,1157.0,224.0,0.0,1.7626620570440796,224.0,5.165178571428571,UNRESOLVED,3977.04111461619,12
200406,13010210000,MANGO,MANGO,2021,3260.0,224.0,0.0,1.1211901840490797,224.0,14.553571428571429,UNRESOLVED,3977.04111461619,12
200406,13010210000,MANGO,MANGO,2022,3123.0,224.0,0.0,1.06283381364073,224.0,13.941964285714286,UNRESOLVED,3977.04111461619,12
200406,13010210000,MANGO,MANGO,2023,1307.0,224.0,0.0,1.7911247130833972,224.0,5.834821428571429,UNRESOLVED,3977.04111461619,12
200406,14010020000,ARROZ,ARROZ,2016,780.0,120.0,120.0,1.1,0.0,6.5,UNRESOLVED,3977.04111461619,6
200406,14010020000,ARROZ,ARROZ,2017,160.0,22.0,25.0,1.5665,0.0,7.2727272727272725,UNRESOLVED,3977.04111461619,6
200406,14010020000,ARROZ,ARROZ,2018,875.0,110.0,110.0,1.0,0.0,7.954545454545454,UNRESOLVED,3977.04111461619,7
200406,14010020000,ARROZ,ARROZ,2019,705.0,120.0,120.0,0.95,0.0,5.875,UNRESOLVED,3977.04111461619,6
200406,14010020000,ARROZ,ARROZ,2020,280.0,40.0,40.0,1.2,0.0,7.0,UNRESOLVED,3977.04111461619,5
200406,14010020000,ARROZ,ARROZ,2021,480.0,80.0,80.0,1.15,0.0,6.0,UNRESOLVED,3977.04111461619,6
200406,14010020000,ARROZ,ARROZ,2022,1200.0,150.0,150.0,1.4446666666666665,0.0,8.0,UNRESOLVED,3977.04111461619,7
200406,14010020000,ARROZ,ARROZ,2023,786.0,150.0,150.0,1.384732824427481,0.0,5.24,UNRESOLVED,3977.04111461619,7
200406,14010070000,MAIZ AMARILLO DURO,MAIZ AMARILLO DURO,2016,1215.0,230.0,150.0,1.1049382716049383,6.0,5.282608695652174,UNRESOLVED,3977.04111461619,12
200406,14010070000,MAIZ AMARILLO DURO,MAIZ AMARILLO DURO,2017,505.0,95.0,115.0,0.9358811881188119,0.0,5.315789473684211,UNRESOLVED,3977.04111461619,11
200406,14010070000,MAIZ AMARILLO DURO,MAIZ AMARILLO DURO,2018,440.0,110.0,110.0,0.8,0.0,4.0,UNRESOLVED,3977.04111461619,7
200406,14010070000,MAIZ AMARILLO DURO,MAIZ AMARILLO DURO,2019,1320.0,220.0,220.0,0.9090909090909091,0.0,6.0,UNRESOLVED,3977.04111461619,6
200406,14010070000,MAIZ AMARILLO DURO,MAIZ AMARILLO DURO,2020,650.0,110.0,110.0,1.0184615384615385,0.0,5.909090909090909,UNRESOLVED,3977.04111461619,7
200406,14010070000,MAIZ AMARILLO DURO,MAIZ AMARILLO DURO,2021,91.0,22.0,60.0,1.2914285714285716,38.0,4.136363636363637,UNRESOLVED,3977.04111461619,12
200406,14010070000,MAIZ AMARILLO DURO,MAIZ AMARILLO DURO,2022,1156.0,210.0,210.0,1.4842820069204152,0.0,5.504761904761905,UNRESOLVED,3977.04111461619,11
200406,14010070000,MAIZ AMARILLO DURO,MAIZ AMARILLO DURO,2023,1075.0,215.0,318.0,1.7,98.0,5.0,UNRESOLVED,3977.04111461619,9
200406,15010040000,PLATANOS Y BANANAS,PLATANOS Y BANANAS PARA COCCI N (M X paradisiaca),2016,3340.0,182.0,0.0,0.7014071856287425,182.0,18.35164835164835,UNRESOLVED,3977.04111461619,12
200406,15010040000,PLATANOS Y BANANAS,PLATANOS Y BANANAS PARA COCCI N (M X paradisiaca),2017,3342.0,182.0,0.0,0.8161340514661879,182.0,18.36263736263736,UNRESOLVED,3977.04111461619,12
200406,15010040000,PLATANOS Y BANANAS,PLATANOS Y BANANAS PARA COCCI N (M X paradisiaca),2018,3211.0,182.0,0.0,0.9019588913111181,182.0,17.642857142857142,UNRESOLVED,3977.04111461619,12
200406,15010040000,PLATANOS Y BANANAS,PLATANOS Y BANANAS PARA COCCI N (M X paradisiaca),2019,3204.0,182.0,0.0,0.7291666666666666,182.0,17.604395604395606,UNRESOLVED,3977.04111461619,12
200406,15010040000,PLATANOS Y BANANAS,PLATANOS Y BANANAS PARA COCCI N (M X paradisiaca),2020,2988.0,182.0,0.0,0.8128915662650603,182.0,16.417582417582416,UNRESOLVED,3977.04111461619,12
200406,15010040000,PLATANOS Y BANANAS,PLATANOS Y BANANAS PARA COCCI N (M X paradisiaca),2021,3372.0,182.0,0.0,0.9140628706998813,182.0,18.52747252747253,UNRESOLVED,3977.04111461619,12
200406,15010040000,PLATANOS Y BANANAS,PLATANOS Y BANANAS PARA COCCI N (M X paradisiaca),2022,3726.0,182.0,0.0,1.4331937734836286,182.0,20.47252747252747,UNRESOLVED,3977.04111461619,12
200406,15010040000,PLATANOS Y BANANAS,PLATANOS Y BANANAS PARA COCCI N (M X paradisiaca),2023,1950.0,172.0,0.0,2.1844,172.0,11.337209302325581,UNRESOLVED,3977.04111461619,12
200407,13010170102,LIMON SUTIL,LIMON SUTIL,2016,925.0,80.0,0.0,0.6563243243243243,80.0,11.5625,UNRESOLVED,5083.874103909642,12
200407,13010170102,LIMON SUTIL,LIMON SUTIL,2017,589.0,80.0,0.0,0.8285568760611205,80.0,7.3625,UNRESOLVED,5083.874103909642,12
200407,13010170102,LIMON SUTIL,LIMON SUTIL,2018,621.0,80.0,0.0,0.7546537842190015,80.0,7.7625,UNRESOLVED,5083.874103909642,12
200407,13010170102,LIMON SUTIL,LIMON SUTIL,2019,560.0,80.0,4.0,0.7458035714285713,84.0,7.0,UNRESOLVED,5083.874103909642,12
200407,13010170102,LIMON SUTIL,LIMON SUTIL,2020,581.0,80.0,0.0,0.9517211703958692,84.0,7.2625,UNRESOLVED,5083.874103909642,12
200407,13010170102,LIMON SUTIL,LIMON SUTIL,2021,785.0,80.0,0.0,1.017171974522293,84.0,9.8125,UNRESOLVED,5083.874103909642,12
200407,13010170102,LIMON SUTIL,LIMON SUTIL,2022,911.0,80.0,0.0,1.2977716794731065,84.0,11.3875,UNRESOLVED,5083.874103909642,12
200407,13010170102,LIMON SUTIL,LIMON SUTIL,2023,571.0,78.0,0.0,1.7208231173380035,82.0,7.32051282051282,UNRESOLVED,5083.874103909642,12
200407,13010210000,MANGO,MANGO,2016,760.0,168.0,0.0,0.6018421052631578,168.0,4.523809523809524,UNRESOLVED,5083.874103909642,12
200407,13010210000,MANGO,MANGO,2017,1153.0,168.0,0.0,0.44949696444058973,168.0,6.863095238095238,UNRESOLVED,5083.874103909642,12
200407,13010210000,MANGO,MANGO,2018,255.0,168.0,0.0,0.5476862745098039,168.0,1.5178571428571428,UNRESOLVED,5083.874103909642,12
200407,13010210000,MANGO,MANGO,2019,378.0,168.0,0.0,0.8835978835978836,168.0,2.25,UNRESOLVED,5083.874103909642,12
200407,13010210000,MANGO,MANGO,2020,925.0,168.0,0.0,1.8132432432432433,168.0,5.505952380952381,UNRESOLVED,5083.874103909642,12
200407,13010210000,MANGO,MANGO,2021,1348.0,168.0,0.0,1.066127596439169,168.0,8.023809523809524,UNRESOLVED,5083.874103909642,12
200407,13010210000,MANGO,MANGO,2022,2323.0,168.0,0.0,1.0456693930262593,168.0,13.827380952380953,UNRESOLVED,5083.874103909642,12
200407,13010210000,MANGO,MANGO,2023,1272.0,168.0,0.0,2.069182389937107,208.0,7.571428571428571,UNRESOLVED,5083.874103909642,12
200407,14010020000,ARROZ,ARROZ,2016,6772.0,1062.0,1068.0,1.0739958653278205,0.0,6.376647834274953,UNRESOLVED,5083.874103909642,7
200407,14010020000,ARROZ,ARROZ,2017,5058.0,670.0,750.0,1.6351008303677343,0.0,7.549253731343284,UNRESOLVED,5083.874103909642,6
200407,14010020000,ARROZ,ARROZ,2018,8400.0,1050.0,1050.0,1.0,0.0,8.0,UNRESOLVED,5083.874103909642,7
200407,14010020000,ARROZ,ARROZ,2019,7360.0,1100.0,1100.0,0.95,0.0,6.6909090909090905,UNRESOLVED,5083.874103909642,6
200407,14010020000,ARROZ,ARROZ,2020,6650.0,950.0,950.0,1.211578947368421,0.0,7.0,UNRESOLVED,5083.874103909642,7
200407,14010020000,ARROZ,ARROZ,2021,6165.0,850.0,890.0,1.15,40.0,7.252941176470588,UNRESOLVED,5083.874103909642,12
200407,14010020000,ARROZ,ARROZ,2022,8080.0,1010.0,1010.0,1.436138613861386,0.0,8.0,UNRESOLVED,5083.874103909642,7
200407,14010020000,ARROZ,ARROZ,2023,6355.0,1180.0,1210.0,1.3247049567269866,0.0,5.385593220338983,UNRESOLVED,5083.874103909642,11
200407,14010070000,MAIZ AMARILLO DURO,MAIZ AMARILLO DURO,2016,900.0,200.0,200.0,1.0,0.0,4.5,UNRESOLVED,5083.874103909642,6
200407,14010070000,MAIZ AMARILLO DURO,MAIZ AMARILLO DURO,2017,1969.0,460.0,460.0,0.86,0.0,4.280434782608696,UNRESOLVED,5083.874103909642,10
200407,14010070000,MAIZ AMARILLO DURO,MAIZ AMARILLO DURO,2018,480.0,120.0,120.0,0.8,0.0,4.0,UNRESOLVED,5083.874103909642,6
200407,14010070000,MAIZ AMARILLO DURO,MAIZ AMARILLO DURO,2019,860.0,150.0,150.0,0.8255813953488372,0.0,5.733333333333333,UNRESOLVED,5083.874103909642,6
200407,14010070000,MAIZ AMARILLO DURO,MAIZ AMARILLO DURO,2020,389.0,70.0,70.0,1.0,0.0,5.557142857142857,UNRESOLVED,5083.874103909642,5
200407,14010070000,MAIZ AMARILLO DURO,MAIZ AMARILLO DURO,2021,155.0,40.0,55.0,1.350967741935484,15.0,3.875,UNRESOLVED,5083.874103909642,12
200407,14010070000,MAIZ AMARILLO DURO,MAIZ AMARILLO DURO,2022,963.0,175.0,175.0,1.51,15.0,5.502857142857143,UNRESOLVED,5083.874103909642,12
200407,14010070000,MAIZ AMARILLO DURO,MAIZ AMARILLO DURO,2023,922.0,162.0,180.0,1.7219088937093274,15.0,5.691358024691358,UNRESOLVED,5083.874103909642,9
200407,15010040000,PLATANOS Y BANANAS,PLATANOS Y BANANAS PARA COCCI N (M X paradisiaca),2016,1284.0,78.0,17.0,0.5448909657320872,78.0,16.46153846153846,UNRESOLVED,5083.874103909642,12
200407,15010040000,PLATANOS Y BANANAS,PLATANOS Y BANANAS PARA COCCI N (M X paradisiaca),2017,1152.0,78.0,0.0,0.7598958333333334,78.0,14.76923076923077,UNRESOLVED,5083.874103909642,12
200407,15010040000,PLATANOS Y BANANAS,PLATANOS Y BANANAS PARA COCCI N (M X paradisiaca),2018,982.0,78.0,0.0,0.930040733197556,78.0,12.58974358974359,UNRESOLVED,5083.874103909642,12
200407,15010040000,PLATANOS Y BANANAS,PLATANOS Y BANANAS PARA COCCI N (M X paradisiaca),2019,1128.0,78.0,0.0,0.7257978723404256,78.0,14.461538461538462,UNRESOLVED,5083.874103909642,12
200407,15010040000,PLATANOS Y BANANAS,PLATANOS Y BANANAS PARA COCCI N (M X paradisiaca),2020,1064.0,78.0,0.0,0.8587875939849624,78.0,13.64102564102564,UNRESOLVED,5083.874103909642,12
200407,15010040000,PLATANOS Y BANANAS,PLATANOS Y BANANAS PARA COCCI N (M X paradisiaca),2021,1035.0,78.0,0.0,0.897913043478261,78.0,13.26923076923077,UNRESOLVED,5083.874103909642,12
200407,15010040000,PLATANOS Y BANANAS,PLATANOS Y BANANAS PARA COCCI N (M X paradisiaca),2022,1089.0,78.0,0.0,1.2756290174471994,78.0,13.961538461538462,UNRESOLVED,5083.874103909642,12
200407,15010040000,PLATANOS Y BANANAS,PLATANOS Y BANANAS PARA COCCI N (M X paradisiaca),2023,700.0,69.0,0.0,2.112414285714286,69.0,10.144927536231885,UNRESOLVED,5083.874103909642,12
200408,14010020000,ARROZ,ARROZ,2016,2250.0,450.0,450.0,1.0,0.0,5.0,UNRESOLVED,4287.173399957092,7
200408,14010020000,ARROZ,ARROZ,2017,2084.0,334.0,450.0,1.3999999999999997,0.0,6.2395209580838324,UNRESOLVED,4287.173399957092,7
200408,14010020000,ARROZ,ARROZ,2018,2700.0,450.0,450.0,1.6666666666666667,0.0,6.0,UNRESOLVED,4287.173399957092,6
200408,14010020000,ARROZ,ARROZ,2019,2700.0,450.0,450.0,1.3666666666666667,0.0,6.0,UNRESOLVED,4287.173399957092,7
200408,14010020000,ARROZ,ARROZ,2020,2700.0,450.0,450.0,1.2,0.0,6.0,UNRESOLVED,4287.173399957092,7
200408,14010020000,ARROZ,ARROZ,2021,2250.0,450.0,450.0,1.3,0.0,5.0,UNRESOLVED,4287.173399957092,7
200408,14010020000,ARROZ,ARROZ,2022,2700.0,450.0,450.0,2.51,0.0,6.0,UNRESOLVED,4287.173399957092,7
200408,14010020000,ARROZ,ARROZ,2023,2700.0,450.0,450.0,2.278888888888889,0.0,6.0,UNRESOLVED,4287.173399957092,7
200408,14010070000,MAIZ AMARILLO DURO,MAIZ AMARILLO DURO,2016,250.0,250.0,275.0,0.88,25.0,1.0,UNRESOLVED,4287.173399957092,12
200408,14010070000,MAIZ AMARILLO DURO,MAIZ AMARILLO DURO,2017,487.0,212.0,280.0,1.0,25.0,2.297169811320755,UNRESOLVED,4287.173399957092,12
200408,14010070000,MAIZ AMARILLO DURO,MAIZ AMARILLO DURO,2018,364.0,309.0,334.0,0.875,50.0,1.1779935275080906,UNRESOLVED,4287.173399957092,12
200408,14010070000,MAIZ AMARILLO DURO,MAIZ AMARILLO DURO,2019,794.0,300.0,286.0,0.9637279596977331,36.0,2.6466666666666665,UNRESOLVED,4287.173399957092,12
200408,14010070000,MAIZ AMARILLO DURO,MAIZ AMARILLO DURO,2020,432.0,276.0,240.0,0.9,0.0,1.565217391304348,UNRESOLVED,4287.173399957092,8
200408,14010070000,MAIZ AMARILLO DURO,MAIZ AMARILLO DURO,2021,234.0,260.0,260.0,1.0423076923076924,0.0,0.9,UNRESOLVED,4287.173399957092,7
200408,14010070000,MAIZ AMARILLO DURO,MAIZ AMARILLO DURO,2022,160.0,250.0,250.0,1.4125,0.0,0.64,UNRESOLVED,4287.173399957092,8
200408,14010070000,MAIZ AMARILLO DURO,MAIZ AMARILLO DURO,2023,550.0,280.0,280.0,1.5,0.0,1.9642857142857142,UNRESOLVED,4287.173399957092,8
200408,15010040000,PLATANOS Y BANANAS,PLATANOS Y BANANAS PARA COCCI N (M X paradisiaca),2016,125.0,25.0,0.0,0.332,25.0,5.0,UNRESOLVED,4287.173399957092,12
200408,15010040000,PLATANOS Y BANANAS,PLATANOS Y BANANAS PARA COCCI N (M X paradisiaca),2017,164.0,25.0,0.0,0.5603658536585366,25.0,6.56,UNRESOLVED,4287.173399957092,12
200408,15010040000,PLATANOS Y BANANAS,PLATANOS Y BANANAS PARA COCCI N (M X paradisiaca),2018,160.0,25.0,0.0,0.68875,25.0,6.4,UNRESOLVED,4287.173399957092,12
200408,15010040000,PLATANOS Y BANANAS,PLATANOS Y BANANAS PARA COCCI N (M X paradisiaca),2019,140.0,25.0,0.0,0.42142857142857143,25.0,5.6,UNRESOLVED,4287.173399957092,12
200408,15010040000,PLATANOS Y BANANAS,PLATANOS Y BANANAS PARA COCCI N (M X paradisiaca),2020,169.0,25.0,0.0,0.4579881656804734,25.0,6.76,UNRESOLVED,4287.173399957092,12
200408,15010040000,PLATANOS Y BANANAS,PLATANOS Y BANANAS PARA COCCI N (M X paradisiaca),2021,136.0,25.0,0.0,0.5096323529411765,25.0,5.44,UNRESOLVED,4287.173399957092,12
200408,15010040000,PLATANOS Y BANANAS,PLATANOS Y BANANAS PARA COCCI N (M X paradisiaca),2022,135.0,25.0,10.0,0.7185925925925927,35.0,5.4,UNRESOLVED,4287.173399957092,12
200408,15010040000,PLATANOS Y BANANAS,PLATANOS Y BANANAS PARA COCCI N (M X paradisiaca),2023,142.0,35.0,0.0,0.7987323943661971,35.0,4.057142857142857,UNRESOLVED,4287.173399957092,12
200409,13010170102,LIMON SUTIL,LIMON SUTIL,2016,5.0,6.0,0.0,1.0,6.0,0.8333333333333334,UNRESOLVED,10281.371935055533,12
200409,13010170102,LIMON SUTIL,LIMON SUTIL,2017,20.0,6.0,0.0,0.7,6.0,3.3333333333333335,UNRESOLVED,10281.371935055533,12
200409,13010170102,LIMON SUTIL,LIMON SUTIL,2018,20.0,6.0,0.0,1.375,6.0,3.3333333333333335,UNRESOLVED,10281.371935055533,12
200409,13010170102,LIMON SUTIL,LIMON SUTIL,2019,9.0,6.0,0.0,0.5555555555555556,5.0,1.5,UNRESOLVED,10281.371935055533,12
200409,13010170102,LIMON SUTIL,LIMON SUTIL,2020,4.0,5.0,0.0,0.5,5.0,0.8,UNRESOLVED,10281.371935055533,12
200409,13010170102,LIMON SUTIL,LIMON SUTIL,2021,4.0,5.0,0.0,0.8,5.0,0.8,UNRESOLVED,10281.371935055533,12
200409,13010170102,LIMON SUTIL,LIMON SUTIL,2022,2.0,5.0,0.0,1.0,5.0,0.4,UNRESOLVED,10281.371935055533,12
200409,13010170102,LIMON SUTIL,LIMON SUTIL,2023,15.0,5.0,0.0,2.0,5.0,3.0,UNRESOLVED,10281.371935055533,12
200409,14010020000,ARROZ,ARROZ,2016,144.0,32.0,32.0,1.3,0.0,4.5,UNRESOLVED,10281.371935055533,6
200409,14010020000,ARROZ,ARROZ,2017,168.0,28.0,28.0,1.8000000000000003,0.0,6.0,UNRESOLVED,10281.371935055533,6
200409,14010020000,ARROZ,ARROZ,2018,222.0,37.0,37.0,1.8,0.0,6.0,UNRESOLVED,10281.371935055533,5
200409,14010020000,ARROZ,ARROZ,2019,264.0,44.0,44.0,1.5,0.0,6.0,UNRESOLVED,10281.371935055533,5
200409,14010020000,ARROZ,ARROZ,2020,150.0,25.0,25.0,1.2,0.0,6.0,UNRESOLVED,10281.371935055533,4
200409,14010020000,ARROZ,ARROZ,2022,180.0,30.0,30.0,1.81,0.0,6.0,UNRESOLVED,10281.371935055533,7
200409,14010020000,ARROZ,ARROZ,2023,90.0,15.0,15.0,1.21,0.0,6.0,UNRESOLVED,10281.371935055533,6
200409,14010070000,MAIZ AMARILLO DURO,MAIZ AMARILLO DURO,2016,730.0,365.0,365.0,1.0701369863013699,0.0,2.0,UNRESOLVED,10281.371935055533,8
200409,14010070000,MAIZ AMARILLO DURO,MAIZ AMARILLO DURO,2017,522.0,348.0,348.0,1.0,0.0,1.5,UNRESOLVED,10281.371935055533,7
200409,14010070000,MAIZ AMARILLO DURO,MAIZ AMARILLO DURO,2018,168.0,84.0,372.0,1.2,0.0,2.0,UNRESOLVED,10281.371935055533,11
200409,14010070000,MAIZ AMARILLO DURO,MAIZ AMARILLO DURO,2019,90.0,60.0,60.0,1.2,0.0,1.5,UNRESOLVED,10281.371935055533,5
200409,14010070000,MAIZ AMARILLO DURO,MAIZ AMARILLO DURO,2020,780.0,520.0,520.0,1.5,0.0,1.5,UNRESOLVED,10281.371935055533,6
200409,14010070000,MAIZ AMARILLO DURO,MAIZ AMARILLO DURO,2021,504.0,336.0,336.0,1.279047619047619,0.0,1.5,UNRESOLVED,10281.371935055533,7
200409,14010070000,MAIZ AMARILLO DURO,MAIZ AMARILLO DURO,2022,495.0,330.0,330.0,1.6372727272727274,0.0,1.5,UNRESOLVED,10281.371935055533,7
200409,14010070000,MAIZ AMARILLO DURO,MAIZ AMARILLO DURO,2023,270.0,210.0,210.0,1.5,0.0,1.2857142857142858,UNRESOLVED,10281.371935055533,11
200409,15010040000,PLATANOS Y BANANAS,PLATANOS Y BANANAS PARA COCCI N (M X paradisiaca),2016,66.0,78.0,0.0,0.2742424242424243,78.0,0.8461538461538461,UNRESOLVED,10281.371935055533,12
200409,15010040000,PLATANOS Y BANANAS,PLATANOS Y BANANAS PARA COCCI N (M X paradisiaca),2017,162.0,78.0,0.0,0.2388888888888889,78.0,2.076923076923077,UNRESOLVED,10281.371935055533,12
200409,15010040000,PLATANOS Y BANANAS,PLATANOS Y BANANAS PARA COCCI N (M X paradisiaca),2018,97.0,78.0,0.0,0.7835051546391752,78.0,1.2435897435897436,UNRESOLVED,10281.371935055533,12
200409,15010040000,PLATANOS Y BANANAS,PLATANOS Y BANANAS PARA COCCI N (M X paradisiaca),2019,92.0,78.0,0.0,0.8858695652173914,78.0,1.1794871794871795,UNRESOLVED,10281.371935055533,12
200409,15010040000,PLATANOS Y BANANAS,PLATANOS Y BANANAS PARA COCCI N (M X paradisiaca),2020,97.0,78.0,0.0,1.0041237113402062,78.0,1.2435897435897436,UNRESOLVED,10281.371935055533,12
200409,15010040000,PLATANOS Y BANANAS,PLATANOS Y BANANAS PARA COCCI N (M X paradisiaca),2021,127.0,78.0,0.0,0.9189763779527559,78.0,1.6282051282051282,UNRESOLVED,10281.371935055533,12
200409,15010040000,PLATANOS Y BANANAS,PLATANOS Y BANANAS PARA COCCI N (M X paradisiaca),2022,122.0,78.0,0.0,0.9979508196721312,78.0,1.564102564102564,UNRESOLVED,10281.371935055533,12
200409,15010040000,PLATANOS Y BANANAS,PLATANOS Y BANANAS PARA COCCI N (M X paradisiaca),2023,75.0,78.0,0.0,1.0653333333333335,78.0,0.9615384615384616,UNRESOLVED,10281.371935055533,12
200410,14010020000,ARROZ,ARROZ,2016,700.0,100.0,100.0,1.025,0.0,7.0,UNRESOLVED,12748.107669420984,6
200410,14010020000,ARROZ,ARROZ,2017,730.0,100.0,100.0,1.1719178082191781,0.0,7.3,UNRESOLVED,12748.107669420984,6
200410,14010020000,ARROZ,ARROZ,2018,728.0,100.0,100.0,1.0,0.0,7.28,UNRESOLVED,12748.107669420984,6
200410,14010020000,ARROZ,ARROZ,2019,700.0,100.0,100.0,1.0,0.0,7.0,UNRESOLVED,12748.107669420984,6
200410,14010020000,ARROZ,ARROZ,2020,700.0,100.0,100.0,1.32,0.0,7.0,UNRESOLVED,12748.107669420984,6
200410,14010020000,ARROZ,ARROZ,2021,770.0,110.0,110.0,1.15,0.0,7.0,UNRESOLVED,12748.107669420984,6
200410,14010020000,ARROZ,ARROZ,2022,280.0,40.0,40.0,1.43,0.0,7.0,UNRESOLVED,12748.107669420984,5
200410,14010020000,ARROZ,ARROZ,2023,366.0,60.0,80.0,1.3252459016393443,0.0,6.1,UNRESOLVED,12748.107669420984,6
200410,14010070000,MAIZ AMARILLO DURO,MAIZ AMARILLO DURO,2016,280.0,70.0,70.0,0.9228571428571428,0.0,4.0,UNRESOLVED,12748.107669420984,7
200410,14010070000,MAIZ AMARILLO DURO,MAIZ AMARILLO DURO,2017,400.0,100.0,100.0,1.0,0.0,4.0,UNRESOLVED,12748.107669420984,6
200410,14010070000,MAIZ AMARILLO DURO,MAIZ AMARILLO DURO,2018,400.0,80.0,80.0,1.0,0.0,5.0,UNRESOLVED,12748.107669420984,7
200410,14010070000,MAIZ AMARILLO DURO,MAIZ AMARILLO DURO,2019,730.0,130.0,130.0,0.8684931506849315,0.0,5.615384615384615,UNRESOLVED,12748.107669420984,6
200410,14010070000,MAIZ AMARILLO DURO,MAIZ AMARILLO DURO,2020,500.0,100.0,150.0,1.2,50.0,5.0,UNRESOLVED,12748.107669420984,7
200410,14010070000,MAIZ AMARILLO DURO,MAIZ AMARILLO DURO,2021,750.0,150.0,140.0,1.0,40.0,5.0,UNRESOLVED,12748.107669420984,7
200410,14010070000,MAIZ AMARILLO DURO,MAIZ AMARILLO DURO,2022,1000.0,200.0,160.0,1.0,0.0,5.0,UNRESOLVED,12748.107669420984,6
200410,14010070000,MAIZ AMARILLO DURO,MAIZ AMARILLO DURO,2023,650.0,130.0,180.0,1.8884615384615384,0.0,5.0,UNRESOLVED,12748.107669420984,6
200410,15010040000,PLATANOS Y BANANAS,PLATANOS Y BANANAS PARA COCCI N (M X paradisiaca),2016,1320.0,100.0,0.0,0.7545454545454545,100.0,13.2,UNRESOLVED,12748.107669420984,12
200410,15010040000,PLATANOS Y BANANAS,PLATANOS Y BANANAS PARA COCCI N (M X paradisiaca),2017,1200.0,100.0,0.0,0.87,100.0,12.0,UNRESOLVED,12748.107669420984,12
200410,15010040000,PLATANOS Y BANANAS,PLATANOS Y BANANAS PARA COCCI N (M X paradisiaca),2018,1460.0,100.0,0.0,0.7652054794520549,100.0,14.6,UNRESOLVED,12748.107669420984,12
200410,15010040000,PLATANOS Y BANANAS,PLATANOS Y BANANAS PARA COCCI N (M X paradisiaca),2019,1435.0,100.0,0.0,1.0,100.0,14.35,UNRESOLVED,12748.107669420984,12
200410,15010040000,PLATANOS Y BANANAS,PLATANOS Y BANANAS PARA COCCI N (M X paradisiaca),2020,1589.0,100.0,0.0,0.9133417243549402,100.0,15.89,UNRESOLVED,12748.107669420984,12
200410,15010040000,PLATANOS Y BANANAS,PLATANOS Y BANANAS PARA COCCI N (M X paradisiaca),2021,1522.0,100.0,0.0,1.0184625492772668,100.0,15.22,UNRESOLVED,12748.107669420984,12
200410,15010040000,PLATANOS Y BANANAS,PLATANOS Y BANANAS PARA COCCI N (M X paradisiaca),2022,1445.0,100.0,0.0,1.067923875432526,100.0,14.45,UNRESOLVED,12748.107669420984,12
200410,15010040000,PLATANOS Y BANANAS,PLATANOS Y BANANAS PARA COCCI N (M X paradisiaca),2023,1267.0,100.0,0.0,1.6469850039463299,100.0,12.67,UNRESOLVED,12748.107669420984,12
200502,14010020000,ARROZ,ARROZ,2016,6100.0,660.0,730.0,1.2418032786885247,120.0,9.242424242424242,UNRESOLVED,823.969745756035,12
200502,14010020000,ARROZ,ARROZ,2017,3220.0,420.0,500.0,1.2316770186335404,200.0,7.666666666666667,UNRESOLVED,823.969745756035,11
200502,14010020000,ARROZ,ARROZ,2018,4950.0,550.0,350.0,1.08,0.0,9.0,UNRESOLVED,823.969745756035,12
200502,14010020000,ARROZ,ARROZ,2019,3600.0,400.0,450.0,1.055,50.0,9.0,UNRESOLVED,823.969745756035,11
200502,14010020000,ARROZ,ARROZ,2020,1950.0,200.0,400.0,1.2538461538461538,250.0,9.75,UNRESOLVED,823.969745756035,11
200502,14010020000,ARROZ,ARROZ,2021,5725.0,600.0,500.0,1.21117903930131,150.0,9.541666666666666,UNRESOLVED,823.969745756035,12
200502,14010020000,ARROZ,ARROZ,2022,5500.0,500.0,500.0,1.41,150.0,11.0,UNRESOLVED,823.969745756035,12
200502,14010020000,ARROZ,ARROZ,2023,7100.0,700.0,550.0,1.6049295774647887,0.0,10.142857142857142,UNRESOLVED,823.969745756035,12
200502,14010070000,MAIZ AMARILLO DURO,MAIZ AMARILLO DURO,2016,10.0,2.0,5.0,1.0,5.0,5.0,UNRESOLVED,823.969745756035,5
200502,14010070000,MAIZ AMARILLO DURO,MAIZ AMARILLO DURO,2017,30.0,5.0,5.0,1.5,5.0,6.0,UNRESOLVED,823.969745756035,4
200502,14010070000,MAIZ AMARILLO DURO,MAIZ AMARILLO DURO,2018,90.0,15.0,10.0,1.4,0.0,6.0,UNRESOLVED,823.969745756035,5
200502,14010070000,MAIZ AMARILLO DURO,MAIZ AMARILLO DURO,2019,60.0,10.0,20.0,1.5,10.0,6.0,UNRESOLVED,823.969745756035,5
200502,14010070000,MAIZ AMARILLO DURO,MAIZ AMARILLO DURO,2020,280.0,50.0,47.0,1.2642857142857142,7.0,5.6,UNRESOLVED,823.969745756035,12
200502,14010070000,MAIZ AMARILLO DURO,MAIZ AMARILLO DURO,2021,240.0,44.0,71.0,1.39875,34.0,5.454545454545454,UNRESOLVED,823.969745756035,12
200502,14010070000,MAIZ AMARILLO DURO,MAIZ AMARILLO DURO,2022,384.0,64.0,55.0,1.5062499999999999,25.0,6.0,UNRESOLVED,823.969745756035,12
200502,14010070000,MAIZ AMARILLO DURO,MAIZ AMARILLO DURO,2023,146.0,25.0,10.0,1.6958904109589041,0.0,5.84,UNRESOLVED,823.969745756035,9
200503,14010020000,ARROZ,ARROZ,2023,400.0,40.0,10.0,1.5,10.0,10.0,UNRESOLVED,71.81786312866718,8
200503,14010070000,MAIZ AMARILLO DURO,MAIZ AMARILLO DURO,2016,355.0,63.0,40.0,1.3943661971830985,0.0,5.634920634920635,UNRESOLVED,71.81786312866718,7
200503,14010070000,MAIZ AMARILLO DURO,MAIZ AMARILLO DURO,2017,330.0,55.0,55.0,1.3272727272727274,0.0,6.0,UNRESOLVED,71.81786312866718,11
200503,14010070000,MAIZ AMARILLO DURO,MAIZ AMARILLO DURO,2018,240.0,40.0,40.0,1.5,0.0,6.0,UNRESOLVED,71.81786312866718,9
200503,14010070000,MAIZ AMARILLO DURO,MAIZ AMARILLO DURO,2019,330.0,55.0,95.0,1.5,40.0,6.0,UNRESOLVED,71.81786312866718,9
200503,14010070000,MAIZ AMARILLO DURO,MAIZ AMARILLO DURO,2020,345.0,60.0,35.0,1.2304347826086957,15.0,5.75,UNRESOLVED,71.81786312866718,12
200503,14010070000,MAIZ AMARILLO DURO,MAIZ AMARILLO DURO,2021,525.0,90.0,94.0,1.4754285714285713,19.0,5.833333333333333,UNRESOLVED,71.81786312866718,12
200503,14010070000,MAIZ AMARILLO DURO,MAIZ AMARILLO DURO,2022,234.0,39.0,35.0,1.5294871794871794,15.0,6.0,UNRESOLVED,71.81786312866718,12
200503,14010070000,MAIZ AMARILLO DURO,MAIZ AMARILLO DURO,2023,176.0,30.0,15.0,1.6642045454545453,0.0,5.866666666666666,UNRESOLVED,71.81786312866718,7
200503,15010040000,PLATANOS Y BANANAS,PLATANOS Y BANANAS PARA COCCI N (M X paradisiaca),2016,591.0,23.0,0.0,0.6996615905245347,23.0,25.695652173913043,UNRESOLVED,71.81786312866718,12
200503,15010040000,PLATANOS Y BANANAS,PLATANOS Y BANANAS PARA COCCI N (M X paradisiaca),2017,367.0,23.0,0.0,0.7832697547683924,23.0,15.956521739130435,UNRESOLVED,71.81786312866718,12
200503,15010040000,PLATANOS Y BANANAS,PLATANOS Y BANANAS PARA COCCI N (M X paradisiaca),2018,593.0,23.0,0.0,0.7381450252951096,23.0,25.782608695652176,UNRESOLVED,71.81786312866718,12
200503,15010040000,PLATANOS Y BANANAS,PLATANOS Y BANANAS PARA COCCI N (M X paradisiaca),2019,666.0,23.0,0.0,0.75,23.0,28.956521739130434,UNRESOLVED,71.81786312866718,12
200503,15010040000,PLATANOS Y BANANAS,PLATANOS Y BANANAS PARA COCCI N (M X paradisiaca),2020,673.0,23.0,0.0,0.7847696879643388,23.0,29.26086956521739,UNRESOLVED,71.81786312866718,12
200503,15010040000,PLATANOS Y BANANAS,PLATANOS Y BANANAS PARA COCCI N (M X paradisiaca),2021,522.0,23.0,0.0,0.8614367816091955,23.0,22.695652173913043,UNRESOLVED,71.81786312866718,12
200503,15010040000,PLATANOS Y BANANAS,PLATANOS Y BANANAS PARA COCCI N (M X paradisiaca),2022,826.0,23.0,0.0,1.0702058111380146,23.0,35.91304347826087,UNRESOLVED,71.81786312866718,12
200503,15010040000,PLATANOS Y BANANAS,PLATANOS Y BANANAS PARA COCCI N (M X paradisiaca),2023,683.0,15.0,0.0,1.087159590043924,15.0,45.53333333333333,UNRESOLVED,71.81786312866718,12
200504,13010170102,LIMON SUTIL,LIMON SUTIL,2022,65.0,4.0,0.0,1.4407692307692306,4.0,16.25,UNRESOLVED,4765.369261935676,12
200504,13010170102,LIMON SUTIL,LIMON SUTIL,2023,114.0,4.0,0.0,1.9838596491228069,4.0,28.5,UNRESOLVED,4765.369261935676,12
200504,14010020000,ARROZ,ARROZ,2017,25.0,4.0,4.0,1.2720000000000002,0.0,6.25,UNRESOLVED,4765.369261935676,6
200504,14010070000,MAIZ AMARILLO DURO,MAIZ AMARILLO DURO,2016,1136.0,210.0,170.0,1.2772887323943662,20.0,5.40952380952381,UNRESOLVED,4765.369261935676,10
200504,14010070000,MAIZ AMARILLO DURO,MAIZ AMARILLO DURO,2017,3090.0,515.0,595.0,1.4213592233009709,100.0,6.0,UNRESOLVED,4765.369261935676,12
200504,14010070000,MAIZ AMARILLO DURO,MAIZ AMARILLO DURO,2018,1620.0,270.0,235.0,1.3888888888888888,65.0,6.0,UNRESOLVED,4765.369261935676,12
200504,14010070000,MAIZ AMARILLO DURO,MAIZ AMARILLO DURO,2019,2232.0,372.0,422.0,1.5,115.0,6.0,UNRESOLVED,4765.369261935676,12
200504,14010070000,MAIZ AMARILLO DURO,MAIZ AMARILLO DURO,2020,1242.0,232.0,280.0,1.4478260869565218,163.0,5.353448275862069,UNRESOLVED,4765.369261935676,12
200504,14010070000,MAIZ AMARILLO DURO,MAIZ AMARILLO DURO,2021,2536.0,445.0,440.0,1.4696451104100947,158.0,5.698876404494382,UNRESOLVED,4765.369261935676,12
200504,14010070000,MAIZ AMARILLO DURO,MAIZ AMARILLO DURO,2022,4620.0,751.0,773.0,1.5102597402597402,180.0,6.151797603195739,UNRESOLVED,4765.369261935676,12
200504,14010070000,MAIZ AMARILLO DURO,MAIZ AMARILLO DURO,2023,1821.0,305.0,325.0,1.7934102141680397,0.0,5.970491803278689,UNRESOLVED,4765.369261935676,10
200504,15010040000,PLATANOS Y BANANAS,PLATANOS Y BANANAS PARA COCCI N (M X paradisiaca),2016,1305.0,109.0,96.0,0.7194252873563218,109.0,11.972477064220184,UNRESOLVED,4765.369261935676,12
200504,15010040000,PLATANOS Y BANANAS,PLATANOS Y BANANAS PARA COCCI N (M X paradisiaca),2017,1100.0,109.0,0.0,0.7862909090909092,109.0,10.091743119266056,UNRESOLVED,4765.369261935676,12
200504,15010040000,PLATANOS Y BANANAS,PLATANOS Y BANANAS PARA COCCI N (M X paradisiaca),2018,1894.0,109.0,0.0,0.7179514255543822,109.0,17.376146788990827,UNRESOLVED,4765.369261935676,12
200504,15010040000,PLATANOS Y BANANAS,PLATANOS Y BANANAS PARA COCCI N (M X paradisiaca),2019,2036.0,109.0,0.0,0.7507367387033399,109.0,18.678899082568808,UNRESOLVED,4765.369261935676,12
200504,15010040000,PLATANOS Y BANANAS,PLATANOS Y BANANAS PARA COCCI N (M X paradisiaca),2020,2173.0,109.0,0.0,0.8049010584445467,109.0,19.93577981651376,UNRESOLVED,4765.369261935676,12
200504,15010040000,PLATANOS Y BANANAS,PLATANOS Y BANANAS PARA COCCI N (M X paradisiaca),2021,3088.0,109.0,0.0,0.8859974093264249,109.0,28.3302752293578,UNRESOLVED,4765.369261935676,12
200504,15010040000,PLATANOS Y BANANAS,PLATANOS Y BANANAS PARA COCCI N (M X paradisiaca),2022,4224.0,109.0,110.0,1.0883664772727273,219.0,38.75229357798165,UNRESOLVED,4765.369261935676,12
200504,15010040000,PLATANOS Y BANANAS,PLATANOS Y BANANAS PARA COCCI N (M X paradisiaca),2023,7706.0,181.0,0.0,0.9918232546067999,181.0,42.574585635359114,UNRESOLVED,4765.369261935676,12
200505,13010170102,LIMON SUTIL,LIMON SUTIL,2016,49.0,4.0,0.0,0.9775510204081632,4.0,12.25,UNRESOLVED,13368.99337869302,12
200505,13010170102,LIMON SUTIL,LIMON SUTIL,2017,29.0,4.0,0.0,1.293103448275862,4.0,7.25,UNRESOLVED,13368.99337869302,12
200505,13010170102,LIMON SUTIL,LIMON SUTIL,2018,52.0,4.0,0.0,0.7019230769230769,4.0,13.0,UNRESOLVED,13368.99337869302,12
200505,13010170102,LIMON SUTIL,LIMON SUTIL,2019,76.0,4.0,0.0,0.7842105263157895,4.0,19.0,UNRESOLVED,13368.99337869302,12
200505,13010170102,LIMON SUTIL,LIMON SUTIL,2020,54.0,4.0,0.0,0.8074074074074075,4.0,13.5,UNRESOLVED,13368.99337869302,12
200505,13010170102,LIMON SUTIL,LIMON SUTIL,2021,86.0,4.0,0.0,1.0136046511627907,4.0,21.5,UNRESOLVED,13368.99337869302,12
200505,13010170102,LIMON SUTIL,LIMON SUTIL,2022,95.0,4.0,0.0,1.3445263157894738,4.0,23.75,UNRESOLVED,13368.99337869302,12
200505,13010170102,LIMON SUTIL,LIMON SUTIL,2023,114.0,4.0,0.0,2.2798245614035086,4.0,28.5,UNRESOLVED,13368.99337869302,12
200505,14010020000,ARROZ,ARROZ,2016,13249.0,1421.0,1000.0,1.2411314061438599,0.0,9.32371569317382,UNRESOLVED,13368.99337869302,10
200505,14010020000,ARROZ,ARROZ,2017,4990.0,800.0,1500.0,1.2733466933867736,700.0,6.2375,UNRESOLVED,13368.99337869302,11
200505,14010020000,ARROZ,ARROZ,2018,19988.0,2220.0,1520.0,1.0756453872323395,0.0,9.003603603603604,UNRESOLVED,13368.99337869302,12
200505,14010020000,ARROZ,ARROZ,2019,7650.0,850.0,1700.0,1.04,850.0,9.0,UNRESOLVED,13368.99337869302,11
200505,14010020000,ARROZ,ARROZ,2020,15650.0,1650.0,1600.0,1.2022364217252397,800.0,9.484848484848484,UNRESOLVED,13368.99337869302,11
200505,14010020000,ARROZ,ARROZ,2021,14560.0,1600.0,1665.0,1.2553571428571428,865.0,9.1,UNRESOLVED,13368.99337869302,11
200505,14010020000,ARROZ,ARROZ,2022,9515.0,865.0,900.0,1.41,900.0,11.0,UNRESOLVED,13368.99337869302,5
200505,14010020000,ARROZ,ARROZ,2023,26912.0,2689.0,1800.0,1.5631985731272295,0.0,10.008181480104128,UNRESOLVED,13368.99337869302,11
200505,14010070000,MAIZ AMARILLO DURO,MAIZ AMARILLO DURO,2016,178.0,35.0,0.0,1.0,0.0,5.085714285714285,UNRESOLVED,13368.99337869302,2
200505,14010070000,MAIZ AMARILLO DURO,MAIZ AMARILLO DURO,2019,30.0,5.0,5.0,1.5,0.0,6.0,UNRESOLVED,13368.99337869302,4
200505,14010070000,MAIZ AMARILLO DURO,MAIZ AMARILLO DURO,2022,90.0,15.0,50.0,1.51,35.0,6.0,UNRESOLVED,13368.99337869302,7
200505,14010070000,MAIZ AMARILLO DURO,MAIZ AMARILLO DURO,2023,210.0,35.0,30.0,1.5071428571428571,0.0,6.0,UNRESOLVED,13368.99337869302,7
200505,15010040000,PLATANOS Y BANANAS,PLATANOS Y BANANAS PARA COCCI N (M X paradisiaca),2016,4512.0,228.0,40.0,0.721081560283688,228.0,19.789473684210527,UNRESOLVED,13368.99337869302,12
200505,15010040000,PLATANOS Y BANANAS,PLATANOS Y BANANAS PARA COCCI N (M X paradisiaca),2017,3429.0,328.0,100.0,0.7907524059492563,328.0,10.454268292682928,UNRESOLVED,13368.99337869302,12
200505,15010040000,PLATANOS Y BANANAS,PLATANOS Y BANANAS PARA COCCI N (M X paradisiaca),2018,9120.0,328.0,0.0,0.7156951754385965,328.0,27.804878048780488,UNRESOLVED,13368.99337869302,12
200505,15010040000,PLATANOS Y BANANAS,PLATANOS Y BANANAS PARA COCCI N (M X paradisiaca),2019,8639.0,328.0,0.0,0.7569452482926264,328.0,26.338414634146343,UNRESOLVED,13368.99337869302,12
200505,15010040000,PLATANOS Y BANANAS,PLATANOS Y BANANAS PARA COCCI N (M X paradisiaca),2020,9227.0,328.0,0.0,0.7910642679093963,328.0,28.13109756097561,UNRESOLVED,13368.99337869302,12
200505,15010040000,PLATANOS Y BANANAS,PLATANOS Y BANANAS PARA COCCI N (M X paradisiaca),2021,9551.0,328.0,0.0,0.8890953826824416,328.0,29.11890243902439,UNRESOLVED,13368.99337869302,12
200505,15010040000,PLATANOS Y BANANAS,PLATANOS Y BANANAS PARA COCCI N (M X paradisiaca),2022,11419.0,328.0,40.0,1.1166993607145985,368.0,34.8140243902439,UNRESOLVED,13368.99337869302,12
200505,15010040000,PLATANOS Y BANANAS,PLATANOS Y BANANAS PARA COCCI N (M X paradisiaca),2023,15754.0,358.0,0.0,1.0182956709407134,358.0,44.00558659217877,UNRESOLVED,13368.99337869302,12
200506,13010210000,MANGO,MANGO,2018,100.0,10.0,0.0,0.72,10.0,10.0,UNRESOLVED,2351.7277388150887,12
200506,13010210000,MANGO,MANGO,2019,60.0,10.0,0.0,1.0,10.0,6.0,UNRESOLVED,2351.7277388150887,12
200506,13010210000,MANGO,MANGO,2020,65.0,10.0,0.0,1.0,10.0,6.5,UNRESOLVED,2351.7277388150887,12
200506,13010210000,MANGO,MANGO,2021,110.0,10.0,0.0,1.0,10.0,11.0,UNRESOLVED,2351.7277388150887,12
200506,13010210000,MANGO,MANGO,2022,100.0,10.0,0.0,1.138,10.0,10.0,UNRESOLVED,2351.7277388150887,12
200506,13010210000,MANGO,MANGO,2023,150.0,10.0,0.0,1.1513333333333333,10.0,15.0,UNRESOLVED,2351.7277388150887,12
200506,14010020000,ARROZ,ARROZ,2016,8860.0,962.0,880.0,1.2557562076749436,0.0,9.20997920997921,UNRESOLVED,2351.7277388150887,11
200506,14010020000,ARROZ,ARROZ,2017,3800.0,500.0,800.0,1.2157894736842105,300.0,7.6,UNRESOLVED,2351.7277388150887,11
200506,14010020000,ARROZ,ARROZ,2018,10800.0,1200.0,900.0,1.0633333333333332,0.0,9.0,UNRESOLVED,2351.7277388150887,12
200506,14010020000,ARROZ,ARROZ,2019,6300.0,700.0,1200.0,1.0485714285714285,500.0,9.0,UNRESOLVED,2351.7277388150887,11
200506,14010020000,ARROZ,ARROZ,2020,8000.0,850.0,1250.0,1.1875,900.0,9.411764705882353,UNRESOLVED,2351.7277388150887,12
200506,14010020000,ARROZ,ARROZ,2021,15400.0,1600.0,1100.0,1.1866233766233767,400.0,9.625,UNRESOLVED,2351.7277388150887,12
200506,14010020000,ARROZ,ARROZ,2022,8800.0,800.0,1000.0,1.41,300.0,11.0,UNRESOLVED,2351.7277388150887,12
200506,14010020000,ARROZ,ARROZ,2023,14450.0,1400.0,1100.0,1.607923875432526,0.0,10.321428571428571,UNRESOLVED,2351.7277388150887,12
200506,14010070000,MAIZ AMARILLO DURO,MAIZ AMARILLO DURO,2016,10.0,2.0,0.0,1.0,19.0,5.0,UNRESOLVED,2351.7277388150887,12
200506,14010070000,MAIZ AMARILLO DURO,MAIZ AMARILLO DURO,2021,103.0,18.0,41.0,1.5500970873786408,29.0,5.722222222222222,UNRESOLVED,2351.7277388150887,12
200506,14010070000,MAIZ AMARILLO DURO,MAIZ AMARILLO DURO,2022,180.0,30.0,30.0,1.5099999999999998,29.0,6.0,UNRESOLVED,2351.7277388150887,12
200506,14010070000,MAIZ AMARILLO DURO,MAIZ AMARILLO DURO,2023,90.0,15.0,15.0,1.5,14.0,6.0,UNRESOLVED,2351.7277388150887,12
200506,15010040000,PLATANOS Y BANANAS,PLATANOS Y BANANAS PARA COCCI N (M X paradisiaca),2016,541.0,16.0,0.0,0.7189463955637708,20.0,33.8125,UNRESOLVED,2351.7277388150887,12
200506,15010040000,PLATANOS Y BANANAS,PLATANOS Y BANANAS PARA COCCI N (M X paradisiaca),2017,339.0,54.0,34.0,0.7821238938053097,54.0,6.277777777777778,UNRESOLVED,2351.7277388150887,12
200506,15010040000,PLATANOS Y BANANAS,PLATANOS Y BANANAS PARA COCCI N (M X paradisiaca),2018,1095.0,54.0,0.0,0.7110410958904109,54.0,20.27777777777778,UNRESOLVED,2351.7277388150887,12
200506,15010040000,PLATANOS Y BANANAS,PLATANOS Y BANANAS PARA COCCI N (M X paradisiaca),2019,1860.0,134.0,80.0,0.75,134.0,13.880597014925373,UNRESOLVED,2351.7277388150887,12
200506,15010040000,PLATANOS Y BANANAS,PLATANOS Y BANANAS PARA COCCI N (M X paradisiaca),2020,4123.0,134.0,0.0,0.7883191850594227,134.0,30.76865671641791,UNRESOLVED,2351.7277388150887,12
200506,15010040000,PLATANOS Y BANANAS,PLATANOS Y BANANAS PARA COCCI N (M X paradisiaca),2021,3995.0,134.0,0.0,0.821136420525657,134.0,29.813432835820894,UNRESOLVED,2351.7277388150887,12
200506,15010040000,PLATANOS Y BANANAS,PLATANOS Y BANANAS PARA COCCI N (M X paradisiaca),2022,4607.0,134.0,0.0,0.97504666811374,134.0,34.38059701492537,UNRESOLVED,2351.7277388150887,12
200506,15010040000,PLATANOS Y BANANAS,PLATANOS Y BANANAS PARA COCCI N (M X paradisiaca),2023,5371.0,117.0,0.0,0.9931111524855707,117.0,45.9059829059829,UNRESOLVED,2351.7277388150887,12
200507,13010170102,LIMON SUTIL,LIMON SUTIL,2023,15.0,10.0,10.0,1.0,10.0,1.5,UNRESOLVED,899.3859202643392,6
200507,14010070000,MAIZ AMARILLO DURO,MAIZ AMARILLO DURO,2016,750.0,140.0,120.0,1.4133333333333333,10.0,5.357142857142857,UNRESOLVED,899.3859202643392,12
200507,14010070000,MAIZ AMARILLO DURO,MAIZ AMARILLO DURO,2017,810.0,135.0,155.0,1.3555555555555556,30.0,6.0,UNRESOLVED,899.3859202643392,10
200507,14010070000,MAIZ AMARILLO DURO,MAIZ AMARILLO DURO,2018,670.0,110.0,95.0,1.4149253731343283,15.0,6.090909090909091,UNRESOLVED,899.3859202643392,11
200507,14010070000,MAIZ AMARILLO DURO,MAIZ AMARILLO DURO,2019,438.0,73.0,88.0,1.332191780821918,30.0,6.0,UNRESOLVED,899.3859202643392,12
200507,14010070000,MAIZ AMARILLO DURO,MAIZ AMARILLO DURO,2020,393.0,80.0,55.0,1.3951653944020355,5.0,4.9125,UNRESOLVED,899.3859202643392,12
200507,14010070000,MAIZ AMARILLO DURO,MAIZ AMARILLO DURO,2021,480.0,85.0,100.0,1.395,20.0,5.647058823529412,UNRESOLVED,899.3859202643392,12
200507,14010070000,MAIZ AMARILLO DURO,MAIZ AMARILLO DURO,2022,240.0,40.0,40.0,1.5574999999999999,20.0,6.0,UNRESOLVED,899.3859202643392,12
200507,14010070000,MAIZ AMARILLO DURO,MAIZ AMARILLO DURO,2023,344.0,60.0,50.0,1.8281976744186046,0.0,5.733333333333333,UNRESOLVED,899.3859202643392,8
200507,15010040000,PLATANOS Y BANANAS,PLATANOS Y BANANAS PARA COCCI N (M X paradisiaca),2016,311.0,20.0,0.0,0.7757234726688103,20.0,15.55,UNRESOLVED,899.3859202643392,12
200507,15010040000,PLATANOS Y BANANAS,PLATANOS Y BANANAS PARA COCCI N (M X paradisiaca),2017,265.0,20.0,0.0,0.730188679245283,20.0,13.25,UNRESOLVED,899.3859202643392,12
200507,15010040000,PLATANOS Y BANANAS,PLATANOS Y BANANAS PARA COCCI N (M X paradisiaca),2018,344.0,20.0,0.0,0.7357558139534884,20.0,17.2,UNRESOLVED,899.3859202643392,12
200507,15010040000,PLATANOS Y BANANAS,PLATANOS Y BANANAS PARA COCCI N (M X paradisiaca),2019,426.0,20.0,0.0,0.8799295774647888,20.0,21.3,UNRESOLVED,899.3859202643392,12
200507,15010040000,PLATANOS Y BANANAS,PLATANOS Y BANANAS PARA COCCI N (M X paradisiaca),2020,401.0,20.0,0.0,0.8295511221945137,20.0,20.05,UNRESOLVED,899.3859202643392,12
200507,15010040000,PLATANOS Y BANANAS,PLATANOS Y BANANAS PARA COCCI N (M X paradisiaca),2021,386.0,20.0,0.0,0.923678756476684,20.0,19.3,UNRESOLVED,899.3859202643392,12
200507,15010040000,PLATANOS Y BANANAS,PLATANOS Y BANANAS PARA COCCI N (M X paradisiaca),2022,708.0,20.0,0.0,1.0213559322033898,20.0,35.4,UNRESOLVED,899.3859202643392,12
200507,15010040000,PLATANOS Y BANANAS,PLATANOS Y BANANAS PARA COCCI N (M X paradisiaca),2023,59.0,20.0,0.0,1.0101694915254238,0.0,2.95,UNRESOLVED,899.3859202643392,4
200601,13010170102,LIMON SUTIL,LIMON SUTIL,2016,52477.0,4025.0,0.0,0.9228625874192503,4025.0,13.03776397515528,UNRESOLVED,27809.72705032906,12
200601,13010170102,LIMON SUTIL,LIMON SUTIL,2017,28619.0,4025.0,0.0,1.447604738111045,4025.0,7.110310559006211,UNRESOLVED,27809.72705032906,12
200601,13010170102,LIMON SUTIL,LIMON SUTIL,2018,70217.0,4025.0,0.0,0.6697551874902089,4025.0,17.445217391304347,UNRESOLVED,27809.72705032906,12
200601,13010170102,LIMON SUTIL,LIMON SUTIL,2019,72223.0,4025.0,201.0,0.6914819378868228,4226.0,17.94360248447205,UNRESOLVED,27809.72705032906,12
200601,13010170102,LIMON SUTIL,LIMON SUTIL,2020,56892.0,4025.0,0.0,0.8067426000140617,4226.0,14.134658385093168,UNRESOLVED,27809.72705032906,12
200601,13010170102,LIMON SUTIL,LIMON SUTIL,2021,70490.0,4025.0,195.0,1.0342176195204993,4421.0,17.51304347826087,UNRESOLVED,27809.72705032906,12
200601,13010170102,LIMON SUTIL,LIMON SUTIL,2022,104756.0,4025.0,0.0,1.3132750391385697,4421.0,26.02633540372671,UNRESOLVED,27809.72705032906,12
200601,13010170102,LIMON SUTIL,LIMON SUTIL,2023,56830.0,3342.0,0.0,2.2840330811191274,3738.0,17.004787552363855,UNRESOLVED,27809.72705032906,12
200601,13010210000,MANGO,MANGO,2016,6733.0,457.0,0.0,0.9740828753898708,457.0,14.733041575492342,UNRESOLVED,27809.72705032906,12
200601,13010210000,MANGO,MANGO,2017,3342.0,457.0,0.0,0.5718132854578097,457.0,7.312910284463895,UNRESOLVED,27809.72705032906,12
200601,13010210000,MANGO,MANGO,2018,8459.0,457.0,0.0,0.7166095283130394,457.0,18.50984682713348,UNRESOLVED,27809.72705032906,12
200601,13010210000,MANGO,MANGO,2019,2658.0,457.0,0.0,0.8194130925507901,457.0,5.816192560175055,UNRESOLVED,27809.72705032906,12
200601,13010210000,MANGO,MANGO,2020,2720.0,457.0,0.0,2.8970588235294117,457.0,5.951859956236324,UNRESOLVED,27809.72705032906,12
200601,13010210000,MANGO,MANGO,2021,3730.0,457.0,0.0,1.0,457.0,8.161925601750546,UNRESOLVED,27809.72705032906,12
200601,13010210000,MANGO,MANGO,2022,4200.0,430.0,0.0,1.1239999999999999,430.0,9.767441860465116,UNRESOLVED,27809.72705032906,12
200601,13010210000,MANGO,MANGO,2023,6020.0,430.0,0.0,1.0,428.0,14.0,UNRESOLVED,27809.72705032906,12
200601,14010020000,ARROZ,ARROZ,2016,43056.0,4490.0,3190.0,1.312815867707172,91.0,9.589309576837417,UNRESOLVED,27809.72705032906,12
200601,14010020000,ARROZ,ARROZ,2017,20798.0,2766.0,3275.0,1.2365323588806616,600.0,7.5191612436731745,UNRESOLVED,27809.72705032906,12
200601,14010020000,ARROZ,ARROZ,2018,33885.0,3765.0,3225.0,1.0472775564409031,60.0,9.0,UNRESOLVED,27809.72705032906,12
200601,14010020000,ARROZ,ARROZ,2019,23850.0,2650.0,3250.0,1.0626415094339623,600.0,9.0,UNRESOLVED,27809.72705032906,12
200601,14010020000,ARROZ,ARROZ,2020,30400.0,3300.0,3200.0,1.2907894736842105,500.0,9.212121212121213,UNRESOLVED,27809.72705032906,12
200601,14010020000,ARROZ,ARROZ,2021,35100.0,3500.0,3000.0,1.2872079772079772,0.0,10.028571428571428,UNRESOLVED,27809.72705032906,12
200601,14010020000,ARROZ,ARROZ,2022,28600.0,2600.0,3250.0,1.41,650.0,11.0,UNRESOLVED,27809.72705032906,11
200601,14010020000,ARROZ,ARROZ,2023,39850.0,3900.0,3350.0,1.6076411543287328,0.0,10.217948717948717,UNRESOLVED,27809.72705032906,12
200601,14010070000,MAIZ AMARILLO DURO,MAIZ AMARILLO DURO,2016,320.0,60.0,20.0,1.140625,5.0,5.333333333333333,UNRESOLVED,27809.72705032906,7
200601,14010070000,MAIZ AMARILLO DURO,MAIZ AMARILLO DURO,2017,420.0,70.0,85.0,1.4071428571428573,20.0,6.0,UNRESOLVED,27809.72705032906,11
200601,14010070000,MAIZ AMARILLO DURO,MAIZ AMARILLO DURO,2018,390.0,65.0,45.0,1.4076923076923078,0.0,6.0,UNRESOLVED,27809.72705032906,11
200601,14010070000,MAIZ AMARILLO DURO,MAIZ AMARILLO DURO,2019,264.0,44.0,94.0,1.5,50.0,6.0,UNRESOLVED,27809.72705032906,9
200601,14010070000,MAIZ AMARILLO DURO,MAIZ AMARILLO DURO,2020,652.0,70.0,38.0,1.2892638036809816,18.0,9.314285714285715,UNRESOLVED,27809.72705032906,12
200601,14010070000,MAIZ AMARILLO DURO,MAIZ AMARILLO DURO,2021,435.0,75.0,122.0,1.4537931034482758,65.0,5.8,UNRESOLVED,27809.72705032906,12
200601,14010070000,MAIZ AMARILLO DURO,MAIZ AMARILLO DURO,2022,822.0,137.0,150.0,1.5107299270072991,78.0,6.0,UNRESOLVED,27809.72705032906,12
200601,14010070000,MAIZ AMARILLO DURO,MAIZ AMARILLO DURO,2023,586.0,100.0,60.0,1.6477815699658704,18.0,5.86,UNRESOLVED,27809.72705032906,12
200601,15010040000,PLATANOS Y BANANAS,PLATANOS Y BANANAS PARA COCCI N (M X paradisiaca),2016,43439.0,1607.0,70.0,0.7475717673058773,1607.0,27.031113876789046,UNRESOLVED,27809.72705032906,12
200601,15010040000,PLATANOS Y BANANAS,PLATANOS Y BANANAS PARA COCCI N (M X paradisiaca),2017,27829.0,1607.0,0.0,0.7903920370836178,1607.0,17.31736154324829,UNRESOLVED,27809.72705032906,12
200601,15010040000,PLATANOS Y BANANAS,PLATANOS Y BANANAS PARA COCCI N (M X paradisiaca),2018,46565.0,1607.0,0.0,0.7229790615268978,1607.0,28.976353453640325,UNRESOLVED,27809.72705032906,12
200601,15010040000,PLATANOS Y BANANAS,PLATANOS Y BANANAS PARA COCCI N (M X paradisiaca),2019,56811.0,1607.0,0.0,0.75,1607.0,35.35220908525202,UNRESOLVED,27809.72705032906,12
200601,15010040000,PLATANOS Y BANANAS,PLATANOS Y BANANAS PARA COCCI N (M X paradisiaca),2020,55565.0,1607.0,0.0,0.691783496805543,1607.0,34.57685127566895,UNRESOLVED,27809.72705032906,12
200601,15010040000,PLATANOS Y BANANAS,PLATANOS Y BANANAS PARA COCCI N (M X paradisiaca),2021,48477.0,1607.0,0.0,0.8795723745281268,1607.0,30.166148102053516,UNRESOLVED,27809.72705032906,12
200601,15010040000,PLATANOS Y BANANAS,PLATANOS Y BANANAS PARA COCCI N (M X paradisiaca),2022,59056.0,1544.0,0.0,0.9773020522893525,1544.0,38.248704663212436,UNRESOLVED,27809.72705032906,12
200601,15010040000,PLATANOS Y BANANAS,PLATANOS Y BANANAS PARA COCCI N (M X paradisiaca),2023,54656.0,1170.0,0.0,1.1625351288056205,1170.0,46.71452991452991,UNRESOLVED,27809.72705032906,12
200603,13010170102,LIMON SUTIL,LIMON SUTIL,2016,300.0,28.0,0.0,0.9653333333333333,28.0,10.714285714285714,UNRESOLVED,8273.41372748169,12
200603,13010170102,LIMON SUTIL,LIMON SUTIL,2017,109.0,28.0,0.0,1.1605504587155964,28.0,3.892857142857143,UNRESOLVED,8273.41372748169,12
200603,13010170102,LIMON SUTIL,LIMON SUTIL,2018,180.0,28.0,0.0,0.6202777777777778,28.0,6.428571428571429,UNRESOLVED,8273.41372748169,12
200603,13010170102,LIMON SUTIL,LIMON SUTIL,2019,110.0,28.0,0.0,0.7772727272727272,28.0,3.9285714285714284,UNRESOLVED,8273.41372748169,12
200603,13010170102,LIMON SUTIL,LIMON SUTIL,2020,77.0,28.0,0.0,0.8155844155844156,28.0,2.75,UNRESOLVED,8273.41372748169,12
200603,13010170102,LIMON SUTIL,LIMON SUTIL,2021,119.0,6.0,0.0,1.0152100840336136,6.0,19.833333333333332,UNRESOLVED,8273.41372748169,12
200603,13010170102,LIMON SUTIL,LIMON SUTIL,2022,143.0,6.0,0.0,1.2697202797202796,6.0,23.833333333333332,UNRESOLVED,8273.41372748169,12
200603,13010170102,LIMON SUTIL,LIMON SUTIL,2023,175.0,6.0,0.0,1.7385142857142857,6.0,29.166666666666668,UNRESOLVED,8273.41372748169,12
200603,13010210000,MANGO,MANGO,2016,112.0,4.0,0.0,0.65,4.0,28.0,UNRESOLVED,8273.41372748169,12
200603,13010210000,MANGO,MANGO,2017,92.0,4.0,0.0,0.5260869565217391,4.0,23.0,UNRESOLVED,8273.41372748169,12
200603,13010210000,MANGO,MANGO,2018,56.0,4.0,0.0,0.7714285714285715,4.0,14.0,UNRESOLVED,8273.41372748169,12
200603,13010210000,MANGO,MANGO,2019,48.0,4.0,0.0,0.9,4.0,12.0,UNRESOLVED,8273.41372748169,12
200603,13010210000,MANGO,MANGO,2020,26.0,4.0,0.0,1.0,4.0,6.5,UNRESOLVED,8273.41372748169,12
200603,13010210000,MANGO,MANGO,2021,44.0,4.0,0.0,1.0,4.0,11.0,UNRESOLVED,8273.41372748169,12
200603,13010210000,MANGO,MANGO,2022,40.0,4.0,0.0,1.126,4.0,10.0,UNRESOLVED,8273.41372748169,12
200603,13010210000,MANGO,MANGO,2023,108.0,4.0,0.0,1.0544444444444443,4.0,27.0,UNRESOLVED,8273.41372748169,12
200603,14010020000,ARROZ,ARROZ,2016,89512.0,9489.0,7170.0,1.229339083027974,911.0,9.433238486668774,UNRESOLVED,8273.41372748169,12
200603,14010020000,ARROZ,ARROZ,2017,52243.0,6611.0,6200.0,1.2194150412495455,500.0,7.902435335047648,UNRESOLVED,8273.41372748169,12
200603,14010020000,ARROZ,ARROZ,2018,80865.0,8985.0,8485.0,1.0289371174179187,0.0,9.0,UNRESOLVED,8273.41372748169,12
200603,14010020000,ARROZ,ARROZ,2019,58500.0,6500.0,9100.0,1.0584615384615386,2600.0,9.0,UNRESOLVED,8273.41372748169,11
200603,14010020000,ARROZ,ARROZ,2020,72000.0,7700.0,9000.0,1.24,3900.0,9.35064935064935,UNRESOLVED,8273.41372748169,12
200603,14010020000,ARROZ,ARROZ,2021,128444.0,12918.0,9100.0,1.2851063498489614,0.0,9.94302523610466,UNRESOLVED,8273.41372748169,12
200603,14010020000,ARROZ,ARROZ,2022,67100.0,6100.0,9500.0,1.4404918032786884,3400.0,11.0,UNRESOLVED,8273.41372748169,11
200603,14010020000,ARROZ,ARROZ,2023,126804.0,12563.0,9400.0,1.5740875682155138,0.0,10.09344901695455,UNRESOLVED,8273.41372748169,12
200603,14010070000,MAIZ AMARILLO DURO,MAIZ AMARILLO DURO,2016,127.0,25.0,5.0,1.0,5.0,5.08,UNRESOLVED,8273.41372748169,5
200603,14010070000,MAIZ AMARILLO DURO,MAIZ AMARILLO DURO,2017,30.0,5.0,0.0,1.5,0.0,6.0,UNRESOLVED,8273.41372748169,1
200603,14010070000,MAIZ AMARILLO DURO,MAIZ AMARILLO DURO,2022,180.0,30.0,50.0,1.5066666666666666,30.0,6.0,UNRESOLVED,8273.41372748169,12
200603,14010070000,MAIZ AMARILLO DURO,MAIZ AMARILLO DURO,2023,117.0,20.0,10.0,1.6205128205128205,0.0,5.85,UNRESOLVED,8273.41372748169,10
200603,15010040000,PLATANOS Y BANANAS,PLATANOS Y BANANAS PARA COCCI N (M X paradisiaca),2016,8105.0,396.0,26.0,0.7635533621221468,396.0,20.467171717171716,UNRESOLVED,8273.41372748169,12
200603,15010040000,PLATANOS Y BANANAS,PLATANOS Y BANANAS PARA COCCI N (M X paradisiaca),2017,6258.0,396.0,0.0,0.7852412911473314,396.0,15.803030303030303,UNRESOLVED,8273.41372748169,12
200603,15010040000,PLATANOS Y BANANAS,PLATANOS Y BANANAS PARA COCCI N (M X paradisiaca),2018,11088.0,396.0,0.0,0.7118831168831169,396.0,28.0,UNRESOLVED,8273.41372748169,12
200603,15010040000,PLATANOS Y BANANAS,PLATANOS Y BANANAS PARA COCCI N (M X paradisiaca),2019,13497.0,396.0,0.0,0.75,396.0,34.083333333333336,UNRESOLVED,8273.41372748169,12
200603,15010040000,PLATANOS Y BANANAS,PLATANOS Y BANANAS PARA COCCI N (M X paradisiaca),2020,9772.0,396.0,0.0,0.7439623413835448,396.0,24.67676767676768,UNRESOLVED,8273.41372748169,12
200603,15010040000,PLATANOS Y BANANAS,PLATANOS Y BANANAS PARA COCCI N (M X paradisiaca),2021,11626.0,396.0,0.0,0.8944615516944779,396.0,29.358585858585858,UNRESOLVED,8273.41372748169,12
200603,15010040000,PLATANOS Y BANANAS,PLATANOS Y BANANAS PARA COCCI N (M X paradisiaca),2022,15839.0,396.0,0.0,1.0051411073931436,396.0,39.99747474747475,UNRESOLVED,8273.41372748169,12
200603,15010040000,PLATANOS Y BANANAS,PLATANOS Y BANANAS PARA COCCI N (M X paradisiaca),2023,16453.0,396.0,0.0,0.969392815899836,384.0,41.5479797979798,UNRESOLVED,8273.41372748169,12
200605,13010170102,LIMON SUTIL,LIMON SUTIL,2016,246.0,23.0,0.0,0.9321138211382113,23.0,10.695652173913043,UNRESOLVED,7442.236517657903,12
200605,13010170102,LIMON SUTIL,LIMON SUTIL,2017,2.0,23.0,0.0,0.5,1.0,0.08695652173913043,UNRESOLVED,7442.236517657903,12
200605,13010170102,LIMON SUTIL,LIMON SUTIL,2018,9.0,1.0,0.0,0.5666666666666667,1.0,9.0,UNRESOLVED,7442.236517657903,12
200605,13010170102,LIMON SUTIL,LIMON SUTIL,2019,16.0,1.0,0.0,0.78125,1.0,16.0,UNRESOLVED,7442.236517657903,12
200605,13010170102,LIMON SUTIL,LIMON SUTIL,2020,7.0,1.0,0.0,0.5714285714285714,1.0,7.0,UNRESOLVED,7442.236517657903,12
200605,13010170102,LIMON SUTIL,LIMON SUTIL,2021,22.0,1.0,0.0,1.0190909090909093,1.0,22.0,UNRESOLVED,7442.236517657903,12
200605,13010170102,LIMON SUTIL,LIMON SUTIL,2022,19.0,1.0,0.0,1.3463157894736841,1.0,19.0,UNRESOLVED,7442.236517657903,12
200605,13010170102,LIMON SUTIL,LIMON SUTIL,2023,15.0,1.0,0.0,2.3866666666666663,1.0,15.0,UNRESOLVED,7442.236517657903,12
200605,13010210000,MANGO,MANGO,2016,16.0,2.0,0.0,0.6499999999999999,2.0,8.0,UNRESOLVED,7442.236517657903,12
200605,13010210000,MANGO,MANGO,2017,20.0,2.0,0.0,0.62,2.0,10.0,UNRESOLVED,7442.236517657903,12
200605,13010210000,MANGO,MANGO,2018,24.0,2.0,0.0,0.8000000000000002,2.0,12.0,UNRESOLVED,7442.236517657903,12
200605,13010210000,MANGO,MANGO,2019,24.0,2.0,0.0,0.9,2.0,12.0,UNRESOLVED,7442.236517657903,12
200605,13010210000,MANGO,MANGO,2020,18.0,2.0,0.0,1.0,2.0,9.0,UNRESOLVED,7442.236517657903,12
200605,13010210000,MANGO,MANGO,2021,22.0,2.0,0.0,1.0,2.0,11.0,UNRESOLVED,7442.236517657903,12
200605,13010210000,MANGO,MANGO,2022,20.0,2.0,0.0,1.126,2.0,10.0,UNRESOLVED,7442.236517657903,12
200605,13010210000,MANGO,MANGO,2023,42.0,2.0,0.0,1.0699999999999998,2.0,21.0,UNRESOLVED,7442.236517657903,12
200605,14010020000,ARROZ,ARROZ,2016,63430.0,6705.0,4329.0,1.2292858268957907,20.0,9.460104399701715,UNRESOLVED,7442.236517657903,11
200605,14010020000,ARROZ,ARROZ,2017,30970.0,3920.0,4500.0,1.202486277042299,600.0,7.900510204081633,UNRESOLVED,7442.236517657903,12
200605,14010020000,ARROZ,ARROZ,2018,48150.0,5350.0,4750.0,1.040747663551402,0.0,9.0,UNRESOLVED,7442.236517657903,12
200605,14010020000,ARROZ,ARROZ,2019,27900.0,3100.0,5050.0,1.0516129032258064,1950.0,9.0,UNRESOLVED,7442.236517657903,12
200605,14010020000,ARROZ,ARROZ,2020,46150.0,5050.0,5000.0,1.231744312026002,1900.0,9.138613861386139,UNRESOLVED,7442.236517657903,12
200605,14010020000,ARROZ,ARROZ,2021,64598.0,6808.0,5000.0,1.274650917985077,92.0,9.488542890716804,UNRESOLVED,7442.236517657903,12
200605,14010020000,ARROZ,ARROZ,2022,39050.0,3550.0,5050.0,1.430281690140845,1592.0,11.0,UNRESOLVED,7442.236517657903,12
200605,14010020000,ARROZ,ARROZ,2023,36000.0,4000.0,5000.0,1.4141666666666666,2592.0,9.0,UNRESOLVED,7442.236517657903,12
200605,14010070000,MAIZ AMARILLO DURO,MAIZ AMARILLO DURO,2016,272.0,53.0,23.0,1.0301470588235293,45.0,5.132075471698113,UNRESOLVED,7442.236517657903,12
200605,14010070000,MAIZ AMARILLO DURO,MAIZ AMARILLO DURO,2017,90.0,15.0,10.0,1.5666666666666667,0.0,6.0,UNRESOLVED,7442.236517657903,6
200605,14010070000,MAIZ AMARILLO DURO,MAIZ AMARILLO DURO,2019,108.0,18.0,28.0,1.5,10.0,6.0,UNRESOLVED,7442.236517657903,9
200605,14010070000,MAIZ AMARILLO DURO,MAIZ AMARILLO DURO,2020,85.0,15.0,5.0,1.5,0.0,5.666666666666667,UNRESOLVED,7442.236517657903,6
200605,14010070000,MAIZ AMARILLO DURO,MAIZ AMARILLO DURO,2021,90.0,15.0,15.0,1.5099999999999998,0.0,6.0,UNRESOLVED,7442.236517657903,6
200605,14010070000,MAIZ AMARILLO DURO,MAIZ AMARILLO DURO,2022,90.0,15.0,45.0,1.5266666666666668,30.0,6.0,UNRESOLVED,7442.236517657903,11
200605,14010070000,MAIZ AMARILLO DURO,MAIZ AMARILLO DURO,2023,138.0,25.0,10.0,1.6094202898550725,5.0,5.52,UNRESOLVED,7442.236517657903,12
200605,15010040000,PLATANOS Y BANANAS,PLATANOS Y BANANAS PARA COCCI N (M X paradisiaca),2016,55185.0,2046.0,104.0,0.7242362960949532,2046.0,26.972140762463344,UNRESOLVED,7442.236517657903,12
200605,15010040000,PLATANOS Y BANANAS,PLATANOS Y BANANAS PARA COCCI N (M X paradisiaca),2017,37140.0,2046.0,0.0,0.7933497576736672,2046.0,18.1524926686217,UNRESOLVED,7442.236517657903,12
200605,15010040000,PLATANOS Y BANANAS,PLATANOS Y BANANAS PARA COCCI N (M X paradisiaca),2018,62151.0,2046.0,0.0,0.7234126562726263,2046.0,30.37683284457478,UNRESOLVED,7442.236517657903,12
200605,15010040000,PLATANOS Y BANANAS,PLATANOS Y BANANAS PARA COCCI N (M X paradisiaca),2019,74688.0,2046.0,0.0,0.75,2046.0,36.504398826979475,UNRESOLVED,7442.236517657903,12
200605,15010040000,PLATANOS Y BANANAS,PLATANOS Y BANANAS PARA COCCI N (M X paradisiaca),2020,72734.0,2046.0,0.0,0.7906804245607281,2046.0,35.54936461388074,UNRESOLVED,7442.236517657903,12
200605,15010040000,PLATANOS Y BANANAS,PLATANOS Y BANANAS PARA COCCI N (M X paradisiaca),2021,61156.0,2046.0,0.0,0.8967687553142782,2046.0,29.89051808406647,UNRESOLVED,7442.236517657903,12
200605,15010040000,PLATANOS Y BANANAS,PLATANOS Y BANANAS PARA COCCI N (M X paradisiaca),2022,85286.0,2046.0,30.0,0.9807098468681846,2076.0,41.68426197458456,UNRESOLVED,7442.236517657903,12
200605,15010040000,PLATANOS Y BANANAS,PLATANOS Y BANANAS PARA COCCI N (M X paradisiaca),2023,86679.0,2008.0,0.0,1.0256270838380692,2008.0,43.16683266932271,UNRESOLVED,7442.236517657903,12
200606,13010170102,LIMON SUTIL,LIMON SUTIL,2018,38.0,5.0,0.0,0.7907894736842105,5.0,7.6,UNRESOLVED,6720.582076466722,12
200606,13010170102,LIMON SUTIL,LIMON SUTIL,2019,76.0,5.0,0.0,0.7842105263157895,5.0,15.2,UNRESOLVED,6720.582076466722,12
200606,13010170102,LIMON SUTIL,LIMON SUTIL,2020,55.0,5.0,0.0,0.7927272727272727,5.0,11.0,UNRESOLVED,6720.582076466722,12
200606,13010170102,LIMON SUTIL,LIMON SUTIL,2021,110.0,5.0,0.0,1.027,5.0,22.0,UNRESOLVED,6720.582076466722,12
200606,13010170102,LIMON SUTIL,LIMON SUTIL,2022,95.0,5.0,0.0,1.296315789473684,5.0,19.0,UNRESOLVED,6720.582076466722,12
200606,13010170102,LIMON SUTIL,LIMON SUTIL,2023,214.0,4.0,0.0,1.2525233644859814,4.0,53.5,UNRESOLVED,6720.582076466722,12
200606,13010210000,MANGO,MANGO,2016,12.0,2.0,0.0,0.6999999999999998,2.0,6.0,UNRESOLVED,6720.582076466722,12
200606,13010210000,MANGO,MANGO,2017,10.0,2.0,0.0,0.74,2.0,5.0,UNRESOLVED,6720.582076466722,12
200606,13010210000,MANGO,MANGO,2018,24.0,2.0,0.0,0.8000000000000002,2.0,12.0,UNRESOLVED,6720.582076466722,12
200606,13010210000,MANGO,MANGO,2019,24.0,2.0,0.0,0.9,2.0,12.0,UNRESOLVED,6720.582076466722,12
200606,13010210000,MANGO,MANGO,2020,10.0,2.0,0.0,1.0,2.0,5.0,UNRESOLVED,6720.582076466722,12
200606,13010210000,MANGO,MANGO,2021,22.0,2.0,0.0,1.0,2.0,11.0,UNRESOLVED,6720.582076466722,12
200606,13010210000,MANGO,MANGO,2022,20.0,2.0,0.0,1.138,2.0,10.0,UNRESOLVED,6720.582076466722,12
200606,13010210000,MANGO,MANGO,2023,42.0,2.0,0.0,1.450952380952381,2.0,21.0,UNRESOLVED,6720.582076466722,12
200606,14010070000,MAIZ AMARILLO DURO,MAIZ AMARILLO DURO,2016,352.0,70.0,50.0,1.3196022727272727,5.0,5.0285714285714285,UNRESOLVED,6720.582076466722,11
200606,14010070000,MAIZ AMARILLO DURO,MAIZ AMARILLO DURO,2017,192.0,32.0,47.0,1.5843749999999999,20.0,6.0,UNRESOLVED,6720.582076466722,10
200606,14010070000,MAIZ AMARILLO DURO,MAIZ AMARILLO DURO,2018,120.0,20.0,0.0,1.2,0.0,6.0,UNRESOLVED,6720.582076466722,2
200606,14010070000,MAIZ AMARILLO DURO,MAIZ AMARILLO DURO,2019,90.0,15.0,45.0,1.5,30.0,6.0,UNRESOLVED,6720.582076466722,9
200606,14010070000,MAIZ AMARILLO DURO,MAIZ AMARILLO DURO,2020,215.0,46.0,20.0,1.3186046511627907,4.0,4.673913043478261,UNRESOLVED,6720.582076466722,12
200606,14010070000,MAIZ AMARILLO DURO,MAIZ AMARILLO DURO,2021,200.0,35.0,40.0,1.386,9.0,5.714285714285714,UNRESOLVED,6720.582076466722,12
200606,14010070000,MAIZ AMARILLO DURO,MAIZ AMARILLO DURO,2022,210.0,29.0,65.0,1.3814285714285712,45.0,7.241379310344827,UNRESOLVED,6720.582076466722,12
200606,14010070000,MAIZ AMARILLO DURO,MAIZ AMARILLO DURO,2023,264.0,50.0,25.0,1.6647727272727273,0.0,5.28,UNRESOLVED,6720.582076466722,10
200606,15010040000,PLATANOS Y BANANAS,PLATANOS Y BANANAS PARA COCCI N (M X paradisiaca),2016,3217.0,168.0,33.0,0.7343176872862917,168.0,19.148809523809526,UNRESOLVED,6720.582076466722,12
200606,15010040000,PLATANOS Y BANANAS,PLATANOS Y BANANAS PARA COCCI N (M X paradisiaca),2017,3162.0,168.0,0.0,0.7832890575585073,168.0,18.821428571428573,UNRESOLVED,6720.582076466722,12
200606,15010040000,PLATANOS Y BANANAS,PLATANOS Y BANANAS PARA COCCI N (M X paradisiaca),2018,4391.0,168.0,0.0,0.7260350717376451,168.0,26.136904761904763,UNRESOLVED,6720.582076466722,12
200606,15010040000,PLATANOS Y BANANAS,PLATANOS Y BANANAS PARA COCCI N (M X paradisiaca),2019,5439.0,168.0,0.0,0.75,168.0,32.375,UNRESOLVED,6720.582076466722,12
200606,15010040000,PLATANOS Y BANANAS,PLATANOS Y BANANAS PARA COCCI N (M X paradisiaca),2020,5261.0,168.0,0.0,0.7814864094278654,168.0,31.31547619047619,UNRESOLVED,6720.582076466722,12
200606,15010040000,PLATANOS Y BANANAS,PLATANOS Y BANANAS PARA COCCI N (M X paradisiaca),2021,4205.0,168.0,0.0,0.8868632580261593,168.0,25.029761904761905,UNRESOLVED,6720.582076466722,12
200606,15010040000,PLATANOS Y BANANAS,PLATANOS Y BANANAS PARA COCCI N (M X paradisiaca),2022,6027.0,168.0,5.0,1.0583789613406338,173.0,35.875,UNRESOLVED,6720.582076466722,12
200606,15010040000,PLATANOS Y BANANAS,PLATANOS Y BANANAS PARA COCCI N (M X paradisiaca),2023,6214.0,143.0,0.0,0.9715175410363696,143.0,43.45454545454545,UNRESOLVED,6720.582076466722,12
200607,13010170102,LIMON SUTIL,LIMON SUTIL,2016,257.0,22.0,0.0,0.8821011673151751,22.0,11.681818181818182,UNRESOLVED,4923.806538196731,12
200607,13010170102,LIMON SUTIL,LIMON SUTIL,2017,141.0,22.0,0.0,1.0460992907801419,22.0,6.409090909090909,UNRESOLVED,4923.806538196731,12
200607,13010170102,LIMON SUTIL,LIMON SUTIL,2018,116.0,22.0,0.0,0.5788793103448276,22.0,5.2727272727272725,UNRESOLVED,4923.806538196731,12
200607,13010170102,LIMON SUTIL,LIMON SUTIL,2019,87.0,22.0,0.0,0.6689655172413793,22.0,3.9545454545454546,UNRESOLVED,4923.806538196731,12
200607,13010170102,LIMON SUTIL,LIMON SUTIL,2020,65.0,22.0,0.0,0.8107692307692307,22.0,2.9545454545454546,UNRESOLVED,4923.806538196731,12
200607,13010170102,LIMON SUTIL,LIMON SUTIL,2021,100.0,22.0,0.0,1.0239,22.0,4.545454545454546,UNRESOLVED,4923.806538196731,12
200607,13010170102,LIMON SUTIL,LIMON SUTIL,2022,121.0,5.0,0.0,1.3288429752066115,5.0,24.2,UNRESOLVED,4923.806538196731,12
200607,13010170102,LIMON SUTIL,LIMON SUTIL,2023,84.0,5.0,0.0,2.1036904761904758,5.0,16.8,UNRESOLVED,4923.806538196731,12
200607,14010020000,ARROZ,ARROZ,2016,25781.0,2661.0,1800.0,1.2324715876032737,70.0,9.688462983840662,UNRESOLVED,4923.806538196731,11
200607,14010020000,ARROZ,ARROZ,2017,11795.0,1570.0,1700.0,1.2186095803306485,200.0,7.512738853503185,UNRESOLVED,4923.806538196731,12
200607,14010020000,ARROZ,ARROZ,2018,17145.0,1905.0,1705.0,1.0377952755905513,0.0,9.0,UNRESOLVED,4923.806538196731,12
200607,14010020000,ARROZ,ARROZ,2019,9270.0,1030.0,1670.0,1.0516504854368933,640.0,9.0,UNRESOLVED,4923.806538196731,11
200607,14010020000,ARROZ,ARROZ,2020,20660.0,2290.0,1650.0,1.275217812197483,0.0,9.02183406113537,UNRESOLVED,4923.806538196731,12
200607,14010020000,ARROZ,ARROZ,2021,18175.0,1700.0,1700.0,1.2777716643741404,0.0,10.691176470588236,UNRESOLVED,4923.806538196731,11
200607,14010020000,ARROZ,ARROZ,2022,13200.0,1200.0,1750.0,1.40625,550.0,11.0,UNRESOLVED,4923.806538196731,11
200607,14010020000,ARROZ,ARROZ,2023,23450.0,2300.0,1750.0,1.5925159914712153,0.0,10.195652173913043,UNRESOLVED,4923.806538196731,12
200607,14010070000,MAIZ AMARILLO DURO,MAIZ AMARILLO DURO,2016,51.0,10.0,5.0,1.0,5.0,5.1,UNRESOLVED,4923.806538196731,5
200607,14010070000,MAIZ AMARILLO DURO,MAIZ AMARILLO DURO,2017,30.0,5.0,10.0,1.5,10.0,6.0,UNRESOLVED,4923.806538196731,4
200607,14010070000,MAIZ AMARILLO DURO,MAIZ AMARILLO DURO,2018,60.0,10.0,0.0,1.2,0.0,6.0,UNRESOLVED,4923.806538196731,1
200607,14010070000,MAIZ AMARILLO DURO,MAIZ AMARILLO DURO,2020,170.0,30.0,20.0,1.3529411764705883,0.0,5.666666666666667,UNRESOLVED,4923.806538196731,9
200607,14010070000,MAIZ AMARILLO DURO,MAIZ AMARILLO DURO,2021,200.0,35.0,55.0,1.4325,20.0,5.714285714285714,UNRESOLVED,4923.806538196731,11
200607,14010070000,MAIZ AMARILLO DURO,MAIZ AMARILLO DURO,2022,198.0,33.0,31.0,1.512121212121212,18.0,6.0,UNRESOLVED,4923.806538196731,12
200607,14010070000,MAIZ AMARILLO DURO,MAIZ AMARILLO DURO,2023,118.0,20.0,15.0,1.6262711864406778,0.0,5.9,UNRESOLVED,4923.806538196731,9
200607,15010040000,PLATANOS Y BANANAS,PLATANOS Y BANANAS PARA COCCI N (M X paradisiaca),2016,55790.0,2214.0,422.0,0.6997540777917189,2214.0,25.19873532068654,UNRESOLVED,4923.806538196731,12
200607,15010040000,PLATANOS Y BANANAS,PLATANOS Y BANANAS PARA COCCI N (M X paradisiaca),2017,40421.0,2214.0,0.0,0.8850889389178892,2214.0,18.257000903342366,UNRESOLVED,4923.806538196731,12
200607,15010040000,PLATANOS Y BANANAS,PLATANOS Y BANANAS PARA COCCI N (M X paradisiaca),2018,66172.0,2214.0,0.0,0.7250946019464426,2214.0,29.88798554652213,UNRESOLVED,4923.806538196731,12
200607,15010040000,PLATANOS Y BANANAS,PLATANOS Y BANANAS PARA COCCI N (M X paradisiaca),2019,76014.0,2214.0,0.0,0.75,2214.0,34.333333333333336,UNRESOLVED,4923.806538196731,12
200607,15010040000,PLATANOS Y BANANAS,PLATANOS Y BANANAS PARA COCCI N (M X paradisiaca),2020,76103.0,2214.0,0.0,0.7909865576915496,2214.0,34.37353206865402,UNRESOLVED,4923.806538196731,12
200607,15010040000,PLATANOS Y BANANAS,PLATANOS Y BANANAS PARA COCCI N (M X paradisiaca),2021,59755.0,2214.0,0.0,0.8945833821437537,2214.0,26.989611562782294,UNRESOLVED,4923.806538196731,12
200607,15010040000,PLATANOS Y BANANAS,PLATANOS Y BANANAS PARA COCCI N (M X paradisiaca),2022,84154.0,2214.0,0.0,0.9849604296884283,2214.0,38.00993676603433,UNRESOLVED,4923.806538196731,12
200607,15010040000,PLATANOS Y BANANAS,PLATANOS Y BANANAS PARA COCCI N (M X paradisiaca),2023,91506.0,2114.0,0.0,1.095948353113457,2114.0,43.285714285714285,UNRESOLVED,4923.806538196731,12
200608,13010170102,LIMON SUTIL,LIMON SUTIL,2016,69.0,5.0,0.0,0.9260869565217391,5.0,13.8,UNRESOLVED,1482.2340470499148,12
200608,13010170102,LIMON SUTIL,LIMON SUTIL,2017,27.0,5.0,0.0,0.9074074074074074,5.0,5.4,UNRESOLVED,1482.2340470499148,12
200608,13010170102,LIMON SUTIL,LIMON SUTIL,2018,63.0,5.0,0.0,0.7341269841269841,5.0,12.6,UNRESOLVED,1482.2340470499148,12
200608,13010170102,LIMON SUTIL,LIMON SUTIL,2019,93.0,5.0,0.0,0.7763440860215054,5.0,18.6,UNRESOLVED,1482.2340470499148,12
200608,13010170102,LIMON SUTIL,LIMON SUTIL,2020,68.0,5.0,0.0,0.711764705882353,5.0,13.6,UNRESOLVED,1482.2340470499148,12
200608,13010170102,LIMON SUTIL,LIMON SUTIL,2021,71.0,5.0,0.0,1.0174647887323942,5.0,14.2,UNRESOLVED,1482.2340470499148,12
200608,13010170102,LIMON SUTIL,LIMON SUTIL,2022,99.0,5.0,0.0,1.3042424242424242,5.0,19.8,UNRESOLVED,1482.2340470499148,12
200608,13010170102,LIMON SUTIL,LIMON SUTIL,2023,227.0,5.0,0.0,1.305726872246696,5.0,45.4,UNRESOLVED,1482.2340470499148,12
200608,13010210000,MANGO,MANGO,2016,8.0,1.0,0.0,0.7250000000000001,1.0,8.0,UNRESOLVED,1482.2340470499148,12
200608,13010210000,MANGO,MANGO,2017,10.0,1.0,0.0,1.22,1.0,10.0,UNRESOLVED,1482.2340470499148,12
200608,13010210000,MANGO,MANGO,2018,12.0,1.0,0.0,0.8000000000000002,1.0,12.0,UNRESOLVED,1482.2340470499148,12
200608,13010210000,MANGO,MANGO,2019,12.0,1.0,0.0,0.9,1.0,12.0,UNRESOLVED,1482.2340470499148,12
200608,13010210000,MANGO,MANGO,2020,9.0,1.0,0.0,1.0,1.0,9.0,UNRESOLVED,1482.2340470499148,12
200608,13010210000,MANGO,MANGO,2021,11.0,1.0,0.0,1.0,1.0,11.0,UNRESOLVED,1482.2340470499148,12
200608,13010210000,MANGO,MANGO,2022,10.0,1.0,0.0,1.126,1.0,10.0,UNRESOLVED,1482.2340470499148,12
200608,13010210000,MANGO,MANGO,2023,14.0,1.0,0.0,1.0,1.0,14.0,UNRESOLVED,1482.2340470499148,12
200608,14010020000,ARROZ,ARROZ,2016,2510.0,260.0,180.0,1.2394422310756972,0.0,9.653846153846153,UNRESOLVED,1482.2340470499148,10
200608,14010020000,ARROZ,ARROZ,2017,1440.0,180.0,180.0,1.2,0.0,8.0,UNRESOLVED,1482.2340470499148,10
200608,14010020000,ARROZ,ARROZ,2018,1530.0,170.0,170.0,1.018823529411765,0.0,9.0,UNRESOLVED,1482.2340470499148,11
200608,14010020000,ARROZ,ARROZ,2019,1260.0,140.0,180.0,1.0614285714285716,40.0,9.0,UNRESOLVED,1482.2340470499148,11
200608,14010020000,ARROZ,ARROZ,2020,2000.0,220.0,180.0,1.296,0.0,9.090909090909092,UNRESOLVED,1482.2340470499148,12
200608,14010020000,ARROZ,ARROZ,2021,2035.0,190.0,190.0,1.2661179361179362,0.0,10.710526315789474,UNRESOLVED,1482.2340470499148,10
200608,14010020000,ARROZ,ARROZ,2022,2200.0,200.0,250.0,1.405,50.0,11.0,UNRESOLVED,1482.2340470499148,11
200608,14010020000,ARROZ,ARROZ,2023,4150.0,400.0,350.0,1.6393975903614457,0.0,10.375,UNRESOLVED,1482.2340470499148,12
200608,14010070000,MAIZ AMARILLO DURO,MAIZ AMARILLO DURO,2016,51.0,10.0,5.0,1.0,5.0,5.1,UNRESOLVED,1482.2340470499148,5
200608,14010070000,MAIZ AMARILLO DURO,MAIZ AMARILLO DURO,2017,60.0,10.0,15.0,1.55,10.0,6.0,UNRESOLVED,1482.2340470499148,8
200608,14010070000,MAIZ AMARILLO DURO,MAIZ AMARILLO DURO,2018,60.0,10.0,0.0,1.2,0.0,6.0,UNRESOLVED,1482.2340470499148,1
200608,14010070000,MAIZ AMARILLO DURO,MAIZ AMARILLO DURO,2019,72.0,12.0,12.0,1.5,0.0,6.0,UNRESOLVED,1482.2340470499148,4
200608,14010070000,MAIZ AMARILLO DURO,MAIZ AMARILLO DURO,2020,70.0,15.0,15.0,1.5,0.0,4.666666666666667,UNRESOLVED,1482.2340470499148,6
200608,14010070000,MAIZ AMARILLO DURO,MAIZ AMARILLO DURO,2022,270.0,45.0,50.0,1.5144444444444443,15.0,6.0,UNRESOLVED,1482.2340470499148,12
200608,14010070000,MAIZ AMARILLO DURO,MAIZ AMARILLO DURO,2023,146.0,25.0,15.0,1.697945205479452,0.0,5.84,UNRESOLVED,1482.2340470499148,11
200608,15010040000,PLATANOS Y BANANAS,PLATANOS Y BANANAS PARA COCCI N (M X paradisiaca),2016,23850.0,984.0,132.0,0.7298654088050315,984.0,24.23780487804878,UNRESOLVED,1482.2340470499148,12
200608,15010040000,PLATANOS Y BANANAS,PLATANOS Y BANANAS PARA COCCI N (M X paradisiaca),2017,16522.0,984.0,0.0,0.7660616148166082,984.0,16.790650406504064,UNRESOLVED,1482.2340470499148,12
200608,15010040000,PLATANOS Y BANANAS,PLATANOS Y BANANAS PARA COCCI N (M X paradisiaca),2018,28250.0,984.0,0.0,0.724603185840708,984.0,28.709349593495936,UNRESOLVED,1482.2340470499148,12
200608,15010040000,PLATANOS Y BANANAS,PLATANOS Y BANANAS PARA COCCI N (M X paradisiaca),2019,33384.0,984.0,0.0,0.75,984.0,33.926829268292686,UNRESOLVED,1482.2340470499148,12
200608,15010040000,PLATANOS Y BANANAS,PLATANOS Y BANANAS PARA COCCI N (M X paradisiaca),2020,27404.0,984.0,0.0,0.7894504451904831,984.0,27.849593495934958,UNRESOLVED,1482.2340470499148,12
200608,15010040000,PLATANOS Y BANANAS,PLATANOS Y BANANAS PARA COCCI N (M X paradisiaca),2021,26537.0,984.0,0.0,0.8963918302747107,984.0,26.96849593495935,UNRESOLVED,1482.2340470499148,12
200608,15010040000,PLATANOS Y BANANAS,PLATANOS Y BANANAS PARA COCCI N (M X paradisiaca),2022,37633.0,984.0,0.0,0.967538064996147,984.0,38.24491869918699,UNRESOLVED,1482.2340470499148,12
200608,15010040000,PLATANOS Y BANANAS,PLATANOS Y BANANAS PARA COCCI N (M X paradisiaca),2023,36284.0,894.0,0.0,0.9909409105942014,894.0,40.58612975391499,UNRESOLVED,1482.2340470499148,12
200801,13010170102,LIMON SUTIL,LIMON SUTIL,2022,5.0,1.0,0.0,1.704,1.0,5.0,UNRESOLVED,3150.7145395860057,12
200801,13010170102,LIMON SUTIL,LIMON SUTIL,2023,2.0,1.0,0.0,1.61,0.0,2.0,UNRESOLVED,3150.7145395860057,3
200801,13010210000,MANGO,MANGO,2020,1.0,1.0,0.0,1.3,1.0,1.0,UNRESOLVED,3150.7145395860057,12
200801,13010210000,MANGO,MANGO,2022,11.0,1.0,0.0,1.2727272727272727,1.0,11.0,UNRESOLVED,3150.7145395860057,12
200801,13010210000,MANGO,MANGO,2023,2.0,1.0,0.0,1.6,1.0,2.0,UNRESOLVED,3150.7145395860057,12
200801,14010020000,ARROZ,ARROZ,2016,10180.0,1145.0,1149.0,1.242679764243615,160.0,8.890829694323145,UNRESOLVED,3150.7145395860057,12
200801,14010020000,ARROZ,ARROZ,2017,7562.0,1014.0,1087.0,1.2788838931499604,158.0,7.457593688362919,UNRESOLVED,3150.7145395860057,12
200801,14010020000,ARROZ,ARROZ,2018,9901.0,1148.0,990.0,1.070917079082921,0.0,8.624564459930314,UNRESOLVED,3150.7145395860057,8
200801,14010020000,ARROZ,ARROZ,2019,5940.0,900.0,1022.0,0.9872727272727272,122.0,6.6,UNRESOLVED,3150.7145395860057,12
200801,14010020000,ARROZ,ARROZ,2020,8173.0,961.0,1011.0,1.340917655695583,172.0,8.50468262226847,UNRESOLVED,3150.7145395860057,12
200801,14010020000,ARROZ,ARROZ,2021,10746.0,1109.0,937.0,1.1384142936906756,0.0,9.689810640216411,UNRESOLVED,3150.7145395860057,8
200801,14010020000,ARROZ,ARROZ,2022,5685.0,775.0,775.0,1.8,0.0,7.335483870967742,UNRESOLVED,3150.7145395860057,12
200801,14010020000,ARROZ,ARROZ,2023,7752.0,899.0,1187.0,1.4769878740970073,288.0,8.622914349276975,UNRESOLVED,3150.7145395860057,12
200801,14010070000,MAIZ AMARILLO DURO,MAIZ AMARILLO DURO,2016,879.0,185.0,133.0,1.0966780432309442,0.0,4.751351351351351,UNRESOLVED,3150.7145395860057,11
200801,14010070000,MAIZ AMARILLO DURO,MAIZ AMARILLO DURO,2017,164.0,37.0,57.0,1.0318292682926828,20.0,4.4324324324324325,UNRESOLVED,3150.7145395860057,8
200801,14010070000,MAIZ AMARILLO DURO,MAIZ AMARILLO DURO,2018,576.0,119.0,99.0,0.959861111111111,0.0,4.840336134453781,UNRESOLVED,3150.7145395860057,12
200801,14010070000,MAIZ AMARILLO DURO,MAIZ AMARILLO DURO,2019,220.0,43.0,43.0,1.0796818181818182,0.0,5.116279069767442,UNRESOLVED,3150.7145395860057,11
200801,14010070000,MAIZ AMARILLO DURO,MAIZ AMARILLO DURO,2020,455.0,139.0,139.0,1.2248351648351647,0.0,3.273381294964029,UNRESOLVED,3150.7145395860057,10
200801,14010070000,MAIZ AMARILLO DURO,MAIZ AMARILLO DURO,2021,855.0,168.0,238.0,1.5214035087719298,70.0,5.089285714285714,UNRESOLVED,3150.7145395860057,11
200801,14010070000,MAIZ AMARILLO DURO,MAIZ AMARILLO DURO,2022,1461.0,279.0,209.0,1.585359342915811,0.0,5.236559139784946,UNRESOLVED,3150.7145395860057,12
200801,14010070000,MAIZ AMARILLO DURO,MAIZ AMARILLO DURO,2023,548.0,108.0,122.0,1.2680474452554744,14.0,5.074074074074074,UNRESOLVED,3150.7145395860057,11
200801,15010040000,PLATANOS Y BANANAS,PLATANOS Y BANANAS PARA COCCI N (M X paradisiaca),2022,2.0,1.0,1.0,1.0,1.0,2.0,UNRESOLVED,3150.7145395860057,8
200801,15010040000,PLATANOS Y BANANAS,PLATANOS Y BANANAS PARA COCCI N (M X paradisiaca),2023,20.0,2.0,1.0,1.1605,2.0,10.0,UNRESOLVED,3150.7145395860057,12
200802,13010210000,MANGO,MANGO,2016,4.0,1.0,0.0,1.0,1.0,4.0,UNRESOLVED,1298.4066453346709,12
200802,13010210000,MANGO,MANGO,2017,9.0,1.0,0.0,1.1111111111111112,1.0,9.0,UNRESOLVED,1298.4066453346709,12
200802,13010210000,MANGO,MANGO,2018,34.0,1.0,0.0,0.8705882352941177,1.0,34.0,UNRESOLVED,1298.4066453346709,12
200802,13010210000,MANGO,MANGO,2019,5.0,1.0,0.0,1.42,1.0,5.0,UNRESOLVED,1298.4066453346709,12
200802,13010210000,MANGO,MANGO,2021,2.0,1.0,0.0,1.105,1.0,2.0,UNRESOLVED,1298.4066453346709,12
200802,13010210000,MANGO,MANGO,2022,12.0,1.0,0.0,1.3458333333333332,1.0,12.0,UNRESOLVED,1298.4066453346709,12
200802,14010020000,ARROZ,ARROZ,2016,10652.0,1192.0,1311.0,1.2068278257604206,295.0,8.936241610738255,UNRESOLVED,1298.4066453346709,12
200802,14010020000,ARROZ,ARROZ,2017,8354.0,1141.0,1096.0,1.2990699066315539,159.0,7.321647677475898,UNRESOLVED,1298.4066453346709,12
200802,14010020000,ARROZ,ARROZ,2018,9472.0,1100.0,941.0,1.072004856418919,0.0,8.610909090909091,UNRESOLVED,1298.4066453346709,8
200802,14010020000,ARROZ,ARROZ,2019,6480.0,1000.0,1280.0,1.0,280.0,6.48,UNRESOLVED,1298.4066453346709,12
200802,14010020000,ARROZ,ARROZ,2020,7842.0,974.0,794.0,1.3440856924254017,100.0,8.051334702258726,UNRESOLVED,1298.4066453346709,12
200802,14010020000,ARROZ,ARROZ,2021,9674.0,981.0,881.0,1.118213768864999,0.0,9.861365953109072,UNRESOLVED,1298.4066453346709,8
200802,14010020000,ARROZ,ARROZ,2022,4127.0,650.0,650.0,1.8100000000000003,0.0,6.349230769230769,UNRESOLVED,1298.4066453346709,6
200802,14010020000,ARROZ,ARROZ,2023,5017.0,583.0,703.0,1.4709706996212875,120.0,8.60548885077187,UNRESOLVED,1298.4066453346709,12
200802,14010070000,MAIZ AMARILLO DURO,MAIZ AMARILLO DURO,2016,707.0,148.0,153.0,1.0186704384724188,5.0,4.777027027027027,UNRESOLVED,1298.4066453346709,12
200802,14010070000,MAIZ AMARILLO DURO,MAIZ AMARILLO DURO,2017,414.0,94.0,159.0,1.0517391304347827,70.0,4.404255319148936,UNRESOLVED,1298.4066453346709,12
200802,14010070000,MAIZ AMARILLO DURO,MAIZ AMARILLO DURO,2018,892.0,173.0,108.0,0.9203587443946188,0.0,5.15606936416185,UNRESOLVED,1298.4066453346709,12
200802,14010070000,MAIZ AMARILLO DURO,MAIZ AMARILLO DURO,2019,289.0,59.0,123.0,1.0360207612456749,64.0,4.898305084745763,UNRESOLVED,1298.4066453346709,12
200802,14010070000,MAIZ AMARILLO DURO,MAIZ AMARILLO DURO,2020,1313.0,342.0,291.0,1.1757273419649656,13.0,3.8391812865497075,UNRESOLVED,1298.4066453346709,12
200802,14010070000,MAIZ AMARILLO DURO,MAIZ AMARILLO DURO,2021,1055.0,211.0,282.0,1.5230331753554502,84.0,5.0,UNRESOLVED,1298.4066453346709,12
200802,14010070000,MAIZ AMARILLO DURO,MAIZ AMARILLO DURO,2022,2140.0,428.0,344.0,1.637196261682243,0.0,5.0,UNRESOLVED,1298.4066453346709,11
200802,14010070000,MAIZ AMARILLO DURO,MAIZ AMARILLO DURO,2023,1582.0,330.0,397.0,1.3136283185840707,67.0,4.793939393939394,UNRESOLVED,1298.4066453346709,12
200802,15010040000,PLATANOS Y BANANAS,PLATANOS Y BANANAS PARA COCCI N (M X paradisiaca),2023,24.0,3.0,0.0,0.9866666666666667,3.0,8.0,UNRESOLVED,1298.4066453346709,12
200803,13010170102,LIMON SUTIL,LIMON SUTIL,2016,10.0,1.0,0.0,1.08,1.0,10.0,UNRESOLVED,5554.164738939715,12
200803,13010170102,LIMON SUTIL,LIMON SUTIL,2017,13.0,1.0,0.0,2.0846153846153848,1.0,13.0,UNRESOLVED,5554.164738939715,12
200803,13010170102,LIMON SUTIL,LIMON SUTIL,2018,12.0,1.0,0.0,0.9500000000000001,1.0,12.0,UNRESOLVED,5554.164738939715,12
200803,13010170102,LIMON SUTIL,LIMON SUTIL,2019,9.0,1.0,0.0,1.3444444444444443,1.0,9.0,UNRESOLVED,5554.164738939715,12
200803,13010170102,LIMON SUTIL,LIMON SUTIL,2020,3.0,1.0,0.0,1.0333333333333334,1.0,3.0,UNRESOLVED,5554.164738939715,12
200803,13010170102,LIMON SUTIL,LIMON SUTIL,2021,16.0,1.0,0.0,1.07625,1.0,16.0,UNRESOLVED,5554.164738939715,12
200803,13010170102,LIMON SUTIL,LIMON SUTIL,2022,18.0,1.0,0.0,1.3405555555555555,1.0,18.0,UNRESOLVED,5554.164738939715,12
200803,13010170102,LIMON SUTIL,LIMON SUTIL,2023,10.0,1.0,0.0,2.1670000000000003,1.0,10.0,UNRESOLVED,5554.164738939715,12
200803,13010210000,MANGO,MANGO,2016,12.0,3.0,0.0,1.0,3.0,4.0,UNRESOLVED,5554.164738939715,12
200803,13010210000,MANGO,MANGO,2017,27.0,3.0,0.0,1.1666666666666667,3.0,9.0,UNRESOLVED,5554.164738939715,12
200803,13010210000,MANGO,MANGO,2018,1.0,3.0,0.0,1.4,3.0,0.3333333333333333,UNRESOLVED,5554.164738939715,12
200803,13010210000,MANGO,MANGO,2019,1.0,3.0,0.0,1.5,3.0,0.3333333333333333,UNRESOLVED,5554.164738939715,12
200803,13010210000,MANGO,MANGO,2020,1.0,3.0,0.0,3.0,3.0,0.3333333333333333,UNRESOLVED,5554.164738939715,12
200803,13010210000,MANGO,MANGO,2021,11.0,3.0,0.0,1.1290909090909091,3.0,3.6666666666666665,UNRESOLVED,5554.164738939715,12
200803,13010210000,MANGO,MANGO,2022,19.0,3.0,0.0,1.5031578947368422,3.0,6.333333333333333,UNRESOLVED,5554.164738939715,12
200803,13010210000,MANGO,MANGO,2023,2.0,3.0,0.0,1.61,3.0,0.6666666666666666,UNRESOLVED,5554.164738939715,12
200803,14010020000,ARROZ,ARROZ,2016,14346.0,1616.0,1581.0,1.247314930991217,240.0,8.877475247524753,UNRESOLVED,5554.164738939715,12
200803,14010020000,ARROZ,ARROZ,2017,12237.0,1643.0,1809.0,1.2934199558715371,338.0,7.4479610468654895,UNRESOLVED,5554.164738939715,12
200803,14010020000,ARROZ,ARROZ,2018,12000.0,1409.0,1266.0,1.0748975,0.0,8.516678495386799,UNRESOLVED,5554.164738939715,12
200803,14010020000,ARROZ,ARROZ,2019,3900.0,600.0,720.0,1.0,120.0,6.5,UNRESOLVED,5554.164738939715,12
200803,14010020000,ARROZ,ARROZ,2020,7120.0,800.0,872.0,1.3745084269662922,192.0,8.9,UNRESOLVED,5554.164738939715,12
200803,14010020000,ARROZ,ARROZ,2021,9549.0,992.0,1034.0,1.1462456801759346,234.0,9.62600806451613,UNRESOLVED,5554.164738939715,12
200803,14010020000,ARROZ,ARROZ,2022,9192.0,1329.0,1103.0,1.7328785900783288,0.0,6.9164785553047405,UNRESOLVED,5554.164738939715,7
200803,14010020000,ARROZ,ARROZ,2023,5873.0,681.0,855.0,1.4808598671888302,174.0,8.624082232011748,UNRESOLVED,5554.164738939715,12
200803,14010070000,MAIZ AMARILLO DURO,MAIZ AMARILLO DURO,2016,542.0,118.0,133.0,1.0555350553505536,25.0,4.593220338983051,UNRESOLVED,5554.164738939715,11
200803,14010070000,MAIZ AMARILLO DURO,MAIZ AMARILLO DURO,2017,341.0,75.0,90.0,1.0596480938416424,40.0,4.546666666666667,UNRESOLVED,5554.164738939715,12
200803,14010070000,MAIZ AMARILLO DURO,MAIZ AMARILLO DURO,2018,502.0,95.0,55.0,0.9737051792828686,0.0,5.28421052631579,UNRESOLVED,5554.164738939715,12
200803,14010070000,MAIZ AMARILLO DURO,MAIZ AMARILLO DURO,2019,414.0,89.0,139.0,1.0853623188405797,50.0,4.651685393258427,UNRESOLVED,5554.164738939715,12
200803,14010070000,MAIZ AMARILLO DURO,MAIZ AMARILLO DURO,2020,1117.0,287.0,308.0,1.2219785138764547,21.0,3.8919860627177703,UNRESOLVED,5554.164738939715,12
200803,14010070000,MAIZ AMARILLO DURO,MAIZ AMARILLO DURO,2021,1125.0,230.0,319.0,3.5675555555555554,110.0,4.891304347826087,UNRESOLVED,5554.164738939715,12
200803,14010070000,MAIZ AMARILLO DURO,MAIZ AMARILLO DURO,2022,4725.0,957.0,872.0,1.6003386243386242,0.0,4.93730407523511,UNRESOLVED,5554.164738939715,12
200803,14010070000,MAIZ AMARILLO DURO,MAIZ AMARILLO DURO,2023,3616.0,736.0,1078.0,1.3114103982300884,342.0,4.913043478260869,UNRESOLVED,5554.164738939715,12
200803,15010040000,PLATANOS Y BANANAS,PLATANOS Y BANANAS PARA COCCI N (M X paradisiaca),2018,4.0,4.0,2.0,1.1,4.0,1.0,UNRESOLVED,5554.164738939715,12
200803,15010040000,PLATANOS Y BANANAS,PLATANOS Y BANANAS PARA COCCI N (M X paradisiaca),2019,74.0,4.0,0.0,1.118918918918919,4.0,18.5,UNRESOLVED,5554.164738939715,12
200803,15010040000,PLATANOS Y BANANAS,PLATANOS Y BANANAS PARA COCCI N (M X paradisiaca),2020,21.0,4.0,0.0,0.9619047619047618,4.0,5.25,UNRESOLVED,5554.164738939715,12
200803,15010040000,PLATANOS Y BANANAS,PLATANOS Y BANANAS PARA COCCI N (M X paradisiaca),2021,24.0,4.0,0.0,0.8391666666666667,4.0,6.0,UNRESOLVED,5554.164738939715,12
200803,15010040000,PLATANOS Y BANANAS,PLATANOS Y BANANAS PARA COCCI N (M X paradisiaca),2022,20.0,8.0,4.0,0.9810000000000001,8.0,2.5,UNRESOLVED,5554.164738939715,12
200803,15010040000,PLATANOS Y BANANAS,PLATANOS Y BANANAS PARA COCCI N (M X paradisiaca),2023,48.0,3.0,0.0,1.0445833333333334,3.0,16.0,UNRESOLVED,5554.164738939715,12
200804,13010170102,LIMON SUTIL,LIMON SUTIL,2022,3.0,1.0,1.0,1.51,1.0,3.0,UNRESOLVED,3521.5940279286906,8
200804,13010170102,LIMON SUTIL,LIMON SUTIL,2023,10.0,1.0,0.0,3.0940000000000003,1.0,10.0,UNRESOLVED,3521.5940279286906,12
200804,13010210000,MANGO,MANGO,2016,3.0,1.0,0.0,1.2,1.0,3.0,UNRESOLVED,3521.5940279286906,12
200804,13010210000,MANGO,MANGO,2017,27.0,1.0,0.0,1.0555555555555556,1.0,27.0,UNRESOLVED,3521.5940279286906,12
200804,13010210000,MANGO,MANGO,2018,85.0,1.0,0.0,1.2,1.0,85.0,UNRESOLVED,3521.5940279286906,12
200804,13010210000,MANGO,MANGO,2021,2.0,1.0,0.0,1.1099999999999999,2.0,2.0,UNRESOLVED,3521.5940279286906,12
200804,13010210000,MANGO,MANGO,2022,6.0,1.0,0.0,1.2550000000000001,2.0,6.0,UNRESOLVED,3521.5940279286906,12
200804,14010020000,ARROZ,ARROZ,2016,6387.0,715.0,680.0,1.2355284170972287,60.0,8.932867132867132,UNRESOLVED,3521.5940279286906,12
200804,14010020000,ARROZ,ARROZ,2017,2618.0,374.0,379.0,1.3033155080213903,50.0,7.0,UNRESOLVED,3521.5940279286906,12
200804,14010020000,ARROZ,ARROZ,2018,2277.0,267.0,217.0,1.0788713219148003,0.0,8.52808988764045,UNRESOLVED,3521.5940279286906,8
200804,14010020000,ARROZ,ARROZ,2019,3837.0,600.0,720.0,1.0,120.0,6.395,UNRESOLVED,3521.5940279286906,12
200804,14010020000,ARROZ,ARROZ,2020,7050.0,790.0,854.0,1.2383829787234044,184.0,8.924050632911392,UNRESOLVED,3521.5940279286906,12
200804,14010020000,ARROZ,ARROZ,2021,9542.0,991.0,1031.0,1.129658352546636,224.0,9.628657921291625,UNRESOLVED,3521.5940279286906,12
200804,14010020000,ARROZ,ARROZ,2022,6459.0,754.0,530.0,1.4798606595448212,0.0,8.566312997347481,UNRESOLVED,3521.5940279286906,7
200804,14010020000,ARROZ,ARROZ,2023,1926.0,227.0,285.0,1.4794652128764276,58.0,8.484581497797357,UNRESOLVED,3521.5940279286906,12
200804,14010070000,MAIZ AMARILLO DURO,MAIZ AMARILLO DURO,2016,379.0,81.0,133.0,1.0802110817941952,73.0,4.679012345679013,UNRESOLVED,3521.5940279286906,12
200804,14010070000,MAIZ AMARILLO DURO,MAIZ AMARILLO DURO,2017,389.0,88.0,86.0,1.0076092544987147,56.0,4.420454545454546,UNRESOLVED,3521.5940279286906,12
200804,14010070000,MAIZ AMARILLO DURO,MAIZ AMARILLO DURO,2018,783.0,166.0,131.0,1.0544061302681993,21.0,4.716867469879518,UNRESOLVED,3521.5940279286906,12
200804,14010070000,MAIZ AMARILLO DURO,MAIZ AMARILLO DURO,2019,674.0,136.0,136.0,1.0558902077151335,21.0,4.955882352941177,UNRESOLVED,3521.5940279286906,12
200804,14010070000,MAIZ AMARILLO DURO,MAIZ AMARILLO DURO,2020,1181.0,307.0,307.0,1.212701100762066,21.0,3.8469055374592833,UNRESOLVED,3521.5940279286906,12
200804,14010070000,MAIZ AMARILLO DURO,MAIZ AMARILLO DURO,2021,1295.0,259.0,339.0,1.4023166023166023,101.0,5.0,UNRESOLVED,3521.5940279286906,12
200804,14010070000,MAIZ AMARILLO DURO,MAIZ AMARILLO DURO,2022,4110.0,834.0,754.0,1.6249878345498785,0.0,4.928057553956834,UNRESOLVED,3521.5940279286906,12
200804,14010070000,MAIZ AMARILLO DURO,MAIZ AMARILLO DURO,2023,1206.0,245.0,412.0,1.3060447761194032,167.0,4.922448979591837,UNRESOLVED,3521.5940279286906,12
200804,15010040000,PLATANOS Y BANANAS,PLATANOS Y BANANAS PARA COCCI N (M X paradisiaca),2020,9.0,1.0,0.0,0.8133333333333334,1.0,9.0,UNRESOLVED,3521.5940279286906,12
200804,15010040000,PLATANOS Y BANANAS,PLATANOS Y BANANAS PARA COCCI N (M X paradisiaca),2021,19.0,1.0,0.0,0.8668421052631579,1.0,19.0,UNRESOLVED,3521.5940279286906,12
200804,15010040000,PLATANOS Y BANANAS,PLATANOS Y BANANAS PARA COCCI N (M X paradisiaca),2022,24.0,3.0,2.0,0.9862500000000001,3.0,8.0,UNRESOLVED,3521.5940279286906,12
200804,15010040000,PLATANOS Y BANANAS,PLATANOS Y BANANAS PARA COCCI N (M X paradisiaca),2023,6.0,3.0,0.0,1.1933333333333334,0.0,2.0,UNRESOLVED,3521.5940279286906,3
200805,13010170102,LIMON SUTIL,LIMON SUTIL,2022,5.0,1.0,0.0,1.624,1.0,5.0,UNRESOLVED,2374.743226009901,12
200805,13010170102,LIMON SUTIL,LIMON SUTIL,2023,12.0,1.0,0.0,2.8266666666666667,1.0,12.0,UNRESOLVED,2374.743226009901,12
200805,13010210000,MANGO,MANGO,2021,3.0,2.0,0.0,1.07,2.0,1.5,UNRESOLVED,2374.743226009901,12
200805,13010210000,MANGO,MANGO,2022,19.0,2.0,0.0,1.5405263157894737,2.0,9.5,UNRESOLVED,2374.743226009901,12
200805,13010210000,MANGO,MANGO,2023,2.0,2.0,0.0,1.61,2.0,1.0,UNRESOLVED,2374.743226009901,12
200805,14010020000,ARROZ,ARROZ,2016,10704.0,1212.0,1201.0,1.2428587443946189,177.0,8.831683168316832,UNRESOLVED,2374.743226009901,12
200805,14010020000,ARROZ,ARROZ,2017,9078.0,1215.0,1265.0,1.2893787177792464,162.0,7.4716049382716045,UNRESOLVED,2374.743226009901,12
200805,14010020000,ARROZ,ARROZ,2018,9929.0,1152.0,990.0,1.0738956591801792,0.0,8.61892361111111,UNRESOLVED,2374.743226009901,8
200805,14010020000,ARROZ,ARROZ,2019,8220.0,1200.0,1322.0,1.0,122.0,6.85,UNRESOLVED,2374.743226009901,12
200805,14010020000,ARROZ,ARROZ,2020,8203.0,963.0,1014.0,1.3706692673412166,173.0,8.518172377985461,UNRESOLVED,2374.743226009901,12
200805,14010020000,ARROZ,ARROZ,2021,10701.0,1105.0,932.0,1.1473600598074947,0.0,9.684162895927601,UNRESOLVED,2374.743226009901,8
200805,14010020000,ARROZ,ARROZ,2022,6309.0,875.0,875.0,1.81,0.0,7.210285714285714,UNRESOLVED,2374.743226009901,6
200805,14010020000,ARROZ,ARROZ,2023,9445.0,1079.0,1349.0,1.4735828480677604,270.0,8.753475440222427,UNRESOLVED,2374.743226009901,12
200805,14010070000,MAIZ AMARILLO DURO,MAIZ AMARILLO DURO,2016,602.0,127.0,147.0,1.023920265780731,73.0,4.74015748031496,UNRESOLVED,2374.743226009901,12
200805,14010070000,MAIZ AMARILLO DURO,MAIZ AMARILLO DURO,2017,196.0,44.0,57.0,1.0090816326530612,86.0,4.454545454545454,UNRESOLVED,2374.743226009901,12
200805,14010070000,MAIZ AMARILLO DURO,MAIZ AMARILLO DURO,2018,505.0,104.0,80.0,0.9028910891089108,0.0,4.855769230769231,UNRESOLVED,2374.743226009901,12
200805,14010070000,MAIZ AMARILLO DURO,MAIZ AMARILLO DURO,2019,197.0,38.0,53.0,1.0822335025380712,15.0,5.184210526315789,UNRESOLVED,2374.743226009901,11
200805,14010070000,MAIZ AMARILLO DURO,MAIZ AMARILLO DURO,2020,640.0,175.0,175.0,1.24015625,15.0,3.657142857142857,UNRESOLVED,2374.743226009901,12
200805,14010070000,MAIZ AMARILLO DURO,MAIZ AMARILLO DURO,2021,1196.0,239.0,239.0,1.5167307692307694,15.0,5.00418410041841,UNRESOLVED,2374.743226009901,12
200805,14010070000,MAIZ AMARILLO DURO,MAIZ AMARILLO DURO,2022,781.0,210.0,210.0,1.6099999999999999,0.0,3.719047619047619,UNRESOLVED,2374.743226009901,12
200805,14010070000,MAIZ AMARILLO DURO,MAIZ AMARILLO DURO,2023,582.0,113.0,128.0,1.246701030927835,15.0,5.150442477876106,UNRESOLVED,2374.743226009901,11
200805,15010040000,PLATANOS Y BANANAS,PLATANOS Y BANANAS PARA COCCI N (M X paradisiaca),2023,3.0,2.0,2.0,1.0,2.0,1.5,UNRESOLVED,2374.743226009901,11
200806,13010170102,LIMON SUTIL,LIMON SUTIL,2016,11.0,1.0,0.0,1.0909090909090908,2.0,11.0,UNRESOLVED,1877.9690076187503,12
200806,13010170102,LIMON SUTIL,LIMON SUTIL,2017,13.0,1.0,4.0,2.1923076923076925,5.0,13.0,UNRESOLVED,1877.9690076187503,12
200806,13010170102,LIMON SUTIL,LIMON SUTIL,2018,13.0,1.0,0.0,0.8769230769230769,5.0,13.0,UNRESOLVED,1877.9690076187503,12
200806,13010170102,LIMON SUTIL,LIMON SUTIL,2019,29.0,5.0,0.0,1.2413793103448276,5.0,5.8,UNRESOLVED,1877.9690076187503,12
200806,13010170102,LIMON SUTIL,LIMON SUTIL,2020,15.0,5.0,0.0,1.0533333333333335,5.0,3.0,UNRESOLVED,1877.9690076187503,12
200806,13010170102,LIMON SUTIL,LIMON SUTIL,2021,54.0,5.0,0.0,1.0342592592592592,5.0,10.8,UNRESOLVED,1877.9690076187503,12
200806,13010170102,LIMON SUTIL,LIMON SUTIL,2022,35.0,3.0,0.0,1.9042857142857144,3.0,11.666666666666666,UNRESOLVED,1877.9690076187503,12
200806,13010170102,LIMON SUTIL,LIMON SUTIL,2023,17.0,1.0,0.0,1.921176470588235,1.0,17.0,UNRESOLVED,1877.9690076187503,12
200806,13010210000,MANGO,MANGO,2022,3.0,1.0,1.0,1.6000000000000003,1.0,3.0,UNRESOLVED,1877.9690076187503,5
200806,14010020000,ARROZ,ARROZ,2016,10785.0,1210.0,1200.0,1.2462642559109873,170.0,8.913223140495868,UNRESOLVED,1877.9690076187503,12
200806,14010020000,ARROZ,ARROZ,2017,9119.0,1086.0,1172.0,1.2822063822787586,161.0,8.396869244935543,UNRESOLVED,1877.9690076187503,12
200806,14010020000,ARROZ,ARROZ,2018,9575.0,1112.0,951.0,1.072045953002611,0.0,8.610611510791367,UNRESOLVED,1877.9690076187503,8
200806,14010020000,ARROZ,ARROZ,2019,6629.0,1000.0,1280.0,1.0,280.0,6.629,UNRESOLVED,1877.9690076187503,12
200806,14010020000,ARROZ,ARROZ,2020,8397.0,974.0,801.0,1.266788138620936,107.0,8.621149897330595,UNRESOLVED,1877.9690076187503,12
200806,14010020000,ARROZ,ARROZ,2021,9492.0,971.0,873.0,1.135967130214918,9.0,9.775489186405768,UNRESOLVED,1877.9690076187503,12
200806,14010020000,ARROZ,ARROZ,2022,4875.0,650.0,650.0,1.81,0.0,7.5,UNRESOLVED,1877.9690076187503,7
200806,14010020000,ARROZ,ARROZ,2023,5137.0,589.0,699.0,1.4708915709558108,110.0,8.721561969439728,UNRESOLVED,1877.9690076187503,12
200806,14010070000,MAIZ AMARILLO DURO,MAIZ AMARILLO DURO,2016,621.0,132.0,132.0,1.0831239935587762,0.0,4.704545454545454,UNRESOLVED,1877.9690076187503,10
200806,14010070000,MAIZ AMARILLO DURO,MAIZ AMARILLO DURO,2017,358.0,88.0,128.0,1.0109497206703912,40.0,4.068181818181818,UNRESOLVED,1877.9690076187503,11
200806,14010070000,MAIZ AMARILLO DURO,MAIZ AMARILLO DURO,2018,866.0,163.0,128.0,1.0004618937644343,5.0,5.3128834355828225,UNRESOLVED,1877.9690076187503,11
200806,14010070000,MAIZ AMARILLO DURO,MAIZ AMARILLO DURO,2019,507.0,104.0,123.0,1.04603550295858,24.0,4.875,UNRESOLVED,1877.9690076187503,12
200806,14010070000,MAIZ AMARILLO DURO,MAIZ AMARILLO DURO,2020,1043.0,302.0,283.0,1.2160306807286672,5.0,3.4536423841059603,UNRESOLVED,1877.9690076187503,12
200806,14010070000,MAIZ AMARILLO DURO,MAIZ AMARILLO DURO,2021,915.0,183.0,283.0,1.5245901639344261,105.0,5.0,UNRESOLVED,1877.9690076187503,12
200806,14010070000,MAIZ AMARILLO DURO,MAIZ AMARILLO DURO,2022,2083.0,449.0,344.0,1.5883965434469516,0.0,4.639198218262806,UNRESOLVED,1877.9690076187503,12
200806,14010070000,MAIZ AMARILLO DURO,MAIZ AMARILLO DURO,2023,1648.0,342.0,412.0,1.4165655339805825,70.0,4.818713450292398,UNRESOLVED,1877.9690076187503,12
200806,15010040000,PLATANOS Y BANANAS,PLATANOS Y BANANAS PARA COCCI N (M X paradisiaca),2023,32.0,8.0,4.0,0.9828125,8.0,4.0,UNRESOLVED,1877.9690076187503,12
