CROP_CODE,CROP_STD,UBIGEO,DISTRICT_NAME,CAMPAIGN,CAMPAIGN_START_YEAR,CAMPAIGN_END_YEAR,CAMPAIGN_START_YEARMONTH,CAMPAIGN_END_YEARMONTH,EXPECTED_MONTHS_N,SOURCE_MONTHS_PRESENT_N,SOURCE_ROWS_N,CAMPAIGN_PRODUCCION_TM,CAMPAIGN_COSECHA_HA,TRANSIENT_CAMPAIGN_YIELD_RAW,OUTCOME_UNIT,OUTCOME_VALID_FLAG,EXCLUSION_REASON,ZERO_DENOMINATOR_FLAG,NO_SOURCE_ROWS_FLAG,MISSING_NUMERATOR_FLAG,MISSING_DENOMINATOR_FLAG,SILENT_MISSING_TO_ZERO_USED,OUTCOME_CONTRACT_ID
14010020000,ARROZ,200101,PIURA,2016/2017,2016,2017,201608,201707,12,12,12,2558,310,8.251612903225806451612903226,TM_PER_HA,TRUE,,FALSE,FALSE,FALSE,FALSE,FALSE,JOINT_C0_TRANSIENT_CAMPAIGN_YIELD_RAW_V1
14010020000,ARROZ,200101,PIURA,2017/2018,2017,2018,201708,201807,12,12,12,1764,222,7.945945945945945945945945946,TM_PER_HA,TRUE,,FALSE,FALSE,FALSE,FALSE,FALSE,JOINT_C0_TRANSIENT_CAMPAIGN_YIELD_RAW_V1
14010020000,ARROZ,200101,PIURA,2018/2019,2018,2019,201808,201907,12,12,12,0,0,,TM_PER_HA,FALSE,ZERO_DENOMINATOR,TRUE,FALSE,FALSE,FALSE,FALSE,JOINT_C0_TRANSIENT_CAMPAIGN_YIELD_RAW_V1
14010020000,ARROZ,200101,PIURA,2019/2020,2019,2020,201908,202007,12,12,12,520,52,10,TM_PER_HA,TRUE,,FALSE,FALSE,FALSE,FALSE,FALSE,JOINT_C0_TRANSIENT_CAMPAIGN_YIELD_RAW_V1
14010020000,ARROZ,200101,PIURA,2020/2021,2020,2021,202008,202107,12,12,12,2764,338,8.177514792899408284023668639,TM_PER_HA,TRUE,,FALSE,FALSE,FALSE,FALSE,FALSE,JOINT_C0_TRANSIENT_CAMPAIGN_YIELD_RAW_V1
14010020000,ARROZ,200101,PIURA,2021/2022,2021,2022,202108,202207,12,12,12,1637,201,8.144278606965174129353233831,TM_PER_HA,TRUE,,FALSE,FALSE,FALSE,FALSE,FALSE,JOINT_C0_TRANSIENT_CAMPAIGN_YIELD_RAW_V1
14010020000,ARROZ,200101,PIURA,2022/2023,2022,2023,202208,202307,12,12,12,105,15,7,TM_PER_HA,TRUE,,FALSE,FALSE,FALSE,FALSE,FALSE,JOINT_C0_TRANSIENT_CAMPAIGN_YIELD_RAW_V1
14010020000,ARROZ,200104,CASTILLA,2016/2017,2016,2017,201608,201707,12,0,0,,,,TM_PER_HA,FALSE,INCOMPLETE_CAMPAIGN_NO_SOURCE_ROWS,FALSE,TRUE,FALSE,FALSE,FALSE,JOINT_C0_TRANSIENT_CAMPAIGN_YIELD_RAW_V1
14010020000,ARROZ,200104,CASTILLA,2017/2018,2017,2018,201708,201807,12,5,5,0,0,,TM_PER_HA,FALSE,ZERO_DENOMINATOR,TRUE,FALSE,FALSE,FALSE,FALSE,JOINT_C0_TRANSIENT_CAMPAIGN_YIELD_RAW_V1
14010020000,ARROZ,200104,CASTILLA,2018/2019,2018,2019,201808,201907,12,11,11,35,5,7,TM_PER_HA,TRUE,,FALSE,FALSE,FALSE,FALSE,FALSE,JOINT_C0_TRANSIENT_CAMPAIGN_YIELD_RAW_V1
14010020000,ARROZ,200104,CASTILLA,2019/2020,2019,2020,201908,202007,12,4,4,20,2,10,TM_PER_HA,TRUE,,FALSE,FALSE,FALSE,FALSE,FALSE,JOINT_C0_TRANSIENT_CAMPAIGN_YIELD_RAW_V1
14010020000,ARROZ,200104,CASTILLA,2020/2021,2020,2021,202008,202107,12,0,0,,,,TM_PER_HA,FALSE,INCOMPLETE_CAMPAIGN_NO_SOURCE_ROWS,FALSE,TRUE,FALSE,FALSE,FALSE,JOINT_C0_TRANSIENT_CAMPAIGN_YIELD_RAW_V1
14010020000,ARROZ,200104,CASTILLA,2021/2022,2021,2022,202108,202207,12,0,0,,,,TM_PER_HA,FALSE,INCOMPLETE_CAMPAIGN_NO_SOURCE_ROWS,FALSE,TRUE,FALSE,FALSE,FALSE,JOINT_C0_TRANSIENT_CAMPAIGN_YIELD_RAW_V1
14010020000,ARROZ,200104,CASTILLA,2022/2023,2022,2023,202208,202307,12,0,0,,,,TM_PER_HA,FALSE,INCOMPLETE_CAMPAIGN_NO_SOURCE_ROWS,FALSE,TRUE,FALSE,FALSE,FALSE,JOINT_C0_TRANSIENT_CAMPAIGN_YIELD_RAW_V1
14010020000,ARROZ,200105,CATACAOS,2016/2017,2016,2017,201608,201707,12,12,12,15890,2049,7.755002440214738897022938019,TM_PER_HA,TRUE,,FALSE,FALSE,FALSE,FALSE,FALSE,JOINT_C0_TRANSIENT_CAMPAIGN_YIELD_RAW_V1
14010020000,ARROZ,200105,CATACAOS,2017/2018,2017,2018,201708,201807,12,12,12,27229,3184,8.551821608040201005025125628,TM_PER_HA,TRUE,,FALSE,FALSE,FALSE,FALSE,FALSE,JOINT_C0_TRANSIENT_CAMPAIGN_YIELD_RAW_V1
14010020000,ARROZ,200105,CATACAOS,2018/2019,2018,2019,201808,201907,12,7,7,16082,1894,8.491024287222808870116156283,TM_PER_HA,TRUE,,FALSE,FALSE,FALSE,FALSE,FALSE,JOINT_C0_TRANSIENT_CAMPAIGN_YIELD_RAW_V1
14010020000,ARROZ,200105,CATACAOS,2019/2020,2019,2020,201908,202007,12,12,12,21983,2489,8.832061068702290076335877863,TM_PER_HA,TRUE,,FALSE,FALSE,FALSE,FALSE,FALSE,JOINT_C0_TRANSIENT_CAMPAIGN_YIELD_RAW_V1
14010020000,ARROZ,200105,CATACAOS,2020/2021,2020,2021,202008,202107,12,12,12,25860,3278,7.888956680902989627821842587,TM_PER_HA,TRUE,,FALSE,FALSE,FALSE,FALSE,FALSE,JOINT_C0_TRANSIENT_CAMPAIGN_YIELD_RAW_V1
14010020000,ARROZ,200105,CATACAOS,2021/2022,2021,2022,202108,202207,12,12,12,16793,2501,6.71451419432227109156337465,TM_PER_HA,TRUE,,FALSE,FALSE,FALSE,FALSE,FALSE,JOINT_C0_TRANSIENT_CAMPAIGN_YIELD_RAW_V1
14010020000,ARROZ,200105,CATACAOS,2022/2023,2022,2023,202208,202307,12,12,12,4367,550,7.94,TM_PER_HA,TRUE,,FALSE,FALSE,FALSE,FALSE,FALSE,JOINT_C0_TRANSIENT_CAMPAIGN_YIELD_RAW_V1
14010020000,ARROZ,200107,CURA MORI,2016/2017,2016,2017,201608,201707,12,12,12,3151,445,7.08089887640449438202247191,TM_PER_HA,TRUE,,FALSE,FALSE,FALSE,FALSE,FALSE,JOINT_C0_TRANSIENT_CAMPAIGN_YIELD_RAW_V1
14010020000,ARROZ,200107,CURA MORI,2017/2018,2017,2018,201708,201807,12,12,12,10024,1257,7.974542561654733492442322991,TM_PER_HA,TRUE,,FALSE,FALSE,FALSE,FALSE,FALSE,JOINT_C0_TRANSIENT_CAMPAIGN_YIELD_RAW_V1
14010020000,ARROZ,200107,CURA MORI,2018/2019,2018,2019,201808,201907,12,7,7,6233,730,8.538356164383561643835616438,TM_PER_HA,TRUE,,FALSE,FALSE,FALSE,FALSE,FALSE,JOINT_C0_TRANSIENT_CAMPAIGN_YIELD_RAW_V1
14010020000,ARROZ,200107,CURA MORI,2019/2020,2019,2020,201908,202007,12,12,12,4752,542,8.767527675276752767527675277,TM_PER_HA,TRUE,,FALSE,FALSE,FALSE,FALSE,FALSE,JOINT_C0_TRANSIENT_CAMPAIGN_YIELD_RAW_V1
14010020000,ARROZ,200107,CURA MORI,2020/2021,2020,2021,202008,202107,12,12,12,11428,1170,9.767521367521367521367521368,TM_PER_HA,TRUE,,FALSE,FALSE,FALSE,FALSE,FALSE,JOINT_C0_TRANSIENT_CAMPAIGN_YIELD_RAW_V1
14010020000,ARROZ,200107,CURA MORI,2021/2022,2021,2022,202108,202207,12,12,12,9451,1275,7.412549019607843137254901961,TM_PER_HA,TRUE,,FALSE,FALSE,FALSE,FALSE,FALSE,JOINT_C0_TRANSIENT_CAMPAIGN_YIELD_RAW_V1
14010020000,ARROZ,200107,CURA MORI,2022/2023,2022,2023,202208,202307,12,7,7,2746,353,7.77903682719546742209631728,TM_PER_HA,TRUE,,FALSE,FALSE,FALSE,FALSE,FALSE,JOINT_C0_TRANSIENT_CAMPAIGN_YIELD_RAW_V1
14010020000,ARROZ,200108,EL TALLAN,2016/2017,2016,2017,201608,201707,12,12,12,8565,1199,7.143452877397831526271893244,TM_PER_HA,TRUE,,FALSE,FALSE,FALSE,FALSE,FALSE,JOINT_C0_TRANSIENT_CAMPAIGN_YIELD_RAW_V1
14010020000,ARROZ,200108,EL TALLAN,2017/2018,2017,2018,201708,201807,12,12,12,9317,1085,8.587096774193548387096774194,TM_PER_HA,TRUE,,FALSE,FALSE,FALSE,FALSE,FALSE,JOINT_C0_TRANSIENT_CAMPAIGN_YIELD_RAW_V1
14010020000,ARROZ,200108,EL TALLAN,2018/2019,2018,2019,201808,201907,12,11,11,3520,498,7.068273092369477911646586345,TM_PER_HA,TRUE,,FALSE,FALSE,FALSE,FALSE,FALSE,JOINT_C0_TRANSIENT_CAMPAIGN_YIELD_RAW_V1
14010020000,ARROZ,200108,EL TALLAN,2019/2020,2019,2020,201908,202007,12,12,12,8695,954,9.114255765199161425576519916,TM_PER_HA,TRUE,,FALSE,FALSE,FALSE,FALSE,FALSE,JOINT_C0_TRANSIENT_CAMPAIGN_YIELD_RAW_V1
14010020000,ARROZ,200108,EL TALLAN,2020/2021,2020,2021,202008,202107,12,12,12,10526,1086,9.692449355432780847145488029,TM_PER_HA,TRUE,,FALSE,FALSE,FALSE,FALSE,FALSE,JOINT_C0_TRANSIENT_CAMPAIGN_YIELD_RAW_V1
14010020000,ARROZ,200108,EL TALLAN,2021/2022,2021,2022,202108,202207,12,6,6,7310,1047,6.981852913085004775549188157,TM_PER_HA,TRUE,,FALSE,FALSE,FALSE,FALSE,FALSE,JOINT_C0_TRANSIENT_CAMPAIGN_YIELD_RAW_V1
14010020000,ARROZ,200108,EL TALLAN,2022/2023,2022,2023,202208,202307,12,7,7,6834,760,8.992105263157894736842105263,TM_PER_HA,TRUE,,FALSE,FALSE,FALSE,FALSE,FALSE,JOINT_C0_TRANSIENT_CAMPAIGN_YIELD_RAW_V1
14010020000,ARROZ,200109,LA ARENA,2016/2017,2016,2017,201608,201707,12,12,12,24324,3422,7.10812390414962010520163647,TM_PER_HA,TRUE,,FALSE,FALSE,FALSE,FALSE,FALSE,JOINT_C0_TRANSIENT_CAMPAIGN_YIELD_RAW_V1
14010020000,ARROZ,200109,LA ARENA,2017/2018,2017,2018,201708,201807,12,12,12,36471,4205,8.673246135552913198573127229,TM_PER_HA,TRUE,,FALSE,FALSE,FALSE,FALSE,FALSE,JOINT_C0_TRANSIENT_CAMPAIGN_YIELD_RAW_V1
14010020000,ARROZ,200109,LA ARENA,2018/2019,2018,2019,201808,201907,12,7,7,35511,5079,6.991730655640874187832250443,TM_PER_HA,TRUE,,FALSE,FALSE,FALSE,FALSE,FALSE,JOINT_C0_TRANSIENT_CAMPAIGN_YIELD_RAW_V1
14010020000,ARROZ,200109,LA ARENA,2019/2020,2019,2020,201908,202007,12,12,12,26212,2778,9.43556515478761699064074874,TM_PER_HA,TRUE,,FALSE,FALSE,FALSE,FALSE,FALSE,JOINT_C0_TRANSIENT_CAMPAIGN_YIELD_RAW_V1
14010020000,ARROZ,200109,LA ARENA,2020/2021,2020,2021,202008,202107,12,12,12,50656,5170,9.798065764023210831721470019,TM_PER_HA,TRUE,,FALSE,FALSE,FALSE,FALSE,FALSE,JOINT_C0_TRANSIENT_CAMPAIGN_YIELD_RAW_V1
14010020000,ARROZ,200109,LA ARENA,2021/2022,2021,2022,202108,202207,12,6,6,10020,1467,6.830265848670756646216768916,TM_PER_HA,TRUE,,FALSE,FALSE,FALSE,FALSE,FALSE,JOINT_C0_TRANSIENT_CAMPAIGN_YIELD_RAW_V1
14010020000,ARROZ,200109,LA ARENA,2022/2023,2022,2023,202208,202307,12,7,7,5370,646,8.312693498452012383900928793,TM_PER_HA,TRUE,,FALSE,FALSE,FALSE,FALSE,FALSE,JOINT_C0_TRANSIENT_CAMPAIGN_YIELD_RAW_V1
14010020000,ARROZ,200110,LA UNION,2016/2017,2016,2017,201608,201707,12,12,12,20939,2965,7.06205733558178752107925801,TM_PER_HA,TRUE,,FALSE,FALSE,FALSE,FALSE,FALSE,JOINT_C0_TRANSIENT_CAMPAIGN_YIELD_RAW_V1
14010020000,ARROZ,200110,LA UNION,2017/2018,2017,2018,201708,201807,12,12,12,25194,2925,8.613333333333333333333333333,TM_PER_HA,TRUE,,FALSE,FALSE,FALSE,FALSE,FALSE,JOINT_C0_TRANSIENT_CAMPAIGN_YIELD_RAW_V1
14010020000,ARROZ,200110,LA UNION,2018/2019,2018,2019,201808,201907,12,8,8,30912,4369,7.075303273060196841382467384,TM_PER_HA,TRUE,,FALSE,FALSE,FALSE,FALSE,FALSE,JOINT_C0_TRANSIENT_CAMPAIGN_YIELD_RAW_V1
14010020000,ARROZ,200110,LA UNION,2019/2020,2019,2020,201908,202007,12,12,12,29197,3242,9.005860579888957433682911783,TM_PER_HA,TRUE,,FALSE,FALSE,FALSE,FALSE,FALSE,JOINT_C0_TRANSIENT_CAMPAIGN_YIELD_RAW_V1
14010020000,ARROZ,200110,LA UNION,2020/2021,2020,2021,202008,202107,12,12,12,29010,2925,9.917948717948717948717948718,TM_PER_HA,TRUE,,FALSE,FALSE,FALSE,FALSE,FALSE,JOINT_C0_TRANSIENT_CAMPAIGN_YIELD_RAW_V1
14010020000,ARROZ,200110,LA UNION,2021/2022,2021,2022,202108,202207,12,12,12,25748,3112,8.273778920308483290488431877,TM_PER_HA,TRUE,,FALSE,FALSE,FALSE,FALSE,FALSE,JOINT_C0_TRANSIENT_CAMPAIGN_YIELD_RAW_V1
14010020000,ARROZ,200110,LA UNION,2022/2023,2022,2023,202208,202307,12,7,7,4786,596,8.030201342281879194630872483,TM_PER_HA,TRUE,,FALSE,FALSE,FALSE,FALSE,FALSE,JOINT_C0_TRANSIENT_CAMPAIGN_YIELD_RAW_V1
14010020000,ARROZ,200111,LAS LOMAS,2016/2017,2016,2017,201608,201707,12,12,12,31728,4998,6.348139255702280912364945978,TM_PER_HA,TRUE,,FALSE,FALSE,FALSE,FALSE,FALSE,JOINT_C0_TRANSIENT_CAMPAIGN_YIELD_RAW_V1
14010020000,ARROZ,200111,LAS LOMAS,2017/2018,2017,2018,201708,201807,12,12,12,45484,5300,8.581886792452830188679245283,TM_PER_HA,TRUE,,FALSE,FALSE,FALSE,FALSE,FALSE,JOINT_C0_TRANSIENT_CAMPAIGN_YIELD_RAW_V1
14010020000,ARROZ,200111,LAS LOMAS,2018/2019,2018,2019,201808,201907,12,12,12,30653,3450,8.884927536231884057971014493,TM_PER_HA,TRUE,,FALSE,FALSE,FALSE,FALSE,FALSE,JOINT_C0_TRANSIENT_CAMPAIGN_YIELD_RAW_V1
14010020000,ARROZ,200111,LAS LOMAS,2019/2020,2019,2020,201908,202007,12,11,11,31839,3747,8.497197758206565252201761409,TM_PER_HA,TRUE,,FALSE,FALSE,FALSE,FALSE,FALSE,JOINT_C0_TRANSIENT_CAMPAIGN_YIELD_RAW_V1
14010020000,ARROZ,200111,LAS LOMAS,2020/2021,2020,2021,202008,202107,12,12,12,18382,2114,8.695364238410596026490066225,TM_PER_HA,TRUE,,FALSE,FALSE,FALSE,FALSE,FALSE,JOINT_C0_TRANSIENT_CAMPAIGN_YIELD_RAW_V1
14010020000,ARROZ,200111,LAS LOMAS,2021/2022,2021,2022,202108,202207,12,11,11,19376,2074,9.342333654773384763741562199,TM_PER_HA,TRUE,,FALSE,FALSE,FALSE,FALSE,FALSE,JOINT_C0_TRANSIENT_CAMPAIGN_YIELD_RAW_V1
14010020000,ARROZ,200111,LAS LOMAS,2022/2023,2022,2023,202208,202307,12,11,11,15575,2025,7.691358024691358024691358025,TM_PER_HA,TRUE,,FALSE,FALSE,FALSE,FALSE,FALSE,JOINT_C0_TRANSIENT_CAMPAIGN_YIELD_RAW_V1
14010020000,ARROZ,200114,TAMBO GRANDE,2016/2017,2016,2017,201608,201707,12,12,12,40103,6270,6.396012759170653907496012759,TM_PER_HA,TRUE,,FALSE,FALSE,FALSE,FALSE,FALSE,JOINT_C0_TRANSIENT_CAMPAIGN_YIELD_RAW_V1
14010020000,ARROZ,200114,TAMBO GRANDE,2017/2018,2017,2018,201708,201807,12,12,12,58415,6820,8.565249266862170087976539589,TM_PER_HA,TRUE,,FALSE,FALSE,FALSE,FALSE,FALSE,JOINT_C0_TRANSIENT_CAMPAIGN_YIELD_RAW_V1
14010020000,ARROZ,200114,TAMBO GRANDE,2018/2019,2018,2019,201808,201907,12,12,12,16155,1820,8.876373626373626373626373626,TM_PER_HA,TRUE,,FALSE,FALSE,FALSE,FALSE,FALSE,JOINT_C0_TRANSIENT_CAMPAIGN_YIELD_RAW_V1
14010020000,ARROZ,200114,TAMBO GRANDE,2019/2020,2019,2020,201908,202007,12,11,11,35995,4129,8.71760716880600629692419472,TM_PER_HA,TRUE,,FALSE,FALSE,FALSE,FALSE,FALSE,JOINT_C0_TRANSIENT_CAMPAIGN_YIELD_RAW_V1
14010020000,ARROZ,200114,TAMBO GRANDE,2020/2021,2020,2021,202008,202107,12,12,12,48550,5692,8.529515108924806746310611384,TM_PER_HA,TRUE,,FALSE,FALSE,FALSE,FALSE,FALSE,JOINT_C0_TRANSIENT_CAMPAIGN_YIELD_RAW_V1
14010020000,ARROZ,200114,TAMBO GRANDE,2021/2022,2021,2022,202108,202207,12,10,10,42341,4604,9.196568201563857515204170287,TM_PER_HA,TRUE,,FALSE,FALSE,FALSE,FALSE,FALSE,JOINT_C0_TRANSIENT_CAMPAIGN_YIELD_RAW_V1
14010020000,ARROZ,200114,TAMBO GRANDE,2022/2023,2022,2023,202208,202307,12,11,11,33815,4610,7.335140997830802603036876356,TM_PER_HA,TRUE,,FALSE,FALSE,FALSE,FALSE,FALSE,JOINT_C0_TRANSIENT_CAMPAIGN_YIELD_RAW_V1
14010020000,ARROZ,200201,AYABACA,2016/2017,2016,2017,201608,201707,12,11,11,172,43,4,TM_PER_HA,TRUE,,FALSE,FALSE,FALSE,FALSE,FALSE,JOINT_C0_TRANSIENT_CAMPAIGN_YIELD_RAW_V1
14010020000,ARROZ,200201,AYABACA,2017/2018,2017,2018,201708,201807,12,12,12,148,37,4,TM_PER_HA,TRUE,,FALSE,FALSE,FALSE,FALSE,FALSE,JOINT_C0_TRANSIENT_CAMPAIGN_YIELD_RAW_V1
14010020000,ARROZ,200201,AYABACA,2018/2019,2018,2019,201808,201907,12,12,12,152,38,4,TM_PER_HA,TRUE,,FALSE,FALSE,FALSE,FALSE,FALSE,JOINT_C0_TRANSIENT_CAMPAIGN_YIELD_RAW_V1
14010020000,ARROZ,200201,AYABACA,2019/2020,2019,2020,201908,202007,12,12,12,116,29,4,TM_PER_HA,TRUE,,FALSE,FALSE,FALSE,FALSE,FALSE,JOINT_C0_TRANSIENT_CAMPAIGN_YIELD_RAW_V1
14010020000,ARROZ,200201,AYABACA,2020/2021,2020,2021,202008,202107,12,12,12,128,29,4.413793103448275862068965517,TM_PER_HA,TRUE,,FALSE,FALSE,FALSE,FALSE,FALSE,JOINT_C0_TRANSIENT_CAMPAIGN_YIELD_RAW_V1
14010020000,ARROZ,200201,AYABACA,2021/2022,2021,2022,202108,202207,12,12,12,72,18,4,TM_PER_HA,TRUE,,FALSE,FALSE,FALSE,FALSE,FALSE,JOINT_C0_TRANSIENT_CAMPAIGN_YIELD_RAW_V1
14010020000,ARROZ,200201,AYABACA,2022/2023,2022,2023,202208,202307,12,12,12,36,9,4,TM_PER_HA,TRUE,,FALSE,FALSE,FALSE,FALSE,FALSE,JOINT_C0_TRANSIENT_CAMPAIGN_YIELD_RAW_V1
14010020000,ARROZ,200203,JILILI,2016/2017,2016,2017,201608,201707,12,11,11,252,63,4,TM_PER_HA,TRUE,,FALSE,FALSE,FALSE,FALSE,FALSE,JOINT_C0_TRANSIENT_CAMPAIGN_YIELD_RAW_V1
14010020000,ARROZ,200203,JILILI,2017/2018,2017,2018,201708,201807,12,12,12,140,35,4,TM_PER_HA,TRUE,,FALSE,FALSE,FALSE,FALSE,FALSE,JOINT_C0_TRANSIENT_CAMPAIGN_YIELD_RAW_V1
14010020000,ARROZ,200203,JILILI,2018/2019,2018,2019,201808,201907,12,12,12,164,41,4,TM_PER_HA,TRUE,,FALSE,FALSE,FALSE,FALSE,FALSE,JOINT_C0_TRANSIENT_CAMPAIGN_YIELD_RAW_V1
14010020000,ARROZ,200203,JILILI,2019/2020,2019,2020,201908,202007,12,5,5,18,4,4.5,TM_PER_HA,TRUE,,FALSE,FALSE,FALSE,FALSE,FALSE,JOINT_C0_TRANSIENT_CAMPAIGN_YIELD_RAW_V1
14010020000,ARROZ,200203,JILILI,2020/2021,2020,2021,202008,202107,12,11,11,103,12,8.583333333333333333333333333,TM_PER_HA,TRUE,,FALSE,FALSE,FALSE,FALSE,FALSE,JOINT_C0_TRANSIENT_CAMPAIGN_YIELD_RAW_V1
14010020000,ARROZ,200203,JILILI,2021/2022,2021,2022,202108,202207,12,12,12,28,7,4,TM_PER_HA,TRUE,,FALSE,FALSE,FALSE,FALSE,FALSE,JOINT_C0_TRANSIENT_CAMPAIGN_YIELD_RAW_V1
14010020000,ARROZ,200203,JILILI,2022/2023,2022,2023,202208,202307,12,11,11,48,13,3.692307692307692307692307692,TM_PER_HA,TRUE,,FALSE,FALSE,FALSE,FALSE,FALSE,JOINT_C0_TRANSIENT_CAMPAIGN_YIELD_RAW_V1
14010020000,ARROZ,200204,LAGUNAS,2016/2017,2016,2017,201608,201707,12,11,11,16,4,4,TM_PER_HA,TRUE,,FALSE,FALSE,FALSE,FALSE,FALSE,JOINT_C0_TRANSIENT_CAMPAIGN_YIELD_RAW_V1
14010020000,ARROZ,200204,LAGUNAS,2017/2018,2017,2018,201708,201807,12,0,0,,,,TM_PER_HA,FALSE,INCOMPLETE_CAMPAIGN_NO_SOURCE_ROWS,FALSE,TRUE,FALSE,FALSE,FALSE,JOINT_C0_TRANSIENT_CAMPAIGN_YIELD_RAW_V1
14010020000,ARROZ,200204,LAGUNAS,2018/2019,2018,2019,201808,201907,12,12,12,8,2,4,TM_PER_HA,TRUE,,FALSE,FALSE,FALSE,FALSE,FALSE,JOINT_C0_TRANSIENT_CAMPAIGN_YIELD_RAW_V1
14010020000,ARROZ,200204,LAGUNAS,2019/2020,2019,2020,201908,202007,12,12,12,8,2,4,TM_PER_HA,TRUE,,FALSE,FALSE,FALSE,FALSE,FALSE,JOINT_C0_TRANSIENT_CAMPAIGN_YIELD_RAW_V1
14010020000,ARROZ,200204,LAGUNAS,2020/2021,2020,2021,202008,202107,12,12,12,12,3,4,TM_PER_HA,TRUE,,FALSE,FALSE,FALSE,FALSE,FALSE,JOINT_C0_TRANSIENT_CAMPAIGN_YIELD_RAW_V1
14010020000,ARROZ,200204,LAGUNAS,2021/2022,2021,2022,202108,202207,12,12,12,8,2,4,TM_PER_HA,TRUE,,FALSE,FALSE,FALSE,FALSE,FALSE,JOINT_C0_TRANSIENT_CAMPAIGN_YIELD_RAW_V1
14010020000,ARROZ,200204,LAGUNAS,2022/2023,2022,2023,202208,202307,12,12,12,12,3,4,TM_PER_HA,TRUE,,FALSE,FALSE,FALSE,FALSE,FALSE,JOINT_C0_TRANSIENT_CAMPAIGN_YIELD_RAW_V1
14010020000,ARROZ,200205,MONTERO,2016/2017,2016,2017,201608,201707,12,11,11,184,46,4,TM_PER_HA,TRUE,,FALSE,FALSE,FALSE,FALSE,FALSE,JOINT_C0_TRANSIENT_CAMPAIGN_YIELD_RAW_V1
14010020000,ARROZ,200205,MONTERO,2017/2018,2017,2018,201708,201807,12,12,12,167,37,4.513513513513513513513513514,TM_PER_HA,TRUE,,FALSE,FALSE,FALSE,FALSE,FALSE,JOINT_C0_TRANSIENT_CAMPAIGN_YIELD_RAW_V1
14010020000,ARROZ,200205,MONTERO,2018/2019,2018,2019,201808,201907,12,12,12,132,33,4,TM_PER_HA,TRUE,,FALSE,FALSE,FALSE,FALSE,FALSE,JOINT_C0_TRANSIENT_CAMPAIGN_YIELD_RAW_V1
14010020000,ARROZ,200205,MONTERO,2019/2020,2019,2020,201908,202007,12,11,11,78,18,4.333333333333333333333333333,TM_PER_HA,TRUE,,FALSE,FALSE,FALSE,FALSE,FALSE,JOINT_C0_TRANSIENT_CAMPAIGN_YIELD_RAW_V1
14010020000,ARROZ,200205,MONTERO,2020/2021,2020,2021,202008,202107,12,12,12,217,54,4.018518518518518518518518519,TM_PER_HA,TRUE,,FALSE,FALSE,FALSE,FALSE,FALSE,JOINT_C0_TRANSIENT_CAMPAIGN_YIELD_RAW_V1
14010020000,ARROZ,200205,MONTERO,2021/2022,2021,2022,202108,202207,12,12,12,118,31,3.806451612903225806451612903,TM_PER_HA,TRUE,,FALSE,FALSE,FALSE,FALSE,FALSE,JOINT_C0_TRANSIENT_CAMPAIGN_YIELD_RAW_V1
14010020000,ARROZ,200205,MONTERO,2022/2023,2022,2023,202208,202307,12,11,11,100,25,4,TM_PER_HA,TRUE,,FALSE,FALSE,FALSE,FALSE,FALSE,JOINT_C0_TRANSIENT_CAMPAIGN_YIELD_RAW_V1
14010020000,ARROZ,200206,PACAIPAMPA,2016/2017,2016,2017,201608,201707,12,12,12,205,35,5.857142857142857142857142857,TM_PER_HA,TRUE,,FALSE,FALSE,FALSE,FALSE,FALSE,JOINT_C0_TRANSIENT_CAMPAIGN_YIELD_RAW_V1
14010020000,ARROZ,200206,PACAIPAMPA,2017/2018,2017,2018,201708,201807,12,11,11,230,40,5.75,TM_PER_HA,TRUE,,FALSE,FALSE,FALSE,FALSE,FALSE,JOINT_C0_TRANSIENT_CAMPAIGN_YIELD_RAW_V1
14010020000,ARROZ,200206,PACAIPAMPA,2018/2019,2018,2019,201808,201907,12,6,6,90,15,6,TM_PER_HA,TRUE,,FALSE,FALSE,FALSE,FALSE,FALSE,JOINT_C0_TRANSIENT_CAMPAIGN_YIELD_RAW_V1
14010020000,ARROZ,200206,PACAIPAMPA,2019/2020,2019,2020,201908,202007,12,5,5,50,10,5,TM_PER_HA,TRUE,,FALSE,FALSE,FALSE,FALSE,FALSE,JOINT_C0_TRANSIENT_CAMPAIGN_YIELD_RAW_V1
14010020000,ARROZ,200206,PACAIPAMPA,2020/2021,2020,2021,202008,202107,12,6,6,90,15,6,TM_PER_HA,TRUE,,FALSE,FALSE,FALSE,FALSE,FALSE,JOINT_C0_TRANSIENT_CAMPAIGN_YIELD_RAW_V1
14010020000,ARROZ,200206,PACAIPAMPA,2021/2022,2021,2022,202108,202207,12,4,4,90,15,6,TM_PER_HA,TRUE,,FALSE,FALSE,FALSE,FALSE,FALSE,JOINT_C0_TRANSIENT_CAMPAIGN_YIELD_RAW_V1
14010020000,ARROZ,200206,PACAIPAMPA,2022/2023,2022,2023,202208,202307,12,5,5,25,5,5,TM_PER_HA,TRUE,,FALSE,FALSE,FALSE,FALSE,FALSE,JOINT_C0_TRANSIENT_CAMPAIGN_YIELD_RAW_V1
14010020000,ARROZ,200207,PAIMAS,2016/2017,2016,2017,201608,201707,12,12,12,12971,1785,7.266666666666666666666666667,TM_PER_HA,TRUE,,FALSE,FALSE,FALSE,FALSE,FALSE,JOINT_C0_TRANSIENT_CAMPAIGN_YIELD_RAW_V1
14010020000,ARROZ,200207,PAIMAS,2017/2018,2017,2018,201708,201807,12,11,11,12727,1800,7.070555555555555555555555556,TM_PER_HA,TRUE,,FALSE,FALSE,FALSE,FALSE,FALSE,JOINT_C0_TRANSIENT_CAMPAIGN_YIELD_RAW_V1
14010020000,ARROZ,200207,PAIMAS,2018/2019,2018,2019,201808,201907,12,12,12,14253,1845,7.725203252032520325203252033,TM_PER_HA,TRUE,,FALSE,FALSE,FALSE,FALSE,FALSE,JOINT_C0_TRANSIENT_CAMPAIGN_YIELD_RAW_V1
14010020000,ARROZ,200207,PAIMAS,2019/2020,2019,2020,201908,202007,12,11,11,13096,1637,8,TM_PER_HA,TRUE,,FALSE,FALSE,FALSE,FALSE,FALSE,JOINT_C0_TRANSIENT_CAMPAIGN_YIELD_RAW_V1
14010020000,ARROZ,200207,PAIMAS,2020/2021,2020,2021,202008,202107,12,11,11,12885,1590,8.103773584905660377358490566,TM_PER_HA,TRUE,,FALSE,FALSE,FALSE,FALSE,FALSE,JOINT_C0_TRANSIENT_CAMPAIGN_YIELD_RAW_V1
14010020000,ARROZ,200207,PAIMAS,2021/2022,2021,2022,202108,202207,12,11,11,12290,1860,6.60752688172043010752688172,TM_PER_HA,TRUE,,FALSE,FALSE,FALSE,FALSE,FALSE,JOINT_C0_TRANSIENT_CAMPAIGN_YIELD_RAW_V1
14010020000,ARROZ,200207,PAIMAS,2022/2023,2022,2023,202208,202307,12,11,11,10625,1550,6.854838709677419354838709677,TM_PER_HA,TRUE,,FALSE,FALSE,FALSE,FALSE,FALSE,JOINT_C0_TRANSIENT_CAMPAIGN_YIELD_RAW_V1
14010020000,ARROZ,200208,SAPILLICA,2016/2017,2016,2017,201608,201707,12,7,7,833,125,6.664,TM_PER_HA,TRUE,,FALSE,FALSE,FALSE,FALSE,FALSE,JOINT_C0_TRANSIENT_CAMPAIGN_YIELD_RAW_V1
14010020000,ARROZ,200208,SAPILLICA,2017/2018,2017,2018,201708,201807,12,7,7,385,55,7,TM_PER_HA,TRUE,,FALSE,FALSE,FALSE,FALSE,FALSE,JOINT_C0_TRANSIENT_CAMPAIGN_YIELD_RAW_V1
14010020000,ARROZ,200208,SAPILLICA,2018/2019,2018,2019,201808,201907,12,7,7,284,38,7.473684210526315789473684211,TM_PER_HA,TRUE,,FALSE,FALSE,FALSE,FALSE,FALSE,JOINT_C0_TRANSIENT_CAMPAIGN_YIELD_RAW_V1
14010020000,ARROZ,200208,SAPILLICA,2019/2020,2019,2020,201908,202007,12,12,12,165,22,7.5,TM_PER_HA,TRUE,,FALSE,FALSE,FALSE,FALSE,FALSE,JOINT_C0_TRANSIENT_CAMPAIGN_YIELD_RAW_V1
14010020000,ARROZ,200208,SAPILLICA,2020/2021,2020,2021,202008,202107,12,12,12,224,30,7.466666666666666666666666667,TM_PER_HA,TRUE,,FALSE,FALSE,FALSE,FALSE,FALSE,JOINT_C0_TRANSIENT_CAMPAIGN_YIELD_RAW_V1
14010020000,ARROZ,200208,SAPILLICA,2021/2022,2021,2022,202108,202207,12,7,7,146,23,6.347826086956521739130434783,TM_PER_HA,TRUE,,FALSE,FALSE,FALSE,FALSE,FALSE,JOINT_C0_TRANSIENT_CAMPAIGN_YIELD_RAW_V1
14010020000,ARROZ,200208,SAPILLICA,2022/2023,2022,2023,202208,202307,12,7,7,144,27,5.333333333333333333333333333,TM_PER_HA,TRUE,,FALSE,FALSE,FALSE,FALSE,FALSE,JOINT_C0_TRANSIENT_CAMPAIGN_YIELD_RAW_V1
14010020000,ARROZ,200209,SICCHEZ,2016/2017,2016,2017,201608,201707,12,12,12,175,35,5,TM_PER_HA,TRUE,,FALSE,FALSE,FALSE,FALSE,FALSE,JOINT_C0_TRANSIENT_CAMPAIGN_YIELD_RAW_V1
14010020000,ARROZ,200209,SICCHEZ,2017/2018,2017,2018,201708,201807,12,12,12,150,30,5,TM_PER_HA,TRUE,,FALSE,FALSE,FALSE,FALSE,FALSE,JOINT_C0_TRANSIENT_CAMPAIGN_YIELD_RAW_V1
14010020000,ARROZ,200209,SICCHEZ,2018/2019,2018,2019,201808,201907,12,12,12,125,25,5,TM_PER_HA,TRUE,,FALSE,FALSE,FALSE,FALSE,FALSE,JOINT_C0_TRANSIENT_CAMPAIGN_YIELD_RAW_V1
14010020000,ARROZ,200209,SICCHEZ,2019/2020,2019,2020,201908,202007,12,12,12,50,10,5,TM_PER_HA,TRUE,,FALSE,FALSE,FALSE,FALSE,FALSE,JOINT_C0_TRANSIENT_CAMPAIGN_YIELD_RAW_V1
14010020000,ARROZ,200209,SICCHEZ,2020/2021,2020,2021,202008,202107,12,7,7,20,5,4,TM_PER_HA,TRUE,,FALSE,FALSE,FALSE,FALSE,FALSE,JOINT_C0_TRANSIENT_CAMPAIGN_YIELD_RAW_V1
14010020000,ARROZ,200209,SICCHEZ,2021/2022,2021,2022,202108,202207,12,0,0,,,,TM_PER_HA,FALSE,INCOMPLETE_CAMPAIGN_NO_SOURCE_ROWS,FALSE,TRUE,FALSE,FALSE,FALSE,JOINT_C0_TRANSIENT_CAMPAIGN_YIELD_RAW_V1
14010020000,ARROZ,200209,SICCHEZ,2022/2023,2022,2023,202208,202307,12,0,0,,,,TM_PER_HA,FALSE,INCOMPLETE_CAMPAIGN_NO_SOURCE_ROWS,FALSE,TRUE,FALSE,FALSE,FALSE,JOINT_C0_TRANSIENT_CAMPAIGN_YIELD_RAW_V1
14010020000,ARROZ,200210,SUYO,2016/2017,2016,2017,201608,201707,12,11,11,5700,650,8.769230769230769230769230769,TM_PER_HA,TRUE,,FALSE,FALSE,FALSE,FALSE,FALSE,JOINT_C0_TRANSIENT_CAMPAIGN_YIELD_RAW_V1
14010020000,ARROZ,200210,SUYO,2017/2018,2017,2018,201708,201807,12,12,12,6350,700,9.071428571428571428571428571,TM_PER_HA,TRUE,,FALSE,FALSE,FALSE,FALSE,FALSE,JOINT_C0_TRANSIENT_CAMPAIGN_YIELD_RAW_V1
14010020000,ARROZ,200210,SUYO,2018/2019,2018,2019,201808,201907,12,12,12,6075,700,8.678571428571428571428571429,TM_PER_HA,TRUE,,FALSE,FALSE,FALSE,FALSE,FALSE,JOINT_C0_TRANSIENT_CAMPAIGN_YIELD_RAW_V1
14010020000,ARROZ,200210,SUYO,2019/2020,2019,2020,201908,202007,12,11,11,5150,600,8.583333333333333333333333333,TM_PER_HA,TRUE,,FALSE,FALSE,FALSE,FALSE,FALSE,JOINT_C0_TRANSIENT_CAMPAIGN_YIELD_RAW_V1
14010020000,ARROZ,200210,SUYO,2020/2021,2020,2021,202008,202107,12,11,11,5240,625,8.384,TM_PER_HA,TRUE,,FALSE,FALSE,FALSE,FALSE,FALSE,JOINT_C0_TRANSIENT_CAMPAIGN_YIELD_RAW_V1
14010020000,ARROZ,200210,SUYO,2021/2022,2021,2022,202108,202207,12,11,11,3685,630,5.849206349206349206349206349,TM_PER_HA,TRUE,,FALSE,FALSE,FALSE,FALSE,FALSE,JOINT_C0_TRANSIENT_CAMPAIGN_YIELD_RAW_V1
14010020000,ARROZ,200210,SUYO,2022/2023,2022,2023,202208,202307,12,12,12,4640,580,8,TM_PER_HA,TRUE,,FALSE,FALSE,FALSE,FALSE,FALSE,JOINT_C0_TRANSIENT_CAMPAIGN_YIELD_RAW_V1
14010020000,ARROZ,200302,CANCHAQUE,2016/2017,2016,2017,201608,201707,12,6,6,300,60,5,TM_PER_HA,TRUE,,FALSE,FALSE,FALSE,FALSE,FALSE,JOINT_C0_TRANSIENT_CAMPAIGN_YIELD_RAW_V1
14010020000,ARROZ,200302,CANCHAQUE,2017/2018,2017,2018,201708,201807,12,7,7,0,0,,TM_PER_HA,FALSE,ZERO_DENOMINATOR,TRUE,FALSE,FALSE,FALSE,FALSE,JOINT_C0_TRANSIENT_CAMPAIGN_YIELD_RAW_V1
14010020000,ARROZ,200302,CANCHAQUE,2018/2019,2018,2019,201808,201907,12,6,6,298,65,4.584615384615384615384615385,TM_PER_HA,TRUE,,FALSE,FALSE,FALSE,FALSE,FALSE,JOINT_C0_TRANSIENT_CAMPAIGN_YIELD_RAW_V1
14010020000,ARROZ,200302,CANCHAQUE,2019/2020,2019,2020,201908,202007,12,7,7,285,57,5,TM_PER_HA,TRUE,,FALSE,FALSE,FALSE,FALSE,FALSE,JOINT_C0_TRANSIENT_CAMPAIGN_YIELD_RAW_V1
14010020000,ARROZ,200302,CANCHAQUE,2020/2021,2020,2021,202008,202107,12,6,6,345,70,4.928571428571428571428571429,TM_PER_HA,TRUE,,FALSE,FALSE,FALSE,FALSE,FALSE,JOINT_C0_TRANSIENT_CAMPAIGN_YIELD_RAW_V1
14010020000,ARROZ,200302,CANCHAQUE,2021/2022,2021,2022,202108,202207,12,5,5,310,62,5,TM_PER_HA,TRUE,,FALSE,FALSE,FALSE,FALSE,FALSE,JOINT_C0_TRANSIENT_CAMPAIGN_YIELD_RAW_V1
14010020000,ARROZ,200302,CANCHAQUE,2022/2023,2022,2023,202208,202307,12,7,7,345,69,5,TM_PER_HA,TRUE,,FALSE,FALSE,FALSE,FALSE,FALSE,JOINT_C0_TRANSIENT_CAMPAIGN_YIELD_RAW_V1
14010020000,ARROZ,200304,HUARMACA,2016/2017,2016,2017,201608,201707,12,11,11,1215,185,6.567567567567567567567567568,TM_PER_HA,TRUE,,FALSE,FALSE,FALSE,FALSE,FALSE,JOINT_C0_TRANSIENT_CAMPAIGN_YIELD_RAW_V1
14010020000,ARROZ,200304,HUARMACA,2017/2018,2017,2018,201708,201807,12,11,11,527,107,4.925233644859813084112149533,TM_PER_HA,TRUE,,FALSE,FALSE,FALSE,FALSE,FALSE,JOINT_C0_TRANSIENT_CAMPAIGN_YIELD_RAW_V1
14010020000,ARROZ,200304,HUARMACA,2018/2019,2018,2019,201808,201907,12,11,11,2030,320,6.34375,TM_PER_HA,TRUE,,FALSE,FALSE,FALSE,FALSE,FALSE,JOINT_C0_TRANSIENT_CAMPAIGN_YIELD_RAW_V1
14010020000,ARROZ,200304,HUARMACA,2019/2020,2019,2020,201908,202007,12,7,7,695,139,5,TM_PER_HA,TRUE,,FALSE,FALSE,FALSE,FALSE,FALSE,JOINT_C0_TRANSIENT_CAMPAIGN_YIELD_RAW_V1
14010020000,ARROZ,200304,HUARMACA,2020/2021,2020,2021,202008,202107,12,12,12,975,130,7.5,TM_PER_HA,TRUE,,FALSE,FALSE,FALSE,FALSE,FALSE,JOINT_C0_TRANSIENT_CAMPAIGN_YIELD_RAW_V1
14010020000,ARROZ,200304,HUARMACA,2021/2022,2021,2022,202108,202207,12,12,12,1163,155,7.503225806451612903225806452,TM_PER_HA,TRUE,,FALSE,FALSE,FALSE,FALSE,FALSE,JOINT_C0_TRANSIENT_CAMPAIGN_YIELD_RAW_V1
14010020000,ARROZ,200304,HUARMACA,2022/2023,2022,2023,202208,202307,12,12,12,188,25,7.52,TM_PER_HA,TRUE,,FALSE,FALSE,FALSE,FALSE,FALSE,JOINT_C0_TRANSIENT_CAMPAIGN_YIELD_RAW_V1
14010020000,ARROZ,200305,LALAQUIZ,2016/2017,2016,2017,201608,201707,12,6,6,72,18,4,TM_PER_HA,TRUE,,FALSE,FALSE,FALSE,FALSE,FALSE,JOINT_C0_TRANSIENT_CAMPAIGN_YIELD_RAW_V1
14010020000,ARROZ,200305,LALAQUIZ,2017/2018,2017,2018,201708,201807,12,7,7,0,0,,TM_PER_HA,FALSE,ZERO_DENOMINATOR,TRUE,FALSE,FALSE,FALSE,FALSE,JOINT_C0_TRANSIENT_CAMPAIGN_YIELD_RAW_V1
14010020000,ARROZ,200305,LALAQUIZ,2018/2019,2018,2019,201808,201907,12,6,6,188,44,4.272727272727272727272727273,TM_PER_HA,TRUE,,FALSE,FALSE,FALSE,FALSE,FALSE,JOINT_C0_TRANSIENT_CAMPAIGN_YIELD_RAW_V1
14010020000,ARROZ,200305,LALAQUIZ,2019/2020,2019,2020,201908,202007,12,7,7,122,26,4.692307692307692307692307692,TM_PER_HA,TRUE,,FALSE,FALSE,FALSE,FALSE,FALSE,JOINT_C0_TRANSIENT_CAMPAIGN_YIELD_RAW_V1
14010020000,ARROZ,200305,LALAQUIZ,2020/2021,2020,2021,202008,202107,12,0,0,,,,TM_PER_HA,FALSE,INCOMPLETE_CAMPAIGN_NO_SOURCE_ROWS,FALSE,TRUE,FALSE,FALSE,FALSE,JOINT_C0_TRANSIENT_CAMPAIGN_YIELD_RAW_V1
14010020000,ARROZ,200305,LALAQUIZ,2021/2022,2021,2022,202108,202207,12,0,0,,,,TM_PER_HA,FALSE,INCOMPLETE_CAMPAIGN_NO_SOURCE_ROWS,FALSE,TRUE,FALSE,FALSE,FALSE,JOINT_C0_TRANSIENT_CAMPAIGN_YIELD_RAW_V1
14010020000,ARROZ,200305,LALAQUIZ,2022/2023,2022,2023,202208,202307,12,0,0,,,,TM_PER_HA,FALSE,INCOMPLETE_CAMPAIGN_NO_SOURCE_ROWS,FALSE,TRUE,FALSE,FALSE,FALSE,JOINT_C0_TRANSIENT_CAMPAIGN_YIELD_RAW_V1
14010020000,ARROZ,200306,SAN MIGUEL DE EL FAIQUE,2016/2017,2016,2017,201608,201707,12,6,6,1460,292,5,TM_PER_HA,TRUE,,FALSE,FALSE,FALSE,FALSE,FALSE,JOINT_C0_TRANSIENT_CAMPAIGN_YIELD_RAW_V1
14010020000,ARROZ,200306,SAN MIGUEL DE EL FAIQUE,2017/2018,2017,2018,201708,201807,12,7,7,0,0,,TM_PER_HA,FALSE,ZERO_DENOMINATOR,TRUE,FALSE,FALSE,FALSE,FALSE,JOINT_C0_TRANSIENT_CAMPAIGN_YIELD_RAW_V1
14010020000,ARROZ,200306,SAN MIGUEL DE EL FAIQUE,2018/2019,2018,2019,201808,201907,12,6,6,2985,630,4.738095238095238095238095238,TM_PER_HA,TRUE,,FALSE,FALSE,FALSE,FALSE,FALSE,JOINT_C0_TRANSIENT_CAMPAIGN_YIELD_RAW_V1
14010020000,ARROZ,200306,SAN MIGUEL DE EL FAIQUE,2019/2020,2019,2020,201908,202007,12,7,7,1400,280,5,TM_PER_HA,TRUE,,FALSE,FALSE,FALSE,FALSE,FALSE,JOINT_C0_TRANSIENT_CAMPAIGN_YIELD_RAW_V1
14010020000,ARROZ,200306,SAN MIGUEL DE EL FAIQUE,2020/2021,2020,2021,202008,202107,12,7,7,1950,400,4.875,TM_PER_HA,TRUE,,FALSE,FALSE,FALSE,FALSE,FALSE,JOINT_C0_TRANSIENT_CAMPAIGN_YIELD_RAW_V1
14010020000,ARROZ,200306,SAN MIGUEL DE EL FAIQUE,2021/2022,2021,2022,202108,202207,12,7,7,1000,200,5,TM_PER_HA,TRUE,,FALSE,FALSE,FALSE,FALSE,FALSE,JOINT_C0_TRANSIENT_CAMPAIGN_YIELD_RAW_V1
14010020000,ARROZ,200306,SAN MIGUEL DE EL FAIQUE,2022/2023,2022,2023,202208,202307,12,7,7,750,150,5,TM_PER_HA,TRUE,,FALSE,FALSE,FALSE,FALSE,FALSE,JOINT_C0_TRANSIENT_CAMPAIGN_YIELD_RAW_V1
14010020000,ARROZ,200401,CHULUCANAS,2016/2017,2016,2017,201608,201707,12,7,7,7680,960,8,TM_PER_HA,TRUE,,FALSE,FALSE,FALSE,FALSE,FALSE,JOINT_C0_TRANSIENT_CAMPAIGN_YIELD_RAW_V1
14010020000,ARROZ,200401,CHULUCANAS,2017/2018,2017,2018,201708,201807,12,7,7,6480,810,8,TM_PER_HA,TRUE,,FALSE,FALSE,FALSE,FALSE,FALSE,JOINT_C0_TRANSIENT_CAMPAIGN_YIELD_RAW_V1
14010020000,ARROZ,200401,CHULUCANAS,2018/2019,2018,2019,201808,201907,12,12,12,6375,752,8.477393617021276595744680851,TM_PER_HA,TRUE,,FALSE,FALSE,FALSE,FALSE,FALSE,JOINT_C0_TRANSIENT_CAMPAIGN_YIELD_RAW_V1
14010020000,ARROZ,200401,CHULUCANAS,2019/2020,2019,2020,201908,202007,12,6,6,1680,210,8,TM_PER_HA,TRUE,,FALSE,FALSE,FALSE,FALSE,FALSE,JOINT_C0_TRANSIENT_CAMPAIGN_YIELD_RAW_V1
14010020000,ARROZ,200401,CHULUCANAS,2020/2021,2020,2021,202008,202107,12,7,7,2936,356,8.247191011235955056179775281,TM_PER_HA,TRUE,,FALSE,FALSE,FALSE,FALSE,FALSE,JOINT_C0_TRANSIENT_CAMPAIGN_YIELD_RAW_V1
14010020000,ARROZ,200401,CHULUCANAS,2021/2022,2021,2022,202108,202207,12,7,7,2350,295,7.966101694915254237288135593,TM_PER_HA,TRUE,,FALSE,FALSE,FALSE,FALSE,FALSE,JOINT_C0_TRANSIENT_CAMPAIGN_YIELD_RAW_V1
14010020000,ARROZ,200401,CHULUCANAS,2022/2023,2022,2023,202208,202307,12,6,6,1856,232,8,TM_PER_HA,TRUE,,FALSE,FALSE,FALSE,FALSE,FALSE,JOINT_C0_TRANSIENT_CAMPAIGN_YIELD_RAW_V1
14010020000,ARROZ,200402,BUENOS AIRES,2016/2017,2016,2017,201608,201707,12,6,6,6400,800,8,TM_PER_HA,TRUE,,FALSE,FALSE,FALSE,FALSE,FALSE,JOINT_C0_TRANSIENT_CAMPAIGN_YIELD_RAW_V1
14010020000,ARROZ,200402,BUENOS AIRES,2017/2018,2017,2018,201708,201807,12,7,7,6000,760,7.894736842105263157894736842,TM_PER_HA,TRUE,,FALSE,FALSE,FALSE,FALSE,FALSE,JOINT_C0_TRANSIENT_CAMPAIGN_YIELD_RAW_V1
14010020000,ARROZ,200402,BUENOS AIRES,2018/2019,2018,2019,201808,201907,12,12,12,6800,850,8,TM_PER_HA,TRUE,,FALSE,FALSE,FALSE,FALSE,FALSE,JOINT_C0_TRANSIENT_CAMPAIGN_YIELD_RAW_V1
14010020000,ARROZ,200402,BUENOS AIRES,2019/2020,2019,2020,201908,202007,12,12,12,5328,666,8,TM_PER_HA,TRUE,,FALSE,FALSE,FALSE,FALSE,FALSE,JOINT_C0_TRANSIENT_CAMPAIGN_YIELD_RAW_V1
14010020000,ARROZ,200402,BUENOS AIRES,2020/2021,2020,2021,202008,202107,12,8,8,5096,650,7.84,TM_PER_HA,TRUE,,FALSE,FALSE,FALSE,FALSE,FALSE,JOINT_C0_TRANSIENT_CAMPAIGN_YIELD_RAW_V1
14010020000,ARROZ,200402,BUENOS AIRES,2021/2022,2021,2022,202108,202207,12,5,5,3600,600,6,TM_PER_HA,TRUE,,FALSE,FALSE,FALSE,FALSE,FALSE,JOINT_C0_TRANSIENT_CAMPAIGN_YIELD_RAW_V1
14010020000,ARROZ,200402,BUENOS AIRES,2022/2023,2022,2023,202208,202307,12,5,5,3112,450,6.915555555555555555555555556,TM_PER_HA,TRUE,,FALSE,FALSE,FALSE,FALSE,FALSE,JOINT_C0_TRANSIENT_CAMPAIGN_YIELD_RAW_V1
14010020000,ARROZ,200405,MORROPON,2016/2017,2016,2017,201608,201707,12,7,7,8000,1000,8,TM_PER_HA,TRUE,,FALSE,FALSE,FALSE,FALSE,FALSE,JOINT_C0_TRANSIENT_CAMPAIGN_YIELD_RAW_V1
14010020000,ARROZ,200405,MORROPON,2017/2018,2017,2018,201708,201807,12,7,7,7176,1000,7.176,TM_PER_HA,TRUE,,FALSE,FALSE,FALSE,FALSE,FALSE,JOINT_C0_TRANSIENT_CAMPAIGN_YIELD_RAW_V1
14010020000,ARROZ,200405,MORROPON,2018/2019,2018,2019,201808,201907,12,11,11,8000,1002,7.984031936127744510978043912,TM_PER_HA,TRUE,,FALSE,FALSE,FALSE,FALSE,FALSE,JOINT_C0_TRANSIENT_CAMPAIGN_YIELD_RAW_V1
14010020000,ARROZ,200405,MORROPON,2019/2020,2019,2020,201908,202007,12,7,7,8032,1000,8.032,TM_PER_HA,TRUE,,FALSE,FALSE,FALSE,FALSE,FALSE,JOINT_C0_TRANSIENT_CAMPAIGN_YIELD_RAW_V1
14010020000,ARROZ,200405,MORROPON,2020/2021,2020,2021,202008,202107,12,7,7,8795,1050,8.376190476190476190476190476,TM_PER_HA,TRUE,,FALSE,FALSE,FALSE,FALSE,FALSE,JOINT_C0_TRANSIENT_CAMPAIGN_YIELD_RAW_V1
14010020000,ARROZ,200405,MORROPON,2021/2022,2021,2022,202108,202207,12,6,6,6905,920,7.505434782608695652173913043,TM_PER_HA,TRUE,,FALSE,FALSE,FALSE,FALSE,FALSE,JOINT_C0_TRANSIENT_CAMPAIGN_YIELD_RAW_V1
14010020000,ARROZ,200405,MORROPON,2022/2023,2022,2023,202208,202307,12,7,7,4960,760,6.526315789473684210526315789,TM_PER_HA,TRUE,,FALSE,FALSE,FALSE,FALSE,FALSE,JOINT_C0_TRANSIENT_CAMPAIGN_YIELD_RAW_V1
14010020000,ARROZ,200406,SALITRAL,2016/2017,2016,2017,201608,201707,12,6,6,160,22,7.272727272727272727272727273,TM_PER_HA,TRUE,,FALSE,FALSE,FALSE,FALSE,FALSE,JOINT_C0_TRANSIENT_CAMPAIGN_YIELD_RAW_V1
14010020000,ARROZ,200406,SALITRAL,2017/2018,2017,2018,201708,201807,12,7,7,875,110,7.954545454545454545454545455,TM_PER_HA,TRUE,,FALSE,FALSE,FALSE,FALSE,FALSE,JOINT_C0_TRANSIENT_CAMPAIGN_YIELD_RAW_V1
14010020000,ARROZ,200406,SALITRAL,2018/2019,2018,2019,201808,201907,12,6,6,705,120,5.875,TM_PER_HA,TRUE,,FALSE,FALSE,FALSE,FALSE,FALSE,JOINT_C0_TRANSIENT_CAMPAIGN_YIELD_RAW_V1
14010020000,ARROZ,200406,SALITRAL,2019/2020,2019,2020,201908,202007,12,5,5,280,40,7,TM_PER_HA,TRUE,,FALSE,FALSE,FALSE,FALSE,FALSE,JOINT_C0_TRANSIENT_CAMPAIGN_YIELD_RAW_V1
14010020000,ARROZ,200406,SALITRAL,2020/2021,2020,2021,202008,202107,12,6,6,480,80,6,TM_PER_HA,TRUE,,FALSE,FALSE,FALSE,FALSE,FALSE,JOINT_C0_TRANSIENT_CAMPAIGN_YIELD_RAW_V1
14010020000,ARROZ,200406,SALITRAL,2021/2022,2021,2022,202108,202207,12,7,7,1200,150,8,TM_PER_HA,TRUE,,FALSE,FALSE,FALSE,FALSE,FALSE,JOINT_C0_TRANSIENT_CAMPAIGN_YIELD_RAW_V1
14010020000,ARROZ,200406,SALITRAL,2022/2023,2022,2023,202208,202307,12,6,6,546,120,4.55,TM_PER_HA,TRUE,,FALSE,FALSE,FALSE,FALSE,FALSE,JOINT_C0_TRANSIENT_CAMPAIGN_YIELD_RAW_V1
14010020000,ARROZ,200407,SAN JUAN DE BIGOTE,2016/2017,2016,2017,201608,201707,12,6,6,5058,670,7.549253731343283582089552239,TM_PER_HA,TRUE,,FALSE,FALSE,FALSE,FALSE,FALSE,JOINT_C0_TRANSIENT_CAMPAIGN_YIELD_RAW_V1
14010020000,ARROZ,200407,SAN JUAN DE BIGOTE,2017/2018,2017,2018,201708,201807,12,7,7,8400,1050,8,TM_PER_HA,TRUE,,FALSE,FALSE,FALSE,FALSE,FALSE,JOINT_C0_TRANSIENT_CAMPAIGN_YIELD_RAW_V1
14010020000,ARROZ,200407,SAN JUAN DE BIGOTE,2018/2019,2018,2019,201808,201907,12,6,6,7360,1100,6.690909090909090909090909091,TM_PER_HA,TRUE,,FALSE,FALSE,FALSE,FALSE,FALSE,JOINT_C0_TRANSIENT_CAMPAIGN_YIELD_RAW_V1
14010020000,ARROZ,200407,SAN JUAN DE BIGOTE,2019/2020,2019,2020,201908,202007,12,7,7,6650,950,7,TM_PER_HA,TRUE,,FALSE,FALSE,FALSE,FALSE,FALSE,JOINT_C0_TRANSIENT_CAMPAIGN_YIELD_RAW_V1
14010020000,ARROZ,200407,SAN JUAN DE BIGOTE,2020/2021,2020,2021,202008,202107,12,7,7,6165,850,7.252941176470588235294117647,TM_PER_HA,TRUE,,FALSE,FALSE,FALSE,FALSE,FALSE,JOINT_C0_TRANSIENT_CAMPAIGN_YIELD_RAW_V1
14010020000,ARROZ,200407,SAN JUAN DE BIGOTE,2021/2022,2021,2022,202108,202207,12,12,12,8080,1010,8,TM_PER_HA,TRUE,,FALSE,FALSE,FALSE,FALSE,FALSE,JOINT_C0_TRANSIENT_CAMPAIGN_YIELD_RAW_V1
14010020000,ARROZ,200407,SAN JUAN DE BIGOTE,2022/2023,2022,2023,202208,202307,12,7,7,5090,950,5.357894736842105263157894737,TM_PER_HA,TRUE,,FALSE,FALSE,FALSE,FALSE,FALSE,JOINT_C0_TRANSIENT_CAMPAIGN_YIELD_RAW_V1
14010020000,ARROZ,200408,SANTA CATALINA DE MOSSA,2016/2017,2016,2017,201608,201707,12,7,7,2084,334,6.239520958083832335329341317,TM_PER_HA,TRUE,,FALSE,FALSE,FALSE,FALSE,FALSE,JOINT_C0_TRANSIENT_CAMPAIGN_YIELD_RAW_V1
14010020000,ARROZ,200408,SANTA CATALINA DE MOSSA,2017/2018,2017,2018,201708,201807,12,6,6,2700,450,6,TM_PER_HA,TRUE,,FALSE,FALSE,FALSE,FALSE,FALSE,JOINT_C0_TRANSIENT_CAMPAIGN_YIELD_RAW_V1
14010020000,ARROZ,200408,SANTA CATALINA DE MOSSA,2018/2019,2018,2019,201808,201907,12,7,7,2700,450,6,TM_PER_HA,TRUE,,FALSE,FALSE,FALSE,FALSE,FALSE,JOINT_C0_TRANSIENT_CAMPAIGN_YIELD_RAW_V1
14010020000,ARROZ,200408,SANTA CATALINA DE MOSSA,2019/2020,2019,2020,201908,202007,12,7,7,2700,450,6,TM_PER_HA,TRUE,,FALSE,FALSE,FALSE,FALSE,FALSE,JOINT_C0_TRANSIENT_CAMPAIGN_YIELD_RAW_V1
14010020000,ARROZ,200408,SANTA CATALINA DE MOSSA,2020/2021,2020,2021,202008,202107,12,7,7,2250,450,5,TM_PER_HA,TRUE,,FALSE,FALSE,FALSE,FALSE,FALSE,JOINT_C0_TRANSIENT_CAMPAIGN_YIELD_RAW_V1
14010020000,ARROZ,200408,SANTA CATALINA DE MOSSA,2021/2022,2021,2022,202108,202207,12,7,7,2700,450,6,TM_PER_HA,TRUE,,FALSE,FALSE,FALSE,FALSE,FALSE,JOINT_C0_TRANSIENT_CAMPAIGN_YIELD_RAW_V1
14010020000,ARROZ,200408,SANTA CATALINA DE MOSSA,2022/2023,2022,2023,202208,202307,12,7,7,2700,450,6,TM_PER_HA,TRUE,,FALSE,FALSE,FALSE,FALSE,FALSE,JOINT_C0_TRANSIENT_CAMPAIGN_YIELD_RAW_V1
14010020000,ARROZ,200409,SANTO DOMINGO,2016/2017,2016,2017,201608,201707,12,6,6,168,28,6,TM_PER_HA,TRUE,,FALSE,FALSE,FALSE,FALSE,FALSE,JOINT_C0_TRANSIENT_CAMPAIGN_YIELD_RAW_V1
14010020000,ARROZ,200409,SANTO DOMINGO,2017/2018,2017,2018,201708,201807,12,5,5,222,37,6,TM_PER_HA,TRUE,,FALSE,FALSE,FALSE,FALSE,FALSE,JOINT_C0_TRANSIENT_CAMPAIGN_YIELD_RAW_V1
14010020000,ARROZ,200409,SANTO DOMINGO,2018/2019,2018,2019,201808,201907,12,5,5,264,44,6,TM_PER_HA,TRUE,,FALSE,FALSE,FALSE,FALSE,FALSE,JOINT_C0_TRANSIENT_CAMPAIGN_YIELD_RAW_V1
14010020000,ARROZ,200409,SANTO DOMINGO,2019/2020,2019,2020,201908,202007,12,4,4,150,25,6,TM_PER_HA,TRUE,,FALSE,FALSE,FALSE,FALSE,FALSE,JOINT_C0_TRANSIENT_CAMPAIGN_YIELD_RAW_V1
14010020000,ARROZ,200409,SANTO DOMINGO,2020/2021,2020,2021,202008,202107,12,0,0,,,,TM_PER_HA,FALSE,INCOMPLETE_CAMPAIGN_NO_SOURCE_ROWS,FALSE,TRUE,FALSE,FALSE,FALSE,JOINT_C0_TRANSIENT_CAMPAIGN_YIELD_RAW_V1
14010020000,ARROZ,200409,SANTO DOMINGO,2021/2022,2021,2022,202108,202207,12,7,7,180,30,6,TM_PER_HA,TRUE,,FALSE,FALSE,FALSE,FALSE,FALSE,JOINT_C0_TRANSIENT_CAMPAIGN_YIELD_RAW_V1
14010020000,ARROZ,200409,SANTO DOMINGO,2022/2023,2022,2023,202208,202307,12,6,6,90,15,6,TM_PER_HA,TRUE,,FALSE,FALSE,FALSE,FALSE,FALSE,JOINT_C0_TRANSIENT_CAMPAIGN_YIELD_RAW_V1
14010020000,ARROZ,200410,YAMANGO,2016/2017,2016,2017,201608,201707,12,6,6,730,100,7.3,TM_PER_HA,TRUE,,FALSE,FALSE,FALSE,FALSE,FALSE,JOINT_C0_TRANSIENT_CAMPAIGN_YIELD_RAW_V1
14010020000,ARROZ,200410,YAMANGO,2017/2018,2017,2018,201708,201807,12,6,6,728,100,7.28,TM_PER_HA,TRUE,,FALSE,FALSE,FALSE,FALSE,FALSE,JOINT_C0_TRANSIENT_CAMPAIGN_YIELD_RAW_V1
14010020000,ARROZ,200410,YAMANGO,2018/2019,2018,2019,201808,201907,12,6,6,700,100,7,TM_PER_HA,TRUE,,FALSE,FALSE,FALSE,FALSE,FALSE,JOINT_C0_TRANSIENT_CAMPAIGN_YIELD_RAW_V1
14010020000,ARROZ,200410,YAMANGO,2019/2020,2019,2020,201908,202007,12,6,6,700,100,7,TM_PER_HA,TRUE,,FALSE,FALSE,FALSE,FALSE,FALSE,JOINT_C0_TRANSIENT_CAMPAIGN_YIELD_RAW_V1
14010020000,ARROZ,200410,YAMANGO,2020/2021,2020,2021,202008,202107,12,6,6,770,110,7,TM_PER_HA,TRUE,,FALSE,FALSE,FALSE,FALSE,FALSE,JOINT_C0_TRANSIENT_CAMPAIGN_YIELD_RAW_V1
14010020000,ARROZ,200410,YAMANGO,2021/2022,2021,2022,202108,202207,12,5,5,280,40,7,TM_PER_HA,TRUE,,FALSE,FALSE,FALSE,FALSE,FALSE,JOINT_C0_TRANSIENT_CAMPAIGN_YIELD_RAW_V1
14010020000,ARROZ,200410,YAMANGO,2022/2023,2022,2023,202208,202307,12,6,6,366,60,6.1,TM_PER_HA,TRUE,,FALSE,FALSE,FALSE,FALSE,FALSE,JOINT_C0_TRANSIENT_CAMPAIGN_YIELD_RAW_V1
14010020000,ARROZ,200502,AMOTAPE,2016/2017,2016,2017,201608,201707,12,11,11,4870,620,7.854838709677419354838709677,TM_PER_HA,TRUE,,FALSE,FALSE,FALSE,FALSE,FALSE,JOINT_C0_TRANSIENT_CAMPAIGN_YIELD_RAW_V1
14010020000,ARROZ,200502,AMOTAPE,2017/2018,2017,2018,201708,201807,12,12,12,4500,500,9,TM_PER_HA,TRUE,,FALSE,FALSE,FALSE,FALSE,FALSE,JOINT_C0_TRANSIENT_CAMPAIGN_YIELD_RAW_V1
14010020000,ARROZ,200502,AMOTAPE,2018/2019,2018,2019,201808,201907,12,11,11,3600,400,9,TM_PER_HA,TRUE,,FALSE,FALSE,FALSE,FALSE,FALSE,JOINT_C0_TRANSIENT_CAMPAIGN_YIELD_RAW_V1
14010020000,ARROZ,200502,AMOTAPE,2019/2020,2019,2020,201908,202007,12,11,11,2850,300,9.5,TM_PER_HA,TRUE,,FALSE,FALSE,FALSE,FALSE,FALSE,JOINT_C0_TRANSIENT_CAMPAIGN_YIELD_RAW_V1
14010020000,ARROZ,200502,AMOTAPE,2020/2021,2020,2021,202008,202107,12,12,12,4575,500,9.15,TM_PER_HA,TRUE,,FALSE,FALSE,FALSE,FALSE,FALSE,JOINT_C0_TRANSIENT_CAMPAIGN_YIELD_RAW_V1
14010020000,ARROZ,200502,AMOTAPE,2021/2022,2021,2022,202108,202207,12,12,12,5550,500,11.1,TM_PER_HA,TRUE,,FALSE,FALSE,FALSE,FALSE,FALSE,JOINT_C0_TRANSIENT_CAMPAIGN_YIELD_RAW_V1
14010020000,ARROZ,200502,AMOTAPE,2022/2023,2022,2023,202208,202307,12,12,12,4600,500,9.2,TM_PER_HA,TRUE,,FALSE,FALSE,FALSE,FALSE,FALSE,JOINT_C0_TRANSIENT_CAMPAIGN_YIELD_RAW_V1
14010020000,ARROZ,200503,ARENAL,2016/2017,2016,2017,201608,201707,12,12,12,0,0,,TM_PER_HA,FALSE,ZERO_DENOMINATOR,TRUE,FALSE,FALSE,FALSE,FALSE,JOINT_C0_TRANSIENT_CAMPAIGN_YIELD_RAW_V1
14010020000,ARROZ,200503,ARENAL,2017/2018,2017,2018,201708,201807,12,5,5,0,0,,TM_PER_HA,FALSE,ZERO_DENOMINATOR,TRUE,FALSE,FALSE,FALSE,FALSE,JOINT_C0_TRANSIENT_CAMPAIGN_YIELD_RAW_V1
14010020000,ARROZ,200503,ARENAL,2018/2019,2018,2019,201808,201907,12,0,0,,,,TM_PER_HA,FALSE,INCOMPLETE_CAMPAIGN_NO_SOURCE_ROWS,FALSE,TRUE,FALSE,FALSE,FALSE,JOINT_C0_TRANSIENT_CAMPAIGN_YIELD_RAW_V1
14010020000,ARROZ,200503,ARENAL,2019/2020,2019,2020,201908,202007,12,0,0,,,,TM_PER_HA,FALSE,INCOMPLETE_CAMPAIGN_NO_SOURCE_ROWS,FALSE,TRUE,FALSE,FALSE,FALSE,JOINT_C0_TRANSIENT_CAMPAIGN_YIELD_RAW_V1
14010020000,ARROZ,200503,ARENAL,2020/2021,2020,2021,202008,202107,12,0,0,,,,TM_PER_HA,FALSE,INCOMPLETE_CAMPAIGN_NO_SOURCE_ROWS,FALSE,TRUE,FALSE,FALSE,FALSE,JOINT_C0_TRANSIENT_CAMPAIGN_YIELD_RAW_V1
14010020000,ARROZ,200503,ARENAL,2021/2022,2021,2022,202108,202207,12,12,12,0,0,,TM_PER_HA,FALSE,ZERO_DENOMINATOR,TRUE,FALSE,FALSE,FALSE,FALSE,JOINT_C0_TRANSIENT_CAMPAIGN_YIELD_RAW_V1
14010020000,ARROZ,200503,ARENAL,2022/2023,2022,2023,202208,202307,12,8,8,400,40,10,TM_PER_HA,TRUE,,FALSE,FALSE,FALSE,FALSE,FALSE,JOINT_C0_TRANSIENT_CAMPAIGN_YIELD_RAW_V1
14010020000,ARROZ,200504,COLAN,2016/2017,2016,2017,201608,201707,12,6,6,25,4,6.25,TM_PER_HA,TRUE,,FALSE,FALSE,FALSE,FALSE,FALSE,JOINT_C0_TRANSIENT_CAMPAIGN_YIELD_RAW_V1
14010020000,ARROZ,200504,COLAN,2017/2018,2017,2018,201708,201807,12,0,0,,,,TM_PER_HA,FALSE,INCOMPLETE_CAMPAIGN_NO_SOURCE_ROWS,FALSE,TRUE,FALSE,FALSE,FALSE,JOINT_C0_TRANSIENT_CAMPAIGN_YIELD_RAW_V1
14010020000,ARROZ,200504,COLAN,2018/2019,2018,2019,201808,201907,12,0,0,,,,TM_PER_HA,FALSE,INCOMPLETE_CAMPAIGN_NO_SOURCE_ROWS,FALSE,TRUE,FALSE,FALSE,FALSE,JOINT_C0_TRANSIENT_CAMPAIGN_YIELD_RAW_V1
14010020000,ARROZ,200504,COLAN,2019/2020,2019,2020,201908,202007,12,0,0,,,,TM_PER_HA,FALSE,INCOMPLETE_CAMPAIGN_NO_SOURCE_ROWS,FALSE,TRUE,FALSE,FALSE,FALSE,JOINT_C0_TRANSIENT_CAMPAIGN_YIELD_RAW_V1
14010020000,ARROZ,200504,COLAN,2020/2021,2020,2021,202008,202107,12,0,0,,,,TM_PER_HA,FALSE,INCOMPLETE_CAMPAIGN_NO_SOURCE_ROWS,FALSE,TRUE,FALSE,FALSE,FALSE,JOINT_C0_TRANSIENT_CAMPAIGN_YIELD_RAW_V1
14010020000,ARROZ,200504,COLAN,2021/2022,2021,2022,202108,202207,12,0,0,,,,TM_PER_HA,FALSE,INCOMPLETE_CAMPAIGN_NO_SOURCE_ROWS,FALSE,TRUE,FALSE,FALSE,FALSE,JOINT_C0_TRANSIENT_CAMPAIGN_YIELD_RAW_V1
14010020000,ARROZ,200504,COLAN,2022/2023,2022,2023,202208,202307,12,0,0,,,,TM_PER_HA,FALSE,INCOMPLETE_CAMPAIGN_NO_SOURCE_ROWS,FALSE,TRUE,FALSE,FALSE,FALSE,JOINT_C0_TRANSIENT_CAMPAIGN_YIELD_RAW_V1
14010020000,ARROZ,200505,LA HUACA,2016/2017,2016,2017,201608,201707,12,11,11,9679,1365,7.090842490842490842490842491,TM_PER_HA,TRUE,,FALSE,FALSE,FALSE,FALSE,FALSE,JOINT_C0_TRANSIENT_CAMPAIGN_YIELD_RAW_V1
14010020000,ARROZ,200505,LA HUACA,2017/2018,2017,2018,201708,201807,12,12,12,13688,1520,9.005263157894736842105263158,TM_PER_HA,TRUE,,FALSE,FALSE,FALSE,FALSE,FALSE,JOINT_C0_TRANSIENT_CAMPAIGN_YIELD_RAW_V1
14010020000,ARROZ,200505,LA HUACA,2018/2019,2018,2019,201808,201907,12,11,11,13950,1550,9,TM_PER_HA,TRUE,,FALSE,FALSE,FALSE,FALSE,FALSE,JOINT_C0_TRANSIENT_CAMPAIGN_YIELD_RAW_V1
14010020000,ARROZ,200505,LA HUACA,2019/2020,2019,2020,201908,202007,12,11,11,15650,1650,9.484848484848484848484848485,TM_PER_HA,TRUE,,FALSE,FALSE,FALSE,FALSE,FALSE,JOINT_C0_TRANSIENT_CAMPAIGN_YIELD_RAW_V1
14010020000,ARROZ,200505,LA HUACA,2020/2021,2020,2021,202008,202107,12,12,12,14560,1600,9.1,TM_PER_HA,TRUE,,FALSE,FALSE,FALSE,FALSE,FALSE,JOINT_C0_TRANSIENT_CAMPAIGN_YIELD_RAW_V1
14010020000,ARROZ,200505,LA HUACA,2021/2022,2021,2022,202108,202207,12,5,5,9515,865,11,TM_PER_HA,TRUE,,FALSE,FALSE,FALSE,FALSE,FALSE,JOINT_C0_TRANSIENT_CAMPAIGN_YIELD_RAW_V1
14010020000,ARROZ,200505,LA HUACA,2022/2023,2022,2023,202208,202307,12,10,10,16112,1789,9.006148686416992733370598099,TM_PER_HA,TRUE,,FALSE,FALSE,FALSE,FALSE,FALSE,JOINT_C0_TRANSIENT_CAMPAIGN_YIELD_RAW_V1
14010020000,ARROZ,200506,TAMARINDO,2016/2017,2016,2017,201608,201707,12,11,11,6040,780,7.743589743589743589743589744,TM_PER_HA,TRUE,,FALSE,FALSE,FALSE,FALSE,FALSE,JOINT_C0_TRANSIENT_CAMPAIGN_YIELD_RAW_V1
14010020000,ARROZ,200506,TAMARINDO,2017/2018,2017,2018,201708,201807,12,12,12,9000,1000,9,TM_PER_HA,TRUE,,FALSE,FALSE,FALSE,FALSE,FALSE,JOINT_C0_TRANSIENT_CAMPAIGN_YIELD_RAW_V1
14010020000,ARROZ,200506,TAMARINDO,2018/2019,2018,2019,201808,201907,12,11,11,9000,1000,9,TM_PER_HA,TRUE,,FALSE,FALSE,FALSE,FALSE,FALSE,JOINT_C0_TRANSIENT_CAMPAIGN_YIELD_RAW_V1
14010020000,ARROZ,200506,TAMARINDO,2019/2020,2019,2020,201908,202007,12,12,12,8900,950,9.368421052631578947368421053,TM_PER_HA,TRUE,,FALSE,FALSE,FALSE,FALSE,FALSE,JOINT_C0_TRANSIENT_CAMPAIGN_YIELD_RAW_V1
14010020000,ARROZ,200506,TAMARINDO,2020/2021,2020,2021,202008,202107,12,12,12,10800,1200,9,TM_PER_HA,TRUE,,FALSE,FALSE,FALSE,FALSE,FALSE,JOINT_C0_TRANSIENT_CAMPAIGN_YIELD_RAW_V1
14010020000,ARROZ,200506,TAMARINDO,2021/2022,2021,2022,202108,202207,12,12,12,11200,1000,11.2,TM_PER_HA,TRUE,,FALSE,FALSE,FALSE,FALSE,FALSE,JOINT_C0_TRANSIENT_CAMPAIGN_YIELD_RAW_V1
14010020000,ARROZ,200506,TAMARINDO,2022/2023,2022,2023,202208,202307,12,12,12,9450,1000,9.45,TM_PER_HA,TRUE,,FALSE,FALSE,FALSE,FALSE,FALSE,JOINT_C0_TRANSIENT_CAMPAIGN_YIELD_RAW_V1
14010020000,ARROZ,200601,SULLANA,2016/2017,2016,2017,201608,201707,12,12,12,20369,2695,7.558070500927643784786641929,TM_PER_HA,TRUE,,FALSE,FALSE,FALSE,FALSE,FALSE,JOINT_C0_TRANSIENT_CAMPAIGN_YIELD_RAW_V1
14010020000,ARROZ,200601,SULLANA,2017/2018,2017,2018,201708,201807,12,12,12,32460,3690,8.79674796747967479674796748,TM_PER_HA,TRUE,,FALSE,FALSE,FALSE,FALSE,FALSE,JOINT_C0_TRANSIENT_CAMPAIGN_YIELD_RAW_V1
14010020000,ARROZ,200601,SULLANA,2018/2019,2018,2019,201808,201907,12,12,12,27900,3100,9,TM_PER_HA,TRUE,,FALSE,FALSE,FALSE,FALSE,FALSE,JOINT_C0_TRANSIENT_CAMPAIGN_YIELD_RAW_V1
14010020000,ARROZ,200601,SULLANA,2019/2020,2019,2020,201908,202007,12,12,12,31400,3300,9.515151515151515151515151515,TM_PER_HA,TRUE,,FALSE,FALSE,FALSE,FALSE,FALSE,JOINT_C0_TRANSIENT_CAMPAIGN_YIELD_RAW_V1
14010020000,ARROZ,200601,SULLANA,2020/2021,2020,2021,202008,202107,12,12,12,24700,2900,8.517241379310344827586206897,TM_PER_HA,TRUE,,FALSE,FALSE,FALSE,FALSE,FALSE,JOINT_C0_TRANSIENT_CAMPAIGN_YIELD_RAW_V1
14010020000,ARROZ,200601,SULLANA,2021/2022,2021,2022,202108,202207,12,11,11,36000,3200,11.25,TM_PER_HA,TRUE,,FALSE,FALSE,FALSE,FALSE,FALSE,JOINT_C0_TRANSIENT_CAMPAIGN_YIELD_RAW_V1
14010020000,ARROZ,200601,SULLANA,2022/2023,2022,2023,202208,202307,12,12,12,30450,3200,9.515625,TM_PER_HA,TRUE,,FALSE,FALSE,FALSE,FALSE,FALSE,JOINT_C0_TRANSIENT_CAMPAIGN_YIELD_RAW_V1
14010020000,ARROZ,200603,IGNACIO ESCUDERO,2016/2017,2016,2017,201608,201707,12,12,12,53755,7050,7.624822695035460992907801418,TM_PER_HA,TRUE,,FALSE,FALSE,FALSE,FALSE,FALSE,JOINT_C0_TRANSIENT_CAMPAIGN_YIELD_RAW_V1
14010020000,ARROZ,200603,IGNACIO ESCUDERO,2017/2018,2017,2018,201708,201807,12,12,12,67365,7485,9,TM_PER_HA,TRUE,,FALSE,FALSE,FALSE,FALSE,FALSE,JOINT_C0_TRANSIENT_CAMPAIGN_YIELD_RAW_V1
14010020000,ARROZ,200603,IGNACIO ESCUDERO,2018/2019,2018,2019,201808,201907,12,11,11,76500,8500,9,TM_PER_HA,TRUE,,FALSE,FALSE,FALSE,FALSE,FALSE,JOINT_C0_TRANSIENT_CAMPAIGN_YIELD_RAW_V1
14010020000,ARROZ,200603,IGNACIO ESCUDERO,2019/2020,2019,2020,201908,202007,12,12,12,86400,9100,9.494505494505494505494505495,TM_PER_HA,TRUE,,FALSE,FALSE,FALSE,FALSE,FALSE,JOINT_C0_TRANSIENT_CAMPAIGN_YIELD_RAW_V1
14010020000,ARROZ,200603,IGNACIO ESCUDERO,2020/2021,2020,2021,202008,202107,12,12,12,79144,8918,8.874635568513119533527696793,TM_PER_HA,TRUE,,FALSE,FALSE,FALSE,FALSE,FALSE,JOINT_C0_TRANSIENT_CAMPAIGN_YIELD_RAW_V1
14010020000,ARROZ,200603,IGNACIO ESCUDERO,2021/2022,2021,2022,202108,202207,12,11,11,103500,9200,11.25,TM_PER_HA,TRUE,,FALSE,FALSE,FALSE,FALSE,FALSE,JOINT_C0_TRANSIENT_CAMPAIGN_YIELD_RAW_V1
14010020000,ARROZ,200603,IGNACIO ESCUDERO,2022/2023,2022,2023,202208,202307,12,12,12,89304,9563,9.338492104987974484994248667,TM_PER_HA,TRUE,,FALSE,FALSE,FALSE,FALSE,FALSE,JOINT_C0_TRANSIENT_CAMPAIGN_YIELD_RAW_V1
14010020000,ARROZ,200605,MARCAVELICA,2016/2017,2016,2017,201608,201707,12,12,12,35650,4570,7.800875273522975929978118162,TM_PER_HA,TRUE,,FALSE,FALSE,FALSE,FALSE,FALSE,JOINT_C0_TRANSIENT_CAMPAIGN_YIELD_RAW_V1
14010020000,ARROZ,200605,MARCAVELICA,2017/2018,2017,2018,201708,201807,12,12,12,42300,4700,9,TM_PER_HA,TRUE,,FALSE,FALSE,FALSE,FALSE,FALSE,JOINT_C0_TRANSIENT_CAMPAIGN_YIELD_RAW_V1
14010020000,ARROZ,200605,MARCAVELICA,2018/2019,2018,2019,201808,201907,12,12,12,44550,4950,9,TM_PER_HA,TRUE,,FALSE,FALSE,FALSE,FALSE,FALSE,JOINT_C0_TRANSIENT_CAMPAIGN_YIELD_RAW_V1
14010020000,ARROZ,200605,MARCAVELICA,2019/2020,2019,2020,201908,202007,12,12,12,47950,5050,9.495049504950495049504950495,TM_PER_HA,TRUE,,FALSE,FALSE,FALSE,FALSE,FALSE,JOINT_C0_TRANSIENT_CAMPAIGN_YIELD_RAW_V1
14010020000,ARROZ,200605,MARCAVELICA,2020/2021,2020,2021,202008,202107,12,12,12,39448,4908,8.037489812550937245313773431,TM_PER_HA,TRUE,,FALSE,FALSE,FALSE,FALSE,FALSE,JOINT_C0_TRANSIENT_CAMPAIGN_YIELD_RAW_V1
14010020000,ARROZ,200605,MARCAVELICA,2021/2022,2021,2022,202108,202207,12,12,12,56800,5050,11.24752475247524752475247525,TM_PER_HA,TRUE,,FALSE,FALSE,FALSE,FALSE,FALSE,JOINT_C0_TRANSIENT_CAMPAIGN_YIELD_RAW_V1
14010020000,ARROZ,200605,MARCAVELICA,2022/2023,2022,2023,202208,202307,12,12,12,47000,5000,9.4,TM_PER_HA,TRUE,,FALSE,FALSE,FALSE,FALSE,FALSE,JOINT_C0_TRANSIENT_CAMPAIGN_YIELD_RAW_V1
14010020000,ARROZ,200607,QUERECOTILLO,2016/2017,2016,2017,201608,201707,12,12,12,13866,1800,7.703333333333333333333333333,TM_PER_HA,TRUE,,FALSE,FALSE,FALSE,FALSE,FALSE,JOINT_C0_TRANSIENT_CAMPAIGN_YIELD_RAW_V1
14010020000,ARROZ,200607,QUERECOTILLO,2017/2018,2017,2018,201708,201807,12,12,12,15345,1705,9,TM_PER_HA,TRUE,,FALSE,FALSE,FALSE,FALSE,FALSE,JOINT_C0_TRANSIENT_CAMPAIGN_YIELD_RAW_V1
14010020000,ARROZ,200607,QUERECOTILLO,2018/2019,2018,2019,201808,201907,12,11,11,14670,1630,9,TM_PER_HA,TRUE,,FALSE,FALSE,FALSE,FALSE,FALSE,JOINT_C0_TRANSIENT_CAMPAIGN_YIELD_RAW_V1
14010020000,ARROZ,200607,QUERECOTILLO,2019/2020,2019,2020,201908,202007,12,12,12,16060,1690,9.502958579881656804733727811,TM_PER_HA,TRUE,,FALSE,FALSE,FALSE,FALSE,FALSE,JOINT_C0_TRANSIENT_CAMPAIGN_YIELD_RAW_V1
14010020000,ARROZ,200607,QUERECOTILLO,2020/2021,2020,2021,202008,202107,12,11,11,14800,1650,8.96969696969696969696969697,TM_PER_HA,TRUE,,FALSE,FALSE,FALSE,FALSE,FALSE,JOINT_C0_TRANSIENT_CAMPAIGN_YIELD_RAW_V1
14010020000,ARROZ,200607,QUERECOTILLO,2021/2022,2021,2022,202108,202207,12,11,11,19675,1750,11.24285714285714285714285714,TM_PER_HA,TRUE,,FALSE,FALSE,FALSE,FALSE,FALSE,JOINT_C0_TRANSIENT_CAMPAIGN_YIELD_RAW_V1
14010020000,ARROZ,200607,QUERECOTILLO,2022/2023,2022,2023,202208,202307,12,12,12,15950,1700,9.382352941176470588235294118,TM_PER_HA,TRUE,,FALSE,FALSE,FALSE,FALSE,FALSE,JOINT_C0_TRANSIENT_CAMPAIGN_YIELD_RAW_V1
14010020000,ARROZ,200608,SALITRAL,2016/2017,2016,2017,201608,201707,12,10,10,1440,180,8,TM_PER_HA,TRUE,,FALSE,FALSE,FALSE,FALSE,FALSE,JOINT_C0_TRANSIENT_CAMPAIGN_YIELD_RAW_V1
14010020000,ARROZ,200608,SALITRAL,2017/2018,2017,2018,201708,201807,12,11,11,1620,180,9,TM_PER_HA,TRUE,,FALSE,FALSE,FALSE,FALSE,FALSE,JOINT_C0_TRANSIENT_CAMPAIGN_YIELD_RAW_V1
14010020000,ARROZ,200608,SALITRAL,2018/2019,2018,2019,201808,201907,12,11,11,1530,170,9,TM_PER_HA,TRUE,,FALSE,FALSE,FALSE,FALSE,FALSE,JOINT_C0_TRANSIENT_CAMPAIGN_YIELD_RAW_V1
14010020000,ARROZ,200608,SALITRAL,2019/2020,2019,2020,201908,202007,12,12,12,1810,190,9.526315789473684210526315789,TM_PER_HA,TRUE,,FALSE,FALSE,FALSE,FALSE,FALSE,JOINT_C0_TRANSIENT_CAMPAIGN_YIELD_RAW_V1
14010020000,ARROZ,200608,SALITRAL,2020/2021,2020,2021,202008,202107,12,10,10,1640,180,9.111111111111111111111111111,TM_PER_HA,TRUE,,FALSE,FALSE,FALSE,FALSE,FALSE,JOINT_C0_TRANSIENT_CAMPAIGN_YIELD_RAW_V1
14010020000,ARROZ,200608,SALITRAL,2021/2022,2021,2022,202108,202207,12,11,11,2135,190,11.23684210526315789473684211,TM_PER_HA,TRUE,,FALSE,FALSE,FALSE,FALSE,FALSE,JOINT_C0_TRANSIENT_CAMPAIGN_YIELD_RAW_V1
14010020000,ARROZ,200608,SALITRAL,2022/2023,2022,2023,202208,202307,12,12,12,2850,300,9.5,TM_PER_HA,TRUE,,FALSE,FALSE,FALSE,FALSE,FALSE,JOINT_C0_TRANSIENT_CAMPAIGN_YIELD_RAW_V1
14010020000,ARROZ,200801,SECHURA,2016/2017,2016,2017,201608,201707,12,12,12,7562,1014,7.457593688362919132149901381,TM_PER_HA,TRUE,,FALSE,FALSE,FALSE,FALSE,FALSE,JOINT_C0_TRANSIENT_CAMPAIGN_YIELD_RAW_V1
14010020000,ARROZ,200801,SECHURA,2017/2018,2017,2018,201708,201807,12,12,12,7765,908,8.551762114537444933920704846,TM_PER_HA,TRUE,,FALSE,FALSE,FALSE,FALSE,FALSE,JOINT_C0_TRANSIENT_CAMPAIGN_YIELD_RAW_V1
14010020000,ARROZ,200801,SECHURA,2018/2019,2018,2019,201808,201907,12,8,8,8076,1140,7.084210526315789473684210526,TM_PER_HA,TRUE,,FALSE,FALSE,FALSE,FALSE,FALSE,JOINT_C0_TRANSIENT_CAMPAIGN_YIELD_RAW_V1
14010020000,ARROZ,200801,SECHURA,2019/2020,2019,2020,201908,202007,12,12,12,8173,961,8.504682622268470343392299688,TM_PER_HA,TRUE,,FALSE,FALSE,FALSE,FALSE,FALSE,JOINT_C0_TRANSIENT_CAMPAIGN_YIELD_RAW_V1
14010020000,ARROZ,200801,SECHURA,2020/2021,2020,2021,202008,202107,12,12,12,10076,1042,9.669865642994241842610364683,TM_PER_HA,TRUE,,FALSE,FALSE,FALSE,FALSE,FALSE,JOINT_C0_TRANSIENT_CAMPAIGN_YIELD_RAW_V1
14010020000,ARROZ,200801,SECHURA,2021/2022,2021,2022,202108,202207,12,8,8,6320,837,7.550776583034647550776583035,TM_PER_HA,TRUE,,FALSE,FALSE,FALSE,FALSE,FALSE,JOINT_C0_TRANSIENT_CAMPAIGN_YIELD_RAW_V1
14010020000,ARROZ,200801,SECHURA,2022/2023,2022,2023,202208,202307,12,12,12,3827,444,8.619369369369369369369369369,TM_PER_HA,TRUE,,FALSE,FALSE,FALSE,FALSE,FALSE,JOINT_C0_TRANSIENT_CAMPAIGN_YIELD_RAW_V1
14010020000,ARROZ,200802,BELLAVISTA DE LA UNION,2016/2017,2016,2017,201608,201707,12,12,12,8554,1166,7.336192109777015437392795883,TM_PER_HA,TRUE,,FALSE,FALSE,FALSE,FALSE,FALSE,JOINT_C0_TRANSIENT_CAMPAIGN_YIELD_RAW_V1
14010020000,ARROZ,200802,BELLAVISTA DE LA UNION,2017/2018,2017,2018,201708,201807,12,12,12,7069,830,8.516867469879518072289156627,TM_PER_HA,TRUE,,FALSE,FALSE,FALSE,FALSE,FALSE,JOINT_C0_TRANSIENT_CAMPAIGN_YIELD_RAW_V1
14010020000,ARROZ,200802,BELLAVISTA DE LA UNION,2018/2019,2018,2019,201808,201907,12,8,8,8883,1270,6.994488188976377952755905512,TM_PER_HA,TRUE,,FALSE,FALSE,FALSE,FALSE,FALSE,JOINT_C0_TRANSIENT_CAMPAIGN_YIELD_RAW_V1
14010020000,ARROZ,200802,BELLAVISTA DE LA UNION,2019/2020,2019,2020,201908,202007,12,12,12,7842,974,8.051334702258726899383983573,TM_PER_HA,TRUE,,FALSE,FALSE,FALSE,FALSE,FALSE,JOINT_C0_TRANSIENT_CAMPAIGN_YIELD_RAW_V1
14010020000,ARROZ,200802,BELLAVISTA DE LA UNION,2020/2021,2020,2021,202008,202107,12,12,12,9334,955,9.773821989528795811518324607,TM_PER_HA,TRUE,,FALSE,FALSE,FALSE,FALSE,FALSE,JOINT_C0_TRANSIENT_CAMPAIGN_YIELD_RAW_V1
14010020000,ARROZ,200802,BELLAVISTA DE LA UNION,2021/2022,2021,2022,202108,202207,12,7,7,4467,676,6.607988165680473372781065089,TM_PER_HA,TRUE,,FALSE,FALSE,FALSE,FALSE,FALSE,JOINT_C0_TRANSIENT_CAMPAIGN_YIELD_RAW_V1
14010020000,ARROZ,200802,BELLAVISTA DE LA UNION,2022/2023,2022,2023,202208,202307,12,7,7,2793,338,8.263313609467455621301775148,TM_PER_HA,TRUE,,FALSE,FALSE,FALSE,FALSE,FALSE,JOINT_C0_TRANSIENT_CAMPAIGN_YIELD_RAW_V1
14010020000,ARROZ,200803,BERNAL,2016/2017,2016,2017,201608,201707,12,12,12,12717,1703,7.467410452143276570757486788,TM_PER_HA,TRUE,,FALSE,FALSE,FALSE,FALSE,FALSE,JOINT_C0_TRANSIENT_CAMPAIGN_YIELD_RAW_V1
14010020000,ARROZ,200803,BERNAL,2017/2018,2017,2018,201708,201807,12,12,12,12000,1409,8.516678495386799148332150461,TM_PER_HA,TRUE,,FALSE,FALSE,FALSE,FALSE,FALSE,JOINT_C0_TRANSIENT_CAMPAIGN_YIELD_RAW_V1
14010020000,ARROZ,200803,BERNAL,2018/2019,2018,2019,201808,201907,12,12,12,3900,600,6.5,TM_PER_HA,TRUE,,FALSE,FALSE,FALSE,FALSE,FALSE,JOINT_C0_TRANSIENT_CAMPAIGN_YIELD_RAW_V1
14010020000,ARROZ,200803,BERNAL,2019/2020,2019,2020,201908,202007,12,12,12,7120,800,8.9,TM_PER_HA,TRUE,,FALSE,FALSE,FALSE,FALSE,FALSE,JOINT_C0_TRANSIENT_CAMPAIGN_YIELD_RAW_V1
14010020000,ARROZ,200803,BERNAL,2020/2021,2020,2021,202008,202107,12,12,12,9549,992,9.626008064516129032258064516,TM_PER_HA,TRUE,,FALSE,FALSE,FALSE,FALSE,FALSE,JOINT_C0_TRANSIENT_CAMPAIGN_YIELD_RAW_V1
14010020000,ARROZ,200803,BERNAL,2021/2022,2021,2022,202108,202207,12,12,12,9192,1329,6.916478555304740406320541761,TM_PER_HA,TRUE,,FALSE,FALSE,FALSE,FALSE,FALSE,JOINT_C0_TRANSIENT_CAMPAIGN_YIELD_RAW_V1
14010020000,ARROZ,200803,BERNAL,2022/2023,2022,2023,202208,202307,12,7,7,3247,377,8.612732095490716180371352785,TM_PER_HA,TRUE,,FALSE,FALSE,FALSE,FALSE,FALSE,JOINT_C0_TRANSIENT_CAMPAIGN_YIELD_RAW_V1
14010020000,ARROZ,200804,CRISTO NOS VALGA,2016/2017,2016,2017,201608,201707,12,12,12,2618,374,7,TM_PER_HA,TRUE,,FALSE,FALSE,FALSE,FALSE,FALSE,JOINT_C0_TRANSIENT_CAMPAIGN_YIELD_RAW_V1
14010020000,ARROZ,200804,CRISTO NOS VALGA,2017/2018,2017,2018,201708,201807,12,12,12,1734,206,8.417475728155339805825242718,TM_PER_HA,TRUE,,FALSE,FALSE,FALSE,FALSE,FALSE,JOINT_C0_TRANSIENT_CAMPAIGN_YIELD_RAW_V1
14010020000,ARROZ,200804,CRISTO NOS VALGA,2018/2019,2018,2019,201808,201907,12,8,8,4380,661,6.626323751891074130105900151,TM_PER_HA,TRUE,,FALSE,FALSE,FALSE,FALSE,FALSE,JOINT_C0_TRANSIENT_CAMPAIGN_YIELD_RAW_V1
14010020000,ARROZ,200804,CRISTO NOS VALGA,2019/2020,2019,2020,201908,202007,12,12,12,3896,458,8.506550218340611353711790393,TM_PER_HA,TRUE,,FALSE,FALSE,FALSE,FALSE,FALSE,JOINT_C0_TRANSIENT_CAMPAIGN_YIELD_RAW_V1
14010020000,ARROZ,200804,CRISTO NOS VALGA,2020/2021,2020,2021,202008,202107,12,12,12,12696,1323,9.596371882086167800453514739,TM_PER_HA,TRUE,,FALSE,FALSE,FALSE,FALSE,FALSE,JOINT_C0_TRANSIENT_CAMPAIGN_YIELD_RAW_V1
14010020000,ARROZ,200804,CRISTO NOS VALGA,2021/2022,2021,2022,202108,202207,12,12,12,6459,754,8.566312997347480106100795756,TM_PER_HA,TRUE,,FALSE,FALSE,FALSE,FALSE,FALSE,JOINT_C0_TRANSIENT_CAMPAIGN_YIELD_RAW_V1
14010020000,ARROZ,200804,CRISTO NOS VALGA,2022/2023,2022,2023,202208,202307,12,7,7,1055,125,8.44,TM_PER_HA,TRUE,,FALSE,FALSE,FALSE,FALSE,FALSE,JOINT_C0_TRANSIENT_CAMPAIGN_YIELD_RAW_V1
14010020000,ARROZ,200805,VICE,2016/2017,2016,2017,201608,201707,12,12,12,9182,1228,7.477198697068403908794788274,TM_PER_HA,TRUE,,FALSE,FALSE,FALSE,FALSE,FALSE,JOINT_C0_TRANSIENT_CAMPAIGN_YIELD_RAW_V1
14010020000,ARROZ,200805,VICE,2017/2018,2017,2018,201708,201807,12,12,12,7793,912,8.54495614035087719298245614,TM_PER_HA,TRUE,,FALSE,FALSE,FALSE,FALSE,FALSE,JOINT_C0_TRANSIENT_CAMPAIGN_YIELD_RAW_V1
14010020000,ARROZ,200805,VICE,2018/2019,2018,2019,201808,201907,12,8,8,10356,1440,7.191666666666666666666666667,TM_PER_HA,TRUE,,FALSE,FALSE,FALSE,FALSE,FALSE,JOINT_C0_TRANSIENT_CAMPAIGN_YIELD_RAW_V1
14010020000,ARROZ,200805,VICE,2019/2020,2019,2020,201908,202007,12,12,12,8203,963,8.518172377985462097611630322,TM_PER_HA,TRUE,,FALSE,FALSE,FALSE,FALSE,FALSE,JOINT_C0_TRANSIENT_CAMPAIGN_YIELD_RAW_V1
14010020000,ARROZ,200805,VICE,2020/2021,2020,2021,202008,202107,12,12,12,10341,1069,9.673526660430308699719363891,TM_PER_HA,TRUE,,FALSE,FALSE,FALSE,FALSE,FALSE,JOINT_C0_TRANSIENT_CAMPAIGN_YIELD_RAW_V1
14010020000,ARROZ,200805,VICE,2021/2022,2021,2022,202108,202207,12,7,7,6669,911,7.320526893523600439077936334,TM_PER_HA,TRUE,,FALSE,FALSE,FALSE,FALSE,FALSE,JOINT_C0_TRANSIENT_CAMPAIGN_YIELD_RAW_V1
14010020000,ARROZ,200805,VICE,2022/2023,2022,2023,202208,202307,12,7,7,4617,536,8.613805970149253731343283582,TM_PER_HA,TRUE,,FALSE,FALSE,FALSE,FALSE,FALSE,JOINT_C0_TRANSIENT_CAMPAIGN_YIELD_RAW_V1
14010020000,ARROZ,200806,RINCONADA LLICUAR,2016/2017,2016,2017,201608,201707,12,12,12,9287,1107,8.389340560072267389340560072,TM_PER_HA,TRUE,,FALSE,FALSE,FALSE,FALSE,FALSE,JOINT_C0_TRANSIENT_CAMPAIGN_YIELD_RAW_V1
14010020000,ARROZ,200806,RINCONADA LLICUAR,2017/2018,2017,2018,201708,201807,12,12,12,7145,839,8.516090584028605482717520858,TM_PER_HA,TRUE,,FALSE,FALSE,FALSE,FALSE,FALSE,JOINT_C0_TRANSIENT_CAMPAIGN_YIELD_RAW_V1
14010020000,ARROZ,200806,RINCONADA LLICUAR,2018/2019,2018,2019,201808,201907,12,8,8,9059,1273,7.116260801256873527101335428,TM_PER_HA,TRUE,,FALSE,FALSE,FALSE,FALSE,FALSE,JOINT_C0_TRANSIENT_CAMPAIGN_YIELD_RAW_V1
14010020000,ARROZ,200806,RINCONADA LLICUAR,2019/2020,2019,2020,201908,202007,12,12,12,8397,974,8.621149897330595482546201232,TM_PER_HA,TRUE,,FALSE,FALSE,FALSE,FALSE,FALSE,JOINT_C0_TRANSIENT_CAMPAIGN_YIELD_RAW_V1
14010020000,ARROZ,200806,RINCONADA LLICUAR,2020/2021,2020,2021,202008,202107,12,12,12,9492,971,9.775489186405767250257466529,TM_PER_HA,TRUE,,FALSE,FALSE,FALSE,FALSE,FALSE,JOINT_C0_TRANSIENT_CAMPAIGN_YIELD_RAW_V1
14010020000,ARROZ,200806,RINCONADA LLICUAR,2021/2022,2021,2022,202108,202207,12,12,12,4875,650,7.5,TM_PER_HA,TRUE,,FALSE,FALSE,FALSE,FALSE,FALSE,JOINT_C0_TRANSIENT_CAMPAIGN_YIELD_RAW_V1
14010020000,ARROZ,200806,RINCONADA LLICUAR,2022/2023,2022,2023,202208,202307,12,7,7,2833,336,8.431547619047619047619047619,TM_PER_HA,TRUE,,FALSE,FALSE,FALSE,FALSE,FALSE,JOINT_C0_TRANSIENT_CAMPAIGN_YIELD_RAW_V1
14010070000,MAIZ AMARILLO DURO,200101,PIURA,2016/2017,2016,2017,201608,201707,12,12,12,93,20,4.65,TM_PER_HA,TRUE,,FALSE,FALSE,FALSE,FALSE,FALSE,JOINT_C0_TRANSIENT_CAMPAIGN_YIELD_RAW_V1
14010070000,MAIZ AMARILLO DURO,200101,PIURA,2017/2018,2017,2018,201708,201807,12,12,12,177,36,4.916666666666666666666666667,TM_PER_HA,TRUE,,FALSE,FALSE,FALSE,FALSE,FALSE,JOINT_C0_TRANSIENT_CAMPAIGN_YIELD_RAW_V1
14010070000,MAIZ AMARILLO DURO,200101,PIURA,2018/2019,2018,2019,201808,201907,12,12,12,252,49,5.142857142857142857142857143,TM_PER_HA,TRUE,,FALSE,FALSE,FALSE,FALSE,FALSE,JOINT_C0_TRANSIENT_CAMPAIGN_YIELD_RAW_V1
14010070000,MAIZ AMARILLO DURO,200101,PIURA,2019/2020,2019,2020,201908,202007,12,12,12,130,26,5,TM_PER_HA,TRUE,,FALSE,FALSE,FALSE,FALSE,FALSE,JOINT_C0_TRANSIENT_CAMPAIGN_YIELD_RAW_V1
14010070000,MAIZ AMARILLO DURO,200101,PIURA,2020/2021,2020,2021,202008,202107,12,12,12,366,79,4.632911392405063291139240506,TM_PER_HA,TRUE,,FALSE,FALSE,FALSE,FALSE,FALSE,JOINT_C0_TRANSIENT_CAMPAIGN_YIELD_RAW_V1
14010070000,MAIZ AMARILLO DURO,200101,PIURA,2021/2022,2021,2022,202108,202207,12,12,12,667,151,4.417218543046357615894039735,TM_PER_HA,TRUE,,FALSE,FALSE,FALSE,FALSE,FALSE,JOINT_C0_TRANSIENT_CAMPAIGN_YIELD_RAW_V1
14010070000,MAIZ AMARILLO DURO,200101,PIURA,2022/2023,2022,2023,202208,202307,12,10,10,678,160,4.2375,TM_PER_HA,TRUE,,FALSE,FALSE,FALSE,FALSE,FALSE,JOINT_C0_TRANSIENT_CAMPAIGN_YIELD_RAW_V1
14010070000,MAIZ AMARILLO DURO,200104,CASTILLA,2016/2017,2016,2017,201608,201707,12,9,9,108,20,5.4,TM_PER_HA,TRUE,,FALSE,FALSE,FALSE,FALSE,FALSE,JOINT_C0_TRANSIENT_CAMPAIGN_YIELD_RAW_V1
14010070000,MAIZ AMARILLO DURO,200104,CASTILLA,2017/2018,2017,2018,201708,201807,12,11,11,170,39,4.358974358974358974358974359,TM_PER_HA,TRUE,,FALSE,FALSE,FALSE,FALSE,FALSE,JOINT_C0_TRANSIENT_CAMPAIGN_YIELD_RAW_V1
14010070000,MAIZ AMARILLO DURO,200104,CASTILLA,2018/2019,2018,2019,201808,201907,12,12,12,317,53,5.98113207547169811320754717,TM_PER_HA,TRUE,,FALSE,FALSE,FALSE,FALSE,FALSE,JOINT_C0_TRANSIENT_CAMPAIGN_YIELD_RAW_V1
14010070000,MAIZ AMARILLO DURO,200104,CASTILLA,2019/2020,2019,2020,201908,202007,12,11,11,165,34,4.852941176470588235294117647,TM_PER_HA,TRUE,,FALSE,FALSE,FALSE,FALSE,FALSE,JOINT_C0_TRANSIENT_CAMPAIGN_YIELD_RAW_V1
14010070000,MAIZ AMARILLO DURO,200104,CASTILLA,2020/2021,2020,2021,202008,202107,12,10,10,99,15,6.6,TM_PER_HA,TRUE,,FALSE,FALSE,FALSE,FALSE,FALSE,JOINT_C0_TRANSIENT_CAMPAIGN_YIELD_RAW_V1
14010070000,MAIZ AMARILLO DURO,200104,CASTILLA,2021/2022,2021,2022,202108,202207,12,12,12,4220,844,5,TM_PER_HA,TRUE,,FALSE,FALSE,FALSE,FALSE,FALSE,JOINT_C0_TRANSIENT_CAMPAIGN_YIELD_RAW_V1
14010070000,MAIZ AMARILLO DURO,200104,CASTILLA,2022/2023,2022,2023,202208,202307,12,12,12,145,29,5,TM_PER_HA,TRUE,,FALSE,FALSE,FALSE,FALSE,FALSE,JOINT_C0_TRANSIENT_CAMPAIGN_YIELD_RAW_V1
14010070000,MAIZ AMARILLO DURO,200105,CATACAOS,2016/2017,2016,2017,201608,201707,12,11,11,4616,992,4.653225806451612903225806452,TM_PER_HA,TRUE,,FALSE,FALSE,FALSE,FALSE,FALSE,JOINT_C0_TRANSIENT_CAMPAIGN_YIELD_RAW_V1
14010070000,MAIZ AMARILLO DURO,200105,CATACAOS,2017/2018,2017,2018,201708,201807,12,12,12,6335,1413,4.483368719037508846426043878,TM_PER_HA,TRUE,,FALSE,FALSE,FALSE,FALSE,FALSE,JOINT_C0_TRANSIENT_CAMPAIGN_YIELD_RAW_V1
14010070000,MAIZ AMARILLO DURO,200105,CATACAOS,2018/2019,2018,2019,201808,201907,12,11,11,7044,1302,5.410138248847926267281105991,TM_PER_HA,TRUE,,FALSE,FALSE,FALSE,FALSE,FALSE,JOINT_C0_TRANSIENT_CAMPAIGN_YIELD_RAW_V1
14010070000,MAIZ AMARILLO DURO,200105,CATACAOS,2019/2020,2019,2020,201908,202007,12,12,12,6839,1398,4.891988555078683834048640916,TM_PER_HA,TRUE,,FALSE,FALSE,FALSE,FALSE,FALSE,JOINT_C0_TRANSIENT_CAMPAIGN_YIELD_RAW_V1
14010070000,MAIZ AMARILLO DURO,200105,CATACAOS,2020/2021,2020,2021,202008,202107,12,12,12,9642,2192,4.398722627737226277372262774,TM_PER_HA,TRUE,,FALSE,FALSE,FALSE,FALSE,FALSE,JOINT_C0_TRANSIENT_CAMPAIGN_YIELD_RAW_V1
14010070000,MAIZ AMARILLO DURO,200105,CATACAOS,2021/2022,2021,2022,202108,202207,12,12,12,16025,3205,5,TM_PER_HA,TRUE,,FALSE,FALSE,FALSE,FALSE,FALSE,JOINT_C0_TRANSIENT_CAMPAIGN_YIELD_RAW_V1
14010070000,MAIZ AMARILLO DURO,200105,CATACAOS,2022/2023,2022,2023,202208,202307,12,11,11,9984,2189,4.560986751941525810872544541,TM_PER_HA,TRUE,,FALSE,FALSE,FALSE,FALSE,FALSE,JOINT_C0_TRANSIENT_CAMPAIGN_YIELD_RAW_V1
14010070000,MAIZ AMARILLO DURO,200107,CURA MORI,2016/2017,2016,2017,201608,201707,12,9,9,1778,381,4.666666666666666666666666667,TM_PER_HA,TRUE,,FALSE,FALSE,FALSE,FALSE,FALSE,JOINT_C0_TRANSIENT_CAMPAIGN_YIELD_RAW_V1
14010070000,MAIZ AMARILLO DURO,200107,CURA MORI,2017/2018,2017,2018,201708,201807,12,11,11,2004,469,4.272921108742004264392324094,TM_PER_HA,TRUE,,FALSE,FALSE,FALSE,FALSE,FALSE,JOINT_C0_TRANSIENT_CAMPAIGN_YIELD_RAW_V1
14010070000,MAIZ AMARILLO DURO,200107,CURA MORI,2018/2019,2018,2019,201808,201907,12,12,12,4344,777,5.590733590733590733590733591,TM_PER_HA,TRUE,,FALSE,FALSE,FALSE,FALSE,FALSE,JOINT_C0_TRANSIENT_CAMPAIGN_YIELD_RAW_V1
14010070000,MAIZ AMARILLO DURO,200107,CURA MORI,2019/2020,2019,2020,201908,202007,12,11,11,3415,699,4.885550786838340486409155937,TM_PER_HA,TRUE,,FALSE,FALSE,FALSE,FALSE,FALSE,JOINT_C0_TRANSIENT_CAMPAIGN_YIELD_RAW_V1
14010070000,MAIZ AMARILLO DURO,200107,CURA MORI,2020/2021,2020,2021,202008,202107,12,11,11,4224,966,4.372670807453416149068322981,TM_PER_HA,TRUE,,FALSE,FALSE,FALSE,FALSE,FALSE,JOINT_C0_TRANSIENT_CAMPAIGN_YIELD_RAW_V1
14010070000,MAIZ AMARILLO DURO,200107,CURA MORI,2021/2022,2021,2022,202108,202207,12,12,12,7210,1442,5,TM_PER_HA,TRUE,,FALSE,FALSE,FALSE,FALSE,FALSE,JOINT_C0_TRANSIENT_CAMPAIGN_YIELD_RAW_V1
14010070000,MAIZ AMARILLO DURO,200107,CURA MORI,2022/2023,2022,2023,202208,202307,12,12,12,4930,805,6.124223602484472049689440994,TM_PER_HA,TRUE,,FALSE,FALSE,FALSE,FALSE,FALSE,JOINT_C0_TRANSIENT_CAMPAIGN_YIELD_RAW_V1
14010070000,MAIZ AMARILLO DURO,200108,EL TALLAN,2016/2017,2016,2017,201608,201707,12,11,11,2336,494,4.728744939271255060728744939,TM_PER_HA,TRUE,,FALSE,FALSE,FALSE,FALSE,FALSE,JOINT_C0_TRANSIENT_CAMPAIGN_YIELD_RAW_V1
14010070000,MAIZ AMARILLO DURO,200108,EL TALLAN,2017/2018,2017,2018,201708,201807,12,12,12,1823,418,4.361244019138755980861244019,TM_PER_HA,TRUE,,FALSE,FALSE,FALSE,FALSE,FALSE,JOINT_C0_TRANSIENT_CAMPAIGN_YIELD_RAW_V1
14010070000,MAIZ AMARILLO DURO,200108,EL TALLAN,2018/2019,2018,2019,201808,201907,12,12,12,2430,556,4.370503597122302158273381295,TM_PER_HA,TRUE,,FALSE,FALSE,FALSE,FALSE,FALSE,JOINT_C0_TRANSIENT_CAMPAIGN_YIELD_RAW_V1
14010070000,MAIZ AMARILLO DURO,200108,EL TALLAN,2019/2020,2019,2020,201908,202007,12,12,12,3761,785,4.791082802547770700636942675,TM_PER_HA,TRUE,,FALSE,FALSE,FALSE,FALSE,FALSE,JOINT_C0_TRANSIENT_CAMPAIGN_YIELD_RAW_V1
14010070000,MAIZ AMARILLO DURO,200108,EL TALLAN,2020/2021,2020,2021,202008,202107,12,12,12,2965,675,4.392592592592592592592592593,TM_PER_HA,TRUE,,FALSE,FALSE,FALSE,FALSE,FALSE,JOINT_C0_TRANSIENT_CAMPAIGN_YIELD_RAW_V1
14010070000,MAIZ AMARILLO DURO,200108,EL TALLAN,2021/2022,2021,2022,202108,202207,12,12,12,7082,1427,4.96285914505956552207428171,TM_PER_HA,TRUE,,FALSE,FALSE,FALSE,FALSE,FALSE,JOINT_C0_TRANSIENT_CAMPAIGN_YIELD_RAW_V1
14010070000,MAIZ AMARILLO DURO,200108,EL TALLAN,2022/2023,2022,2023,202208,202307,12,12,12,6276,1277,4.914643696162881754111198121,TM_PER_HA,TRUE,,FALSE,FALSE,FALSE,FALSE,FALSE,JOINT_C0_TRANSIENT_CAMPAIGN_YIELD_RAW_V1
14010070000,MAIZ AMARILLO DURO,200109,LA ARENA,2016/2017,2016,2017,201608,201707,12,0,0,,,,TM_PER_HA,FALSE,INCOMPLETE_CAMPAIGN_NO_SOURCE_ROWS,FALSE,TRUE,FALSE,FALSE,FALSE,JOINT_C0_TRANSIENT_CAMPAIGN_YIELD_RAW_V1
14010070000,MAIZ AMARILLO DURO,200109,LA ARENA,2017/2018,2017,2018,201708,201807,12,0,0,,,,TM_PER_HA,FALSE,INCOMPLETE_CAMPAIGN_NO_SOURCE_ROWS,FALSE,TRUE,FALSE,FALSE,FALSE,JOINT_C0_TRANSIENT_CAMPAIGN_YIELD_RAW_V1
14010070000,MAIZ AMARILLO DURO,200109,LA ARENA,2018/2019,2018,2019,201808,201907,12,0,0,,,,TM_PER_HA,FALSE,INCOMPLETE_CAMPAIGN_NO_SOURCE_ROWS,FALSE,TRUE,FALSE,FALSE,FALSE,JOINT_C0_TRANSIENT_CAMPAIGN_YIELD_RAW_V1
14010070000,MAIZ AMARILLO DURO,200109,LA ARENA,2019/2020,2019,2020,201908,202007,12,0,0,,,,TM_PER_HA,FALSE,INCOMPLETE_CAMPAIGN_NO_SOURCE_ROWS,FALSE,TRUE,FALSE,FALSE,FALSE,JOINT_C0_TRANSIENT_CAMPAIGN_YIELD_RAW_V1
14010070000,MAIZ AMARILLO DURO,200109,LA ARENA,2020/2021,2020,2021,202008,202107,12,0,0,,,,TM_PER_HA,FALSE,INCOMPLETE_CAMPAIGN_NO_SOURCE_ROWS,FALSE,TRUE,FALSE,FALSE,FALSE,JOINT_C0_TRANSIENT_CAMPAIGN_YIELD_RAW_V1
14010070000,MAIZ AMARILLO DURO,200109,LA ARENA,2021/2022,2021,2022,202108,202207,12,6,6,6960,1392,5,TM_PER_HA,TRUE,,FALSE,FALSE,FALSE,FALSE,FALSE,JOINT_C0_TRANSIENT_CAMPAIGN_YIELD_RAW_V1
14010070000,MAIZ AMARILLO DURO,200109,LA ARENA,2022/2023,2022,2023,202208,202307,12,12,12,19843,3793,5.231479040337463749011336673,TM_PER_HA,TRUE,,FALSE,FALSE,FALSE,FALSE,FALSE,JOINT_C0_TRANSIENT_CAMPAIGN_YIELD_RAW_V1
14010070000,MAIZ AMARILLO DURO,200110,LA UNION,2016/2017,2016,2017,201608,201707,12,12,12,8285,1728,4.794560185185185185185185185,TM_PER_HA,TRUE,,FALSE,FALSE,FALSE,FALSE,FALSE,JOINT_C0_TRANSIENT_CAMPAIGN_YIELD_RAW_V1
14010070000,MAIZ AMARILLO DURO,200110,LA UNION,2017/2018,2017,2018,201708,201807,12,12,12,2902,654,4.437308868501529051987767584,TM_PER_HA,TRUE,,FALSE,FALSE,FALSE,FALSE,FALSE,JOINT_C0_TRANSIENT_CAMPAIGN_YIELD_RAW_V1
14010070000,MAIZ AMARILLO DURO,200110,LA UNION,2018/2019,2018,2019,201808,201907,12,12,12,4980,941,5.292242295430393198724760893,TM_PER_HA,TRUE,,FALSE,FALSE,FALSE,FALSE,FALSE,JOINT_C0_TRANSIENT_CAMPAIGN_YIELD_RAW_V1
14010070000,MAIZ AMARILLO DURO,200110,LA UNION,2019/2020,2019,2020,201908,202007,12,12,12,4442,937,4.740661686232657417289220918,TM_PER_HA,TRUE,,FALSE,FALSE,FALSE,FALSE,FALSE,JOINT_C0_TRANSIENT_CAMPAIGN_YIELD_RAW_V1
14010070000,MAIZ AMARILLO DURO,200110,LA UNION,2020/2021,2020,2021,202008,202107,12,11,11,3748,932,4.021459227467811158798283262,TM_PER_HA,TRUE,,FALSE,FALSE,FALSE,FALSE,FALSE,JOINT_C0_TRANSIENT_CAMPAIGN_YIELD_RAW_V1
14010070000,MAIZ AMARILLO DURO,200110,LA UNION,2021/2022,2021,2022,202108,202207,12,12,12,9605,1920,5.002604166666666666666666667,TM_PER_HA,TRUE,,FALSE,FALSE,FALSE,FALSE,FALSE,JOINT_C0_TRANSIENT_CAMPAIGN_YIELD_RAW_V1
14010070000,MAIZ AMARILLO DURO,200110,LA UNION,2022/2023,2022,2023,202208,202307,12,12,12,6819,1840,3.705978260869565217391304348,TM_PER_HA,TRUE,,FALSE,FALSE,FALSE,FALSE,FALSE,JOINT_C0_TRANSIENT_CAMPAIGN_YIELD_RAW_V1
14010070000,MAIZ AMARILLO DURO,200111,LAS LOMAS,2016/2017,2016,2017,201608,201707,12,12,12,2585,930,2.779569892473118279569892473,TM_PER_HA,TRUE,,FALSE,FALSE,FALSE,FALSE,FALSE,JOINT_C0_TRANSIENT_CAMPAIGN_YIELD_RAW_V1
14010070000,MAIZ AMARILLO DURO,200111,LAS LOMAS,2017/2018,2017,2018,201708,201807,12,11,11,2680,890,3.011235955056179775280898876,TM_PER_HA,TRUE,,FALSE,FALSE,FALSE,FALSE,FALSE,JOINT_C0_TRANSIENT_CAMPAIGN_YIELD_RAW_V1
14010070000,MAIZ AMARILLO DURO,200111,LAS LOMAS,2018/2019,2018,2019,201808,201907,12,10,10,2100,710,2.95774647887323943661971831,TM_PER_HA,TRUE,,FALSE,FALSE,FALSE,FALSE,FALSE,JOINT_C0_TRANSIENT_CAMPAIGN_YIELD_RAW_V1
14010070000,MAIZ AMARILLO DURO,200111,LAS LOMAS,2019/2020,2019,2020,201908,202007,12,6,6,677,183,3.699453551912568306010928962,TM_PER_HA,TRUE,,FALSE,FALSE,FALSE,FALSE,FALSE,JOINT_C0_TRANSIENT_CAMPAIGN_YIELD_RAW_V1
14010070000,MAIZ AMARILLO DURO,200111,LAS LOMAS,2020/2021,2020,2021,202008,202107,12,12,12,445,105,4.238095238095238095238095238,TM_PER_HA,TRUE,,FALSE,FALSE,FALSE,FALSE,FALSE,JOINT_C0_TRANSIENT_CAMPAIGN_YIELD_RAW_V1
14010070000,MAIZ AMARILLO DURO,200111,LAS LOMAS,2021/2022,2021,2022,202108,202207,12,12,12,2630,530,4.96226415094339622641509434,TM_PER_HA,TRUE,,FALSE,FALSE,FALSE,FALSE,FALSE,JOINT_C0_TRANSIENT_CAMPAIGN_YIELD_RAW_V1
14010070000,MAIZ AMARILLO DURO,200111,LAS LOMAS,2022/2023,2022,2023,202208,202307,12,12,12,1544,318,4.855345911949685534591194969,TM_PER_HA,TRUE,,FALSE,FALSE,FALSE,FALSE,FALSE,JOINT_C0_TRANSIENT_CAMPAIGN_YIELD_RAW_V1
14010070000,MAIZ AMARILLO DURO,200114,TAMBO GRANDE,2016/2017,2016,2017,201608,201707,12,12,12,1848,688,2.686046511627906976744186047,TM_PER_HA,TRUE,,FALSE,FALSE,FALSE,FALSE,FALSE,JOINT_C0_TRANSIENT_CAMPAIGN_YIELD_RAW_V1
14010070000,MAIZ AMARILLO DURO,200114,TAMBO GRANDE,2017/2018,2017,2018,201708,201807,12,10,10,1362,450,3.026666666666666666666666667,TM_PER_HA,TRUE,,FALSE,FALSE,FALSE,FALSE,FALSE,JOINT_C0_TRANSIENT_CAMPAIGN_YIELD_RAW_V1
14010070000,MAIZ AMARILLO DURO,200114,TAMBO GRANDE,2018/2019,2018,2019,201808,201907,12,10,10,1350,450,3,TM_PER_HA,TRUE,,FALSE,FALSE,FALSE,FALSE,FALSE,JOINT_C0_TRANSIENT_CAMPAIGN_YIELD_RAW_V1
14010070000,MAIZ AMARILLO DURO,200114,TAMBO GRANDE,2019/2020,2019,2020,201908,202007,12,12,12,267,89,3,TM_PER_HA,TRUE,,FALSE,FALSE,FALSE,FALSE,FALSE,JOINT_C0_TRANSIENT_CAMPAIGN_YIELD_RAW_V1
14010070000,MAIZ AMARILLO DURO,200114,TAMBO GRANDE,2020/2021,2020,2021,202008,202107,12,12,12,2643,565,4.677876106194690265486725664,TM_PER_HA,TRUE,,FALSE,FALSE,FALSE,FALSE,FALSE,JOINT_C0_TRANSIENT_CAMPAIGN_YIELD_RAW_V1
14010070000,MAIZ AMARILLO DURO,200114,TAMBO GRANDE,2021/2022,2021,2022,202108,202207,12,12,12,813,253,3.213438735177865612648221344,TM_PER_HA,TRUE,,FALSE,FALSE,FALSE,FALSE,FALSE,JOINT_C0_TRANSIENT_CAMPAIGN_YIELD_RAW_V1
14010070000,MAIZ AMARILLO DURO,200114,TAMBO GRANDE,2022/2023,2022,2023,202208,202307,12,12,12,1103,226,4.880530973451327433628318584,TM_PER_HA,TRUE,,FALSE,FALSE,FALSE,FALSE,FALSE,JOINT_C0_TRANSIENT_CAMPAIGN_YIELD_RAW_V1
14010070000,MAIZ AMARILLO DURO,200201,AYABACA,2016/2017,2016,2017,201608,201707,12,11,11,655,658,0.9954407294832826747720364742,TM_PER_HA,TRUE,,FALSE,FALSE,FALSE,FALSE,FALSE,JOINT_C0_TRANSIENT_CAMPAIGN_YIELD_RAW_V1
14010070000,MAIZ AMARILLO DURO,200201,AYABACA,2017/2018,2017,2018,201708,201807,12,7,7,415,459,0.9041394335511982570806100218,TM_PER_HA,TRUE,,FALSE,FALSE,FALSE,FALSE,FALSE,JOINT_C0_TRANSIENT_CAMPAIGN_YIELD_RAW_V1
14010070000,MAIZ AMARILLO DURO,200201,AYABACA,2018/2019,2018,2019,201808,201907,12,11,11,486,718,0.6768802228412256267409470752,TM_PER_HA,TRUE,,FALSE,FALSE,FALSE,FALSE,FALSE,JOINT_C0_TRANSIENT_CAMPAIGN_YIELD_RAW_V1
14010070000,MAIZ AMARILLO DURO,200201,AYABACA,2019/2020,2019,2020,201908,202007,12,12,12,776,591,1.313028764805414551607445008,TM_PER_HA,TRUE,,FALSE,FALSE,FALSE,FALSE,FALSE,JOINT_C0_TRANSIENT_CAMPAIGN_YIELD_RAW_V1
14010070000,MAIZ AMARILLO DURO,200201,AYABACA,2020/2021,2020,2021,202008,202107,12,12,12,586,578,1.013840830449826989619377163,TM_PER_HA,TRUE,,FALSE,FALSE,FALSE,FALSE,FALSE,JOINT_C0_TRANSIENT_CAMPAIGN_YIELD_RAW_V1
14010070000,MAIZ AMARILLO DURO,200201,AYABACA,2021/2022,2021,2022,202108,202207,12,9,9,531,531,1,TM_PER_HA,TRUE,,FALSE,FALSE,FALSE,FALSE,FALSE,JOINT_C0_TRANSIENT_CAMPAIGN_YIELD_RAW_V1
14010070000,MAIZ AMARILLO DURO,200201,AYABACA,2022/2023,2022,2023,202208,202307,12,12,12,1294,1014,1.276134122287968441814595661,TM_PER_HA,TRUE,,FALSE,FALSE,FALSE,FALSE,FALSE,JOINT_C0_TRANSIENT_CAMPAIGN_YIELD_RAW_V1
14010070000,MAIZ AMARILLO DURO,200202,FRIAS,2016/2017,2016,2017,201608,201707,12,8,8,1650,900,1.833333333333333333333333333,TM_PER_HA,TRUE,,FALSE,FALSE,FALSE,FALSE,FALSE,JOINT_C0_TRANSIENT_CAMPAIGN_YIELD_RAW_V1
14010070000,MAIZ AMARILLO DURO,200202,FRIAS,2017/2018,2017,2018,201708,201807,12,7,7,1500,500,3,TM_PER_HA,TRUE,,FALSE,FALSE,FALSE,FALSE,FALSE,JOINT_C0_TRANSIENT_CAMPAIGN_YIELD_RAW_V1
14010070000,MAIZ AMARILLO DURO,200202,FRIAS,2018/2019,2018,2019,201808,201907,12,7,7,1600,500,3.2,TM_PER_HA,TRUE,,FALSE,FALSE,FALSE,FALSE,FALSE,JOINT_C0_TRANSIENT_CAMPAIGN_YIELD_RAW_V1
14010070000,MAIZ AMARILLO DURO,200202,FRIAS,2019/2020,2019,2020,201908,202007,12,7,7,1200,400,3,TM_PER_HA,TRUE,,FALSE,FALSE,FALSE,FALSE,FALSE,JOINT_C0_TRANSIENT_CAMPAIGN_YIELD_RAW_V1
14010070000,MAIZ AMARILLO DURO,200202,FRIAS,2020/2021,2020,2021,202008,202107,12,6,6,1330,450,2.955555555555555555555555556,TM_PER_HA,TRUE,,FALSE,FALSE,FALSE,FALSE,FALSE,JOINT_C0_TRANSIENT_CAMPAIGN_YIELD_RAW_V1
14010070000,MAIZ AMARILLO DURO,200202,FRIAS,2021/2022,2021,2022,202108,202207,12,7,7,609,580,1.05,TM_PER_HA,TRUE,,FALSE,FALSE,FALSE,FALSE,FALSE,JOINT_C0_TRANSIENT_CAMPAIGN_YIELD_RAW_V1
14010070000,MAIZ AMARILLO DURO,200202,FRIAS,2022/2023,2022,2023,202208,202307,12,7,7,549,530,1.035849056603773584905660377,TM_PER_HA,TRUE,,FALSE,FALSE,FALSE,FALSE,FALSE,JOINT_C0_TRANSIENT_CAMPAIGN_YIELD_RAW_V1
14010070000,MAIZ AMARILLO DURO,200203,JILILI,2016/2017,2016,2017,201608,201707,12,12,12,986,548,1.799270072992700729927007299,TM_PER_HA,TRUE,,FALSE,FALSE,FALSE,FALSE,FALSE,JOINT_C0_TRANSIENT_CAMPAIGN_YIELD_RAW_V1
14010070000,MAIZ AMARILLO DURO,200203,JILILI,2017/2018,2017,2018,201708,201807,12,12,12,342,171,2,TM_PER_HA,TRUE,,FALSE,FALSE,FALSE,FALSE,FALSE,JOINT_C0_TRANSIENT_CAMPAIGN_YIELD_RAW_V1
14010070000,MAIZ AMARILLO DURO,200203,JILILI,2018/2019,2018,2019,201808,201907,12,12,12,170,85,2,TM_PER_HA,TRUE,,FALSE,FALSE,FALSE,FALSE,FALSE,JOINT_C0_TRANSIENT_CAMPAIGN_YIELD_RAW_V1
14010070000,MAIZ AMARILLO DURO,200203,JILILI,2019/2020,2019,2020,201908,202007,12,12,12,251,116,2.163793103448275862068965517,TM_PER_HA,TRUE,,FALSE,FALSE,FALSE,FALSE,FALSE,JOINT_C0_TRANSIENT_CAMPAIGN_YIELD_RAW_V1
14010070000,MAIZ AMARILLO DURO,200203,JILILI,2020/2021,2020,2021,202008,202107,12,12,12,544,272,2,TM_PER_HA,TRUE,,FALSE,FALSE,FALSE,FALSE,FALSE,JOINT_C0_TRANSIENT_CAMPAIGN_YIELD_RAW_V1
14010070000,MAIZ AMARILLO DURO,200203,JILILI,2021/2022,2021,2022,202108,202207,12,12,12,204,102,2,TM_PER_HA,TRUE,,FALSE,FALSE,FALSE,FALSE,FALSE,JOINT_C0_TRANSIENT_CAMPAIGN_YIELD_RAW_V1
14010070000,MAIZ AMARILLO DURO,200203,JILILI,2022/2023,2022,2023,202208,202307,12,12,12,508,254,2,TM_PER_HA,TRUE,,FALSE,FALSE,FALSE,FALSE,FALSE,JOINT_C0_TRANSIENT_CAMPAIGN_YIELD_RAW_V1
14010070000,MAIZ AMARILLO DURO,200204,LAGUNAS,2016/2017,2016,2017,201608,201707,12,6,6,24,30,0.8,TM_PER_HA,TRUE,,FALSE,FALSE,FALSE,FALSE,FALSE,JOINT_C0_TRANSIENT_CAMPAIGN_YIELD_RAW_V1
14010070000,MAIZ AMARILLO DURO,200204,LAGUNAS,2017/2018,2017,2018,201708,201807,12,7,7,20,25,0.8,TM_PER_HA,TRUE,,FALSE,FALSE,FALSE,FALSE,FALSE,JOINT_C0_TRANSIENT_CAMPAIGN_YIELD_RAW_V1
14010070000,MAIZ AMARILLO DURO,200204,LAGUNAS,2018/2019,2018,2019,201808,201907,12,7,7,156,78,2,TM_PER_HA,TRUE,,FALSE,FALSE,FALSE,FALSE,FALSE,JOINT_C0_TRANSIENT_CAMPAIGN_YIELD_RAW_V1
14010070000,MAIZ AMARILLO DURO,200204,LAGUNAS,2019/2020,2019,2020,201908,202007,12,8,8,111,92,1.206521739130434782608695652,TM_PER_HA,TRUE,,FALSE,FALSE,FALSE,FALSE,FALSE,JOINT_C0_TRANSIENT_CAMPAIGN_YIELD_RAW_V1
14010070000,MAIZ AMARILLO DURO,200204,LAGUNAS,2020/2021,2020,2021,202008,202107,12,12,12,16,16,1,TM_PER_HA,TRUE,,FALSE,FALSE,FALSE,FALSE,FALSE,JOINT_C0_TRANSIENT_CAMPAIGN_YIELD_RAW_V1
14010070000,MAIZ AMARILLO DURO,200204,LAGUNAS,2021/2022,2021,2022,202108,202207,12,7,7,24,24,1,TM_PER_HA,TRUE,,FALSE,FALSE,FALSE,FALSE,FALSE,JOINT_C0_TRANSIENT_CAMPAIGN_YIELD_RAW_V1
14010070000,MAIZ AMARILLO DURO,200204,LAGUNAS,2022/2023,2022,2023,202208,202307,12,9,9,81,51,1.588235294117647058823529412,TM_PER_HA,TRUE,,FALSE,FALSE,FALSE,FALSE,FALSE,JOINT_C0_TRANSIENT_CAMPAIGN_YIELD_RAW_V1
14010070000,MAIZ AMARILLO DURO,200205,MONTERO,2016/2017,2016,2017,201608,201707,12,12,12,860,432,1.990740740740740740740740741,TM_PER_HA,TRUE,,FALSE,FALSE,FALSE,FALSE,FALSE,JOINT_C0_TRANSIENT_CAMPAIGN_YIELD_RAW_V1
14010070000,MAIZ AMARILLO DURO,200205,MONTERO,2017/2018,2017,2018,201708,201807,12,11,11,64,34,1.882352941176470588235294118,TM_PER_HA,TRUE,,FALSE,FALSE,FALSE,FALSE,FALSE,JOINT_C0_TRANSIENT_CAMPAIGN_YIELD_RAW_V1
14010070000,MAIZ AMARILLO DURO,200205,MONTERO,2018/2019,2018,2019,201808,201907,12,12,12,180,90,2,TM_PER_HA,TRUE,,FALSE,FALSE,FALSE,FALSE,FALSE,JOINT_C0_TRANSIENT_CAMPAIGN_YIELD_RAW_V1
14010070000,MAIZ AMARILLO DURO,200205,MONTERO,2019/2020,2019,2020,201908,202007,12,12,12,322,161,2,TM_PER_HA,TRUE,,FALSE,FALSE,FALSE,FALSE,FALSE,JOINT_C0_TRANSIENT_CAMPAIGN_YIELD_RAW_V1
14010070000,MAIZ AMARILLO DURO,200205,MONTERO,2020/2021,2020,2021,202008,202107,12,12,12,318,159,2,TM_PER_HA,TRUE,,FALSE,FALSE,FALSE,FALSE,FALSE,JOINT_C0_TRANSIENT_CAMPAIGN_YIELD_RAW_V1
14010070000,MAIZ AMARILLO DURO,200205,MONTERO,2021/2022,2021,2022,202108,202207,12,12,12,268,134,2,TM_PER_HA,TRUE,,FALSE,FALSE,FALSE,FALSE,FALSE,JOINT_C0_TRANSIENT_CAMPAIGN_YIELD_RAW_V1
14010070000,MAIZ AMARILLO DURO,200205,MONTERO,2022/2023,2022,2023,202208,202307,12,11,11,310,155,2,TM_PER_HA,TRUE,,FALSE,FALSE,FALSE,FALSE,FALSE,JOINT_C0_TRANSIENT_CAMPAIGN_YIELD_RAW_V1
14010070000,MAIZ AMARILLO DURO,200206,PACAIPAMPA,2016/2017,2016,2017,201608,201707,12,0,0,,,,TM_PER_HA,FALSE,INCOMPLETE_CAMPAIGN_NO_SOURCE_ROWS,FALSE,TRUE,FALSE,FALSE,FALSE,JOINT_C0_TRANSIENT_CAMPAIGN_YIELD_RAW_V1
14010070000,MAIZ AMARILLO DURO,200206,PACAIPAMPA,2017/2018,2017,2018,201708,201807,12,0,0,,,,TM_PER_HA,FALSE,INCOMPLETE_CAMPAIGN_NO_SOURCE_ROWS,FALSE,TRUE,FALSE,FALSE,FALSE,JOINT_C0_TRANSIENT_CAMPAIGN_YIELD_RAW_V1
14010070000,MAIZ AMARILLO DURO,200206,PACAIPAMPA,2018/2019,2018,2019,201808,201907,12,0,0,,,,TM_PER_HA,FALSE,INCOMPLETE_CAMPAIGN_NO_SOURCE_ROWS,FALSE,TRUE,FALSE,FALSE,FALSE,JOINT_C0_TRANSIENT_CAMPAIGN_YIELD_RAW_V1
14010070000,MAIZ AMARILLO DURO,200206,PACAIPAMPA,2019/2020,2019,2020,201908,202007,12,0,0,,,,TM_PER_HA,FALSE,INCOMPLETE_CAMPAIGN_NO_SOURCE_ROWS,FALSE,TRUE,FALSE,FALSE,FALSE,JOINT_C0_TRANSIENT_CAMPAIGN_YIELD_RAW_V1
14010070000,MAIZ AMARILLO DURO,200206,PACAIPAMPA,2020/2021,2020,2021,202008,202107,12,8,8,0,0,,TM_PER_HA,FALSE,ZERO_DENOMINATOR,TRUE,FALSE,FALSE,FALSE,FALSE,JOINT_C0_TRANSIENT_CAMPAIGN_YIELD_RAW_V1
14010070000,MAIZ AMARILLO DURO,200206,PACAIPAMPA,2021/2022,2021,2022,202108,202207,12,12,12,350,500,0.7,TM_PER_HA,TRUE,,FALSE,FALSE,FALSE,FALSE,FALSE,JOINT_C0_TRANSIENT_CAMPAIGN_YIELD_RAW_V1
14010070000,MAIZ AMARILLO DURO,200206,PACAIPAMPA,2022/2023,2022,2023,202208,202307,12,12,12,9,9,1,TM_PER_HA,TRUE,,FALSE,FALSE,FALSE,FALSE,FALSE,JOINT_C0_TRANSIENT_CAMPAIGN_YIELD_RAW_V1
14010070000,MAIZ AMARILLO DURO,200207,PAIMAS,2016/2017,2016,2017,201608,201707,12,12,12,2839,996,2.85040160642570281124497992,TM_PER_HA,TRUE,,FALSE,FALSE,FALSE,FALSE,FALSE,JOINT_C0_TRANSIENT_CAMPAIGN_YIELD_RAW_V1
14010070000,MAIZ AMARILLO DURO,200207,PAIMAS,2017/2018,2017,2018,201708,201807,12,12,12,602,180,3.344444444444444444444444444,TM_PER_HA,TRUE,,FALSE,FALSE,FALSE,FALSE,FALSE,JOINT_C0_TRANSIENT_CAMPAIGN_YIELD_RAW_V1
14010070000,MAIZ AMARILLO DURO,200207,PAIMAS,2018/2019,2018,2019,201808,201907,12,12,12,1032,410,2.517073170731707317073170732,TM_PER_HA,TRUE,,FALSE,FALSE,FALSE,FALSE,FALSE,JOINT_C0_TRANSIENT_CAMPAIGN_YIELD_RAW_V1
14010070000,MAIZ AMARILLO DURO,200207,PAIMAS,2019/2020,2019,2020,201908,202007,12,12,12,399,131,3.045801526717557251908396947,TM_PER_HA,TRUE,,FALSE,FALSE,FALSE,FALSE,FALSE,JOINT_C0_TRANSIENT_CAMPAIGN_YIELD_RAW_V1
14010070000,MAIZ AMARILLO DURO,200207,PAIMAS,2020/2021,2020,2021,202008,202107,12,12,12,180,40,4.5,TM_PER_HA,TRUE,,FALSE,FALSE,FALSE,FALSE,FALSE,JOINT_C0_TRANSIENT_CAMPAIGN_YIELD_RAW_V1
14010070000,MAIZ AMARILLO DURO,200207,PAIMAS,2021/2022,2021,2022,202108,202207,12,12,12,231,66,3.5,TM_PER_HA,TRUE,,FALSE,FALSE,FALSE,FALSE,FALSE,JOINT_C0_TRANSIENT_CAMPAIGN_YIELD_RAW_V1
14010070000,MAIZ AMARILLO DURO,200207,PAIMAS,2022/2023,2022,2023,202208,202307,12,12,12,603,185,3.259459459459459459459459459,TM_PER_HA,TRUE,,FALSE,FALSE,FALSE,FALSE,FALSE,JOINT_C0_TRANSIENT_CAMPAIGN_YIELD_RAW_V1
14010070000,MAIZ AMARILLO DURO,200208,SAPILLICA,2016/2017,2016,2017,201608,201707,12,12,12,2096,518,4.046332046332046332046332046,TM_PER_HA,TRUE,,FALSE,FALSE,FALSE,FALSE,FALSE,JOINT_C0_TRANSIENT_CAMPAIGN_YIELD_RAW_V1
14010070000,MAIZ AMARILLO DURO,200208,SAPILLICA,2017/2018,2017,2018,201708,201807,12,12,12,1800,547,3.290676416819012797074954296,TM_PER_HA,TRUE,,FALSE,FALSE,FALSE,FALSE,FALSE,JOINT_C0_TRANSIENT_CAMPAIGN_YIELD_RAW_V1
14010070000,MAIZ AMARILLO DURO,200208,SAPILLICA,2018/2019,2018,2019,201808,201907,12,11,11,1773,375,4.728,TM_PER_HA,TRUE,,FALSE,FALSE,FALSE,FALSE,FALSE,JOINT_C0_TRANSIENT_CAMPAIGN_YIELD_RAW_V1
14010070000,MAIZ AMARILLO DURO,200208,SAPILLICA,2019/2020,2019,2020,201908,202007,12,12,12,1923,400,4.8075,TM_PER_HA,TRUE,,FALSE,FALSE,FALSE,FALSE,FALSE,JOINT_C0_TRANSIENT_CAMPAIGN_YIELD_RAW_V1
14010070000,MAIZ AMARILLO DURO,200208,SAPILLICA,2020/2021,2020,2021,202008,202107,12,12,12,496,120,4.133333333333333333333333333,TM_PER_HA,TRUE,,FALSE,FALSE,FALSE,FALSE,FALSE,JOINT_C0_TRANSIENT_CAMPAIGN_YIELD_RAW_V1
14010070000,MAIZ AMARILLO DURO,200208,SAPILLICA,2021/2022,2021,2022,202108,202207,12,12,12,952,430,2.213953488372093023255813953,TM_PER_HA,TRUE,,FALSE,FALSE,FALSE,FALSE,FALSE,JOINT_C0_TRANSIENT_CAMPAIGN_YIELD_RAW_V1
14010070000,MAIZ AMARILLO DURO,200208,SAPILLICA,2022/2023,2022,2023,202208,202307,12,12,12,1095,285,3.842105263157894736842105263,TM_PER_HA,TRUE,,FALSE,FALSE,FALSE,FALSE,FALSE,JOINT_C0_TRANSIENT_CAMPAIGN_YIELD_RAW_V1
14010070000,MAIZ AMARILLO DURO,200209,SICCHEZ,2016/2017,2016,2017,201608,201707,12,11,11,120,120,1,TM_PER_HA,TRUE,,FALSE,FALSE,FALSE,FALSE,FALSE,JOINT_C0_TRANSIENT_CAMPAIGN_YIELD_RAW_V1
14010070000,MAIZ AMARILLO DURO,200209,SICCHEZ,2017/2018,2017,2018,201708,201807,12,8,8,110,110,1,TM_PER_HA,TRUE,,FALSE,FALSE,FALSE,FALSE,FALSE,JOINT_C0_TRANSIENT_CAMPAIGN_YIELD_RAW_V1
14010070000,MAIZ AMARILLO DURO,200209,SICCHEZ,2018/2019,2018,2019,201808,201907,12,8,8,195,130,1.5,TM_PER_HA,TRUE,,FALSE,FALSE,FALSE,FALSE,FALSE,JOINT_C0_TRANSIENT_CAMPAIGN_YIELD_RAW_V1
14010070000,MAIZ AMARILLO DURO,200209,SICCHEZ,2019/2020,2019,2020,201908,202007,12,12,12,167,113,1.477876106194690265486725664,TM_PER_HA,TRUE,,FALSE,FALSE,FALSE,FALSE,FALSE,JOINT_C0_TRANSIENT_CAMPAIGN_YIELD_RAW_V1
14010070000,MAIZ AMARILLO DURO,200209,SICCHEZ,2020/2021,2020,2021,202008,202107,12,12,12,318,173,1.838150289017341040462427746,TM_PER_HA,TRUE,,FALSE,FALSE,FALSE,FALSE,FALSE,JOINT_C0_TRANSIENT_CAMPAIGN_YIELD_RAW_V1
14010070000,MAIZ AMARILLO DURO,200209,SICCHEZ,2021/2022,2021,2022,202108,202207,12,11,11,27,14,1.928571428571428571428571429,TM_PER_HA,TRUE,,FALSE,FALSE,FALSE,FALSE,FALSE,JOINT_C0_TRANSIENT_CAMPAIGN_YIELD_RAW_V1
14010070000,MAIZ AMARILLO DURO,200209,SICCHEZ,2022/2023,2022,2023,202208,202307,12,12,12,132,56,2.357142857142857142857142857,TM_PER_HA,TRUE,,FALSE,FALSE,FALSE,FALSE,FALSE,JOINT_C0_TRANSIENT_CAMPAIGN_YIELD_RAW_V1
14010070000,MAIZ AMARILLO DURO,200210,SUYO,2016/2017,2016,2017,201608,201707,12,11,11,2845,780,3.647435897435897435897435897,TM_PER_HA,TRUE,,FALSE,FALSE,FALSE,FALSE,FALSE,JOINT_C0_TRANSIENT_CAMPAIGN_YIELD_RAW_V1
14010070000,MAIZ AMARILLO DURO,200210,SUYO,2017/2018,2017,2018,201708,201807,12,12,12,1100,400,2.75,TM_PER_HA,TRUE,,FALSE,FALSE,FALSE,FALSE,FALSE,JOINT_C0_TRANSIENT_CAMPAIGN_YIELD_RAW_V1
14010070000,MAIZ AMARILLO DURO,200210,SUYO,2018/2019,2018,2019,201808,201907,12,12,12,1225,550,2.227272727272727272727272727,TM_PER_HA,TRUE,,FALSE,FALSE,FALSE,FALSE,FALSE,JOINT_C0_TRANSIENT_CAMPAIGN_YIELD_RAW_V1
14010070000,MAIZ AMARILLO DURO,200210,SUYO,2019/2020,2019,2020,201908,202007,12,12,12,260,120,2.166666666666666666666666667,TM_PER_HA,TRUE,,FALSE,FALSE,FALSE,FALSE,FALSE,JOINT_C0_TRANSIENT_CAMPAIGN_YIELD_RAW_V1
14010070000,MAIZ AMARILLO DURO,200210,SUYO,2020/2021,2020,2021,202008,202107,12,12,12,365,150,2.433333333333333333333333333,TM_PER_HA,TRUE,,FALSE,FALSE,FALSE,FALSE,FALSE,JOINT_C0_TRANSIENT_CAMPAIGN_YIELD_RAW_V1
14010070000,MAIZ AMARILLO DURO,200210,SUYO,2021/2022,2021,2022,202108,202207,12,12,12,593,260,2.280769230769230769230769231,TM_PER_HA,TRUE,,FALSE,FALSE,FALSE,FALSE,FALSE,JOINT_C0_TRANSIENT_CAMPAIGN_YIELD_RAW_V1
14010070000,MAIZ AMARILLO DURO,200210,SUYO,2022/2023,2022,2023,202208,202307,12,11,11,928,402,2.308457711442786069651741294,TM_PER_HA,TRUE,,FALSE,FALSE,FALSE,FALSE,FALSE,JOINT_C0_TRANSIENT_CAMPAIGN_YIELD_RAW_V1
14010070000,MAIZ AMARILLO DURO,200301,HUANCABAMBA,2016/2017,2016,2017,201608,201707,12,8,8,27,22,1.227272727272727272727272727,TM_PER_HA,TRUE,,FALSE,FALSE,FALSE,FALSE,FALSE,JOINT_C0_TRANSIENT_CAMPAIGN_YIELD_RAW_V1
14010070000,MAIZ AMARILLO DURO,200301,HUANCABAMBA,2017/2018,2017,2018,201708,201807,12,12,12,81,61,1.327868852459016393442622951,TM_PER_HA,TRUE,,FALSE,FALSE,FALSE,FALSE,FALSE,JOINT_C0_TRANSIENT_CAMPAIGN_YIELD_RAW_V1
14010070000,MAIZ AMARILLO DURO,200301,HUANCABAMBA,2018/2019,2018,2019,201808,201907,12,12,12,79,66,1.196969696969696969696969697,TM_PER_HA,TRUE,,FALSE,FALSE,FALSE,FALSE,FALSE,JOINT_C0_TRANSIENT_CAMPAIGN_YIELD_RAW_V1
14010070000,MAIZ AMARILLO DURO,200301,HUANCABAMBA,2019/2020,2019,2020,201908,202007,12,10,10,80,66,1.212121212121212121212121212,TM_PER_HA,TRUE,,FALSE,FALSE,FALSE,FALSE,FALSE,JOINT_C0_TRANSIENT_CAMPAIGN_YIELD_RAW_V1
14010070000,MAIZ AMARILLO DURO,200301,HUANCABAMBA,2020/2021,2020,2021,202008,202107,12,10,10,91,76,1.197368421052631578947368421,TM_PER_HA,TRUE,,FALSE,FALSE,FALSE,FALSE,FALSE,JOINT_C0_TRANSIENT_CAMPAIGN_YIELD_RAW_V1
14010070000,MAIZ AMARILLO DURO,200301,HUANCABAMBA,2021/2022,2021,2022,202108,202207,12,12,12,110,92,1.195652173913043478260869565,TM_PER_HA,TRUE,,FALSE,FALSE,FALSE,FALSE,FALSE,JOINT_C0_TRANSIENT_CAMPAIGN_YIELD_RAW_V1
14010070000,MAIZ AMARILLO DURO,200301,HUANCABAMBA,2022/2023,2022,2023,202208,202307,12,12,12,140,116,1.206896551724137931034482759,TM_PER_HA,TRUE,,FALSE,FALSE,FALSE,FALSE,FALSE,JOINT_C0_TRANSIENT_CAMPAIGN_YIELD_RAW_V1
14010070000,MAIZ AMARILLO DURO,200302,CANCHAQUE,2016/2017,2016,2017,201608,201707,12,12,12,74,20,3.7,TM_PER_HA,TRUE,,FALSE,FALSE,FALSE,FALSE,FALSE,JOINT_C0_TRANSIENT_CAMPAIGN_YIELD_RAW_V1
14010070000,MAIZ AMARILLO DURO,200302,CANCHAQUE,2017/2018,2017,2018,201708,201807,12,12,12,380,95,4,TM_PER_HA,TRUE,,FALSE,FALSE,FALSE,FALSE,FALSE,JOINT_C0_TRANSIENT_CAMPAIGN_YIELD_RAW_V1
14010070000,MAIZ AMARILLO DURO,200302,CANCHAQUE,2018/2019,2018,2019,201808,201907,12,10,10,676,202,3.346534653465346534653465347,TM_PER_HA,TRUE,,FALSE,FALSE,FALSE,FALSE,FALSE,JOINT_C0_TRANSIENT_CAMPAIGN_YIELD_RAW_V1
14010070000,MAIZ AMARILLO DURO,200302,CANCHAQUE,2019/2020,2019,2020,201908,202007,12,10,10,164,109,1.504587155963302752293577982,TM_PER_HA,TRUE,,FALSE,FALSE,FALSE,FALSE,FALSE,JOINT_C0_TRANSIENT_CAMPAIGN_YIELD_RAW_V1
14010070000,MAIZ AMARILLO DURO,200302,CANCHAQUE,2020/2021,2020,2021,202008,202107,12,12,12,0,0,,TM_PER_HA,FALSE,ZERO_DENOMINATOR,TRUE,FALSE,FALSE,FALSE,FALSE,JOINT_C0_TRANSIENT_CAMPAIGN_YIELD_RAW_V1
14010070000,MAIZ AMARILLO DURO,200302,CANCHAQUE,2021/2022,2021,2022,202108,202207,12,12,12,120,60,2,TM_PER_HA,TRUE,,FALSE,FALSE,FALSE,FALSE,FALSE,JOINT_C0_TRANSIENT_CAMPAIGN_YIELD_RAW_V1
14010070000,MAIZ AMARILLO DURO,200302,CANCHAQUE,2022/2023,2022,2023,202208,202307,12,12,12,212,123,1.723577235772357723577235772,TM_PER_HA,TRUE,,FALSE,FALSE,FALSE,FALSE,FALSE,JOINT_C0_TRANSIENT_CAMPAIGN_YIELD_RAW_V1
14010070000,MAIZ AMARILLO DURO,200303,EL CARMEN DE LA FRONTERA,2016/2017,2016,2017,201608,201707,12,7,7,42,32,1.3125,TM_PER_HA,TRUE,,FALSE,FALSE,FALSE,FALSE,FALSE,JOINT_C0_TRANSIENT_CAMPAIGN_YIELD_RAW_V1
14010070000,MAIZ AMARILLO DURO,200303,EL CARMEN DE LA FRONTERA,2017/2018,2017,2018,201708,201807,12,11,11,36,30,1.2,TM_PER_HA,TRUE,,FALSE,FALSE,FALSE,FALSE,FALSE,JOINT_C0_TRANSIENT_CAMPAIGN_YIELD_RAW_V1
14010070000,MAIZ AMARILLO DURO,200303,EL CARMEN DE LA FRONTERA,2018/2019,2018,2019,201808,201907,12,7,7,19,18,1.055555555555555555555555556,TM_PER_HA,TRUE,,FALSE,FALSE,FALSE,FALSE,FALSE,JOINT_C0_TRANSIENT_CAMPAIGN_YIELD_RAW_V1
14010070000,MAIZ AMARILLO DURO,200303,EL CARMEN DE LA FRONTERA,2019/2020,2019,2020,201908,202007,12,0,0,,,,TM_PER_HA,FALSE,INCOMPLETE_CAMPAIGN_NO_SOURCE_ROWS,FALSE,TRUE,FALSE,FALSE,FALSE,JOINT_C0_TRANSIENT_CAMPAIGN_YIELD_RAW_V1
14010070000,MAIZ AMARILLO DURO,200303,EL CARMEN DE LA FRONTERA,2020/2021,2020,2021,202008,202107,12,7,7,0,0,,TM_PER_HA,FALSE,ZERO_DENOMINATOR,TRUE,FALSE,FALSE,FALSE,FALSE,JOINT_C0_TRANSIENT_CAMPAIGN_YIELD_RAW_V1
14010070000,MAIZ AMARILLO DURO,200303,EL CARMEN DE LA FRONTERA,2021/2022,2021,2022,202108,202207,12,10,10,36,18,2,TM_PER_HA,TRUE,,FALSE,FALSE,FALSE,FALSE,FALSE,JOINT_C0_TRANSIENT_CAMPAIGN_YIELD_RAW_V1
14010070000,MAIZ AMARILLO DURO,200303,EL CARMEN DE LA FRONTERA,2022/2023,2022,2023,202208,202307,12,12,12,69,48,1.4375,TM_PER_HA,TRUE,,FALSE,FALSE,FALSE,FALSE,FALSE,JOINT_C0_TRANSIENT_CAMPAIGN_YIELD_RAW_V1
14010070000,MAIZ AMARILLO DURO,200304,HUARMACA,2016/2017,2016,2017,201608,201707,12,7,7,440,220,2,TM_PER_HA,TRUE,,FALSE,FALSE,FALSE,FALSE,FALSE,JOINT_C0_TRANSIENT_CAMPAIGN_YIELD_RAW_V1
14010070000,MAIZ AMARILLO DURO,200304,HUARMACA,2017/2018,2017,2018,201708,201807,12,12,12,448,292,1.534246575342465753424657534,TM_PER_HA,TRUE,,FALSE,FALSE,FALSE,FALSE,FALSE,JOINT_C0_TRANSIENT_CAMPAIGN_YIELD_RAW_V1
14010070000,MAIZ AMARILLO DURO,200304,HUARMACA,2018/2019,2018,2019,201808,201907,12,11,11,283,180,1.572222222222222222222222222,TM_PER_HA,TRUE,,FALSE,FALSE,FALSE,FALSE,FALSE,JOINT_C0_TRANSIENT_CAMPAIGN_YIELD_RAW_V1
14010070000,MAIZ AMARILLO DURO,200304,HUARMACA,2019/2020,2019,2020,201908,202007,12,7,7,396,220,1.8,TM_PER_HA,TRUE,,FALSE,FALSE,FALSE,FALSE,FALSE,JOINT_C0_TRANSIENT_CAMPAIGN_YIELD_RAW_V1
14010070000,MAIZ AMARILLO DURO,200304,HUARMACA,2020/2021,2020,2021,202008,202107,12,12,12,413,207,1.995169082125603864734299517,TM_PER_HA,TRUE,,FALSE,FALSE,FALSE,FALSE,FALSE,JOINT_C0_TRANSIENT_CAMPAIGN_YIELD_RAW_V1
14010070000,MAIZ AMARILLO DURO,200304,HUARMACA,2021/2022,2021,2022,202108,202207,12,12,12,499,275,1.814545454545454545454545455,TM_PER_HA,TRUE,,FALSE,FALSE,FALSE,FALSE,FALSE,JOINT_C0_TRANSIENT_CAMPAIGN_YIELD_RAW_V1
14010070000,MAIZ AMARILLO DURO,200304,HUARMACA,2022/2023,2022,2023,202208,202307,12,12,12,30,15,2,TM_PER_HA,TRUE,,FALSE,FALSE,FALSE,FALSE,FALSE,JOINT_C0_TRANSIENT_CAMPAIGN_YIELD_RAW_V1
14010070000,MAIZ AMARILLO DURO,200305,LALAQUIZ,2016/2017,2016,2017,201608,201707,12,7,7,40,18,2.222222222222222222222222222,TM_PER_HA,TRUE,,FALSE,FALSE,FALSE,FALSE,FALSE,JOINT_C0_TRANSIENT_CAMPAIGN_YIELD_RAW_V1
14010070000,MAIZ AMARILLO DURO,200305,LALAQUIZ,2017/2018,2017,2018,201708,201807,12,12,12,0,0,,TM_PER_HA,FALSE,ZERO_DENOMINATOR,TRUE,FALSE,FALSE,FALSE,FALSE,JOINT_C0_TRANSIENT_CAMPAIGN_YIELD_RAW_V1
14010070000,MAIZ AMARILLO DURO,200305,LALAQUIZ,2018/2019,2018,2019,201808,201907,12,12,12,323,76,4.25,TM_PER_HA,TRUE,,FALSE,FALSE,FALSE,FALSE,FALSE,JOINT_C0_TRANSIENT_CAMPAIGN_YIELD_RAW_V1
14010070000,MAIZ AMARILLO DURO,200305,LALAQUIZ,2019/2020,2019,2020,201908,202007,12,12,12,76,47,1.61702127659574468085106383,TM_PER_HA,TRUE,,FALSE,FALSE,FALSE,FALSE,FALSE,JOINT_C0_TRANSIENT_CAMPAIGN_YIELD_RAW_V1
14010070000,MAIZ AMARILLO DURO,200305,LALAQUIZ,2020/2021,2020,2021,202008,202107,12,0,0,,,,TM_PER_HA,FALSE,INCOMPLETE_CAMPAIGN_NO_SOURCE_ROWS,FALSE,TRUE,FALSE,FALSE,FALSE,JOINT_C0_TRANSIENT_CAMPAIGN_YIELD_RAW_V1
14010070000,MAIZ AMARILLO DURO,200305,LALAQUIZ,2021/2022,2021,2022,202108,202207,12,0,0,,,,TM_PER_HA,FALSE,INCOMPLETE_CAMPAIGN_NO_SOURCE_ROWS,FALSE,TRUE,FALSE,FALSE,FALSE,JOINT_C0_TRANSIENT_CAMPAIGN_YIELD_RAW_V1
14010070000,MAIZ AMARILLO DURO,200305,LALAQUIZ,2022/2023,2022,2023,202208,202307,12,9,9,25,29,0.8620689655172413793103448276,TM_PER_HA,TRUE,,FALSE,FALSE,FALSE,FALSE,FALSE,JOINT_C0_TRANSIENT_CAMPAIGN_YIELD_RAW_V1
14010070000,MAIZ AMARILLO DURO,200306,SAN MIGUEL DE EL FAIQUE,2016/2017,2016,2017,201608,201707,12,11,11,876,209,4.19138755980861244019138756,TM_PER_HA,TRUE,,FALSE,FALSE,FALSE,FALSE,FALSE,JOINT_C0_TRANSIENT_CAMPAIGN_YIELD_RAW_V1
14010070000,MAIZ AMARILLO DURO,200306,SAN MIGUEL DE EL FAIQUE,2017/2018,2017,2018,201708,201807,12,11,11,80,20,4,TM_PER_HA,TRUE,,FALSE,FALSE,FALSE,FALSE,FALSE,JOINT_C0_TRANSIENT_CAMPAIGN_YIELD_RAW_V1
14010070000,MAIZ AMARILLO DURO,200306,SAN MIGUEL DE EL FAIQUE,2018/2019,2018,2019,201808,201907,12,10,10,1089,273,3.989010989010989010989010989,TM_PER_HA,TRUE,,FALSE,FALSE,FALSE,FALSE,FALSE,JOINT_C0_TRANSIENT_CAMPAIGN_YIELD_RAW_V1
14010070000,MAIZ AMARILLO DURO,200306,SAN MIGUEL DE EL FAIQUE,2019/2020,2019,2020,201908,202007,12,8,8,308,156,1.974358974358974358974358974,TM_PER_HA,TRUE,,FALSE,FALSE,FALSE,FALSE,FALSE,JOINT_C0_TRANSIENT_CAMPAIGN_YIELD_RAW_V1
14010070000,MAIZ AMARILLO DURO,200306,SAN MIGUEL DE EL FAIQUE,2020/2021,2020,2021,202008,202107,12,6,6,516,380,1.357894736842105263157894737,TM_PER_HA,TRUE,,FALSE,FALSE,FALSE,FALSE,FALSE,JOINT_C0_TRANSIENT_CAMPAIGN_YIELD_RAW_V1
14010070000,MAIZ AMARILLO DURO,200306,SAN MIGUEL DE EL FAIQUE,2021/2022,2021,2022,202108,202207,12,8,8,418,105,3.980952380952380952380952381,TM_PER_HA,TRUE,,FALSE,FALSE,FALSE,FALSE,FALSE,JOINT_C0_TRANSIENT_CAMPAIGN_YIELD_RAW_V1
14010070000,MAIZ AMARILLO DURO,200306,SAN MIGUEL DE EL FAIQUE,2022/2023,2022,2023,202208,202307,12,8,8,729,183,3.983606557377049180327868852,TM_PER_HA,TRUE,,FALSE,FALSE,FALSE,FALSE,FALSE,JOINT_C0_TRANSIENT_CAMPAIGN_YIELD_RAW_V1
14010070000,MAIZ AMARILLO DURO,200307,SONDOR,2016/2017,2016,2017,201608,201707,12,10,10,385,281,1.370106761565836298932384342,TM_PER_HA,TRUE,,FALSE,FALSE,FALSE,FALSE,FALSE,JOINT_C0_TRANSIENT_CAMPAIGN_YIELD_RAW_V1
14010070000,MAIZ AMARILLO DURO,200307,SONDOR,2017/2018,2017,2018,201708,201807,12,12,12,275,157,1.751592356687898089171974522,TM_PER_HA,TRUE,,FALSE,FALSE,FALSE,FALSE,FALSE,JOINT_C0_TRANSIENT_CAMPAIGN_YIELD_RAW_V1
14010070000,MAIZ AMARILLO DURO,200307,SONDOR,2018/2019,2018,2019,201808,201907,12,12,12,265,170,1.558823529411764705882352941,TM_PER_HA,TRUE,,FALSE,FALSE,FALSE,FALSE,FALSE,JOINT_C0_TRANSIENT_CAMPAIGN_YIELD_RAW_V1
14010070000,MAIZ AMARILLO DURO,200307,SONDOR,2019/2020,2019,2020,201908,202007,12,12,12,180,90,2,TM_PER_HA,TRUE,,FALSE,FALSE,FALSE,FALSE,FALSE,JOINT_C0_TRANSIENT_CAMPAIGN_YIELD_RAW_V1
14010070000,MAIZ AMARILLO DURO,200307,SONDOR,2020/2021,2020,2021,202008,202107,12,12,12,340,170,2,TM_PER_HA,TRUE,,FALSE,FALSE,FALSE,FALSE,FALSE,JOINT_C0_TRANSIENT_CAMPAIGN_YIELD_RAW_V1
14010070000,MAIZ AMARILLO DURO,200307,SONDOR,2021/2022,2021,2022,202108,202207,12,12,12,220,100,2.2,TM_PER_HA,TRUE,,FALSE,FALSE,FALSE,FALSE,FALSE,JOINT_C0_TRANSIENT_CAMPAIGN_YIELD_RAW_V1
14010070000,MAIZ AMARILLO DURO,200307,SONDOR,2022/2023,2022,2023,202208,202307,12,12,12,295,125,2.36,TM_PER_HA,TRUE,,FALSE,FALSE,FALSE,FALSE,FALSE,JOINT_C0_TRANSIENT_CAMPAIGN_YIELD_RAW_V1
14010070000,MAIZ AMARILLO DURO,200308,SONDORILLO,2016/2017,2016,2017,201608,201707,12,7,7,23,21,1.095238095238095238095238095,TM_PER_HA,TRUE,,FALSE,FALSE,FALSE,FALSE,FALSE,JOINT_C0_TRANSIENT_CAMPAIGN_YIELD_RAW_V1
14010070000,MAIZ AMARILLO DURO,200308,SONDORILLO,2017/2018,2017,2018,201708,201807,12,6,6,86,74,1.162162162162162162162162162,TM_PER_HA,TRUE,,FALSE,FALSE,FALSE,FALSE,FALSE,JOINT_C0_TRANSIENT_CAMPAIGN_YIELD_RAW_V1
14010070000,MAIZ AMARILLO DURO,200308,SONDORILLO,2018/2019,2018,2019,201808,201907,12,6,6,24,20,1.2,TM_PER_HA,TRUE,,FALSE,FALSE,FALSE,FALSE,FALSE,JOINT_C0_TRANSIENT_CAMPAIGN_YIELD_RAW_V1
14010070000,MAIZ AMARILLO DURO,200308,SONDORILLO,2019/2020,2019,2020,201908,202007,12,8,8,113,92,1.228260869565217391304347826,TM_PER_HA,TRUE,,FALSE,FALSE,FALSE,FALSE,FALSE,JOINT_C0_TRANSIENT_CAMPAIGN_YIELD_RAW_V1
14010070000,MAIZ AMARILLO DURO,200308,SONDORILLO,2020/2021,2020,2021,202008,202107,12,7,7,129,95,1.357894736842105263157894737,TM_PER_HA,TRUE,,FALSE,FALSE,FALSE,FALSE,FALSE,JOINT_C0_TRANSIENT_CAMPAIGN_YIELD_RAW_V1
14010070000,MAIZ AMARILLO DURO,200308,SONDORILLO,2021/2022,2021,2022,202108,202207,12,9,9,270,135,2,TM_PER_HA,TRUE,,FALSE,FALSE,FALSE,FALSE,FALSE,JOINT_C0_TRANSIENT_CAMPAIGN_YIELD_RAW_V1
14010070000,MAIZ AMARILLO DURO,200308,SONDORILLO,2022/2023,2022,2023,202208,202307,12,12,12,272,140,1.942857142857142857142857143,TM_PER_HA,TRUE,,FALSE,FALSE,FALSE,FALSE,FALSE,JOINT_C0_TRANSIENT_CAMPAIGN_YIELD_RAW_V1
14010070000,MAIZ AMARILLO DURO,200401,CHULUCANAS,2016/2017,2016,2017,201608,201707,12,12,12,5179,1092,4.742673992673992673992673993,TM_PER_HA,TRUE,,FALSE,FALSE,FALSE,FALSE,FALSE,JOINT_C0_TRANSIENT_CAMPAIGN_YIELD_RAW_V1
14010070000,MAIZ AMARILLO DURO,200401,CHULUCANAS,2017/2018,2017,2018,201708,201807,12,11,11,5956,1265,4.70830039525691699604743083,TM_PER_HA,TRUE,,FALSE,FALSE,FALSE,FALSE,FALSE,JOINT_C0_TRANSIENT_CAMPAIGN_YIELD_RAW_V1
14010070000,MAIZ AMARILLO DURO,200401,CHULUCANAS,2018/2019,2018,2019,201808,201907,12,12,12,6175,1275,4.84313725490196078431372549,TM_PER_HA,TRUE,,FALSE,FALSE,FALSE,FALSE,FALSE,JOINT_C0_TRANSIENT_CAMPAIGN_YIELD_RAW_V1
14010070000,MAIZ AMARILLO DURO,200401,CHULUCANAS,2019/2020,2019,2020,201908,202007,12,11,11,236,50,4.72,TM_PER_HA,TRUE,,FALSE,FALSE,FALSE,FALSE,FALSE,JOINT_C0_TRANSIENT_CAMPAIGN_YIELD_RAW_V1
14010070000,MAIZ AMARILLO DURO,200401,CHULUCANAS,2020/2021,2020,2021,202008,202107,12,11,11,1819,363,5.011019283746556473829201102,TM_PER_HA,TRUE,,FALSE,FALSE,FALSE,FALSE,FALSE,JOINT_C0_TRANSIENT_CAMPAIGN_YIELD_RAW_V1
14010070000,MAIZ AMARILLO DURO,200401,CHULUCANAS,2021/2022,2021,2022,202108,202207,12,11,11,1805,360,5.013888888888888888888888889,TM_PER_HA,TRUE,,FALSE,FALSE,FALSE,FALSE,FALSE,JOINT_C0_TRANSIENT_CAMPAIGN_YIELD_RAW_V1
14010070000,MAIZ AMARILLO DURO,200401,CHULUCANAS,2022/2023,2022,2023,202208,202307,12,11,11,2281,439,5.195899772209567198177676538,TM_PER_HA,TRUE,,FALSE,FALSE,FALSE,FALSE,FALSE,JOINT_C0_TRANSIENT_CAMPAIGN_YIELD_RAW_V1
14010070000,MAIZ AMARILLO DURO,200402,BUENOS AIRES,2016/2017,2016,2017,201608,201707,12,5,5,400,100,4,TM_PER_HA,TRUE,,FALSE,FALSE,FALSE,FALSE,FALSE,JOINT_C0_TRANSIENT_CAMPAIGN_YIELD_RAW_V1
14010070000,MAIZ AMARILLO DURO,200402,BUENOS AIRES,2017/2018,2017,2018,201708,201807,12,4,4,40,10,4,TM_PER_HA,TRUE,,FALSE,FALSE,FALSE,FALSE,FALSE,JOINT_C0_TRANSIENT_CAMPAIGN_YIELD_RAW_V1
14010070000,MAIZ AMARILLO DURO,200402,BUENOS AIRES,2018/2019,2018,2019,201808,201907,12,11,11,275,55,5,TM_PER_HA,TRUE,,FALSE,FALSE,FALSE,FALSE,FALSE,JOINT_C0_TRANSIENT_CAMPAIGN_YIELD_RAW_V1
14010070000,MAIZ AMARILLO DURO,200402,BUENOS AIRES,2019/2020,2019,2020,201908,202007,12,5,5,18,3,6,TM_PER_HA,TRUE,,FALSE,FALSE,FALSE,FALSE,FALSE,JOINT_C0_TRANSIENT_CAMPAIGN_YIELD_RAW_V1
14010070000,MAIZ AMARILLO DURO,200402,BUENOS AIRES,2020/2021,2020,2021,202008,202107,12,7,7,70,14,5,TM_PER_HA,TRUE,,FALSE,FALSE,FALSE,FALSE,FALSE,JOINT_C0_TRANSIENT_CAMPAIGN_YIELD_RAW_V1
14010070000,MAIZ AMARILLO DURO,200402,BUENOS AIRES,2021/2022,2021,2022,202108,202207,12,0,0,,,,TM_PER_HA,FALSE,INCOMPLETE_CAMPAIGN_NO_SOURCE_ROWS,FALSE,TRUE,FALSE,FALSE,FALSE,JOINT_C0_TRANSIENT_CAMPAIGN_YIELD_RAW_V1
14010070000,MAIZ AMARILLO DURO,200402,BUENOS AIRES,2022/2023,2022,2023,202208,202307,12,5,5,120,20,6,TM_PER_HA,TRUE,,FALSE,FALSE,FALSE,FALSE,FALSE,JOINT_C0_TRANSIENT_CAMPAIGN_YIELD_RAW_V1
14010070000,MAIZ AMARILLO DURO,200403,CHALACO,2016/2017,2016,2017,201608,201707,12,8,8,300,360,0.8333333333333333333333333333,TM_PER_HA,TRUE,,FALSE,FALSE,FALSE,FALSE,FALSE,JOINT_C0_TRANSIENT_CAMPAIGN_YIELD_RAW_V1
14010070000,MAIZ AMARILLO DURO,200403,CHALACO,2017/2018,2017,2018,201708,201807,12,6,6,105,262,0.4007633587786259541984732824,TM_PER_HA,TRUE,,FALSE,FALSE,FALSE,FALSE,FALSE,JOINT_C0_TRANSIENT_CAMPAIGN_YIELD_RAW_V1
14010070000,MAIZ AMARILLO DURO,200403,CHALACO,2018/2019,2018,2019,201808,201907,12,7,7,86,95,0.9052631578947368421052631579,TM_PER_HA,TRUE,,FALSE,FALSE,FALSE,FALSE,FALSE,JOINT_C0_TRANSIENT_CAMPAIGN_YIELD_RAW_V1
14010070000,MAIZ AMARILLO DURO,200403,CHALACO,2019/2020,2019,2020,201908,202007,12,7,7,0,0,,TM_PER_HA,FALSE,ZERO_DENOMINATOR,TRUE,FALSE,FALSE,FALSE,FALSE,JOINT_C0_TRANSIENT_CAMPAIGN_YIELD_RAW_V1
14010070000,MAIZ AMARILLO DURO,200403,CHALACO,2020/2021,2020,2021,202008,202107,12,8,8,171,244,0.7008196721311475409836065574,TM_PER_HA,TRUE,,FALSE,FALSE,FALSE,FALSE,FALSE,JOINT_C0_TRANSIENT_CAMPAIGN_YIELD_RAW_V1
14010070000,MAIZ AMARILLO DURO,200403,CHALACO,2021/2022,2021,2022,202108,202207,12,7,7,80,100,0.8,TM_PER_HA,TRUE,,FALSE,FALSE,FALSE,FALSE,FALSE,JOINT_C0_TRANSIENT_CAMPAIGN_YIELD_RAW_V1
14010070000,MAIZ AMARILLO DURO,200403,CHALACO,2022/2023,2022,2023,202208,202307,12,8,8,202,265,0.7622641509433962264150943396,TM_PER_HA,TRUE,,FALSE,FALSE,FALSE,FALSE,FALSE,JOINT_C0_TRANSIENT_CAMPAIGN_YIELD_RAW_V1
14010070000,MAIZ AMARILLO DURO,200404,LA MATANZA,2016/2017,2016,2017,201608,201707,12,12,12,1625,533,3.048780487804878048780487805,TM_PER_HA,TRUE,,FALSE,FALSE,FALSE,FALSE,FALSE,JOINT_C0_TRANSIENT_CAMPAIGN_YIELD_RAW_V1
14010070000,MAIZ AMARILLO DURO,200404,LA MATANZA,2017/2018,2017,2018,201708,201807,12,12,12,1278,323,3.956656346749226006191950464,TM_PER_HA,TRUE,,FALSE,FALSE,FALSE,FALSE,FALSE,JOINT_C0_TRANSIENT_CAMPAIGN_YIELD_RAW_V1
14010070000,MAIZ AMARILLO DURO,200404,LA MATANZA,2018/2019,2018,2019,201808,201907,12,7,7,2245,415,5.409638554216867469879518072,TM_PER_HA,TRUE,,FALSE,FALSE,FALSE,FALSE,FALSE,JOINT_C0_TRANSIENT_CAMPAIGN_YIELD_RAW_V1
14010070000,MAIZ AMARILLO DURO,200404,LA MATANZA,2019/2020,2019,2020,201908,202007,12,7,7,84,20,4.2,TM_PER_HA,TRUE,,FALSE,FALSE,FALSE,FALSE,FALSE,JOINT_C0_TRANSIENT_CAMPAIGN_YIELD_RAW_V1
14010070000,MAIZ AMARILLO DURO,200404,LA MATANZA,2020/2021,2020,2021,202008,202107,12,10,10,2510,493,5.091277890466531440162271805,TM_PER_HA,TRUE,,FALSE,FALSE,FALSE,FALSE,FALSE,JOINT_C0_TRANSIENT_CAMPAIGN_YIELD_RAW_V1
14010070000,MAIZ AMARILLO DURO,200404,LA MATANZA,2021/2022,2021,2022,202108,202207,12,12,12,1415,278,5.089928057553956834532374101,TM_PER_HA,TRUE,,FALSE,FALSE,FALSE,FALSE,FALSE,JOINT_C0_TRANSIENT_CAMPAIGN_YIELD_RAW_V1
14010070000,MAIZ AMARILLO DURO,200404,LA MATANZA,2022/2023,2022,2023,202208,202307,12,11,11,274,53,5.169811320754716981132075472,TM_PER_HA,TRUE,,FALSE,FALSE,FALSE,FALSE,FALSE,JOINT_C0_TRANSIENT_CAMPAIGN_YIELD_RAW_V1
14010070000,MAIZ AMARILLO DURO,200405,MORROPON,2016/2017,2016,2017,201608,201707,12,9,9,850,210,4.047619047619047619047619048,TM_PER_HA,TRUE,,FALSE,FALSE,FALSE,FALSE,FALSE,JOINT_C0_TRANSIENT_CAMPAIGN_YIELD_RAW_V1
14010070000,MAIZ AMARILLO DURO,200405,MORROPON,2017/2018,2017,2018,201708,201807,12,5,5,250,50,5,TM_PER_HA,TRUE,,FALSE,FALSE,FALSE,FALSE,FALSE,JOINT_C0_TRANSIENT_CAMPAIGN_YIELD_RAW_V1
14010070000,MAIZ AMARILLO DURO,200405,MORROPON,2018/2019,2018,2019,201808,201907,12,12,12,1780,356,5,TM_PER_HA,TRUE,,FALSE,FALSE,FALSE,FALSE,FALSE,JOINT_C0_TRANSIENT_CAMPAIGN_YIELD_RAW_V1
14010070000,MAIZ AMARILLO DURO,200405,MORROPON,2019/2020,2019,2020,201908,202007,12,11,11,475,95,5,TM_PER_HA,TRUE,,FALSE,FALSE,FALSE,FALSE,FALSE,JOINT_C0_TRANSIENT_CAMPAIGN_YIELD_RAW_V1
14010070000,MAIZ AMARILLO DURO,200405,MORROPON,2020/2021,2020,2021,202008,202107,12,7,7,510,85,6,TM_PER_HA,TRUE,,FALSE,FALSE,FALSE,FALSE,FALSE,JOINT_C0_TRANSIENT_CAMPAIGN_YIELD_RAW_V1
14010070000,MAIZ AMARILLO DURO,200405,MORROPON,2021/2022,2021,2022,202108,202207,12,12,12,128,23,5.565217391304347826086956522,TM_PER_HA,TRUE,,FALSE,FALSE,FALSE,FALSE,FALSE,JOINT_C0_TRANSIENT_CAMPAIGN_YIELD_RAW_V1
14010070000,MAIZ AMARILLO DURO,200405,MORROPON,2022/2023,2022,2023,202208,202307,12,10,10,460,90,5.111111111111111111111111111,TM_PER_HA,TRUE,,FALSE,FALSE,FALSE,FALSE,FALSE,JOINT_C0_TRANSIENT_CAMPAIGN_YIELD_RAW_V1
14010070000,MAIZ AMARILLO DURO,200406,SALITRAL,2016/2017,2016,2017,201608,201707,12,12,12,1133,195,5.81025641025641025641025641,TM_PER_HA,TRUE,,FALSE,FALSE,FALSE,FALSE,FALSE,JOINT_C0_TRANSIENT_CAMPAIGN_YIELD_RAW_V1
14010070000,MAIZ AMARILLO DURO,200406,SALITRAL,2017/2018,2017,2018,201708,201807,12,11,11,532,130,4.092307692307692307692307692,TM_PER_HA,TRUE,,FALSE,FALSE,FALSE,FALSE,FALSE,JOINT_C0_TRANSIENT_CAMPAIGN_YIELD_RAW_V1
14010070000,MAIZ AMARILLO DURO,200406,SALITRAL,2018/2019,2018,2019,201808,201907,12,6,6,1320,220,6,TM_PER_HA,TRUE,,FALSE,FALSE,FALSE,FALSE,FALSE,JOINT_C0_TRANSIENT_CAMPAIGN_YIELD_RAW_V1
14010070000,MAIZ AMARILLO DURO,200406,SALITRAL,2019/2020,2019,2020,201908,202007,12,6,6,170,30,5.666666666666666666666666667,TM_PER_HA,TRUE,,FALSE,FALSE,FALSE,FALSE,FALSE,JOINT_C0_TRANSIENT_CAMPAIGN_YIELD_RAW_V1
14010070000,MAIZ AMARILLO DURO,200406,SALITRAL,2020/2021,2020,2021,202008,202107,12,8,8,545,97,5.618556701030927835051546392,TM_PER_HA,TRUE,,FALSE,FALSE,FALSE,FALSE,FALSE,JOINT_C0_TRANSIENT_CAMPAIGN_YIELD_RAW_V1
14010070000,MAIZ AMARILLO DURO,200406,SALITRAL,2021/2022,2021,2022,202108,202207,12,12,12,1127,205,5.49756097560975609756097561,TM_PER_HA,TRUE,,FALSE,FALSE,FALSE,FALSE,FALSE,JOINT_C0_TRANSIENT_CAMPAIGN_YIELD_RAW_V1
14010070000,MAIZ AMARILLO DURO,200406,SALITRAL,2022/2023,2022,2023,202208,202307,12,9,9,805,160,5.03125,TM_PER_HA,TRUE,,FALSE,FALSE,FALSE,FALSE,FALSE,JOINT_C0_TRANSIENT_CAMPAIGN_YIELD_RAW_V1
14010070000,MAIZ AMARILLO DURO,200407,SAN JUAN DE BIGOTE,2016/2017,2016,2017,201608,201707,12,7,7,1053,200,5.265,TM_PER_HA,TRUE,,FALSE,FALSE,FALSE,FALSE,FALSE,JOINT_C0_TRANSIENT_CAMPAIGN_YIELD_RAW_V1
14010070000,MAIZ AMARILLO DURO,200407,SAN JUAN DE BIGOTE,2017/2018,2017,2018,201708,201807,12,10,10,1621,430,3.769767441860465116279069767,TM_PER_HA,TRUE,,FALSE,FALSE,FALSE,FALSE,FALSE,JOINT_C0_TRANSIENT_CAMPAIGN_YIELD_RAW_V1
14010070000,MAIZ AMARILLO DURO,200407,SAN JUAN DE BIGOTE,2018/2019,2018,2019,201808,201907,12,6,6,860,150,5.733333333333333333333333333,TM_PER_HA,TRUE,,FALSE,FALSE,FALSE,FALSE,FALSE,JOINT_C0_TRANSIENT_CAMPAIGN_YIELD_RAW_V1
14010070000,MAIZ AMARILLO DURO,200407,SAN JUAN DE BIGOTE,2019/2020,2019,2020,201908,202007,12,5,5,389,70,5.557142857142857142857142857,TM_PER_HA,TRUE,,FALSE,FALSE,FALSE,FALSE,FALSE,JOINT_C0_TRANSIENT_CAMPAIGN_YIELD_RAW_V1
14010070000,MAIZ AMARILLO DURO,200407,SAN JUAN DE BIGOTE,2020/2021,2020,2021,202008,202107,12,7,7,77,25,3.08,TM_PER_HA,TRUE,,FALSE,FALSE,FALSE,FALSE,FALSE,JOINT_C0_TRANSIENT_CAMPAIGN_YIELD_RAW_V1
14010070000,MAIZ AMARILLO DURO,200407,SAN JUAN DE BIGOTE,2021/2022,2021,2022,202108,202207,12,12,12,1013,185,5.475675675675675675675675676,TM_PER_HA,TRUE,,FALSE,FALSE,FALSE,FALSE,FALSE,JOINT_C0_TRANSIENT_CAMPAIGN_YIELD_RAW_V1
14010070000,MAIZ AMARILLO DURO,200407,SAN JUAN DE BIGOTE,2022/2023,2022,2023,202208,202307,12,12,12,748,125,5.984,TM_PER_HA,TRUE,,FALSE,FALSE,FALSE,FALSE,FALSE,JOINT_C0_TRANSIENT_CAMPAIGN_YIELD_RAW_V1
14010070000,MAIZ AMARILLO DURO,200408,SANTA CATALINA DE MOSSA,2016/2017,2016,2017,201608,201707,12,12,12,436,230,1.895652173913043478260869565,TM_PER_HA,TRUE,,FALSE,FALSE,FALSE,FALSE,FALSE,JOINT_C0_TRANSIENT_CAMPAIGN_YIELD_RAW_V1
14010070000,MAIZ AMARILLO DURO,200408,SANTA CATALINA DE MOSSA,2017/2018,2017,2018,201708,201807,12,12,12,441,141,3.127659574468085106382978723,TM_PER_HA,TRUE,,FALSE,FALSE,FALSE,FALSE,FALSE,JOINT_C0_TRANSIENT_CAMPAIGN_YIELD_RAW_V1
14010070000,MAIZ AMARILLO DURO,200408,SANTA CATALINA DE MOSSA,2018/2019,2018,2019,201808,201907,12,12,12,868,550,1.578181818181818181818181818,TM_PER_HA,TRUE,,FALSE,FALSE,FALSE,FALSE,FALSE,JOINT_C0_TRANSIENT_CAMPAIGN_YIELD_RAW_V1
14010070000,MAIZ AMARILLO DURO,200408,SANTA CATALINA DE MOSSA,2019/2020,2019,2020,201908,202007,12,12,12,72,36,2,TM_PER_HA,TRUE,,FALSE,FALSE,FALSE,FALSE,FALSE,JOINT_C0_TRANSIENT_CAMPAIGN_YIELD_RAW_V1
14010070000,MAIZ AMARILLO DURO,200408,SANTA CATALINA DE MOSSA,2020/2021,2020,2021,202008,202107,12,8,8,594,500,1.188,TM_PER_HA,TRUE,,FALSE,FALSE,FALSE,FALSE,FALSE,JOINT_C0_TRANSIENT_CAMPAIGN_YIELD_RAW_V1
14010070000,MAIZ AMARILLO DURO,200408,SANTA CATALINA DE MOSSA,2021/2022,2021,2022,202108,202207,12,7,7,120,200,0.6,TM_PER_HA,TRUE,,FALSE,FALSE,FALSE,FALSE,FALSE,JOINT_C0_TRANSIENT_CAMPAIGN_YIELD_RAW_V1
14010070000,MAIZ AMARILLO DURO,200408,SANTA CATALINA DE MOSSA,2022/2023,2022,2023,202208,202307,12,8,8,490,230,2.130434782608695652173913043,TM_PER_HA,TRUE,,FALSE,FALSE,FALSE,FALSE,FALSE,JOINT_C0_TRANSIENT_CAMPAIGN_YIELD_RAW_V1
14010070000,MAIZ AMARILLO DURO,200409,SANTO DOMINGO,2016/2017,2016,2017,201608,201707,12,8,8,996,585,1.702564102564102564102564103,TM_PER_HA,TRUE,,FALSE,FALSE,FALSE,FALSE,FALSE,JOINT_C0_TRANSIENT_CAMPAIGN_YIELD_RAW_V1
14010070000,MAIZ AMARILLO DURO,200409,SANTO DOMINGO,2017/2018,2017,2018,201708,201807,12,6,6,168,84,2,TM_PER_HA,TRUE,,FALSE,FALSE,FALSE,FALSE,FALSE,JOINT_C0_TRANSIENT_CAMPAIGN_YIELD_RAW_V1
14010070000,MAIZ AMARILLO DURO,200409,SANTO DOMINGO,2018/2019,2018,2019,201808,201907,12,10,10,90,60,1.5,TM_PER_HA,TRUE,,FALSE,FALSE,FALSE,FALSE,FALSE,JOINT_C0_TRANSIENT_CAMPAIGN_YIELD_RAW_V1
14010070000,MAIZ AMARILLO DURO,200409,SANTO DOMINGO,2019/2020,2019,2020,201908,202007,12,6,6,780,520,1.5,TM_PER_HA,TRUE,,FALSE,FALSE,FALSE,FALSE,FALSE,JOINT_C0_TRANSIENT_CAMPAIGN_YIELD_RAW_V1
14010070000,MAIZ AMARILLO DURO,200409,SANTO DOMINGO,2020/2021,2020,2021,202008,202107,12,7,7,504,336,1.5,TM_PER_HA,TRUE,,FALSE,FALSE,FALSE,FALSE,FALSE,JOINT_C0_TRANSIENT_CAMPAIGN_YIELD_RAW_V1
14010070000,MAIZ AMARILLO DURO,200409,SANTO DOMINGO,2021/2022,2021,2022,202108,202207,12,7,7,495,330,1.5,TM_PER_HA,TRUE,,FALSE,FALSE,FALSE,FALSE,FALSE,JOINT_C0_TRANSIENT_CAMPAIGN_YIELD_RAW_V1
14010070000,MAIZ AMARILLO DURO,200409,SANTO DOMINGO,2022/2023,2022,2023,202208,202307,12,6,6,200,200,1,TM_PER_HA,TRUE,,FALSE,FALSE,FALSE,FALSE,FALSE,JOINT_C0_TRANSIENT_CAMPAIGN_YIELD_RAW_V1
14010070000,MAIZ AMARILLO DURO,200410,YAMANGO,2016/2017,2016,2017,201608,201707,12,6,6,400,100,4,TM_PER_HA,TRUE,,FALSE,FALSE,FALSE,FALSE,FALSE,JOINT_C0_TRANSIENT_CAMPAIGN_YIELD_RAW_V1
14010070000,MAIZ AMARILLO DURO,200410,YAMANGO,2017/2018,2017,2018,201708,201807,12,7,7,400,80,5,TM_PER_HA,TRUE,,FALSE,FALSE,FALSE,FALSE,FALSE,JOINT_C0_TRANSIENT_CAMPAIGN_YIELD_RAW_V1
14010070000,MAIZ AMARILLO DURO,200410,YAMANGO,2018/2019,2018,2019,201808,201907,12,6,6,730,130,5.615384615384615384615384615,TM_PER_HA,TRUE,,FALSE,FALSE,FALSE,FALSE,FALSE,JOINT_C0_TRANSIENT_CAMPAIGN_YIELD_RAW_V1
14010070000,MAIZ AMARILLO DURO,200410,YAMANGO,2019/2020,2019,2020,201908,202007,12,6,6,500,100,5,TM_PER_HA,TRUE,,FALSE,FALSE,FALSE,FALSE,FALSE,JOINT_C0_TRANSIENT_CAMPAIGN_YIELD_RAW_V1
14010070000,MAIZ AMARILLO DURO,200410,YAMANGO,2020/2021,2020,2021,202008,202107,12,7,7,750,150,5,TM_PER_HA,TRUE,,FALSE,FALSE,FALSE,FALSE,FALSE,JOINT_C0_TRANSIENT_CAMPAIGN_YIELD_RAW_V1
14010070000,MAIZ AMARILLO DURO,200410,YAMANGO,2021/2022,2021,2022,202108,202207,12,7,7,1000,200,5,TM_PER_HA,TRUE,,FALSE,FALSE,FALSE,FALSE,FALSE,JOINT_C0_TRANSIENT_CAMPAIGN_YIELD_RAW_V1
14010070000,MAIZ AMARILLO DURO,200410,YAMANGO,2022/2023,2022,2023,202208,202307,12,6,6,650,130,5,TM_PER_HA,TRUE,,FALSE,FALSE,FALSE,FALSE,FALSE,JOINT_C0_TRANSIENT_CAMPAIGN_YIELD_RAW_V1
14010070000,MAIZ AMARILLO DURO,200502,AMOTAPE,2016/2017,2016,2017,201608,201707,12,4,4,30,5,6,TM_PER_HA,TRUE,,FALSE,FALSE,FALSE,FALSE,FALSE,JOINT_C0_TRANSIENT_CAMPAIGN_YIELD_RAW_V1
14010070000,MAIZ AMARILLO DURO,200502,AMOTAPE,2017/2018,2017,2018,201708,201807,12,4,4,30,5,6,TM_PER_HA,TRUE,,FALSE,FALSE,FALSE,FALSE,FALSE,JOINT_C0_TRANSIENT_CAMPAIGN_YIELD_RAW_V1
14010070000,MAIZ AMARILLO DURO,200502,AMOTAPE,2018/2019,2018,2019,201808,201907,12,4,4,60,10,6,TM_PER_HA,TRUE,,FALSE,FALSE,FALSE,FALSE,FALSE,JOINT_C0_TRANSIENT_CAMPAIGN_YIELD_RAW_V1
14010070000,MAIZ AMARILLO DURO,200502,AMOTAPE,2019/2020,2019,2020,201908,202007,12,12,12,240,40,6,TM_PER_HA,TRUE,,FALSE,FALSE,FALSE,FALSE,FALSE,JOINT_C0_TRANSIENT_CAMPAIGN_YIELD_RAW_V1
14010070000,MAIZ AMARILLO DURO,200502,AMOTAPE,2020/2021,2020,2021,202008,202107,12,12,12,220,44,5,TM_PER_HA,TRUE,,FALSE,FALSE,FALSE,FALSE,FALSE,JOINT_C0_TRANSIENT_CAMPAIGN_YIELD_RAW_V1
14010070000,MAIZ AMARILLO DURO,200502,AMOTAPE,2021/2022,2021,2022,202108,202207,12,12,12,444,74,6,TM_PER_HA,TRUE,,FALSE,FALSE,FALSE,FALSE,FALSE,JOINT_C0_TRANSIENT_CAMPAIGN_YIELD_RAW_V1
14010070000,MAIZ AMARILLO DURO,200502,AMOTAPE,2022/2023,2022,2023,202208,202307,12,10,10,150,25,6,TM_PER_HA,TRUE,,FALSE,FALSE,FALSE,FALSE,FALSE,JOINT_C0_TRANSIENT_CAMPAIGN_YIELD_RAW_V1
14010070000,MAIZ AMARILLO DURO,200503,ARENAL,2016/2017,2016,2017,201608,201707,12,11,11,300,50,6,TM_PER_HA,TRUE,,FALSE,FALSE,FALSE,FALSE,FALSE,JOINT_C0_TRANSIENT_CAMPAIGN_YIELD_RAW_V1
14010070000,MAIZ AMARILLO DURO,200503,ARENAL,2017/2018,2017,2018,201708,201807,12,9,9,390,65,6,TM_PER_HA,TRUE,,FALSE,FALSE,FALSE,FALSE,FALSE,JOINT_C0_TRANSIENT_CAMPAIGN_YIELD_RAW_V1
14010070000,MAIZ AMARILLO DURO,200503,ARENAL,2018/2019,2018,2019,201808,201907,12,8,8,360,60,6,TM_PER_HA,TRUE,,FALSE,FALSE,FALSE,FALSE,FALSE,JOINT_C0_TRANSIENT_CAMPAIGN_YIELD_RAW_V1
14010070000,MAIZ AMARILLO DURO,200503,ARENAL,2019/2020,2019,2020,201908,202007,12,12,12,360,60,6,TM_PER_HA,TRUE,,FALSE,FALSE,FALSE,FALSE,FALSE,JOINT_C0_TRANSIENT_CAMPAIGN_YIELD_RAW_V1
14010070000,MAIZ AMARILLO DURO,200503,ARENAL,2020/2021,2020,2021,202008,202107,12,12,12,180,35,5.142857142857142857142857143,TM_PER_HA,TRUE,,FALSE,FALSE,FALSE,FALSE,FALSE,JOINT_C0_TRANSIENT_CAMPAIGN_YIELD_RAW_V1
14010070000,MAIZ AMARILLO DURO,200503,ARENAL,2021/2022,2021,2022,202108,202207,12,12,12,570,95,6,TM_PER_HA,TRUE,,FALSE,FALSE,FALSE,FALSE,FALSE,JOINT_C0_TRANSIENT_CAMPAIGN_YIELD_RAW_V1
14010070000,MAIZ AMARILLO DURO,200503,ARENAL,2022/2023,2022,2023,202208,202307,12,8,8,174,29,6,TM_PER_HA,TRUE,,FALSE,FALSE,FALSE,FALSE,FALSE,JOINT_C0_TRANSIENT_CAMPAIGN_YIELD_RAW_V1
14010070000,MAIZ AMARILLO DURO,200504,COLAN,2016/2017,2016,2017,201608,201707,12,12,12,2550,430,5.930232558139534883720930233,TM_PER_HA,TRUE,,FALSE,FALSE,FALSE,FALSE,FALSE,JOINT_C0_TRANSIENT_CAMPAIGN_YIELD_RAW_V1
14010070000,MAIZ AMARILLO DURO,200504,COLAN,2017/2018,2017,2018,201708,201807,12,12,12,2490,415,6,TM_PER_HA,TRUE,,FALSE,FALSE,FALSE,FALSE,FALSE,JOINT_C0_TRANSIENT_CAMPAIGN_YIELD_RAW_V1
14010070000,MAIZ AMARILLO DURO,200504,COLAN,2018/2019,2018,2019,201808,201907,12,12,12,2292,382,6,TM_PER_HA,TRUE,,FALSE,FALSE,FALSE,FALSE,FALSE,JOINT_C0_TRANSIENT_CAMPAIGN_YIELD_RAW_V1
14010070000,MAIZ AMARILLO DURO,200504,COLAN,2019/2020,2019,2020,201908,202007,12,12,12,1032,182,5.67032967032967032967032967,TM_PER_HA,TRUE,,FALSE,FALSE,FALSE,FALSE,FALSE,JOINT_C0_TRANSIENT_CAMPAIGN_YIELD_RAW_V1
14010070000,MAIZ AMARILLO DURO,200504,COLAN,2020/2021,2020,2021,202008,202107,12,12,12,1270,250,5.08,TM_PER_HA,TRUE,,FALSE,FALSE,FALSE,FALSE,FALSE,JOINT_C0_TRANSIENT_CAMPAIGN_YIELD_RAW_V1
14010070000,MAIZ AMARILLO DURO,200504,COLAN,2021/2022,2021,2022,202108,202207,12,12,12,3876,626,6.191693290734824281150159744,TM_PER_HA,TRUE,,FALSE,FALSE,FALSE,FALSE,FALSE,JOINT_C0_TRANSIENT_CAMPAIGN_YIELD_RAW_V1
14010070000,MAIZ AMARILLO DURO,200504,COLAN,2022/2023,2022,2023,202208,202307,12,12,12,3240,540,6,TM_PER_HA,TRUE,,FALSE,FALSE,FALSE,FALSE,FALSE,JOINT_C0_TRANSIENT_CAMPAIGN_YIELD_RAW_V1
14010070000,MAIZ AMARILLO DURO,200505,LA HUACA,2016/2017,2016,2017,201608,201707,12,0,0,,,,TM_PER_HA,FALSE,INCOMPLETE_CAMPAIGN_NO_SOURCE_ROWS,FALSE,TRUE,FALSE,FALSE,FALSE,JOINT_C0_TRANSIENT_CAMPAIGN_YIELD_RAW_V1
14010070000,MAIZ AMARILLO DURO,200505,LA HUACA,2017/2018,2017,2018,201708,201807,12,0,0,,,,TM_PER_HA,FALSE,INCOMPLETE_CAMPAIGN_NO_SOURCE_ROWS,FALSE,TRUE,FALSE,FALSE,FALSE,JOINT_C0_TRANSIENT_CAMPAIGN_YIELD_RAW_V1
14010070000,MAIZ AMARILLO DURO,200505,LA HUACA,2018/2019,2018,2019,201808,201907,12,4,4,30,5,6,TM_PER_HA,TRUE,,FALSE,FALSE,FALSE,FALSE,FALSE,JOINT_C0_TRANSIENT_CAMPAIGN_YIELD_RAW_V1
14010070000,MAIZ AMARILLO DURO,200505,LA HUACA,2019/2020,2019,2020,201908,202007,12,0,0,,,,TM_PER_HA,FALSE,INCOMPLETE_CAMPAIGN_NO_SOURCE_ROWS,FALSE,TRUE,FALSE,FALSE,FALSE,JOINT_C0_TRANSIENT_CAMPAIGN_YIELD_RAW_V1
14010070000,MAIZ AMARILLO DURO,200505,LA HUACA,2020/2021,2020,2021,202008,202107,12,0,0,,,,TM_PER_HA,FALSE,INCOMPLETE_CAMPAIGN_NO_SOURCE_ROWS,FALSE,TRUE,FALSE,FALSE,FALSE,JOINT_C0_TRANSIENT_CAMPAIGN_YIELD_RAW_V1
14010070000,MAIZ AMARILLO DURO,200505,LA HUACA,2021/2022,2021,2022,202108,202207,12,2,2,0,0,,TM_PER_HA,FALSE,ZERO_DENOMINATOR,TRUE,FALSE,FALSE,FALSE,FALSE,JOINT_C0_TRANSIENT_CAMPAIGN_YIELD_RAW_V1
14010070000,MAIZ AMARILLO DURO,200505,LA HUACA,2022/2023,2022,2023,202208,202307,12,9,9,240,40,6,TM_PER_HA,TRUE,,FALSE,FALSE,FALSE,FALSE,FALSE,JOINT_C0_TRANSIENT_CAMPAIGN_YIELD_RAW_V1
14010070000,MAIZ AMARILLO DURO,200506,TAMARINDO,2016/2017,2016,2017,201608,201707,12,12,12,0,0,,TM_PER_HA,FALSE,ZERO_DENOMINATOR,TRUE,FALSE,FALSE,FALSE,FALSE,JOINT_C0_TRANSIENT_CAMPAIGN_YIELD_RAW_V1
14010070000,MAIZ AMARILLO DURO,200506,TAMARINDO,2017/2018,2017,2018,201708,201807,12,12,12,0,0,,TM_PER_HA,FALSE,ZERO_DENOMINATOR,TRUE,FALSE,FALSE,FALSE,FALSE,JOINT_C0_TRANSIENT_CAMPAIGN_YIELD_RAW_V1
14010070000,MAIZ AMARILLO DURO,200506,TAMARINDO,2018/2019,2018,2019,201808,201907,12,12,12,0,0,,TM_PER_HA,FALSE,ZERO_DENOMINATOR,TRUE,FALSE,FALSE,FALSE,FALSE,JOINT_C0_TRANSIENT_CAMPAIGN_YIELD_RAW_V1
14010070000,MAIZ AMARILLO DURO,200506,TAMARINDO,2019/2020,2019,2020,201908,202007,12,12,12,0,0,,TM_PER_HA,FALSE,ZERO_DENOMINATOR,TRUE,FALSE,FALSE,FALSE,FALSE,JOINT_C0_TRANSIENT_CAMPAIGN_YIELD_RAW_V1
14010070000,MAIZ AMARILLO DURO,200506,TAMARINDO,2020/2021,2020,2021,202008,202107,12,12,12,25,5,5,TM_PER_HA,TRUE,,FALSE,FALSE,FALSE,FALSE,FALSE,JOINT_C0_TRANSIENT_CAMPAIGN_YIELD_RAW_V1
14010070000,MAIZ AMARILLO DURO,200506,TAMARINDO,2021/2022,2021,2022,202108,202207,12,12,12,198,33,6,TM_PER_HA,TRUE,,FALSE,FALSE,FALSE,FALSE,FALSE,JOINT_C0_TRANSIENT_CAMPAIGN_YIELD_RAW_V1
14010070000,MAIZ AMARILLO DURO,200506,TAMARINDO,2022/2023,2022,2023,202208,202307,12,12,12,120,20,6,TM_PER_HA,TRUE,,FALSE,FALSE,FALSE,FALSE,FALSE,JOINT_C0_TRANSIENT_CAMPAIGN_YIELD_RAW_V1
14010070000,MAIZ AMARILLO DURO,200507,VICHAYAL,2016/2017,2016,2017,201608,201707,12,10,10,680,120,5.666666666666666666666666667,TM_PER_HA,TRUE,,FALSE,FALSE,FALSE,FALSE,FALSE,JOINT_C0_TRANSIENT_CAMPAIGN_YIELD_RAW_V1
14010070000,MAIZ AMARILLO DURO,200507,VICHAYAL,2017/2018,2017,2018,201708,201807,12,11,11,1120,185,6.054054054054054054054054054,TM_PER_HA,TRUE,,FALSE,FALSE,FALSE,FALSE,FALSE,JOINT_C0_TRANSIENT_CAMPAIGN_YIELD_RAW_V1
14010070000,MAIZ AMARILLO DURO,200507,VICHAYAL,2018/2019,2018,2019,201808,201907,12,12,12,408,68,6,TM_PER_HA,TRUE,,FALSE,FALSE,FALSE,FALSE,FALSE,JOINT_C0_TRANSIENT_CAMPAIGN_YIELD_RAW_V1
14010070000,MAIZ AMARILLO DURO,200507,VICHAYAL,2019/2020,2019,2020,201908,202007,12,12,12,403,78,5.166666666666666666666666667,TM_PER_HA,TRUE,,FALSE,FALSE,FALSE,FALSE,FALSE,JOINT_C0_TRANSIENT_CAMPAIGN_YIELD_RAW_V1
14010070000,MAIZ AMARILLO DURO,200507,VICHAYAL,2020/2021,2020,2021,202008,202107,12,12,12,380,72,5.277777777777777777777777778,TM_PER_HA,TRUE,,FALSE,FALSE,FALSE,FALSE,FALSE,JOINT_C0_TRANSIENT_CAMPAIGN_YIELD_RAW_V1
14010070000,MAIZ AMARILLO DURO,200507,VICHAYAL,2021/2022,2021,2022,202108,202207,12,12,12,480,80,6,TM_PER_HA,TRUE,,FALSE,FALSE,FALSE,FALSE,FALSE,JOINT_C0_TRANSIENT_CAMPAIGN_YIELD_RAW_V1
14010070000,MAIZ AMARILLO DURO,200507,VICHAYAL,2022/2023,2022,2023,202208,202307,12,10,10,180,30,6,TM_PER_HA,TRUE,,FALSE,FALSE,FALSE,FALSE,FALSE,JOINT_C0_TRANSIENT_CAMPAIGN_YIELD_RAW_V1
14010070000,MAIZ AMARILLO DURO,200601,SULLANA,2016/2017,2016,2017,201608,201707,12,11,11,240,40,6,TM_PER_HA,TRUE,,FALSE,FALSE,FALSE,FALSE,FALSE,JOINT_C0_TRANSIENT_CAMPAIGN_YIELD_RAW_V1
14010070000,MAIZ AMARILLO DURO,200601,SULLANA,2017/2018,2017,2018,201708,201807,12,12,12,510,85,6,TM_PER_HA,TRUE,,FALSE,FALSE,FALSE,FALSE,FALSE,JOINT_C0_TRANSIENT_CAMPAIGN_YIELD_RAW_V1
14010070000,MAIZ AMARILLO DURO,200601,SULLANA,2018/2019,2018,2019,201808,201907,12,8,8,264,44,6,TM_PER_HA,TRUE,,FALSE,FALSE,FALSE,FALSE,FALSE,JOINT_C0_TRANSIENT_CAMPAIGN_YIELD_RAW_V1
14010070000,MAIZ AMARILLO DURO,200601,SULLANA,2019/2020,2019,2020,201908,202007,12,12,12,752,85,8.847058823529411764705882353,TM_PER_HA,TRUE,,FALSE,FALSE,FALSE,FALSE,FALSE,JOINT_C0_TRANSIENT_CAMPAIGN_YIELD_RAW_V1
14010070000,MAIZ AMARILLO DURO,200601,SULLANA,2020/2021,2020,2021,202008,202107,12,12,12,125,25,5,TM_PER_HA,TRUE,,FALSE,FALSE,FALSE,FALSE,FALSE,JOINT_C0_TRANSIENT_CAMPAIGN_YIELD_RAW_V1
14010070000,MAIZ AMARILLO DURO,200601,SULLANA,2021/2022,2021,2022,202108,202207,12,12,12,702,117,6,TM_PER_HA,TRUE,,FALSE,FALSE,FALSE,FALSE,FALSE,JOINT_C0_TRANSIENT_CAMPAIGN_YIELD_RAW_V1
14010070000,MAIZ AMARILLO DURO,200601,SULLANA,2022/2023,2022,2023,202208,202307,12,12,12,720,120,6,TM_PER_HA,TRUE,,FALSE,FALSE,FALSE,FALSE,FALSE,JOINT_C0_TRANSIENT_CAMPAIGN_YIELD_RAW_V1
14010070000,MAIZ AMARILLO DURO,200603,IGNACIO ESCUDERO,2016/2017,2016,2017,201608,201707,12,4,4,30,5,6,TM_PER_HA,TRUE,,FALSE,FALSE,FALSE,FALSE,FALSE,JOINT_C0_TRANSIENT_CAMPAIGN_YIELD_RAW_V1
14010070000,MAIZ AMARILLO DURO,200603,IGNACIO ESCUDERO,2017/2018,2017,2018,201708,201807,12,0,0,,,,TM_PER_HA,FALSE,INCOMPLETE_CAMPAIGN_NO_SOURCE_ROWS,FALSE,TRUE,FALSE,FALSE,FALSE,JOINT_C0_TRANSIENT_CAMPAIGN_YIELD_RAW_V1
14010070000,MAIZ AMARILLO DURO,200603,IGNACIO ESCUDERO,2018/2019,2018,2019,201808,201907,12,0,0,,,,TM_PER_HA,FALSE,INCOMPLETE_CAMPAIGN_NO_SOURCE_ROWS,FALSE,TRUE,FALSE,FALSE,FALSE,JOINT_C0_TRANSIENT_CAMPAIGN_YIELD_RAW_V1
14010070000,MAIZ AMARILLO DURO,200603,IGNACIO ESCUDERO,2019/2020,2019,2020,201908,202007,12,0,0,,,,TM_PER_HA,FALSE,INCOMPLETE_CAMPAIGN_NO_SOURCE_ROWS,FALSE,TRUE,FALSE,FALSE,FALSE,JOINT_C0_TRANSIENT_CAMPAIGN_YIELD_RAW_V1
14010070000,MAIZ AMARILLO DURO,200603,IGNACIO ESCUDERO,2020/2021,2020,2021,202008,202107,12,0,0,,,,TM_PER_HA,FALSE,INCOMPLETE_CAMPAIGN_NO_SOURCE_ROWS,FALSE,TRUE,FALSE,FALSE,FALSE,JOINT_C0_TRANSIENT_CAMPAIGN_YIELD_RAW_V1
14010070000,MAIZ AMARILLO DURO,200603,IGNACIO ESCUDERO,2021/2022,2021,2022,202108,202207,12,11,11,120,20,6,TM_PER_HA,TRUE,,FALSE,FALSE,FALSE,FALSE,FALSE,JOINT_C0_TRANSIENT_CAMPAIGN_YIELD_RAW_V1
14010070000,MAIZ AMARILLO DURO,200603,IGNACIO ESCUDERO,2022/2023,2022,2023,202208,202307,12,11,11,120,20,6,TM_PER_HA,TRUE,,FALSE,FALSE,FALSE,FALSE,FALSE,JOINT_C0_TRANSIENT_CAMPAIGN_YIELD_RAW_V1
14010070000,MAIZ AMARILLO DURO,200605,MARCAVELICA,2016/2017,2016,2017,201608,201707,12,10,10,101,18,5.611111111111111111111111111,TM_PER_HA,TRUE,,FALSE,FALSE,FALSE,FALSE,FALSE,JOINT_C0_TRANSIENT_CAMPAIGN_YIELD_RAW_V1
14010070000,MAIZ AMARILLO DURO,200605,MARCAVELICA,2017/2018,2017,2018,201708,201807,12,1,1,30,5,6,TM_PER_HA,TRUE,,FALSE,FALSE,FALSE,FALSE,FALSE,JOINT_C0_TRANSIENT_CAMPAIGN_YIELD_RAW_V1
14010070000,MAIZ AMARILLO DURO,200605,MARCAVELICA,2018/2019,2018,2019,201808,201907,12,4,4,78,13,6,TM_PER_HA,TRUE,,FALSE,FALSE,FALSE,FALSE,FALSE,JOINT_C0_TRANSIENT_CAMPAIGN_YIELD_RAW_V1
14010070000,MAIZ AMARILLO DURO,200605,MARCAVELICA,2019/2020,2019,2020,201908,202007,12,11,11,115,20,5.75,TM_PER_HA,TRUE,,FALSE,FALSE,FALSE,FALSE,FALSE,JOINT_C0_TRANSIENT_CAMPAIGN_YIELD_RAW_V1
14010070000,MAIZ AMARILLO DURO,200605,MARCAVELICA,2020/2021,2020,2021,202008,202107,12,2,2,0,0,,TM_PER_HA,FALSE,ZERO_DENOMINATOR,TRUE,FALSE,FALSE,FALSE,FALSE,JOINT_C0_TRANSIENT_CAMPAIGN_YIELD_RAW_V1
14010070000,MAIZ AMARILLO DURO,200605,MARCAVELICA,2021/2022,2021,2022,202108,202207,12,10,10,90,15,6,TM_PER_HA,TRUE,,FALSE,FALSE,FALSE,FALSE,FALSE,JOINT_C0_TRANSIENT_CAMPAIGN_YIELD_RAW_V1
14010070000,MAIZ AMARILLO DURO,200605,MARCAVELICA,2022/2023,2022,2023,202208,202307,12,12,12,170,30,5.666666666666666666666666667,TM_PER_HA,TRUE,,FALSE,FALSE,FALSE,FALSE,FALSE,JOINT_C0_TRANSIENT_CAMPAIGN_YIELD_RAW_V1
14010070000,MAIZ AMARILLO DURO,200606,MIGUEL CHECA,2016/2017,2016,2017,201608,201707,12,10,10,315,60,5.25,TM_PER_HA,TRUE,,FALSE,FALSE,FALSE,FALSE,FALSE,JOINT_C0_TRANSIENT_CAMPAIGN_YIELD_RAW_V1
14010070000,MAIZ AMARILLO DURO,200606,MIGUEL CHECA,2017/2018,2017,2018,201708,201807,12,7,7,222,37,6,TM_PER_HA,TRUE,,FALSE,FALSE,FALSE,FALSE,FALSE,JOINT_C0_TRANSIENT_CAMPAIGN_YIELD_RAW_V1
14010070000,MAIZ AMARILLO DURO,200606,MIGUEL CHECA,2018/2019,2018,2019,201808,201907,12,4,4,30,5,6,TM_PER_HA,TRUE,,FALSE,FALSE,FALSE,FALSE,FALSE,JOINT_C0_TRANSIENT_CAMPAIGN_YIELD_RAW_V1
14010070000,MAIZ AMARILLO DURO,200606,MIGUEL CHECA,2019/2020,2019,2020,201908,202007,12,12,12,225,46,4.89130434782608695652173913,TM_PER_HA,TRUE,,FALSE,FALSE,FALSE,FALSE,FALSE,JOINT_C0_TRANSIENT_CAMPAIGN_YIELD_RAW_V1
14010070000,MAIZ AMARILLO DURO,200606,MIGUEL CHECA,2020/2021,2020,2021,202008,202107,12,12,12,100,20,5,TM_PER_HA,TRUE,,FALSE,FALSE,FALSE,FALSE,FALSE,JOINT_C0_TRANSIENT_CAMPAIGN_YIELD_RAW_V1
14010070000,MAIZ AMARILLO DURO,200606,MIGUEL CHECA,2021/2022,2021,2022,202108,202207,12,12,12,240,34,7.058823529411764705882352941,TM_PER_HA,TRUE,,FALSE,FALSE,FALSE,FALSE,FALSE,JOINT_C0_TRANSIENT_CAMPAIGN_YIELD_RAW_V1
14010070000,MAIZ AMARILLO DURO,200606,MIGUEL CHECA,2022/2023,2022,2023,202208,202307,12,11,11,240,45,5.333333333333333333333333333,TM_PER_HA,TRUE,,FALSE,FALSE,FALSE,FALSE,FALSE,JOINT_C0_TRANSIENT_CAMPAIGN_YIELD_RAW_V1
14010070000,MAIZ AMARILLO DURO,200607,QUERECOTILLO,2016/2017,2016,2017,201608,201707,12,4,4,30,5,6,TM_PER_HA,TRUE,,FALSE,FALSE,FALSE,FALSE,FALSE,JOINT_C0_TRANSIENT_CAMPAIGN_YIELD_RAW_V1
14010070000,MAIZ AMARILLO DURO,200607,QUERECOTILLO,2017/2018,2017,2018,201708,201807,12,4,4,60,10,6,TM_PER_HA,TRUE,,FALSE,FALSE,FALSE,FALSE,FALSE,JOINT_C0_TRANSIENT_CAMPAIGN_YIELD_RAW_V1
14010070000,MAIZ AMARILLO DURO,200607,QUERECOTILLO,2018/2019,2018,2019,201808,201907,12,0,0,,,,TM_PER_HA,FALSE,INCOMPLETE_CAMPAIGN_NO_SOURCE_ROWS,FALSE,TRUE,FALSE,FALSE,FALSE,JOINT_C0_TRANSIENT_CAMPAIGN_YIELD_RAW_V1
14010070000,MAIZ AMARILLO DURO,200607,QUERECOTILLO,2019/2020,2019,2020,201908,202007,12,8,8,120,20,6,TM_PER_HA,TRUE,,FALSE,FALSE,FALSE,FALSE,FALSE,JOINT_C0_TRANSIENT_CAMPAIGN_YIELD_RAW_V1
14010070000,MAIZ AMARILLO DURO,200607,QUERECOTILLO,2020/2021,2020,2021,202008,202107,12,8,8,100,20,5,TM_PER_HA,TRUE,,FALSE,FALSE,FALSE,FALSE,FALSE,JOINT_C0_TRANSIENT_CAMPAIGN_YIELD_RAW_V1
14010070000,MAIZ AMARILLO DURO,200607,QUERECOTILLO,2021/2022,2021,2022,202108,202207,12,12,12,288,48,6,TM_PER_HA,TRUE,,FALSE,FALSE,FALSE,FALSE,FALSE,JOINT_C0_TRANSIENT_CAMPAIGN_YIELD_RAW_V1
14010070000,MAIZ AMARILLO DURO,200607,QUERECOTILLO,2022/2023,2022,2023,202208,202307,12,12,12,150,25,6,TM_PER_HA,TRUE,,FALSE,FALSE,FALSE,FALSE,FALSE,JOINT_C0_TRANSIENT_CAMPAIGN_YIELD_RAW_V1
14010070000,MAIZ AMARILLO DURO,200608,SALITRAL,2016/2017,2016,2017,201608,201707,12,7,7,30,5,6,TM_PER_HA,TRUE,,FALSE,FALSE,FALSE,FALSE,FALSE,JOINT_C0_TRANSIENT_CAMPAIGN_YIELD_RAW_V1
14010070000,MAIZ AMARILLO DURO,200608,SALITRAL,2017/2018,2017,2018,201708,201807,12,5,5,90,15,6,TM_PER_HA,TRUE,,FALSE,FALSE,FALSE,FALSE,FALSE,JOINT_C0_TRANSIENT_CAMPAIGN_YIELD_RAW_V1
14010070000,MAIZ AMARILLO DURO,200608,SALITRAL,2018/2019,2018,2019,201808,201907,12,4,4,72,12,6,TM_PER_HA,TRUE,,FALSE,FALSE,FALSE,FALSE,FALSE,JOINT_C0_TRANSIENT_CAMPAIGN_YIELD_RAW_V1
14010070000,MAIZ AMARILLO DURO,200608,SALITRAL,2019/2020,2019,2020,201908,202007,12,4,4,45,10,4.5,TM_PER_HA,TRUE,,FALSE,FALSE,FALSE,FALSE,FALSE,JOINT_C0_TRANSIENT_CAMPAIGN_YIELD_RAW_V1
14010070000,MAIZ AMARILLO DURO,200608,SALITRAL,2020/2021,2020,2021,202008,202107,12,4,4,25,5,5,TM_PER_HA,TRUE,,FALSE,FALSE,FALSE,FALSE,FALSE,JOINT_C0_TRANSIENT_CAMPAIGN_YIELD_RAW_V1
14010070000,MAIZ AMARILLO DURO,200608,SALITRAL,2021/2022,2021,2022,202108,202207,12,12,12,180,30,6,TM_PER_HA,TRUE,,FALSE,FALSE,FALSE,FALSE,FALSE,JOINT_C0_TRANSIENT_CAMPAIGN_YIELD_RAW_V1
14010070000,MAIZ AMARILLO DURO,200608,SALITRAL,2022/2023,2022,2023,202208,202307,12,11,11,150,25,6,TM_PER_HA,TRUE,,FALSE,FALSE,FALSE,FALSE,FALSE,JOINT_C0_TRANSIENT_CAMPAIGN_YIELD_RAW_V1
14010070000,MAIZ AMARILLO DURO,200801,SECHURA,2016/2017,2016,2017,201608,201707,12,7,7,584,123,4.747967479674796747967479675,TM_PER_HA,TRUE,,FALSE,FALSE,FALSE,FALSE,FALSE,JOINT_C0_TRANSIENT_CAMPAIGN_YIELD_RAW_V1
14010070000,MAIZ AMARILLO DURO,200801,SECHURA,2017/2018,2017,2018,201708,201807,12,12,12,317,71,4.464788732394366197183098592,TM_PER_HA,TRUE,,FALSE,FALSE,FALSE,FALSE,FALSE,JOINT_C0_TRANSIENT_CAMPAIGN_YIELD_RAW_V1
14010070000,MAIZ AMARILLO DURO,200801,SECHURA,2018/2019,2018,2019,201808,201907,12,11,11,509,100,5.09,TM_PER_HA,TRUE,,FALSE,FALSE,FALSE,FALSE,FALSE,JOINT_C0_TRANSIENT_CAMPAIGN_YIELD_RAW_V1
14010070000,MAIZ AMARILLO DURO,200801,SECHURA,2019/2020,2019,2020,201908,202007,12,10,10,274,57,4.807017543859649122807017544,TM_PER_HA,TRUE,,FALSE,FALSE,FALSE,FALSE,FALSE,JOINT_C0_TRANSIENT_CAMPAIGN_YIELD_RAW_V1
14010070000,MAIZ AMARILLO DURO,200801,SECHURA,2020/2021,2020,2021,202008,202107,12,11,11,445,136,3.272058823529411764705882353,TM_PER_HA,TRUE,,FALSE,FALSE,FALSE,FALSE,FALSE,JOINT_C0_TRANSIENT_CAMPAIGN_YIELD_RAW_V1
14010070000,MAIZ AMARILLO DURO,200801,SECHURA,2021/2022,2021,2022,202108,202207,12,12,12,1460,289,5.05190311418685121107266436,TM_PER_HA,TRUE,,FALSE,FALSE,FALSE,FALSE,FALSE,JOINT_C0_TRANSIENT_CAMPAIGN_YIELD_RAW_V1
14010070000,MAIZ AMARILLO DURO,200801,SECHURA,2022/2023,2022,2023,202208,202307,12,11,11,872,166,5.253012048192771084337349398,TM_PER_HA,TRUE,,FALSE,FALSE,FALSE,FALSE,FALSE,JOINT_C0_TRANSIENT_CAMPAIGN_YIELD_RAW_V1
14010070000,MAIZ AMARILLO DURO,200802,BELLAVISTA DE LA UNION,2016/2017,2016,2017,201608,201707,12,12,12,699,146,4.787671232876712328767123288,TM_PER_HA,TRUE,,FALSE,FALSE,FALSE,FALSE,FALSE,JOINT_C0_TRANSIENT_CAMPAIGN_YIELD_RAW_V1
14010070000,MAIZ AMARILLO DURO,200802,BELLAVISTA DE LA UNION,2017/2018,2017,2018,201708,201807,12,12,12,750,169,4.437869822485207100591715976,TM_PER_HA,TRUE,,FALSE,FALSE,FALSE,FALSE,FALSE,JOINT_C0_TRANSIENT_CAMPAIGN_YIELD_RAW_V1
14010070000,MAIZ AMARILLO DURO,200802,BELLAVISTA DE LA UNION,2018/2019,2018,2019,201808,201907,12,12,12,597,105,5.685714285714285714285714286,TM_PER_HA,TRUE,,FALSE,FALSE,FALSE,FALSE,FALSE,JOINT_C0_TRANSIENT_CAMPAIGN_YIELD_RAW_V1
14010070000,MAIZ AMARILLO DURO,200802,BELLAVISTA DE LA UNION,2019/2020,2019,2020,201908,202007,12,12,12,657,146,4.5,TM_PER_HA,TRUE,,FALSE,FALSE,FALSE,FALSE,FALSE,JOINT_C0_TRANSIENT_CAMPAIGN_YIELD_RAW_V1
14010070000,MAIZ AMARILLO DURO,200802,BELLAVISTA DE LA UNION,2020/2021,2020,2021,202008,202107,12,12,12,982,263,3.733840304182509505703422053,TM_PER_HA,TRUE,,FALSE,FALSE,FALSE,FALSE,FALSE,JOINT_C0_TRANSIENT_CAMPAIGN_YIELD_RAW_V1
14010070000,MAIZ AMARILLO DURO,200802,BELLAVISTA DE LA UNION,2021/2022,2021,2022,202108,202207,12,12,12,2158,455,4.742857142857142857142857143,TM_PER_HA,TRUE,,FALSE,FALSE,FALSE,FALSE,FALSE,JOINT_C0_TRANSIENT_CAMPAIGN_YIELD_RAW_V1
14010070000,MAIZ AMARILLO DURO,200802,BELLAVISTA DE LA UNION,2022/2023,2022,2023,202208,202307,12,11,11,1854,373,4.970509383378016085790884718,TM_PER_HA,TRUE,,FALSE,FALSE,FALSE,FALSE,FALSE,JOINT_C0_TRANSIENT_CAMPAIGN_YIELD_RAW_V1
14010070000,MAIZ AMARILLO DURO,200803,BERNAL,2016/2017,2016,2017,201608,201707,12,12,12,551,119,4.630252100840336134453781513,TM_PER_HA,TRUE,,FALSE,FALSE,FALSE,FALSE,FALSE,JOINT_C0_TRANSIENT_CAMPAIGN_YIELD_RAW_V1
14010070000,MAIZ AMARILLO DURO,200803,BERNAL,2017/2018,2017,2018,201708,201807,12,12,12,380,84,4.523809523809523809523809524,TM_PER_HA,TRUE,,FALSE,FALSE,FALSE,FALSE,FALSE,JOINT_C0_TRANSIENT_CAMPAIGN_YIELD_RAW_V1
14010070000,MAIZ AMARILLO DURO,200803,BERNAL,2018/2019,2018,2019,201808,201907,12,12,12,494,95,5.2,TM_PER_HA,TRUE,,FALSE,FALSE,FALSE,FALSE,FALSE,JOINT_C0_TRANSIENT_CAMPAIGN_YIELD_RAW_V1
14010070000,MAIZ AMARILLO DURO,200803,BERNAL,2019/2020,2019,2020,201908,202007,12,12,12,705,143,4.93006993006993006993006993,TM_PER_HA,TRUE,,FALSE,FALSE,FALSE,FALSE,FALSE,JOINT_C0_TRANSIENT_CAMPAIGN_YIELD_RAW_V1
14010070000,MAIZ AMARILLO DURO,200803,BERNAL,2020/2021,2020,2021,202008,202107,12,12,12,1252,319,3.92476489028213166144200627,TM_PER_HA,TRUE,,FALSE,FALSE,FALSE,FALSE,FALSE,JOINT_C0_TRANSIENT_CAMPAIGN_YIELD_RAW_V1
14010070000,MAIZ AMARILLO DURO,200803,BERNAL,2021/2022,2021,2022,202108,202207,12,12,12,2870,586,4.897610921501706484641638225,TM_PER_HA,TRUE,,FALSE,FALSE,FALSE,FALSE,FALSE,JOINT_C0_TRANSIENT_CAMPAIGN_YIELD_RAW_V1
14010070000,MAIZ AMARILLO DURO,200803,BERNAL,2022/2023,2022,2023,202208,202307,12,12,12,4527,950,4.765263157894736842105263158,TM_PER_HA,TRUE,,FALSE,FALSE,FALSE,FALSE,FALSE,JOINT_C0_TRANSIENT_CAMPAIGN_YIELD_RAW_V1
14010070000,MAIZ AMARILLO DURO,200804,CRISTO NOS VALGA,2016/2017,2016,2017,201608,201707,12,12,12,532,115,4.626086956521739130434782609,TM_PER_HA,TRUE,,FALSE,FALSE,FALSE,FALSE,FALSE,JOINT_C0_TRANSIENT_CAMPAIGN_YIELD_RAW_V1
14010070000,MAIZ AMARILLO DURO,200804,CRISTO NOS VALGA,2017/2018,2017,2018,201708,201807,12,12,12,602,136,4.426470588235294117647058824,TM_PER_HA,TRUE,,FALSE,FALSE,FALSE,FALSE,FALSE,JOINT_C0_TRANSIENT_CAMPAIGN_YIELD_RAW_V1
14010070000,MAIZ AMARILLO DURO,200804,CRISTO NOS VALGA,2018/2019,2018,2019,201808,201907,12,12,12,597,117,5.102564102564102564102564103,TM_PER_HA,TRUE,,FALSE,FALSE,FALSE,FALSE,FALSE,JOINT_C0_TRANSIENT_CAMPAIGN_YIELD_RAW_V1
14010070000,MAIZ AMARILLO DURO,200804,CRISTO NOS VALGA,2019/2020,2019,2020,201908,202007,12,12,12,945,193,4.896373056994818652849740933,TM_PER_HA,TRUE,,FALSE,FALSE,FALSE,FALSE,FALSE,JOINT_C0_TRANSIENT_CAMPAIGN_YIELD_RAW_V1
14010070000,MAIZ AMARILLO DURO,200804,CRISTO NOS VALGA,2020/2021,2020,2021,202008,202107,12,12,12,1336,338,3.95266272189349112426035503,TM_PER_HA,TRUE,,FALSE,FALSE,FALSE,FALSE,FALSE,JOINT_C0_TRANSIENT_CAMPAIGN_YIELD_RAW_V1
14010070000,MAIZ AMARILLO DURO,200804,CRISTO NOS VALGA,2021/2022,2021,2022,202108,202207,12,12,12,2515,515,4.883495145631067961165048544,TM_PER_HA,TRUE,,FALSE,FALSE,FALSE,FALSE,FALSE,JOINT_C0_TRANSIENT_CAMPAIGN_YIELD_RAW_V1
14010070000,MAIZ AMARILLO DURO,200804,CRISTO NOS VALGA,2022/2023,2022,2023,202208,202307,12,12,12,2972,612,4.856209150326797385620915033,TM_PER_HA,TRUE,,FALSE,FALSE,FALSE,FALSE,FALSE,JOINT_C0_TRANSIENT_CAMPAIGN_YIELD_RAW_V1
14010070000,MAIZ AMARILLO DURO,200805,VICE,2016/2017,2016,2017,201608,201707,12,12,12,625,132,4.734848484848484848484848485,TM_PER_HA,TRUE,,FALSE,FALSE,FALSE,FALSE,FALSE,JOINT_C0_TRANSIENT_CAMPAIGN_YIELD_RAW_V1
14010070000,MAIZ AMARILLO DURO,200805,VICE,2017/2018,2017,2018,201708,201807,12,12,12,252,60,4.2,TM_PER_HA,TRUE,,FALSE,FALSE,FALSE,FALSE,FALSE,JOINT_C0_TRANSIENT_CAMPAIGN_YIELD_RAW_V1
14010070000,MAIZ AMARILLO DURO,200805,VICE,2018/2019,2018,2019,201808,201907,12,11,11,419,77,5.441558441558441558441558442,TM_PER_HA,TRUE,,FALSE,FALSE,FALSE,FALSE,FALSE,JOINT_C0_TRANSIENT_CAMPAIGN_YIELD_RAW_V1
14010070000,MAIZ AMARILLO DURO,200805,VICE,2019/2020,2019,2020,201908,202007,12,12,12,297,61,4.86885245901639344262295082,TM_PER_HA,TRUE,,FALSE,FALSE,FALSE,FALSE,FALSE,JOINT_C0_TRANSIENT_CAMPAIGN_YIELD_RAW_V1
14010070000,MAIZ AMARILLO DURO,200805,VICE,2020/2021,2020,2021,202008,202107,12,12,12,575,162,3.549382716049382716049382716,TM_PER_HA,TRUE,,FALSE,FALSE,FALSE,FALSE,FALSE,JOINT_C0_TRANSIENT_CAMPAIGN_YIELD_RAW_V1
14010070000,MAIZ AMARILLO DURO,200805,VICE,2021/2022,2021,2022,202108,202207,12,12,12,1229,309,3.97734627831715210355987055,TM_PER_HA,TRUE,,FALSE,FALSE,FALSE,FALSE,FALSE,JOINT_C0_TRANSIENT_CAMPAIGN_YIELD_RAW_V1
14010070000,MAIZ AMARILLO DURO,200805,VICE,2022/2023,2022,2023,202208,202307,12,11,11,809,156,5.185897435897435897435897436,TM_PER_HA,TRUE,,FALSE,FALSE,FALSE,FALSE,FALSE,JOINT_C0_TRANSIENT_CAMPAIGN_YIELD_RAW_V1
14010070000,MAIZ AMARILLO DURO,200806,RINCONADA LLICUAR,2016/2017,2016,2017,201608,201707,12,10,10,605,129,4.689922480620155038759689922,TM_PER_HA,TRUE,,FALSE,FALSE,FALSE,FALSE,FALSE,JOINT_C0_TRANSIENT_CAMPAIGN_YIELD_RAW_V1
14010070000,MAIZ AMARILLO DURO,200806,RINCONADA LLICUAR,2017/2018,2017,2018,201708,201807,12,11,11,570,141,4.042553191489361702127659574,TM_PER_HA,TRUE,,FALSE,FALSE,FALSE,FALSE,FALSE,JOINT_C0_TRANSIENT_CAMPAIGN_YIELD_RAW_V1
14010070000,MAIZ AMARILLO DURO,200806,RINCONADA LLICUAR,2018/2019,2018,2019,201808,201907,12,12,12,718,121,5.933884297520661157024793388,TM_PER_HA,TRUE,,FALSE,FALSE,FALSE,FALSE,FALSE,JOINT_C0_TRANSIENT_CAMPAIGN_YIELD_RAW_V1
14010070000,MAIZ AMARILLO DURO,200806,RINCONADA LLICUAR,2019/2020,2019,2020,201908,202007,12,12,12,723,152,4.756578947368421052631578947,TM_PER_HA,TRUE,,FALSE,FALSE,FALSE,FALSE,FALSE,JOINT_C0_TRANSIENT_CAMPAIGN_YIELD_RAW_V1
14010070000,MAIZ AMARILLO DURO,200806,RINCONADA LLICUAR,2020/2021,2020,2021,202008,202107,12,12,12,902,270,3.340740740740740740740740741,TM_PER_HA,TRUE,,FALSE,FALSE,FALSE,FALSE,FALSE,JOINT_C0_TRANSIENT_CAMPAIGN_YIELD_RAW_V1
14010070000,MAIZ AMARILLO DURO,200806,RINCONADA LLICUAR,2021/2022,2021,2022,202108,202207,12,12,12,1919,435,4.411494252873563218390804598,TM_PER_HA,TRUE,,FALSE,FALSE,FALSE,FALSE,FALSE,JOINT_C0_TRANSIENT_CAMPAIGN_YIELD_RAW_V1
14010070000,MAIZ AMARILLO DURO,200806,RINCONADA LLICUAR,2022/2023,2022,2023,202208,202307,12,12,12,1884,382,4.931937172774869109947643979,TM_PER_HA,TRUE,,FALSE,FALSE,FALSE,FALSE,FALSE,JOINT_C0_TRANSIENT_CAMPAIGN_YIELD_RAW_V1
