UBIGEO,COD_CULTIVO,CROP_STD,OUTCOME_YEAR,DIAGNOSTIC_LAG_MONTHS,HARVEST_DENOMINATOR,HARVEST_SUPPORT_STATUS,UNSUPPORTED_HARVEST_SHARE,POTENTIAL_LEFT_TRUNCATION,UNSUPPORTED_PREDECESSOR_MONTHS,DECISION_STATUS,IMPUTATION_USED
200101,14010020000,ARROZ,2016,1,761.0,POSITIVE,0.0,False,,PENDING_EVIDENCE_FREEZE,False
200101,14010020000,ARROZ,2016,2,761.0,POSITIVE,0.0,False,,PENDING_EVIDENCE_FREEZE,False
200101,14010020000,ARROZ,2016,3,761.0,POSITIVE,0.0,False,,PENDING_EVIDENCE_FREEZE,False
200101,14010020000,ARROZ,2016,4,761.0,POSITIVE,0.0,False,,PENDING_EVIDENCE_FREEZE,False
200101,14010020000,ARROZ,2016,5,761.0,POSITIVE,0.0,False,,PENDING_EVIDENCE_FREEZE,False
200101,14010020000,ARROZ,2016,6,761.0,POSITIVE,0.37582128777923784,True,201507,PENDING_EVIDENCE_FREEZE,False
200101,14010020000,ARROZ,2016,7,761.0,POSITIVE,0.37582128777923784,True,201506;201507,PENDING_EVIDENCE_FREEZE,False
200101,14010020000,ARROZ,2016,8,761.0,POSITIVE,0.37582128777923784,True,201505;201506;201507,PENDING_EVIDENCE_FREEZE,False
200101,14010020000,ARROZ,2016,9,761.0,POSITIVE,0.37582128777923784,True,201504;201505;201506;201507,PENDING_EVIDENCE_FREEZE,False
200101,14010020000,ARROZ,2016,10,761.0,POSITIVE,0.37582128777923784,True,201503;201504;201505;201506;201507,PENDING_EVIDENCE_FREEZE,False
200101,14010020000,ARROZ,2016,11,761.0,POSITIVE,0.8488830486202366,True,201502;201503;201504;201505;201506;201507,PENDING_EVIDENCE_FREEZE,False
200101,14010020000,ARROZ,2016,12,761.0,POSITIVE,0.8488830486202366,True,201501;201502;201503;201504;201505;201506;201507,PENDING_EVIDENCE_FREEZE,False
200105,14010020000,ARROZ,2016,1,3551.0,POSITIVE,0.0,False,,PENDING_EVIDENCE_FREEZE,False
200105,14010020000,ARROZ,2016,2,3551.0,POSITIVE,0.0,False,,PENDING_EVIDENCE_FREEZE,False
200105,14010020000,ARROZ,2016,3,3551.0,POSITIVE,0.0,False,,PENDING_EVIDENCE_FREEZE,False
200105,14010020000,ARROZ,2016,4,3551.0,POSITIVE,0.0,False,,PENDING_EVIDENCE_FREEZE,False
200105,14010020000,ARROZ,2016,5,3551.0,POSITIVE,0.0,False,,PENDING_EVIDENCE_FREEZE,False
200105,14010020000,ARROZ,2016,6,3551.0,POSITIVE,0.20529428330047875,True,201507,PENDING_EVIDENCE_FREEZE,False
200105,14010020000,ARROZ,2016,7,3551.0,POSITIVE,0.20529428330047875,True,201506;201507,PENDING_EVIDENCE_FREEZE,False
200105,14010020000,ARROZ,2016,8,3551.0,POSITIVE,0.20529428330047875,True,201505;201506;201507,PENDING_EVIDENCE_FREEZE,False
200105,14010020000,ARROZ,2016,9,3551.0,POSITIVE,0.20529428330047875,True,201504;201505;201506;201507,PENDING_EVIDENCE_FREEZE,False
200105,14010020000,ARROZ,2016,10,3551.0,POSITIVE,0.27851309490284426,True,201503;201504;201505;201506;201507,PENDING_EVIDENCE_FREEZE,False
200105,14010020000,ARROZ,2016,11,3551.0,POSITIVE,0.973246972683751,True,201502;201503;201504;201505;201506;201507,PENDING_EVIDENCE_FREEZE,False
200105,14010020000,ARROZ,2016,12,3551.0,POSITIVE,0.973246972683751,True,201501;201502;201503;201504;201505;201506;201507,PENDING_EVIDENCE_FREEZE,False
200107,14010020000,ARROZ,2016,1,1440.0,POSITIVE,0.0,False,,PENDING_EVIDENCE_FREEZE,False
200107,14010020000,ARROZ,2016,2,1440.0,POSITIVE,0.0,False,,PENDING_EVIDENCE_FREEZE,False
200107,14010020000,ARROZ,2016,3,1440.0,POSITIVE,0.0,False,,PENDING_EVIDENCE_FREEZE,False
200107,14010020000,ARROZ,2016,4,1440.0,POSITIVE,0.0,False,,PENDING_EVIDENCE_FREEZE,False
200107,14010020000,ARROZ,2016,5,1440.0,POSITIVE,0.0,False,,PENDING_EVIDENCE_FREEZE,False
200107,14010020000,ARROZ,2016,6,1440.0,POSITIVE,0.24930555555555556,True,201507,PENDING_EVIDENCE_FREEZE,False
200107,14010020000,ARROZ,2016,7,1440.0,POSITIVE,0.24930555555555556,True,201506;201507,PENDING_EVIDENCE_FREEZE,False
200107,14010020000,ARROZ,2016,8,1440.0,POSITIVE,0.24930555555555556,True,201505;201506;201507,PENDING_EVIDENCE_FREEZE,False
200107,14010020000,ARROZ,2016,9,1440.0,POSITIVE,0.24930555555555556,True,201504;201505;201506;201507,PENDING_EVIDENCE_FREEZE,False
200107,14010020000,ARROZ,2016,10,1440.0,POSITIVE,0.24930555555555556,True,201503;201504;201505;201506;201507,PENDING_EVIDENCE_FREEZE,False
200107,14010020000,ARROZ,2016,11,1440.0,POSITIVE,1.0,True,201502;201503;201504;201505;201506;201507,PENDING_EVIDENCE_FREEZE,False
200107,14010020000,ARROZ,2016,12,1440.0,POSITIVE,1.0,True,201501;201502;201503;201504;201505;201506;201507,PENDING_EVIDENCE_FREEZE,False
200108,14010020000,ARROZ,2016,1,1657.0,POSITIVE,0.0,False,,PENDING_EVIDENCE_FREEZE,False
200108,14010020000,ARROZ,2016,2,1657.0,POSITIVE,0.0,False,,PENDING_EVIDENCE_FREEZE,False
200108,14010020000,ARROZ,2016,3,1657.0,POSITIVE,0.0,False,,PENDING_EVIDENCE_FREEZE,False
200108,14010020000,ARROZ,2016,4,1657.0,POSITIVE,0.0,False,,PENDING_EVIDENCE_FREEZE,False
200108,14010020000,ARROZ,2016,5,1657.0,POSITIVE,0.0,False,,PENDING_EVIDENCE_FREEZE,False
200108,14010020000,ARROZ,2016,6,1657.0,POSITIVE,0.2112251056125528,True,201507,PENDING_EVIDENCE_FREEZE,False
200108,14010020000,ARROZ,2016,7,1657.0,POSITIVE,0.2112251056125528,True,201506;201507,PENDING_EVIDENCE_FREEZE,False
200108,14010020000,ARROZ,2016,8,1657.0,POSITIVE,0.2112251056125528,True,201505;201506;201507,PENDING_EVIDENCE_FREEZE,False
200108,14010020000,ARROZ,2016,9,1657.0,POSITIVE,0.2112251056125528,True,201504;201505;201506;201507,PENDING_EVIDENCE_FREEZE,False
200108,14010020000,ARROZ,2016,10,1657.0,POSITIVE,0.2112251056125528,True,201503;201504;201505;201506;201507,PENDING_EVIDENCE_FREEZE,False
200108,14010020000,ARROZ,2016,11,1657.0,POSITIVE,0.7543753771876885,True,201502;201503;201504;201505;201506;201507,PENDING_EVIDENCE_FREEZE,False
200108,14010020000,ARROZ,2016,12,1657.0,POSITIVE,0.975859987929994,True,201501;201502;201503;201504;201505;201506;201507,PENDING_EVIDENCE_FREEZE,False
200109,14010020000,ARROZ,2016,1,5015.0,POSITIVE,0.0,False,,PENDING_EVIDENCE_FREEZE,False
200109,14010020000,ARROZ,2016,2,5015.0,POSITIVE,0.0,False,,PENDING_EVIDENCE_FREEZE,False
200109,14010020000,ARROZ,2016,3,5015.0,POSITIVE,0.0,False,,PENDING_EVIDENCE_FREEZE,False
200109,14010020000,ARROZ,2016,4,5015.0,POSITIVE,0.0,False,,PENDING_EVIDENCE_FREEZE,False
200109,14010020000,ARROZ,2016,5,5015.0,POSITIVE,0.0,False,,PENDING_EVIDENCE_FREEZE,False
200109,14010020000,ARROZ,2016,6,5015.0,POSITIVE,0.21635094715852443,True,201507,PENDING_EVIDENCE_FREEZE,False
200109,14010020000,ARROZ,2016,7,5015.0,POSITIVE,0.21635094715852443,True,201506;201507,PENDING_EVIDENCE_FREEZE,False
200109,14010020000,ARROZ,2016,8,5015.0,POSITIVE,0.21635094715852443,True,201505;201506;201507,PENDING_EVIDENCE_FREEZE,False
200109,14010020000,ARROZ,2016,9,5015.0,POSITIVE,0.21635094715852443,True,201504;201505;201506;201507,PENDING_EVIDENCE_FREEZE,False
200109,14010020000,ARROZ,2016,10,5015.0,POSITIVE,0.21635094715852443,True,201503;201504;201505;201506;201507,PENDING_EVIDENCE_FREEZE,False
200109,14010020000,ARROZ,2016,11,5015.0,POSITIVE,0.93419740777667,True,201502;201503;201504;201505;201506;201507,PENDING_EVIDENCE_FREEZE,False
200109,14010020000,ARROZ,2016,12,5015.0,POSITIVE,0.9688933200398804,True,201501;201502;201503;201504;201505;201506;201507,PENDING_EVIDENCE_FREEZE,False
200110,14010020000,ARROZ,2016,1,3907.0,POSITIVE,0.0,False,,PENDING_EVIDENCE_FREEZE,False
200110,14010020000,ARROZ,2016,2,3907.0,POSITIVE,0.0,False,,PENDING_EVIDENCE_FREEZE,False
200110,14010020000,ARROZ,2016,3,3907.0,POSITIVE,0.0,False,,PENDING_EVIDENCE_FREEZE,False
200110,14010020000,ARROZ,2016,4,3907.0,POSITIVE,0.0,False,,PENDING_EVIDENCE_FREEZE,False
200110,14010020000,ARROZ,2016,5,3907.0,POSITIVE,0.0,False,,PENDING_EVIDENCE_FREEZE,False
200110,14010020000,ARROZ,2016,6,3907.0,POSITIVE,0.15740977732275402,True,201507,PENDING_EVIDENCE_FREEZE,False
200110,14010020000,ARROZ,2016,7,3907.0,POSITIVE,0.15740977732275402,True,201506;201507,PENDING_EVIDENCE_FREEZE,False
200110,14010020000,ARROZ,2016,8,3907.0,POSITIVE,0.15740977732275402,True,201505;201506;201507,PENDING_EVIDENCE_FREEZE,False
200110,14010020000,ARROZ,2016,9,3907.0,POSITIVE,0.15740977732275402,True,201504;201505;201506;201507,PENDING_EVIDENCE_FREEZE,False
200110,14010020000,ARROZ,2016,10,3907.0,POSITIVE,0.15740977732275402,True,201503;201504;201505;201506;201507,PENDING_EVIDENCE_FREEZE,False
200110,14010020000,ARROZ,2016,11,3907.0,POSITIVE,0.9252623496288712,True,201502;201503;201504;201505;201506;201507,PENDING_EVIDENCE_FREEZE,False
200110,14010020000,ARROZ,2016,12,3907.0,POSITIVE,0.9534169439467621,True,201501;201502;201503;201504;201505;201506;201507,PENDING_EVIDENCE_FREEZE,False
200111,14010020000,ARROZ,2016,1,3640.0,PARTIAL_MISSING,,False,,PENDING_EVIDENCE_FREEZE,False
200111,14010020000,ARROZ,2016,2,3640.0,PARTIAL_MISSING,,False,,PENDING_EVIDENCE_FREEZE,False
200111,14010020000,ARROZ,2016,3,3640.0,PARTIAL_MISSING,,False,,PENDING_EVIDENCE_FREEZE,False
200111,14010020000,ARROZ,2016,4,3640.0,PARTIAL_MISSING,,False,,PENDING_EVIDENCE_FREEZE,False
200111,14010020000,ARROZ,2016,5,3640.0,PARTIAL_MISSING,,False,,PENDING_EVIDENCE_FREEZE,False
200111,14010020000,ARROZ,2016,6,3640.0,PARTIAL_MISSING,,False,,PENDING_EVIDENCE_FREEZE,False
200111,14010020000,ARROZ,2016,7,3640.0,PARTIAL_MISSING,,False,,PENDING_EVIDENCE_FREEZE,False
200111,14010020000,ARROZ,2016,8,3640.0,PARTIAL_MISSING,,False,,PENDING_EVIDENCE_FREEZE,False
200111,14010020000,ARROZ,2016,9,3640.0,PARTIAL_MISSING,,False,,PENDING_EVIDENCE_FREEZE,False
200111,14010020000,ARROZ,2016,10,3640.0,PARTIAL_MISSING,,False,,PENDING_EVIDENCE_FREEZE,False
200111,14010020000,ARROZ,2016,11,3640.0,PARTIAL_MISSING,,False,,PENDING_EVIDENCE_FREEZE,False
200111,14010020000,ARROZ,2016,12,3640.0,PARTIAL_MISSING,,False,,PENDING_EVIDENCE_FREEZE,False
200114,14010020000,ARROZ,2016,1,6270.0,PARTIAL_MISSING,,False,,PENDING_EVIDENCE_FREEZE,False
200114,14010020000,ARROZ,2016,2,6270.0,PARTIAL_MISSING,,False,,PENDING_EVIDENCE_FREEZE,False
200114,14010020000,ARROZ,2016,3,6270.0,PARTIAL_MISSING,,False,,PENDING_EVIDENCE_FREEZE,False
200114,14010020000,ARROZ,2016,4,6270.0,PARTIAL_MISSING,,False,,PENDING_EVIDENCE_FREEZE,False
200114,14010020000,ARROZ,2016,5,6270.0,PARTIAL_MISSING,,False,,PENDING_EVIDENCE_FREEZE,False
200114,14010020000,ARROZ,2016,6,6270.0,PARTIAL_MISSING,,False,,PENDING_EVIDENCE_FREEZE,False
200114,14010020000,ARROZ,2016,7,6270.0,PARTIAL_MISSING,,False,,PENDING_EVIDENCE_FREEZE,False
200114,14010020000,ARROZ,2016,8,6270.0,PARTIAL_MISSING,,False,,PENDING_EVIDENCE_FREEZE,False
200114,14010020000,ARROZ,2016,9,6270.0,PARTIAL_MISSING,,False,,PENDING_EVIDENCE_FREEZE,False
200114,14010020000,ARROZ,2016,10,6270.0,PARTIAL_MISSING,,False,,PENDING_EVIDENCE_FREEZE,False
200114,14010020000,ARROZ,2016,11,6270.0,PARTIAL_MISSING,,False,,PENDING_EVIDENCE_FREEZE,False
200114,14010020000,ARROZ,2016,12,6270.0,PARTIAL_MISSING,,False,,PENDING_EVIDENCE_FREEZE,False
200201,14010020000,ARROZ,2016,1,67.0,POSITIVE,0.0,False,,PENDING_EVIDENCE_FREEZE,False
200201,14010020000,ARROZ,2016,2,67.0,POSITIVE,0.0,False,,PENDING_EVIDENCE_FREEZE,False
200201,14010020000,ARROZ,2016,3,67.0,POSITIVE,0.0,False,,PENDING_EVIDENCE_FREEZE,False
200201,14010020000,ARROZ,2016,4,67.0,POSITIVE,0.0,False,,PENDING_EVIDENCE_FREEZE,False
200201,14010020000,ARROZ,2016,5,67.0,POSITIVE,0.0,False,,PENDING_EVIDENCE_FREEZE,False
200201,14010020000,ARROZ,2016,6,67.0,POSITIVE,0.0,False,201507,PENDING_EVIDENCE_FREEZE,False
200201,14010020000,ARROZ,2016,7,67.0,POSITIVE,0.0,False,201506;201507,PENDING_EVIDENCE_FREEZE,False
200201,14010020000,ARROZ,2016,8,67.0,POSITIVE,0.0,False,201505;201506;201507,PENDING_EVIDENCE_FREEZE,False
200201,14010020000,ARROZ,2016,9,67.0,POSITIVE,0.0,False,201504;201505;201506;201507,PENDING_EVIDENCE_FREEZE,False
200201,14010020000,ARROZ,2016,10,67.0,POSITIVE,0.0,False,201503;201504;201505;201506;201507,PENDING_EVIDENCE_FREEZE,False
200201,14010020000,ARROZ,2016,11,67.0,POSITIVE,0.2537313432835821,True,201502;201503;201504;201505;201506;201507,PENDING_EVIDENCE_FREEZE,False
200201,14010020000,ARROZ,2016,12,67.0,POSITIVE,0.582089552238806,True,201501;201502;201503;201504;201505;201506;201507,PENDING_EVIDENCE_FREEZE,False
200203,14010020000,ARROZ,2016,1,26.0,PARTIAL_MISSING,,False,,PENDING_EVIDENCE_FREEZE,False
200203,14010020000,ARROZ,2016,2,26.0,PARTIAL_MISSING,,False,,PENDING_EVIDENCE_FREEZE,False
200203,14010020000,ARROZ,2016,3,26.0,PARTIAL_MISSING,,False,,PENDING_EVIDENCE_FREEZE,False
200203,14010020000,ARROZ,2016,4,26.0,PARTIAL_MISSING,,False,,PENDING_EVIDENCE_FREEZE,False
200203,14010020000,ARROZ,2016,5,26.0,PARTIAL_MISSING,,False,,PENDING_EVIDENCE_FREEZE,False
200203,14010020000,ARROZ,2016,6,26.0,PARTIAL_MISSING,,False,,PENDING_EVIDENCE_FREEZE,False
200203,14010020000,ARROZ,2016,7,26.0,PARTIAL_MISSING,,False,,PENDING_EVIDENCE_FREEZE,False
200203,14010020000,ARROZ,2016,8,26.0,PARTIAL_MISSING,,False,,PENDING_EVIDENCE_FREEZE,False
200203,14010020000,ARROZ,2016,9,26.0,PARTIAL_MISSING,,False,,PENDING_EVIDENCE_FREEZE,False
200203,14010020000,ARROZ,2016,10,26.0,PARTIAL_MISSING,,False,,PENDING_EVIDENCE_FREEZE,False
200203,14010020000,ARROZ,2016,11,26.0,PARTIAL_MISSING,,False,,PENDING_EVIDENCE_FREEZE,False
200203,14010020000,ARROZ,2016,12,26.0,PARTIAL_MISSING,,False,,PENDING_EVIDENCE_FREEZE,False
200204,14010020000,ARROZ,2016,1,2.0,PARTIAL_MISSING,,False,,PENDING_EVIDENCE_FREEZE,False
200204,14010020000,ARROZ,2016,2,2.0,PARTIAL_MISSING,,False,,PENDING_EVIDENCE_FREEZE,False
200204,14010020000,ARROZ,2016,3,2.0,PARTIAL_MISSING,,False,,PENDING_EVIDENCE_FREEZE,False
200204,14010020000,ARROZ,2016,4,2.0,PARTIAL_MISSING,,False,,PENDING_EVIDENCE_FREEZE,False
200204,14010020000,ARROZ,2016,5,2.0,PARTIAL_MISSING,,False,,PENDING_EVIDENCE_FREEZE,False
200204,14010020000,ARROZ,2016,6,2.0,PARTIAL_MISSING,,False,,PENDING_EVIDENCE_FREEZE,False
200204,14010020000,ARROZ,2016,7,2.0,PARTIAL_MISSING,,False,,PENDING_EVIDENCE_FREEZE,False
200204,14010020000,ARROZ,2016,8,2.0,PARTIAL_MISSING,,False,,PENDING_EVIDENCE_FREEZE,False
200204,14010020000,ARROZ,2016,9,2.0,PARTIAL_MISSING,,False,,PENDING_EVIDENCE_FREEZE,False
200204,14010020000,ARROZ,2016,10,2.0,PARTIAL_MISSING,,False,,PENDING_EVIDENCE_FREEZE,False
200204,14010020000,ARROZ,2016,11,2.0,PARTIAL_MISSING,,False,,PENDING_EVIDENCE_FREEZE,False
200204,14010020000,ARROZ,2016,12,2.0,PARTIAL_MISSING,,False,,PENDING_EVIDENCE_FREEZE,False
200205,14010020000,ARROZ,2016,1,53.0,PARTIAL_MISSING,,False,,PENDING_EVIDENCE_FREEZE,False
200205,14010020000,ARROZ,2016,2,53.0,PARTIAL_MISSING,,False,,PENDING_EVIDENCE_FREEZE,False
200205,14010020000,ARROZ,2016,3,53.0,PARTIAL_MISSING,,False,,PENDING_EVIDENCE_FREEZE,False
200205,14010020000,ARROZ,2016,4,53.0,PARTIAL_MISSING,,False,,PENDING_EVIDENCE_FREEZE,False
200205,14010020000,ARROZ,2016,5,53.0,PARTIAL_MISSING,,False,,PENDING_EVIDENCE_FREEZE,False
200205,14010020000,ARROZ,2016,6,53.0,PARTIAL_MISSING,,False,,PENDING_EVIDENCE_FREEZE,False
200205,14010020000,ARROZ,2016,7,53.0,PARTIAL_MISSING,,False,,PENDING_EVIDENCE_FREEZE,False
200205,14010020000,ARROZ,2016,8,53.0,PARTIAL_MISSING,,False,,PENDING_EVIDENCE_FREEZE,False
200205,14010020000,ARROZ,2016,9,53.0,PARTIAL_MISSING,,False,,PENDING_EVIDENCE_FREEZE,False
200205,14010020000,ARROZ,2016,10,53.0,PARTIAL_MISSING,,False,,PENDING_EVIDENCE_FREEZE,False
200205,14010020000,ARROZ,2016,11,53.0,PARTIAL_MISSING,,False,,PENDING_EVIDENCE_FREEZE,False
200205,14010020000,ARROZ,2016,12,53.0,PARTIAL_MISSING,,False,,PENDING_EVIDENCE_FREEZE,False
200206,14010020000,ARROZ,2016,1,25.0,PARTIAL_MISSING,,False,,PENDING_EVIDENCE_FREEZE,False
200206,14010020000,ARROZ,2016,2,25.0,PARTIAL_MISSING,,False,,PENDING_EVIDENCE_FREEZE,False
200206,14010020000,ARROZ,2016,3,25.0,PARTIAL_MISSING,,False,,PENDING_EVIDENCE_FREEZE,False
200206,14010020000,ARROZ,2016,4,25.0,PARTIAL_MISSING,,False,,PENDING_EVIDENCE_FREEZE,False
200206,14010020000,ARROZ,2016,5,25.0,PARTIAL_MISSING,,False,,PENDING_EVIDENCE_FREEZE,False
200206,14010020000,ARROZ,2016,6,25.0,PARTIAL_MISSING,,False,,PENDING_EVIDENCE_FREEZE,False
200206,14010020000,ARROZ,2016,7,25.0,PARTIAL_MISSING,,False,,PENDING_EVIDENCE_FREEZE,False
200206,14010020000,ARROZ,2016,8,25.0,PARTIAL_MISSING,,False,,PENDING_EVIDENCE_FREEZE,False
200206,14010020000,ARROZ,2016,9,25.0,PARTIAL_MISSING,,False,,PENDING_EVIDENCE_FREEZE,False
200206,14010020000,ARROZ,2016,10,25.0,PARTIAL_MISSING,,False,,PENDING_EVIDENCE_FREEZE,False
200206,14010020000,ARROZ,2016,11,25.0,PARTIAL_MISSING,,False,,PENDING_EVIDENCE_FREEZE,False
200206,14010020000,ARROZ,2016,12,25.0,PARTIAL_MISSING,,False,,PENDING_EVIDENCE_FREEZE,False
200207,14010020000,ARROZ,2016,1,1850.0,PARTIAL_MISSING,,False,,PENDING_EVIDENCE_FREEZE,False
200207,14010020000,ARROZ,2016,2,1850.0,PARTIAL_MISSING,,False,,PENDING_EVIDENCE_FREEZE,False
200207,14010020000,ARROZ,2016,3,1850.0,PARTIAL_MISSING,,False,,PENDING_EVIDENCE_FREEZE,False
200207,14010020000,ARROZ,2016,4,1850.0,PARTIAL_MISSING,,False,,PENDING_EVIDENCE_FREEZE,False
200207,14010020000,ARROZ,2016,5,1850.0,PARTIAL_MISSING,,False,,PENDING_EVIDENCE_FREEZE,False
200207,14010020000,ARROZ,2016,6,1850.0,PARTIAL_MISSING,,False,,PENDING_EVIDENCE_FREEZE,False
200207,14010020000,ARROZ,2016,7,1850.0,PARTIAL_MISSING,,False,,PENDING_EVIDENCE_FREEZE,False
200207,14010020000,ARROZ,2016,8,1850.0,PARTIAL_MISSING,,False,,PENDING_EVIDENCE_FREEZE,False
200207,14010020000,ARROZ,2016,9,1850.0,PARTIAL_MISSING,,False,,PENDING_EVIDENCE_FREEZE,False
200207,14010020000,ARROZ,2016,10,1850.0,PARTIAL_MISSING,,False,,PENDING_EVIDENCE_FREEZE,False
200207,14010020000,ARROZ,2016,11,1850.0,PARTIAL_MISSING,,False,,PENDING_EVIDENCE_FREEZE,False
200207,14010020000,ARROZ,2016,12,1850.0,PARTIAL_MISSING,,False,,PENDING_EVIDENCE_FREEZE,False
200208,14010020000,ARROZ,2016,1,130.0,PARTIAL_MISSING,,False,,PENDING_EVIDENCE_FREEZE,False
200208,14010020000,ARROZ,2016,2,130.0,PARTIAL_MISSING,,False,,PENDING_EVIDENCE_FREEZE,False
200208,14010020000,ARROZ,2016,3,130.0,PARTIAL_MISSING,,False,,PENDING_EVIDENCE_FREEZE,False
200208,14010020000,ARROZ,2016,4,130.0,PARTIAL_MISSING,,False,,PENDING_EVIDENCE_FREEZE,False
200208,14010020000,ARROZ,2016,5,130.0,PARTIAL_MISSING,,False,,PENDING_EVIDENCE_FREEZE,False
200208,14010020000,ARROZ,2016,6,130.0,PARTIAL_MISSING,,False,,PENDING_EVIDENCE_FREEZE,False
200208,14010020000,ARROZ,2016,7,130.0,PARTIAL_MISSING,,False,,PENDING_EVIDENCE_FREEZE,False
200208,14010020000,ARROZ,2016,8,130.0,PARTIAL_MISSING,,False,,PENDING_EVIDENCE_FREEZE,False
200208,14010020000,ARROZ,2016,9,130.0,PARTIAL_MISSING,,False,,PENDING_EVIDENCE_FREEZE,False
200208,14010020000,ARROZ,2016,10,130.0,PARTIAL_MISSING,,False,,PENDING_EVIDENCE_FREEZE,False
200208,14010020000,ARROZ,2016,11,130.0,PARTIAL_MISSING,,False,,PENDING_EVIDENCE_FREEZE,False
200208,14010020000,ARROZ,2016,12,130.0,PARTIAL_MISSING,,False,,PENDING_EVIDENCE_FREEZE,False
200209,14010020000,ARROZ,2016,1,40.0,POSITIVE,0.0,False,,PENDING_EVIDENCE_FREEZE,False
200209,14010020000,ARROZ,2016,2,40.0,POSITIVE,0.0,False,,PENDING_EVIDENCE_FREEZE,False
200209,14010020000,ARROZ,2016,3,40.0,POSITIVE,0.0,False,,PENDING_EVIDENCE_FREEZE,False
200209,14010020000,ARROZ,2016,4,40.0,POSITIVE,0.0,False,,PENDING_EVIDENCE_FREEZE,False
200209,14010020000,ARROZ,2016,5,40.0,POSITIVE,0.0,False,,PENDING_EVIDENCE_FREEZE,False
200209,14010020000,ARROZ,2016,6,40.0,POSITIVE,0.0,False,201507,PENDING_EVIDENCE_FREEZE,False
200209,14010020000,ARROZ,2016,7,40.0,POSITIVE,0.0,False,201506;201507,PENDING_EVIDENCE_FREEZE,False
200209,14010020000,ARROZ,2016,8,40.0,POSITIVE,0.0,False,201505;201506;201507,PENDING_EVIDENCE_FREEZE,False
200209,14010020000,ARROZ,2016,9,40.0,POSITIVE,0.0,False,201504;201505;201506;201507,PENDING_EVIDENCE_FREEZE,False
200209,14010020000,ARROZ,2016,10,40.0,POSITIVE,0.0,False,201503;201504;201505;201506;201507,PENDING_EVIDENCE_FREEZE,False
200209,14010020000,ARROZ,2016,11,40.0,POSITIVE,0.0,False,201502;201503;201504;201505;201506;201507,PENDING_EVIDENCE_FREEZE,False
200209,14010020000,ARROZ,2016,12,40.0,POSITIVE,0.75,True,201501;201502;201503;201504;201505;201506;201507,PENDING_EVIDENCE_FREEZE,False
200210,14010020000,ARROZ,2016,1,650.0,POSITIVE,0.0,False,,PENDING_EVIDENCE_FREEZE,False
200210,14010020000,ARROZ,2016,2,650.0,POSITIVE,0.0,False,,PENDING_EVIDENCE_FREEZE,False
200210,14010020000,ARROZ,2016,3,650.0,POSITIVE,0.0,False,,PENDING_EVIDENCE_FREEZE,False
200210,14010020000,ARROZ,2016,4,650.0,POSITIVE,0.0,False,,PENDING_EVIDENCE_FREEZE,False
200210,14010020000,ARROZ,2016,5,650.0,POSITIVE,0.0,False,,PENDING_EVIDENCE_FREEZE,False
200210,14010020000,ARROZ,2016,6,650.0,POSITIVE,0.0,False,201507,PENDING_EVIDENCE_FREEZE,False
200210,14010020000,ARROZ,2016,7,650.0,POSITIVE,0.0,False,201506;201507,PENDING_EVIDENCE_FREEZE,False
200210,14010020000,ARROZ,2016,8,650.0,POSITIVE,0.0,False,201505;201506;201507,PENDING_EVIDENCE_FREEZE,False
200210,14010020000,ARROZ,2016,9,650.0,POSITIVE,0.0,False,201504;201505;201506;201507,PENDING_EVIDENCE_FREEZE,False
200210,14010020000,ARROZ,2016,10,650.0,POSITIVE,0.0,False,201503;201504;201505;201506;201507,PENDING_EVIDENCE_FREEZE,False
200210,14010020000,ARROZ,2016,11,650.0,POSITIVE,0.5384615384615384,True,201502;201503;201504;201505;201506;201507,PENDING_EVIDENCE_FREEZE,False
200210,14010020000,ARROZ,2016,12,650.0,POSITIVE,0.5384615384615384,True,201501;201502;201503;201504;201505;201506;201507,PENDING_EVIDENCE_FREEZE,False
200302,14010020000,ARROZ,2016,1,61.0,PARTIAL_MISSING,,False,,PENDING_EVIDENCE_FREEZE,False
200302,14010020000,ARROZ,2016,2,61.0,PARTIAL_MISSING,,False,,PENDING_EVIDENCE_FREEZE,False
200302,14010020000,ARROZ,2016,3,61.0,PARTIAL_MISSING,,False,,PENDING_EVIDENCE_FREEZE,False
200302,14010020000,ARROZ,2016,4,61.0,PARTIAL_MISSING,,False,,PENDING_EVIDENCE_FREEZE,False
200302,14010020000,ARROZ,2016,5,61.0,PARTIAL_MISSING,,False,,PENDING_EVIDENCE_FREEZE,False
200302,14010020000,ARROZ,2016,6,61.0,PARTIAL_MISSING,,False,,PENDING_EVIDENCE_FREEZE,False
200302,14010020000,ARROZ,2016,7,61.0,PARTIAL_MISSING,,False,,PENDING_EVIDENCE_FREEZE,False
200302,14010020000,ARROZ,2016,8,61.0,PARTIAL_MISSING,,False,,PENDING_EVIDENCE_FREEZE,False
200302,14010020000,ARROZ,2016,9,61.0,PARTIAL_MISSING,,False,,PENDING_EVIDENCE_FREEZE,False
200302,14010020000,ARROZ,2016,10,61.0,PARTIAL_MISSING,,False,,PENDING_EVIDENCE_FREEZE,False
200302,14010020000,ARROZ,2016,11,61.0,PARTIAL_MISSING,,False,,PENDING_EVIDENCE_FREEZE,False
200302,14010020000,ARROZ,2016,12,61.0,PARTIAL_MISSING,,False,,PENDING_EVIDENCE_FREEZE,False
200304,14010020000,ARROZ,2016,1,145.0,PARTIAL_MISSING,,False,,PENDING_EVIDENCE_FREEZE,False
200304,14010020000,ARROZ,2016,2,145.0,PARTIAL_MISSING,,False,,PENDING_EVIDENCE_FREEZE,False
200304,14010020000,ARROZ,2016,3,145.0,PARTIAL_MISSING,,False,,PENDING_EVIDENCE_FREEZE,False
200304,14010020000,ARROZ,2016,4,145.0,PARTIAL_MISSING,,False,,PENDING_EVIDENCE_FREEZE,False
200304,14010020000,ARROZ,2016,5,145.0,PARTIAL_MISSING,,False,,PENDING_EVIDENCE_FREEZE,False
200304,14010020000,ARROZ,2016,6,145.0,PARTIAL_MISSING,,False,,PENDING_EVIDENCE_FREEZE,False
200304,14010020000,ARROZ,2016,7,145.0,PARTIAL_MISSING,,False,,PENDING_EVIDENCE_FREEZE,False
200304,14010020000,ARROZ,2016,8,145.0,PARTIAL_MISSING,,False,,PENDING_EVIDENCE_FREEZE,False
200304,14010020000,ARROZ,2016,9,145.0,PARTIAL_MISSING,,False,,PENDING_EVIDENCE_FREEZE,False
200304,14010020000,ARROZ,2016,10,145.0,PARTIAL_MISSING,,False,,PENDING_EVIDENCE_FREEZE,False
200304,14010020000,ARROZ,2016,11,145.0,PARTIAL_MISSING,,False,,PENDING_EVIDENCE_FREEZE,False
200304,14010020000,ARROZ,2016,12,145.0,PARTIAL_MISSING,,False,,PENDING_EVIDENCE_FREEZE,False
200305,14010020000,ARROZ,2016,1,31.0,PARTIAL_MISSING,,False,,PENDING_EVIDENCE_FREEZE,False
200305,14010020000,ARROZ,2016,2,31.0,PARTIAL_MISSING,,False,,PENDING_EVIDENCE_FREEZE,False
200305,14010020000,ARROZ,2016,3,31.0,PARTIAL_MISSING,,False,,PENDING_EVIDENCE_FREEZE,False
200305,14010020000,ARROZ,2016,4,31.0,PARTIAL_MISSING,,False,,PENDING_EVIDENCE_FREEZE,False
200305,14010020000,ARROZ,2016,5,31.0,PARTIAL_MISSING,,False,,PENDING_EVIDENCE_FREEZE,False
200305,14010020000,ARROZ,2016,6,31.0,PARTIAL_MISSING,,False,,PENDING_EVIDENCE_FREEZE,False
200305,14010020000,ARROZ,2016,7,31.0,PARTIAL_MISSING,,False,,PENDING_EVIDENCE_FREEZE,False
200305,14010020000,ARROZ,2016,8,31.0,PARTIAL_MISSING,,False,,PENDING_EVIDENCE_FREEZE,False
200305,14010020000,ARROZ,2016,9,31.0,PARTIAL_MISSING,,False,,PENDING_EVIDENCE_FREEZE,False
200305,14010020000,ARROZ,2016,10,31.0,PARTIAL_MISSING,,False,,PENDING_EVIDENCE_FREEZE,False
200305,14010020000,ARROZ,2016,11,31.0,PARTIAL_MISSING,,False,,PENDING_EVIDENCE_FREEZE,False
200305,14010020000,ARROZ,2016,12,31.0,PARTIAL_MISSING,,False,,PENDING_EVIDENCE_FREEZE,False
200306,14010020000,ARROZ,2016,1,100.0,PARTIAL_MISSING,,False,,PENDING_EVIDENCE_FREEZE,False
200306,14010020000,ARROZ,2016,2,100.0,PARTIAL_MISSING,,False,,PENDING_EVIDENCE_FREEZE,False
200306,14010020000,ARROZ,2016,3,100.0,PARTIAL_MISSING,,False,,PENDING_EVIDENCE_FREEZE,False
200306,14010020000,ARROZ,2016,4,100.0,PARTIAL_MISSING,,False,,PENDING_EVIDENCE_FREEZE,False
200306,14010020000,ARROZ,2016,5,100.0,PARTIAL_MISSING,,False,,PENDING_EVIDENCE_FREEZE,False
200306,14010020000,ARROZ,2016,6,100.0,PARTIAL_MISSING,,False,,PENDING_EVIDENCE_FREEZE,False
200306,14010020000,ARROZ,2016,7,100.0,PARTIAL_MISSING,,False,,PENDING_EVIDENCE_FREEZE,False
200306,14010020000,ARROZ,2016,8,100.0,PARTIAL_MISSING,,False,,PENDING_EVIDENCE_FREEZE,False
200306,14010020000,ARROZ,2016,9,100.0,PARTIAL_MISSING,,False,,PENDING_EVIDENCE_FREEZE,False
200306,14010020000,ARROZ,2016,10,100.0,PARTIAL_MISSING,,False,,PENDING_EVIDENCE_FREEZE,False
200306,14010020000,ARROZ,2016,11,100.0,PARTIAL_MISSING,,False,,PENDING_EVIDENCE_FREEZE,False
200306,14010020000,ARROZ,2016,12,100.0,PARTIAL_MISSING,,False,,PENDING_EVIDENCE_FREEZE,False
200307,14010020000,ARROZ,2016,1,0.0,ZERO,,False,,PENDING_EVIDENCE_FREEZE,False
200307,14010020000,ARROZ,2016,2,0.0,ZERO,,False,,PENDING_EVIDENCE_FREEZE,False
200307,14010020000,ARROZ,2016,3,0.0,ZERO,,False,,PENDING_EVIDENCE_FREEZE,False
200307,14010020000,ARROZ,2016,4,0.0,ZERO,,False,,PENDING_EVIDENCE_FREEZE,False
200307,14010020000,ARROZ,2016,5,0.0,ZERO,,False,,PENDING_EVIDENCE_FREEZE,False
200307,14010020000,ARROZ,2016,6,0.0,ZERO,,False,,PENDING_EVIDENCE_FREEZE,False
200307,14010020000,ARROZ,2016,7,0.0,ZERO,,False,,PENDING_EVIDENCE_FREEZE,False
200307,14010020000,ARROZ,2016,8,0.0,ZERO,,False,,PENDING_EVIDENCE_FREEZE,False
200307,14010020000,ARROZ,2016,9,0.0,ZERO,,False,,PENDING_EVIDENCE_FREEZE,False
200307,14010020000,ARROZ,2016,10,0.0,ZERO,,False,,PENDING_EVIDENCE_FREEZE,False
200307,14010020000,ARROZ,2016,11,0.0,ZERO,,False,,PENDING_EVIDENCE_FREEZE,False
200307,14010020000,ARROZ,2016,12,0.0,ZERO,,False,,PENDING_EVIDENCE_FREEZE,False
200401,14010020000,ARROZ,2016,1,700.0,PARTIAL_MISSING,,False,,PENDING_EVIDENCE_FREEZE,False
200401,14010020000,ARROZ,2016,2,700.0,PARTIAL_MISSING,,False,,PENDING_EVIDENCE_FREEZE,False
200401,14010020000,ARROZ,2016,3,700.0,PARTIAL_MISSING,,False,,PENDING_EVIDENCE_FREEZE,False
200401,14010020000,ARROZ,2016,4,700.0,PARTIAL_MISSING,,False,,PENDING_EVIDENCE_FREEZE,False
200401,14010020000,ARROZ,2016,5,700.0,PARTIAL_MISSING,,False,,PENDING_EVIDENCE_FREEZE,False
200401,14010020000,ARROZ,2016,6,700.0,PARTIAL_MISSING,,False,,PENDING_EVIDENCE_FREEZE,False
200401,14010020000,ARROZ,2016,7,700.0,PARTIAL_MISSING,,False,,PENDING_EVIDENCE_FREEZE,False
200401,14010020000,ARROZ,2016,8,700.0,PARTIAL_MISSING,,False,,PENDING_EVIDENCE_FREEZE,False
200401,14010020000,ARROZ,2016,9,700.0,PARTIAL_MISSING,,False,,PENDING_EVIDENCE_FREEZE,False
200401,14010020000,ARROZ,2016,10,700.0,PARTIAL_MISSING,,False,,PENDING_EVIDENCE_FREEZE,False
200401,14010020000,ARROZ,2016,11,700.0,PARTIAL_MISSING,,False,,PENDING_EVIDENCE_FREEZE,False
200401,14010020000,ARROZ,2016,12,700.0,PARTIAL_MISSING,,False,,PENDING_EVIDENCE_FREEZE,False
200402,14010020000,ARROZ,2016,1,750.0,PARTIAL_MISSING,,False,,PENDING_EVIDENCE_FREEZE,False
200402,14010020000,ARROZ,2016,2,750.0,PARTIAL_MISSING,,False,,PENDING_EVIDENCE_FREEZE,False
200402,14010020000,ARROZ,2016,3,750.0,PARTIAL_MISSING,,False,,PENDING_EVIDENCE_FREEZE,False
200402,14010020000,ARROZ,2016,4,750.0,PARTIAL_MISSING,,False,,PENDING_EVIDENCE_FREEZE,False
200402,14010020000,ARROZ,2016,5,750.0,PARTIAL_MISSING,,False,,PENDING_EVIDENCE_FREEZE,False
200402,14010020000,ARROZ,2016,6,750.0,PARTIAL_MISSING,,False,,PENDING_EVIDENCE_FREEZE,False
200402,14010020000,ARROZ,2016,7,750.0,PARTIAL_MISSING,,False,,PENDING_EVIDENCE_FREEZE,False
200402,14010020000,ARROZ,2016,8,750.0,PARTIAL_MISSING,,False,,PENDING_EVIDENCE_FREEZE,False
200402,14010020000,ARROZ,2016,9,750.0,PARTIAL_MISSING,,False,,PENDING_EVIDENCE_FREEZE,False
200402,14010020000,ARROZ,2016,10,750.0,PARTIAL_MISSING,,False,,PENDING_EVIDENCE_FREEZE,False
200402,14010020000,ARROZ,2016,11,750.0,PARTIAL_MISSING,,False,,PENDING_EVIDENCE_FREEZE,False
200402,14010020000,ARROZ,2016,12,750.0,PARTIAL_MISSING,,False,,PENDING_EVIDENCE_FREEZE,False
200405,14010020000,ARROZ,2016,1,1000.0,PARTIAL_MISSING,,False,,PENDING_EVIDENCE_FREEZE,False
200405,14010020000,ARROZ,2016,2,1000.0,PARTIAL_MISSING,,False,,PENDING_EVIDENCE_FREEZE,False
200405,14010020000,ARROZ,2016,3,1000.0,PARTIAL_MISSING,,False,,PENDING_EVIDENCE_FREEZE,False
200405,14010020000,ARROZ,2016,4,1000.0,PARTIAL_MISSING,,False,,PENDING_EVIDENCE_FREEZE,False
200405,14010020000,ARROZ,2016,5,1000.0,PARTIAL_MISSING,,False,,PENDING_EVIDENCE_FREEZE,False
200405,14010020000,ARROZ,2016,6,1000.0,PARTIAL_MISSING,,False,,PENDING_EVIDENCE_FREEZE,False
200405,14010020000,ARROZ,2016,7,1000.0,PARTIAL_MISSING,,False,,PENDING_EVIDENCE_FREEZE,False
200405,14010020000,ARROZ,2016,8,1000.0,PARTIAL_MISSING,,False,,PENDING_EVIDENCE_FREEZE,False
200405,14010020000,ARROZ,2016,9,1000.0,PARTIAL_MISSING,,False,,PENDING_EVIDENCE_FREEZE,False
200405,14010020000,ARROZ,2016,10,1000.0,PARTIAL_MISSING,,False,,PENDING_EVIDENCE_FREEZE,False
200405,14010020000,ARROZ,2016,11,1000.0,PARTIAL_MISSING,,False,,PENDING_EVIDENCE_FREEZE,False
200405,14010020000,ARROZ,2016,12,1000.0,PARTIAL_MISSING,,False,,PENDING_EVIDENCE_FREEZE,False
200406,14010020000,ARROZ,2016,1,120.0,PARTIAL_MISSING,,False,,PENDING_EVIDENCE_FREEZE,False
200406,14010020000,ARROZ,2016,2,120.0,PARTIAL_MISSING,,False,,PENDING_EVIDENCE_FREEZE,False
200406,14010020000,ARROZ,2016,3,120.0,PARTIAL_MISSING,,False,,PENDING_EVIDENCE_FREEZE,False
200406,14010020000,ARROZ,2016,4,120.0,PARTIAL_MISSING,,False,,PENDING_EVIDENCE_FREEZE,False
200406,14010020000,ARROZ,2016,5,120.0,PARTIAL_MISSING,,False,,PENDING_EVIDENCE_FREEZE,False
200406,14010020000,ARROZ,2016,6,120.0,PARTIAL_MISSING,,False,,PENDING_EVIDENCE_FREEZE,False
200406,14010020000,ARROZ,2016,7,120.0,PARTIAL_MISSING,,False,,PENDING_EVIDENCE_FREEZE,False
200406,14010020000,ARROZ,2016,8,120.0,PARTIAL_MISSING,,False,,PENDING_EVIDENCE_FREEZE,False
200406,14010020000,ARROZ,2016,9,120.0,PARTIAL_MISSING,,False,,PENDING_EVIDENCE_FREEZE,False
200406,14010020000,ARROZ,2016,10,120.0,PARTIAL_MISSING,,False,,PENDING_EVIDENCE_FREEZE,False
200406,14010020000,ARROZ,2016,11,120.0,PARTIAL_MISSING,,False,,PENDING_EVIDENCE_FREEZE,False
200406,14010020000,ARROZ,2016,12,120.0,PARTIAL_MISSING,,False,,PENDING_EVIDENCE_FREEZE,False
200407,14010020000,ARROZ,2016,1,1062.0,PARTIAL_MISSING,,False,,PENDING_EVIDENCE_FREEZE,False
200407,14010020000,ARROZ,2016,2,1062.0,PARTIAL_MISSING,,False,,PENDING_EVIDENCE_FREEZE,False
200407,14010020000,ARROZ,2016,3,1062.0,PARTIAL_MISSING,,False,,PENDING_EVIDENCE_FREEZE,False
200407,14010020000,ARROZ,2016,4,1062.0,PARTIAL_MISSING,,False,,PENDING_EVIDENCE_FREEZE,False
200407,14010020000,ARROZ,2016,5,1062.0,PARTIAL_MISSING,,False,,PENDING_EVIDENCE_FREEZE,False
200407,14010020000,ARROZ,2016,6,1062.0,PARTIAL_MISSING,,False,,PENDING_EVIDENCE_FREEZE,False
200407,14010020000,ARROZ,2016,7,1062.0,PARTIAL_MISSING,,False,,PENDING_EVIDENCE_FREEZE,False
200407,14010020000,ARROZ,2016,8,1062.0,PARTIAL_MISSING,,False,,PENDING_EVIDENCE_FREEZE,False
200407,14010020000,ARROZ,2016,9,1062.0,PARTIAL_MISSING,,False,,PENDING_EVIDENCE_FREEZE,False
200407,14010020000,ARROZ,2016,10,1062.0,PARTIAL_MISSING,,False,,PENDING_EVIDENCE_FREEZE,False
200407,14010020000,ARROZ,2016,11,1062.0,PARTIAL_MISSING,,False,,PENDING_EVIDENCE_FREEZE,False
200407,14010020000,ARROZ,2016,12,1062.0,PARTIAL_MISSING,,False,,PENDING_EVIDENCE_FREEZE,False
200408,14010020000,ARROZ,2016,1,450.0,PARTIAL_MISSING,,False,,PENDING_EVIDENCE_FREEZE,False
200408,14010020000,ARROZ,2016,2,450.0,PARTIAL_MISSING,,False,,PENDING_EVIDENCE_FREEZE,False
200408,14010020000,ARROZ,2016,3,450.0,PARTIAL_MISSING,,False,,PENDING_EVIDENCE_FREEZE,False
200408,14010020000,ARROZ,2016,4,450.0,PARTIAL_MISSING,,False,,PENDING_EVIDENCE_FREEZE,False
200408,14010020000,ARROZ,2016,5,450.0,PARTIAL_MISSING,,False,,PENDING_EVIDENCE_FREEZE,False
200408,14010020000,ARROZ,2016,6,450.0,PARTIAL_MISSING,,False,,PENDING_EVIDENCE_FREEZE,False
200408,14010020000,ARROZ,2016,7,450.0,PARTIAL_MISSING,,False,,PENDING_EVIDENCE_FREEZE,False
200408,14010020000,ARROZ,2016,8,450.0,PARTIAL_MISSING,,False,,PENDING_EVIDENCE_FREEZE,False
200408,14010020000,ARROZ,2016,9,450.0,PARTIAL_MISSING,,False,,PENDING_EVIDENCE_FREEZE,False
200408,14010020000,ARROZ,2016,10,450.0,PARTIAL_MISSING,,False,,PENDING_EVIDENCE_FREEZE,False
200408,14010020000,ARROZ,2016,11,450.0,PARTIAL_MISSING,,False,,PENDING_EVIDENCE_FREEZE,False
200408,14010020000,ARROZ,2016,12,450.0,PARTIAL_MISSING,,False,,PENDING_EVIDENCE_FREEZE,False
200409,14010020000,ARROZ,2016,1,32.0,PARTIAL_MISSING,,False,,PENDING_EVIDENCE_FREEZE,False
200409,14010020000,ARROZ,2016,2,32.0,PARTIAL_MISSING,,False,,PENDING_EVIDENCE_FREEZE,False
200409,14010020000,ARROZ,2016,3,32.0,PARTIAL_MISSING,,False,,PENDING_EVIDENCE_FREEZE,False
200409,14010020000,ARROZ,2016,4,32.0,PARTIAL_MISSING,,False,,PENDING_EVIDENCE_FREEZE,False
200409,14010020000,ARROZ,2016,5,32.0,PARTIAL_MISSING,,False,,PENDING_EVIDENCE_FREEZE,False
200409,14010020000,ARROZ,2016,6,32.0,PARTIAL_MISSING,,False,,PENDING_EVIDENCE_FREEZE,False
200409,14010020000,ARROZ,2016,7,32.0,PARTIAL_MISSING,,False,,PENDING_EVIDENCE_FREEZE,False
200409,14010020000,ARROZ,2016,8,32.0,PARTIAL_MISSING,,False,,PENDING_EVIDENCE_FREEZE,False
200409,14010020000,ARROZ,2016,9,32.0,PARTIAL_MISSING,,False,,PENDING_EVIDENCE_FREEZE,False
200409,14010020000,ARROZ,2016,10,32.0,PARTIAL_MISSING,,False,,PENDING_EVIDENCE_FREEZE,False
200409,14010020000,ARROZ,2016,11,32.0,PARTIAL_MISSING,,False,,PENDING_EVIDENCE_FREEZE,False
200409,14010020000,ARROZ,2016,12,32.0,PARTIAL_MISSING,,False,,PENDING_EVIDENCE_FREEZE,False
200410,14010020000,ARROZ,2016,1,100.0,PARTIAL_MISSING,,False,,PENDING_EVIDENCE_FREEZE,False
200410,14010020000,ARROZ,2016,2,100.0,PARTIAL_MISSING,,False,,PENDING_EVIDENCE_FREEZE,False
200410,14010020000,ARROZ,2016,3,100.0,PARTIAL_MISSING,,False,,PENDING_EVIDENCE_FREEZE,False
200410,14010020000,ARROZ,2016,4,100.0,PARTIAL_MISSING,,False,,PENDING_EVIDENCE_FREEZE,False
200410,14010020000,ARROZ,2016,5,100.0,PARTIAL_MISSING,,False,,PENDING_EVIDENCE_FREEZE,False
200410,14010020000,ARROZ,2016,6,100.0,PARTIAL_MISSING,,False,,PENDING_EVIDENCE_FREEZE,False
200410,14010020000,ARROZ,2016,7,100.0,PARTIAL_MISSING,,False,,PENDING_EVIDENCE_FREEZE,False
200410,14010020000,ARROZ,2016,8,100.0,PARTIAL_MISSING,,False,,PENDING_EVIDENCE_FREEZE,False
200410,14010020000,ARROZ,2016,9,100.0,PARTIAL_MISSING,,False,,PENDING_EVIDENCE_FREEZE,False
200410,14010020000,ARROZ,2016,10,100.0,PARTIAL_MISSING,,False,,PENDING_EVIDENCE_FREEZE,False
200410,14010020000,ARROZ,2016,11,100.0,PARTIAL_MISSING,,False,,PENDING_EVIDENCE_FREEZE,False
200410,14010020000,ARROZ,2016,12,100.0,PARTIAL_MISSING,,False,,PENDING_EVIDENCE_FREEZE,False
200502,14010020000,ARROZ,2016,1,660.0,POSITIVE,0.0,False,,PENDING_EVIDENCE_FREEZE,False
200502,14010020000,ARROZ,2016,2,660.0,POSITIVE,0.0,False,,PENDING_EVIDENCE_FREEZE,False
200502,14010020000,ARROZ,2016,3,660.0,POSITIVE,0.0,False,,PENDING_EVIDENCE_FREEZE,False
200502,14010020000,ARROZ,2016,4,660.0,POSITIVE,0.0,False,,PENDING_EVIDENCE_FREEZE,False
200502,14010020000,ARROZ,2016,5,660.0,POSITIVE,0.0,False,,PENDING_EVIDENCE_FREEZE,False
200502,14010020000,ARROZ,2016,6,660.0,POSITIVE,0.30303030303030304,True,201507,PENDING_EVIDENCE_FREEZE,False
200502,14010020000,ARROZ,2016,7,660.0,POSITIVE,0.4545454545454546,True,201506;201507,PENDING_EVIDENCE_FREEZE,False
200502,14010020000,ARROZ,2016,8,660.0,POSITIVE,0.4545454545454546,True,201505;201506;201507,PENDING_EVIDENCE_FREEZE,False
200502,14010020000,ARROZ,2016,9,660.0,POSITIVE,0.4545454545454546,True,201504;201505;201506;201507,PENDING_EVIDENCE_FREEZE,False
200502,14010020000,ARROZ,2016,10,660.0,POSITIVE,0.5454545454545455,True,201503;201504;201505;201506;201507,PENDING_EVIDENCE_FREEZE,False
200502,14010020000,ARROZ,2016,11,660.0,POSITIVE,0.6212121212121213,True,201502;201503;201504;201505;201506;201507,PENDING_EVIDENCE_FREEZE,False
200502,14010020000,ARROZ,2016,12,660.0,POSITIVE,0.6212121212121213,True,201501;201502;201503;201504;201505;201506;201507,PENDING_EVIDENCE_FREEZE,False
200503,14010020000,ARROZ,2016,1,0.0,ZERO,,False,,PENDING_EVIDENCE_FREEZE,False
200503,14010020000,ARROZ,2016,2,0.0,ZERO,,False,,PENDING_EVIDENCE_FREEZE,False
200503,14010020000,ARROZ,2016,3,0.0,ZERO,,False,,PENDING_EVIDENCE_FREEZE,False
200503,14010020000,ARROZ,2016,4,0.0,ZERO,,False,,PENDING_EVIDENCE_FREEZE,False
200503,14010020000,ARROZ,2016,5,0.0,ZERO,,False,,PENDING_EVIDENCE_FREEZE,False
200503,14010020000,ARROZ,2016,6,0.0,ZERO,,False,,PENDING_EVIDENCE_FREEZE,False
200503,14010020000,ARROZ,2016,7,0.0,ZERO,,False,,PENDING_EVIDENCE_FREEZE,False
200503,14010020000,ARROZ,2016,8,0.0,ZERO,,False,,PENDING_EVIDENCE_FREEZE,False
200503,14010020000,ARROZ,2016,9,0.0,ZERO,,False,,PENDING_EVIDENCE_FREEZE,False
200503,14010020000,ARROZ,2016,10,0.0,ZERO,,False,,PENDING_EVIDENCE_FREEZE,False
200503,14010020000,ARROZ,2016,11,0.0,ZERO,,False,,PENDING_EVIDENCE_FREEZE,False
200503,14010020000,ARROZ,2016,12,0.0,ZERO,,False,,PENDING_EVIDENCE_FREEZE,False
200505,14010020000,ARROZ,2016,1,1421.0,PARTIAL_MISSING,,False,,PENDING_EVIDENCE_FREEZE,False
200505,14010020000,ARROZ,2016,2,1421.0,PARTIAL_MISSING,,False,,PENDING_EVIDENCE_FREEZE,False
200505,14010020000,ARROZ,2016,3,1421.0,PARTIAL_MISSING,,False,,PENDING_EVIDENCE_FREEZE,False
200505,14010020000,ARROZ,2016,4,1421.0,PARTIAL_MISSING,,False,,PENDING_EVIDENCE_FREEZE,False
200505,14010020000,ARROZ,2016,5,1421.0,PARTIAL_MISSING,,False,,PENDING_EVIDENCE_FREEZE,False
200505,14010020000,ARROZ,2016,6,1421.0,PARTIAL_MISSING,,False,,PENDING_EVIDENCE_FREEZE,False
200505,14010020000,ARROZ,2016,7,1421.0,PARTIAL_MISSING,,False,,PENDING_EVIDENCE_FREEZE,False
200505,14010020000,ARROZ,2016,8,1421.0,PARTIAL_MISSING,,False,,PENDING_EVIDENCE_FREEZE,False
200505,14010020000,ARROZ,2016,9,1421.0,PARTIAL_MISSING,,False,,PENDING_EVIDENCE_FREEZE,False
200505,14010020000,ARROZ,2016,10,1421.0,PARTIAL_MISSING,,False,,PENDING_EVIDENCE_FREEZE,False
200505,14010020000,ARROZ,2016,11,1421.0,PARTIAL_MISSING,,False,,PENDING_EVIDENCE_FREEZE,False
200505,14010020000,ARROZ,2016,12,1421.0,PARTIAL_MISSING,,False,,PENDING_EVIDENCE_FREEZE,False
200506,14010020000,ARROZ,2016,1,962.0,PARTIAL_MISSING,,False,,PENDING_EVIDENCE_FREEZE,False
200506,14010020000,ARROZ,2016,2,962.0,PARTIAL_MISSING,,False,,PENDING_EVIDENCE_FREEZE,False
200506,14010020000,ARROZ,2016,3,962.0,PARTIAL_MISSING,,False,,PENDING_EVIDENCE_FREEZE,False
200506,14010020000,ARROZ,2016,4,962.0,PARTIAL_MISSING,,False,,PENDING_EVIDENCE_FREEZE,False
200506,14010020000,ARROZ,2016,5,962.0,PARTIAL_MISSING,,False,,PENDING_EVIDENCE_FREEZE,False
200506,14010020000,ARROZ,2016,6,962.0,PARTIAL_MISSING,,False,,PENDING_EVIDENCE_FREEZE,False
200506,14010020000,ARROZ,2016,7,962.0,PARTIAL_MISSING,,False,,PENDING_EVIDENCE_FREEZE,False
200506,14010020000,ARROZ,2016,8,962.0,PARTIAL_MISSING,,False,,PENDING_EVIDENCE_FREEZE,False
200506,14010020000,ARROZ,2016,9,962.0,PARTIAL_MISSING,,False,,PENDING_EVIDENCE_FREEZE,False
200506,14010020000,ARROZ,2016,10,962.0,PARTIAL_MISSING,,False,,PENDING_EVIDENCE_FREEZE,False
200506,14010020000,ARROZ,2016,11,962.0,PARTIAL_MISSING,,False,,PENDING_EVIDENCE_FREEZE,False
200506,14010020000,ARROZ,2016,12,962.0,PARTIAL_MISSING,,False,,PENDING_EVIDENCE_FREEZE,False
200601,14010020000,ARROZ,2016,1,4490.0,POSITIVE,0.0,False,,PENDING_EVIDENCE_FREEZE,False
200601,14010020000,ARROZ,2016,2,4490.0,POSITIVE,0.0,False,,PENDING_EVIDENCE_FREEZE,False
200601,14010020000,ARROZ,2016,3,4490.0,POSITIVE,0.0,False,,PENDING_EVIDENCE_FREEZE,False
200601,14010020000,ARROZ,2016,4,4490.0,POSITIVE,0.0,False,,PENDING_EVIDENCE_FREEZE,False
200601,14010020000,ARROZ,2016,5,4490.0,POSITIVE,0.0,False,,PENDING_EVIDENCE_FREEZE,False
200601,14010020000,ARROZ,2016,6,4490.0,POSITIVE,0.267260579064588,True,201507,PENDING_EVIDENCE_FREEZE,False
200601,14010020000,ARROZ,2016,7,4490.0,POSITIVE,0.311804008908686,True,201506;201507,PENDING_EVIDENCE_FREEZE,False
200601,14010020000,ARROZ,2016,8,4490.0,POSITIVE,0.311804008908686,True,201505;201506;201507,PENDING_EVIDENCE_FREEZE,False
200601,14010020000,ARROZ,2016,9,4490.0,POSITIVE,0.311804008908686,True,201504;201505;201506;201507,PENDING_EVIDENCE_FREEZE,False
200601,14010020000,ARROZ,2016,10,4490.0,POSITIVE,0.5567928730512249,True,201503;201504;201505;201506;201507,PENDING_EVIDENCE_FREEZE,False
200601,14010020000,ARROZ,2016,11,4490.0,POSITIVE,0.709576837416481,True,201502;201503;201504;201505;201506;201507,PENDING_EVIDENCE_FREEZE,False
200601,14010020000,ARROZ,2016,12,4490.0,POSITIVE,0.709576837416481,True,201501;201502;201503;201504;201505;201506;201507,PENDING_EVIDENCE_FREEZE,False
200603,14010020000,ARROZ,2016,1,9489.0,POSITIVE,0.0,False,,PENDING_EVIDENCE_FREEZE,False
200603,14010020000,ARROZ,2016,2,9489.0,POSITIVE,0.0,False,,PENDING_EVIDENCE_FREEZE,False
200603,14010020000,ARROZ,2016,3,9489.0,POSITIVE,0.0,False,,PENDING_EVIDENCE_FREEZE,False
200603,14010020000,ARROZ,2016,4,9489.0,POSITIVE,0.0,False,,PENDING_EVIDENCE_FREEZE,False
200603,14010020000,ARROZ,2016,5,9489.0,POSITIVE,0.0,False,,PENDING_EVIDENCE_FREEZE,False
200603,14010020000,ARROZ,2016,6,9489.0,POSITIVE,0.18969332911792602,True,201507,PENDING_EVIDENCE_FREEZE,False
200603,14010020000,ARROZ,2016,7,9489.0,POSITIVE,0.39308673200548006,True,201506;201507,PENDING_EVIDENCE_FREEZE,False
200603,14010020000,ARROZ,2016,8,9489.0,POSITIVE,0.39308673200548006,True,201505;201506;201507,PENDING_EVIDENCE_FREEZE,False
200603,14010020000,ARROZ,2016,9,9489.0,POSITIVE,0.39308673200548006,True,201504;201505;201506;201507,PENDING_EVIDENCE_FREEZE,False
200603,14010020000,ARROZ,2016,10,9489.0,POSITIVE,0.6565496891137106,True,201503;201504;201505;201506;201507,PENDING_EVIDENCE_FREEZE,False
200603,14010020000,ARROZ,2016,11,9489.0,POSITIVE,0.6902729476235641,True,201502;201503;201504;201505;201506;201507,PENDING_EVIDENCE_FREEZE,False
200603,14010020000,ARROZ,2016,12,9489.0,POSITIVE,0.6902729476235641,True,201501;201502;201503;201504;201505;201506;201507,PENDING_EVIDENCE_FREEZE,False
200605,14010020000,ARROZ,2016,1,6705.0,PARTIAL_MISSING,,False,,PENDING_EVIDENCE_FREEZE,False
200605,14010020000,ARROZ,2016,2,6705.0,PARTIAL_MISSING,,False,,PENDING_EVIDENCE_FREEZE,False
200605,14010020000,ARROZ,2016,3,6705.0,PARTIAL_MISSING,,False,,PENDING_EVIDENCE_FREEZE,False
200605,14010020000,ARROZ,2016,4,6705.0,PARTIAL_MISSING,,False,,PENDING_EVIDENCE_FREEZE,False
200605,14010020000,ARROZ,2016,5,6705.0,PARTIAL_MISSING,,False,,PENDING_EVIDENCE_FREEZE,False
200605,14010020000,ARROZ,2016,6,6705.0,PARTIAL_MISSING,,False,,PENDING_EVIDENCE_FREEZE,False
200605,14010020000,ARROZ,2016,7,6705.0,PARTIAL_MISSING,,False,,PENDING_EVIDENCE_FREEZE,False
200605,14010020000,ARROZ,2016,8,6705.0,PARTIAL_MISSING,,False,,PENDING_EVIDENCE_FREEZE,False
200605,14010020000,ARROZ,2016,9,6705.0,PARTIAL_MISSING,,False,,PENDING_EVIDENCE_FREEZE,False
200605,14010020000,ARROZ,2016,10,6705.0,PARTIAL_MISSING,,False,,PENDING_EVIDENCE_FREEZE,False
200605,14010020000,ARROZ,2016,11,6705.0,PARTIAL_MISSING,,False,,PENDING_EVIDENCE_FREEZE,False
200605,14010020000,ARROZ,2016,12,6705.0,PARTIAL_MISSING,,False,,PENDING_EVIDENCE_FREEZE,False
200607,14010020000,ARROZ,2016,1,2661.0,PARTIAL_MISSING,,False,,PENDING_EVIDENCE_FREEZE,False
200607,14010020000,ARROZ,2016,2,2661.0,PARTIAL_MISSING,,False,,PENDING_EVIDENCE_FREEZE,False
200607,14010020000,ARROZ,2016,3,2661.0,PARTIAL_MISSING,,False,,PENDING_EVIDENCE_FREEZE,False
200607,14010020000,ARROZ,2016,4,2661.0,PARTIAL_MISSING,,False,,PENDING_EVIDENCE_FREEZE,False
200607,14010020000,ARROZ,2016,5,2661.0,PARTIAL_MISSING,,False,,PENDING_EVIDENCE_FREEZE,False
200607,14010020000,ARROZ,2016,6,2661.0,PARTIAL_MISSING,,False,,PENDING_EVIDENCE_FREEZE,False
200607,14010020000,ARROZ,2016,7,2661.0,PARTIAL_MISSING,,False,,PENDING_EVIDENCE_FREEZE,False
200607,14010020000,ARROZ,2016,8,2661.0,PARTIAL_MISSING,,False,,PENDING_EVIDENCE_FREEZE,False
200607,14010020000,ARROZ,2016,9,2661.0,PARTIAL_MISSING,,False,,PENDING_EVIDENCE_FREEZE,False
200607,14010020000,ARROZ,2016,10,2661.0,PARTIAL_MISSING,,False,,PENDING_EVIDENCE_FREEZE,False
200607,14010020000,ARROZ,2016,11,2661.0,PARTIAL_MISSING,,False,,PENDING_EVIDENCE_FREEZE,False
200607,14010020000,ARROZ,2016,12,2661.0,PARTIAL_MISSING,,False,,PENDING_EVIDENCE_FREEZE,False
200608,14010020000,ARROZ,2016,1,260.0,PARTIAL_MISSING,,False,,PENDING_EVIDENCE_FREEZE,False
200608,14010020000,ARROZ,2016,2,260.0,PARTIAL_MISSING,,False,,PENDING_EVIDENCE_FREEZE,False
200608,14010020000,ARROZ,2016,3,260.0,PARTIAL_MISSING,,False,,PENDING_EVIDENCE_FREEZE,False
200608,14010020000,ARROZ,2016,4,260.0,PARTIAL_MISSING,,False,,PENDING_EVIDENCE_FREEZE,False
200608,14010020000,ARROZ,2016,5,260.0,PARTIAL_MISSING,,False,,PENDING_EVIDENCE_FREEZE,False
200608,14010020000,ARROZ,2016,6,260.0,PARTIAL_MISSING,,False,,PENDING_EVIDENCE_FREEZE,False
200608,14010020000,ARROZ,2016,7,260.0,PARTIAL_MISSING,,False,,PENDING_EVIDENCE_FREEZE,False
200608,14010020000,ARROZ,2016,8,260.0,PARTIAL_MISSING,,False,,PENDING_EVIDENCE_FREEZE,False
200608,14010020000,ARROZ,2016,9,260.0,PARTIAL_MISSING,,False,,PENDING_EVIDENCE_FREEZE,False
200608,14010020000,ARROZ,2016,10,260.0,PARTIAL_MISSING,,False,,PENDING_EVIDENCE_FREEZE,False
200608,14010020000,ARROZ,2016,11,260.0,PARTIAL_MISSING,,False,,PENDING_EVIDENCE_FREEZE,False
200608,14010020000,ARROZ,2016,12,260.0,PARTIAL_MISSING,,False,,PENDING_EVIDENCE_FREEZE,False
200801,14010020000,ARROZ,2016,1,1145.0,POSITIVE,0.0,False,,PENDING_EVIDENCE_FREEZE,False
200801,14010020000,ARROZ,2016,2,1145.0,POSITIVE,0.0,False,,PENDING_EVIDENCE_FREEZE,False
200801,14010020000,ARROZ,2016,3,1145.0,POSITIVE,0.0,False,,PENDING_EVIDENCE_FREEZE,False
200801,14010020000,ARROZ,2016,4,1145.0,POSITIVE,0.0,False,,PENDING_EVIDENCE_FREEZE,False
200801,14010020000,ARROZ,2016,5,1145.0,POSITIVE,0.0,False,,PENDING_EVIDENCE_FREEZE,False
200801,14010020000,ARROZ,2016,6,1145.0,POSITIVE,0.13624454148471615,True,201507,PENDING_EVIDENCE_FREEZE,False
200801,14010020000,ARROZ,2016,7,1145.0,POSITIVE,0.13624454148471615,True,201506;201507,PENDING_EVIDENCE_FREEZE,False
200801,14010020000,ARROZ,2016,8,1145.0,POSITIVE,0.13624454148471615,True,201505;201506;201507,PENDING_EVIDENCE_FREEZE,False
200801,14010020000,ARROZ,2016,9,1145.0,POSITIVE,0.13624454148471615,True,201504;201505;201506;201507,PENDING_EVIDENCE_FREEZE,False
200801,14010020000,ARROZ,2016,10,1145.0,POSITIVE,0.13624454148471615,True,201503;201504;201505;201506;201507,PENDING_EVIDENCE_FREEZE,False
200801,14010020000,ARROZ,2016,11,1145.0,POSITIVE,0.7650655021834061,True,201502;201503;201504;201505;201506;201507,PENDING_EVIDENCE_FREEZE,False
200801,14010020000,ARROZ,2016,12,1145.0,POSITIVE,1.0,True,201501;201502;201503;201504;201505;201506;201507,PENDING_EVIDENCE_FREEZE,False
200802,14010020000,ARROZ,2016,1,1192.0,POSITIVE,0.0,False,,PENDING_EVIDENCE_FREEZE,False
200802,14010020000,ARROZ,2016,2,1192.0,POSITIVE,0.0,False,,PENDING_EVIDENCE_FREEZE,False
200802,14010020000,ARROZ,2016,3,1192.0,POSITIVE,0.0,False,,PENDING_EVIDENCE_FREEZE,False
200802,14010020000,ARROZ,2016,4,1192.0,POSITIVE,0.0,False,,PENDING_EVIDENCE_FREEZE,False
200802,14010020000,ARROZ,2016,5,1192.0,POSITIVE,0.0,False,,PENDING_EVIDENCE_FREEZE,False
200802,14010020000,ARROZ,2016,6,1192.0,POSITIVE,0.1476510067114094,True,201507,PENDING_EVIDENCE_FREEZE,False
200802,14010020000,ARROZ,2016,7,1192.0,POSITIVE,0.1476510067114094,True,201506;201507,PENDING_EVIDENCE_FREEZE,False
200802,14010020000,ARROZ,2016,8,1192.0,POSITIVE,0.1476510067114094,True,201505;201506;201507,PENDING_EVIDENCE_FREEZE,False
200802,14010020000,ARROZ,2016,9,1192.0,POSITIVE,0.1476510067114094,True,201504;201505;201506;201507,PENDING_EVIDENCE_FREEZE,False
200802,14010020000,ARROZ,2016,10,1192.0,POSITIVE,0.1476510067114094,True,201503;201504;201505;201506;201507,PENDING_EVIDENCE_FREEZE,False
200802,14010020000,ARROZ,2016,11,1192.0,POSITIVE,0.8187919463087249,True,201502;201503;201504;201505;201506;201507,PENDING_EVIDENCE_FREEZE,False
200802,14010020000,ARROZ,2016,12,1192.0,POSITIVE,0.9790268456375839,True,201501;201502;201503;201504;201505;201506;201507,PENDING_EVIDENCE_FREEZE,False
200803,14010020000,ARROZ,2016,1,1616.0,POSITIVE,0.0,False,,PENDING_EVIDENCE_FREEZE,False
200803,14010020000,ARROZ,2016,2,1616.0,POSITIVE,0.0,False,,PENDING_EVIDENCE_FREEZE,False
200803,14010020000,ARROZ,2016,3,1616.0,POSITIVE,0.0,False,,PENDING_EVIDENCE_FREEZE,False
200803,14010020000,ARROZ,2016,4,1616.0,POSITIVE,0.0,False,,PENDING_EVIDENCE_FREEZE,False
200803,14010020000,ARROZ,2016,5,1616.0,POSITIVE,0.0,False,,PENDING_EVIDENCE_FREEZE,False
200803,14010020000,ARROZ,2016,6,1616.0,POSITIVE,0.17017326732673269,True,201507,PENDING_EVIDENCE_FREEZE,False
200803,14010020000,ARROZ,2016,7,1616.0,POSITIVE,0.17017326732673269,True,201506;201507,PENDING_EVIDENCE_FREEZE,False
200803,14010020000,ARROZ,2016,8,1616.0,POSITIVE,0.17017326732673269,True,201505;201506;201507,PENDING_EVIDENCE_FREEZE,False
200803,14010020000,ARROZ,2016,9,1616.0,POSITIVE,0.17017326732673269,True,201504;201505;201506;201507,PENDING_EVIDENCE_FREEZE,False
200803,14010020000,ARROZ,2016,10,1616.0,POSITIVE,0.17017326732673269,True,201503;201504;201505;201506;201507,PENDING_EVIDENCE_FREEZE,False
200803,14010020000,ARROZ,2016,11,1616.0,POSITIVE,0.9096534653465347,True,201502;201503;201504;201505;201506;201507,PENDING_EVIDENCE_FREEZE,False
200803,14010020000,ARROZ,2016,12,1616.0,POSITIVE,0.962871287128713,True,201501;201502;201503;201504;201505;201506;201507,PENDING_EVIDENCE_FREEZE,False
200804,14010020000,ARROZ,2016,1,715.0,POSITIVE,0.0,False,,PENDING_EVIDENCE_FREEZE,False
200804,14010020000,ARROZ,2016,2,715.0,POSITIVE,0.0,False,,PENDING_EVIDENCE_FREEZE,False
200804,14010020000,ARROZ,2016,3,715.0,POSITIVE,0.0,False,,PENDING_EVIDENCE_FREEZE,False
200804,14010020000,ARROZ,2016,4,715.0,POSITIVE,0.0,False,,PENDING_EVIDENCE_FREEZE,False
200804,14010020000,ARROZ,2016,5,715.0,POSITIVE,0.0,False,,PENDING_EVIDENCE_FREEZE,False
200804,14010020000,ARROZ,2016,6,715.0,POSITIVE,0.13286713286713286,True,201507,PENDING_EVIDENCE_FREEZE,False
200804,14010020000,ARROZ,2016,7,715.0,POSITIVE,0.13286713286713286,True,201506;201507,PENDING_EVIDENCE_FREEZE,False
200804,14010020000,ARROZ,2016,8,715.0,POSITIVE,0.13286713286713286,True,201505;201506;201507,PENDING_EVIDENCE_FREEZE,False
200804,14010020000,ARROZ,2016,9,715.0,POSITIVE,0.13286713286713286,True,201504;201505;201506;201507,PENDING_EVIDENCE_FREEZE,False
200804,14010020000,ARROZ,2016,10,715.0,POSITIVE,0.13286713286713286,True,201503;201504;201505;201506;201507,PENDING_EVIDENCE_FREEZE,False
200804,14010020000,ARROZ,2016,11,715.0,POSITIVE,0.4125874125874126,True,201502;201503;201504;201505;201506;201507,PENDING_EVIDENCE_FREEZE,False
200804,14010020000,ARROZ,2016,12,715.0,POSITIVE,1.0,True,201501;201502;201503;201504;201505;201506;201507,PENDING_EVIDENCE_FREEZE,False
200805,14010020000,ARROZ,2016,1,1212.0,POSITIVE,0.0,False,,PENDING_EVIDENCE_FREEZE,False
200805,14010020000,ARROZ,2016,2,1212.0,POSITIVE,0.0,False,,PENDING_EVIDENCE_FREEZE,False
200805,14010020000,ARROZ,2016,3,1212.0,POSITIVE,0.0,False,,PENDING_EVIDENCE_FREEZE,False
200805,14010020000,ARROZ,2016,4,1212.0,POSITIVE,0.0,False,,PENDING_EVIDENCE_FREEZE,False
200805,14010020000,ARROZ,2016,5,1212.0,POSITIVE,0.0,False,,PENDING_EVIDENCE_FREEZE,False
200805,14010020000,ARROZ,2016,6,1212.0,POSITIVE,0.1551155115511551,True,201507,PENDING_EVIDENCE_FREEZE,False
200805,14010020000,ARROZ,2016,7,1212.0,POSITIVE,0.1551155115511551,True,201506;201507,PENDING_EVIDENCE_FREEZE,False
200805,14010020000,ARROZ,2016,8,1212.0,POSITIVE,0.1551155115511551,True,201505;201506;201507,PENDING_EVIDENCE_FREEZE,False
200805,14010020000,ARROZ,2016,9,1212.0,POSITIVE,0.1551155115511551,True,201504;201505;201506;201507,PENDING_EVIDENCE_FREEZE,False
200805,14010020000,ARROZ,2016,10,1212.0,POSITIVE,0.1551155115511551,True,201503;201504;201505;201506;201507,PENDING_EVIDENCE_FREEZE,False
200805,14010020000,ARROZ,2016,11,1212.0,POSITIVE,0.7739273927392739,True,201502;201503;201504;201505;201506;201507,PENDING_EVIDENCE_FREEZE,False
200805,14010020000,ARROZ,2016,12,1212.0,POSITIVE,0.9892739273927392,True,201501;201502;201503;201504;201505;201506;201507,PENDING_EVIDENCE_FREEZE,False
200806,14010020000,ARROZ,2016,1,1210.0,POSITIVE,0.0,False,,PENDING_EVIDENCE_FREEZE,False
200806,14010020000,ARROZ,2016,2,1210.0,POSITIVE,0.0,False,,PENDING_EVIDENCE_FREEZE,False
200806,14010020000,ARROZ,2016,3,1210.0,POSITIVE,0.0,False,,PENDING_EVIDENCE_FREEZE,False
200806,14010020000,ARROZ,2016,4,1210.0,POSITIVE,0.0,False,,PENDING_EVIDENCE_FREEZE,False
200806,14010020000,ARROZ,2016,5,1210.0,POSITIVE,0.0,False,,PENDING_EVIDENCE_FREEZE,False
200806,14010020000,ARROZ,2016,6,1210.0,POSITIVE,0.1487603305785124,True,201507,PENDING_EVIDENCE_FREEZE,False
200806,14010020000,ARROZ,2016,7,1210.0,POSITIVE,0.1487603305785124,True,201506;201507,PENDING_EVIDENCE_FREEZE,False
200806,14010020000,ARROZ,2016,8,1210.0,POSITIVE,0.1487603305785124,True,201505;201506;201507,PENDING_EVIDENCE_FREEZE,False
200806,14010020000,ARROZ,2016,9,1210.0,POSITIVE,0.1487603305785124,True,201504;201505;201506;201507,PENDING_EVIDENCE_FREEZE,False
200806,14010020000,ARROZ,2016,10,1210.0,POSITIVE,0.1487603305785124,True,201503;201504;201505;201506;201507,PENDING_EVIDENCE_FREEZE,False
200806,14010020000,ARROZ,2016,11,1210.0,POSITIVE,0.8512396694214877,True,201502;201503;201504;201505;201506;201507,PENDING_EVIDENCE_FREEZE,False
200806,14010020000,ARROZ,2016,12,1210.0,POSITIVE,0.9826446280991736,True,201501;201502;201503;201504;201505;201506;201507,PENDING_EVIDENCE_FREEZE,False
200101,14010070000,MAIZ AMARILLO DURO,2016,1,23.0,PARTIAL_MISSING,,False,,PENDING_EVIDENCE_FREEZE,False
200101,14010070000,MAIZ AMARILLO DURO,2016,2,23.0,PARTIAL_MISSING,,False,,PENDING_EVIDENCE_FREEZE,False
200101,14010070000,MAIZ AMARILLO DURO,2016,3,23.0,PARTIAL_MISSING,,False,,PENDING_EVIDENCE_FREEZE,False
200101,14010070000,MAIZ AMARILLO DURO,2016,4,23.0,PARTIAL_MISSING,,False,,PENDING_EVIDENCE_FREEZE,False
200101,14010070000,MAIZ AMARILLO DURO,2016,5,23.0,PARTIAL_MISSING,,False,,PENDING_EVIDENCE_FREEZE,False
200101,14010070000,MAIZ AMARILLO DURO,2016,6,23.0,PARTIAL_MISSING,,False,,PENDING_EVIDENCE_FREEZE,False
200101,14010070000,MAIZ AMARILLO DURO,2016,7,23.0,PARTIAL_MISSING,,False,,PENDING_EVIDENCE_FREEZE,False
200101,14010070000,MAIZ AMARILLO DURO,2016,8,23.0,PARTIAL_MISSING,,False,,PENDING_EVIDENCE_FREEZE,False
200101,14010070000,MAIZ AMARILLO DURO,2016,9,23.0,PARTIAL_MISSING,,False,,PENDING_EVIDENCE_FREEZE,False
200101,14010070000,MAIZ AMARILLO DURO,2016,10,23.0,PARTIAL_MISSING,,False,,PENDING_EVIDENCE_FREEZE,False
200101,14010070000,MAIZ AMARILLO DURO,2016,11,23.0,PARTIAL_MISSING,,False,,PENDING_EVIDENCE_FREEZE,False
200101,14010070000,MAIZ AMARILLO DURO,2016,12,23.0,PARTIAL_MISSING,,False,,PENDING_EVIDENCE_FREEZE,False
200104,14010070000,MAIZ AMARILLO DURO,2016,1,20.0,PARTIAL_MISSING,,False,,PENDING_EVIDENCE_FREEZE,False
200104,14010070000,MAIZ AMARILLO DURO,2016,2,20.0,PARTIAL_MISSING,,False,,PENDING_EVIDENCE_FREEZE,False
200104,14010070000,MAIZ AMARILLO DURO,2016,3,20.0,PARTIAL_MISSING,,False,,PENDING_EVIDENCE_FREEZE,False
200104,14010070000,MAIZ AMARILLO DURO,2016,4,20.0,PARTIAL_MISSING,,False,,PENDING_EVIDENCE_FREEZE,False
200104,14010070000,MAIZ AMARILLO DURO,2016,5,20.0,PARTIAL_MISSING,,False,,PENDING_EVIDENCE_FREEZE,False
200104,14010070000,MAIZ AMARILLO DURO,2016,6,20.0,PARTIAL_MISSING,,False,,PENDING_EVIDENCE_FREEZE,False
200104,14010070000,MAIZ AMARILLO DURO,2016,7,20.0,PARTIAL_MISSING,,False,,PENDING_EVIDENCE_FREEZE,False
200104,14010070000,MAIZ AMARILLO DURO,2016,8,20.0,PARTIAL_MISSING,,False,,PENDING_EVIDENCE_FREEZE,False
200104,14010070000,MAIZ AMARILLO DURO,2016,9,20.0,PARTIAL_MISSING,,False,,PENDING_EVIDENCE_FREEZE,False
200104,14010070000,MAIZ AMARILLO DURO,2016,10,20.0,PARTIAL_MISSING,,False,,PENDING_EVIDENCE_FREEZE,False
200104,14010070000,MAIZ AMARILLO DURO,2016,11,20.0,PARTIAL_MISSING,,False,,PENDING_EVIDENCE_FREEZE,False
200104,14010070000,MAIZ AMARILLO DURO,2016,12,20.0,PARTIAL_MISSING,,False,,PENDING_EVIDENCE_FREEZE,False
200105,14010070000,MAIZ AMARILLO DURO,2016,1,1282.0,POSITIVE,0.0,False,,PENDING_EVIDENCE_FREEZE,False
200105,14010070000,MAIZ AMARILLO DURO,2016,2,1282.0,POSITIVE,0.0,False,,PENDING_EVIDENCE_FREEZE,False
200105,14010070000,MAIZ AMARILLO DURO,2016,3,1282.0,POSITIVE,0.0,False,,PENDING_EVIDENCE_FREEZE,False
200105,14010070000,MAIZ AMARILLO DURO,2016,4,1282.0,POSITIVE,0.0,False,,PENDING_EVIDENCE_FREEZE,False
200105,14010070000,MAIZ AMARILLO DURO,2016,5,1282.0,POSITIVE,0.0,False,,PENDING_EVIDENCE_FREEZE,False
200105,14010070000,MAIZ AMARILLO DURO,2016,6,1282.0,POSITIVE,0.02262090483619345,True,201507,PENDING_EVIDENCE_FREEZE,False
200105,14010070000,MAIZ AMARILLO DURO,2016,7,1282.0,POSITIVE,0.02262090483619345,True,201506;201507,PENDING_EVIDENCE_FREEZE,False
200105,14010070000,MAIZ AMARILLO DURO,2016,8,1282.0,POSITIVE,0.02262090483619345,True,201505;201506;201507,PENDING_EVIDENCE_FREEZE,False
200105,14010070000,MAIZ AMARILLO DURO,2016,9,1282.0,POSITIVE,0.02262090483619345,True,201504;201505;201506;201507,PENDING_EVIDENCE_FREEZE,False
200105,14010070000,MAIZ AMARILLO DURO,2016,10,1282.0,POSITIVE,0.06162246489859595,True,201503;201504;201505;201506;201507,PENDING_EVIDENCE_FREEZE,False
200105,14010070000,MAIZ AMARILLO DURO,2016,11,1282.0,POSITIVE,0.13650546021840876,True,201502;201503;201504;201505;201506;201507,PENDING_EVIDENCE_FREEZE,False
200105,14010070000,MAIZ AMARILLO DURO,2016,12,1282.0,POSITIVE,0.2620904836193448,True,201501;201502;201503;201504;201505;201506;201507,PENDING_EVIDENCE_FREEZE,False
200107,14010070000,MAIZ AMARILLO DURO,2016,1,483.0,PARTIAL_MISSING,,False,,PENDING_EVIDENCE_FREEZE,False
200107,14010070000,MAIZ AMARILLO DURO,2016,2,483.0,PARTIAL_MISSING,,False,,PENDING_EVIDENCE_FREEZE,False
200107,14010070000,MAIZ AMARILLO DURO,2016,3,483.0,PARTIAL_MISSING,,False,,PENDING_EVIDENCE_FREEZE,False
200107,14010070000,MAIZ AMARILLO DURO,2016,4,483.0,PARTIAL_MISSING,,False,,PENDING_EVIDENCE_FREEZE,False
200107,14010070000,MAIZ AMARILLO DURO,2016,5,483.0,PARTIAL_MISSING,,False,,PENDING_EVIDENCE_FREEZE,False
200107,14010070000,MAIZ AMARILLO DURO,2016,6,483.0,PARTIAL_MISSING,,False,,PENDING_EVIDENCE_FREEZE,False
200107,14010070000,MAIZ AMARILLO DURO,2016,7,483.0,PARTIAL_MISSING,,False,,PENDING_EVIDENCE_FREEZE,False
200107,14010070000,MAIZ AMARILLO DURO,2016,8,483.0,PARTIAL_MISSING,,False,,PENDING_EVIDENCE_FREEZE,False
200107,14010070000,MAIZ AMARILLO DURO,2016,9,483.0,PARTIAL_MISSING,,False,,PENDING_EVIDENCE_FREEZE,False
200107,14010070000,MAIZ AMARILLO DURO,2016,10,483.0,PARTIAL_MISSING,,False,,PENDING_EVIDENCE_FREEZE,False
200107,14010070000,MAIZ AMARILLO DURO,2016,11,483.0,PARTIAL_MISSING,,False,,PENDING_EVIDENCE_FREEZE,False
200107,14010070000,MAIZ AMARILLO DURO,2016,12,483.0,PARTIAL_MISSING,,False,,PENDING_EVIDENCE_FREEZE,False
200108,14010070000,MAIZ AMARILLO DURO,2016,1,643.0,POSITIVE,0.0,False,,PENDING_EVIDENCE_FREEZE,False
200108,14010070000,MAIZ AMARILLO DURO,2016,2,643.0,POSITIVE,0.0,False,,PENDING_EVIDENCE_FREEZE,False
200108,14010070000,MAIZ AMARILLO DURO,2016,3,643.0,POSITIVE,0.0,False,,PENDING_EVIDENCE_FREEZE,False
200108,14010070000,MAIZ AMARILLO DURO,2016,4,643.0,POSITIVE,0.0,False,,PENDING_EVIDENCE_FREEZE,False
200108,14010070000,MAIZ AMARILLO DURO,2016,5,643.0,POSITIVE,0.0,False,,PENDING_EVIDENCE_FREEZE,False
200108,14010070000,MAIZ AMARILLO DURO,2016,6,643.0,POSITIVE,0.17729393468118196,True,201507,PENDING_EVIDENCE_FREEZE,False
200108,14010070000,MAIZ AMARILLO DURO,2016,7,643.0,POSITIVE,0.17729393468118196,True,201506;201507,PENDING_EVIDENCE_FREEZE,False
200108,14010070000,MAIZ AMARILLO DURO,2016,8,643.0,POSITIVE,0.17729393468118196,True,201505;201506;201507,PENDING_EVIDENCE_FREEZE,False
200108,14010070000,MAIZ AMARILLO DURO,2016,9,643.0,POSITIVE,0.17729393468118196,True,201504;201505;201506;201507,PENDING_EVIDENCE_FREEZE,False
200108,14010070000,MAIZ AMARILLO DURO,2016,10,643.0,POSITIVE,0.17729393468118196,True,201503;201504;201505;201506;201507,PENDING_EVIDENCE_FREEZE,False
200108,14010070000,MAIZ AMARILLO DURO,2016,11,643.0,POSITIVE,0.28149300155520995,True,201502;201503;201504;201505;201506;201507,PENDING_EVIDENCE_FREEZE,False
200108,14010070000,MAIZ AMARILLO DURO,2016,12,643.0,POSITIVE,0.28149300155520995,True,201501;201502;201503;201504;201505;201506;201507,PENDING_EVIDENCE_FREEZE,False
200110,14010070000,MAIZ AMARILLO DURO,2016,1,696.0,PARTIAL_MISSING,,False,,PENDING_EVIDENCE_FREEZE,False
200110,14010070000,MAIZ AMARILLO DURO,2016,2,696.0,PARTIAL_MISSING,,False,,PENDING_EVIDENCE_FREEZE,False
200110,14010070000,MAIZ AMARILLO DURO,2016,3,696.0,PARTIAL_MISSING,,False,,PENDING_EVIDENCE_FREEZE,False
200110,14010070000,MAIZ AMARILLO DURO,2016,4,696.0,PARTIAL_MISSING,,False,,PENDING_EVIDENCE_FREEZE,False
200110,14010070000,MAIZ AMARILLO DURO,2016,5,696.0,PARTIAL_MISSING,,False,,PENDING_EVIDENCE_FREEZE,False
200110,14010070000,MAIZ AMARILLO DURO,2016,6,696.0,PARTIAL_MISSING,,False,,PENDING_EVIDENCE_FREEZE,False
200110,14010070000,MAIZ AMARILLO DURO,2016,7,696.0,PARTIAL_MISSING,,False,,PENDING_EVIDENCE_FREEZE,False
200110,14010070000,MAIZ AMARILLO DURO,2016,8,696.0,PARTIAL_MISSING,,False,,PENDING_EVIDENCE_FREEZE,False
200110,14010070000,MAIZ AMARILLO DURO,2016,9,696.0,PARTIAL_MISSING,,False,,PENDING_EVIDENCE_FREEZE,False
200110,14010070000,MAIZ AMARILLO DURO,2016,10,696.0,PARTIAL_MISSING,,False,,PENDING_EVIDENCE_FREEZE,False
200110,14010070000,MAIZ AMARILLO DURO,2016,11,696.0,PARTIAL_MISSING,,False,,PENDING_EVIDENCE_FREEZE,False
200110,14010070000,MAIZ AMARILLO DURO,2016,12,696.0,PARTIAL_MISSING,,False,,PENDING_EVIDENCE_FREEZE,False
200111,14010070000,MAIZ AMARILLO DURO,2016,1,860.0,PARTIAL_MISSING,,False,,PENDING_EVIDENCE_FREEZE,False
200111,14010070000,MAIZ AMARILLO DURO,2016,2,860.0,PARTIAL_MISSING,,False,,PENDING_EVIDENCE_FREEZE,False
200111,14010070000,MAIZ AMARILLO DURO,2016,3,860.0,PARTIAL_MISSING,,False,,PENDING_EVIDENCE_FREEZE,False
200111,14010070000,MAIZ AMARILLO DURO,2016,4,860.0,PARTIAL_MISSING,,False,,PENDING_EVIDENCE_FREEZE,False
200111,14010070000,MAIZ AMARILLO DURO,2016,5,860.0,PARTIAL_MISSING,,False,,PENDING_EVIDENCE_FREEZE,False
200111,14010070000,MAIZ AMARILLO DURO,2016,6,860.0,PARTIAL_MISSING,,False,,PENDING_EVIDENCE_FREEZE,False
200111,14010070000,MAIZ AMARILLO DURO,2016,7,860.0,PARTIAL_MISSING,,False,,PENDING_EVIDENCE_FREEZE,False
200111,14010070000,MAIZ AMARILLO DURO,2016,8,860.0,PARTIAL_MISSING,,False,,PENDING_EVIDENCE_FREEZE,False
200111,14010070000,MAIZ AMARILLO DURO,2016,9,860.0,PARTIAL_MISSING,,False,,PENDING_EVIDENCE_FREEZE,False
200111,14010070000,MAIZ AMARILLO DURO,2016,10,860.0,PARTIAL_MISSING,,False,,PENDING_EVIDENCE_FREEZE,False
200111,14010070000,MAIZ AMARILLO DURO,2016,11,860.0,PARTIAL_MISSING,,False,,PENDING_EVIDENCE_FREEZE,False
200111,14010070000,MAIZ AMARILLO DURO,2016,12,860.0,PARTIAL_MISSING,,False,,PENDING_EVIDENCE_FREEZE,False
200114,14010070000,MAIZ AMARILLO DURO,2016,1,650.0,PARTIAL_MISSING,,False,,PENDING_EVIDENCE_FREEZE,False
200114,14010070000,MAIZ AMARILLO DURO,2016,2,650.0,PARTIAL_MISSING,,False,,PENDING_EVIDENCE_FREEZE,False
200114,14010070000,MAIZ AMARILLO DURO,2016,3,650.0,PARTIAL_MISSING,,False,,PENDING_EVIDENCE_FREEZE,False
200114,14010070000,MAIZ AMARILLO DURO,2016,4,650.0,PARTIAL_MISSING,,False,,PENDING_EVIDENCE_FREEZE,False
200114,14010070000,MAIZ AMARILLO DURO,2016,5,650.0,PARTIAL_MISSING,,False,,PENDING_EVIDENCE_FREEZE,False
200114,14010070000,MAIZ AMARILLO DURO,2016,6,650.0,PARTIAL_MISSING,,False,,PENDING_EVIDENCE_FREEZE,False
200114,14010070000,MAIZ AMARILLO DURO,2016,7,650.0,PARTIAL_MISSING,,False,,PENDING_EVIDENCE_FREEZE,False
200114,14010070000,MAIZ AMARILLO DURO,2016,8,650.0,PARTIAL_MISSING,,False,,PENDING_EVIDENCE_FREEZE,False
200114,14010070000,MAIZ AMARILLO DURO,2016,9,650.0,PARTIAL_MISSING,,False,,PENDING_EVIDENCE_FREEZE,False
200114,14010070000,MAIZ AMARILLO DURO,2016,10,650.0,PARTIAL_MISSING,,False,,PENDING_EVIDENCE_FREEZE,False
200114,14010070000,MAIZ AMARILLO DURO,2016,11,650.0,PARTIAL_MISSING,,False,,PENDING_EVIDENCE_FREEZE,False
200114,14010070000,MAIZ AMARILLO DURO,2016,12,650.0,PARTIAL_MISSING,,False,,PENDING_EVIDENCE_FREEZE,False
200201,14010070000,MAIZ AMARILLO DURO,2016,1,580.0,PARTIAL_MISSING,,False,,PENDING_EVIDENCE_FREEZE,False
200201,14010070000,MAIZ AMARILLO DURO,2016,2,580.0,PARTIAL_MISSING,,False,,PENDING_EVIDENCE_FREEZE,False
200201,14010070000,MAIZ AMARILLO DURO,2016,3,580.0,PARTIAL_MISSING,,False,,PENDING_EVIDENCE_FREEZE,False
200201,14010070000,MAIZ AMARILLO DURO,2016,4,580.0,PARTIAL_MISSING,,False,,PENDING_EVIDENCE_FREEZE,False
200201,14010070000,MAIZ AMARILLO DURO,2016,5,580.0,PARTIAL_MISSING,,False,,PENDING_EVIDENCE_FREEZE,False
200201,14010070000,MAIZ AMARILLO DURO,2016,6,580.0,PARTIAL_MISSING,,False,,PENDING_EVIDENCE_FREEZE,False
200201,14010070000,MAIZ AMARILLO DURO,2016,7,580.0,PARTIAL_MISSING,,False,,PENDING_EVIDENCE_FREEZE,False
200201,14010070000,MAIZ AMARILLO DURO,2016,8,580.0,PARTIAL_MISSING,,False,,PENDING_EVIDENCE_FREEZE,False
200201,14010070000,MAIZ AMARILLO DURO,2016,9,580.0,PARTIAL_MISSING,,False,,PENDING_EVIDENCE_FREEZE,False
200201,14010070000,MAIZ AMARILLO DURO,2016,10,580.0,PARTIAL_MISSING,,False,,PENDING_EVIDENCE_FREEZE,False
200201,14010070000,MAIZ AMARILLO DURO,2016,11,580.0,PARTIAL_MISSING,,False,,PENDING_EVIDENCE_FREEZE,False
200201,14010070000,MAIZ AMARILLO DURO,2016,12,580.0,PARTIAL_MISSING,,False,,PENDING_EVIDENCE_FREEZE,False
200202,14010070000,MAIZ AMARILLO DURO,2016,1,400.0,PARTIAL_MISSING,,False,,PENDING_EVIDENCE_FREEZE,False
200202,14010070000,MAIZ AMARILLO DURO,2016,2,400.0,PARTIAL_MISSING,,False,,PENDING_EVIDENCE_FREEZE,False
200202,14010070000,MAIZ AMARILLO DURO,2016,3,400.0,PARTIAL_MISSING,,False,,PENDING_EVIDENCE_FREEZE,False
200202,14010070000,MAIZ AMARILLO DURO,2016,4,400.0,PARTIAL_MISSING,,False,,PENDING_EVIDENCE_FREEZE,False
200202,14010070000,MAIZ AMARILLO DURO,2016,5,400.0,PARTIAL_MISSING,,False,,PENDING_EVIDENCE_FREEZE,False
200202,14010070000,MAIZ AMARILLO DURO,2016,6,400.0,PARTIAL_MISSING,,False,,PENDING_EVIDENCE_FREEZE,False
200202,14010070000,MAIZ AMARILLO DURO,2016,7,400.0,PARTIAL_MISSING,,False,,PENDING_EVIDENCE_FREEZE,False
200202,14010070000,MAIZ AMARILLO DURO,2016,8,400.0,PARTIAL_MISSING,,False,,PENDING_EVIDENCE_FREEZE,False
200202,14010070000,MAIZ AMARILLO DURO,2016,9,400.0,PARTIAL_MISSING,,False,,PENDING_EVIDENCE_FREEZE,False
200202,14010070000,MAIZ AMARILLO DURO,2016,10,400.0,PARTIAL_MISSING,,False,,PENDING_EVIDENCE_FREEZE,False
200202,14010070000,MAIZ AMARILLO DURO,2016,11,400.0,PARTIAL_MISSING,,False,,PENDING_EVIDENCE_FREEZE,False
200202,14010070000,MAIZ AMARILLO DURO,2016,12,400.0,PARTIAL_MISSING,,False,,PENDING_EVIDENCE_FREEZE,False
200203,14010070000,MAIZ AMARILLO DURO,2016,1,534.0,POSITIVE,0.0,False,,PENDING_EVIDENCE_FREEZE,False
200203,14010070000,MAIZ AMARILLO DURO,2016,2,534.0,POSITIVE,0.0,False,,PENDING_EVIDENCE_FREEZE,False
200203,14010070000,MAIZ AMARILLO DURO,2016,3,534.0,POSITIVE,0.0,False,,PENDING_EVIDENCE_FREEZE,False
200203,14010070000,MAIZ AMARILLO DURO,2016,4,534.0,POSITIVE,0.0,False,,PENDING_EVIDENCE_FREEZE,False
200203,14010070000,MAIZ AMARILLO DURO,2016,5,534.0,POSITIVE,0.0,False,,PENDING_EVIDENCE_FREEZE,False
200203,14010070000,MAIZ AMARILLO DURO,2016,6,534.0,POSITIVE,0.0,False,201507,PENDING_EVIDENCE_FREEZE,False
200203,14010070000,MAIZ AMARILLO DURO,2016,7,534.0,POSITIVE,0.0,False,201506;201507,PENDING_EVIDENCE_FREEZE,False
200203,14010070000,MAIZ AMARILLO DURO,2016,8,534.0,POSITIVE,0.0,False,201505;201506;201507,PENDING_EVIDENCE_FREEZE,False
200203,14010070000,MAIZ AMARILLO DURO,2016,9,534.0,POSITIVE,0.0,False,201504;201505;201506;201507,PENDING_EVIDENCE_FREEZE,False
200203,14010070000,MAIZ AMARILLO DURO,2016,10,534.0,POSITIVE,0.0,False,201503;201504;201505;201506;201507,PENDING_EVIDENCE_FREEZE,False
200203,14010070000,MAIZ AMARILLO DURO,2016,11,534.0,POSITIVE,0.06554307116104868,True,201502;201503;201504;201505;201506;201507,PENDING_EVIDENCE_FREEZE,False
200203,14010070000,MAIZ AMARILLO DURO,2016,12,534.0,POSITIVE,0.9550561797752808,True,201501;201502;201503;201504;201505;201506;201507,PENDING_EVIDENCE_FREEZE,False
200204,14010070000,MAIZ AMARILLO DURO,2016,1,15.0,PARTIAL_MISSING,,False,,PENDING_EVIDENCE_FREEZE,False
200204,14010070000,MAIZ AMARILLO DURO,2016,2,15.0,PARTIAL_MISSING,,False,,PENDING_EVIDENCE_FREEZE,False
200204,14010070000,MAIZ AMARILLO DURO,2016,3,15.0,PARTIAL_MISSING,,False,,PENDING_EVIDENCE_FREEZE,False
200204,14010070000,MAIZ AMARILLO DURO,2016,4,15.0,PARTIAL_MISSING,,False,,PENDING_EVIDENCE_FREEZE,False
200204,14010070000,MAIZ AMARILLO DURO,2016,5,15.0,PARTIAL_MISSING,,False,,PENDING_EVIDENCE_FREEZE,False
200204,14010070000,MAIZ AMARILLO DURO,2016,6,15.0,PARTIAL_MISSING,,False,,PENDING_EVIDENCE_FREEZE,False
200204,14010070000,MAIZ AMARILLO DURO,2016,7,15.0,PARTIAL_MISSING,,False,,PENDING_EVIDENCE_FREEZE,False
200204,14010070000,MAIZ AMARILLO DURO,2016,8,15.0,PARTIAL_MISSING,,False,,PENDING_EVIDENCE_FREEZE,False
200204,14010070000,MAIZ AMARILLO DURO,2016,9,15.0,PARTIAL_MISSING,,False,,PENDING_EVIDENCE_FREEZE,False
200204,14010070000,MAIZ AMARILLO DURO,2016,10,15.0,PARTIAL_MISSING,,False,,PENDING_EVIDENCE_FREEZE,False
200204,14010070000,MAIZ AMARILLO DURO,2016,11,15.0,PARTIAL_MISSING,,False,,PENDING_EVIDENCE_FREEZE,False
200204,14010070000,MAIZ AMARILLO DURO,2016,12,15.0,PARTIAL_MISSING,,False,,PENDING_EVIDENCE_FREEZE,False
200205,14010070000,MAIZ AMARILLO DURO,2016,1,277.0,POSITIVE,0.0,False,,PENDING_EVIDENCE_FREEZE,False
200205,14010070000,MAIZ AMARILLO DURO,2016,2,277.0,POSITIVE,0.0,False,,PENDING_EVIDENCE_FREEZE,False
200205,14010070000,MAIZ AMARILLO DURO,2016,3,277.0,POSITIVE,0.0,False,,PENDING_EVIDENCE_FREEZE,False
200205,14010070000,MAIZ AMARILLO DURO,2016,4,277.0,POSITIVE,0.0,False,,PENDING_EVIDENCE_FREEZE,False
200205,14010070000,MAIZ AMARILLO DURO,2016,5,277.0,POSITIVE,0.0,False,,PENDING_EVIDENCE_FREEZE,False
200205,14010070000,MAIZ AMARILLO DURO,2016,6,277.0,POSITIVE,0.0,False,201507,PENDING_EVIDENCE_FREEZE,False
200205,14010070000,MAIZ AMARILLO DURO,2016,7,277.0,POSITIVE,0.0,False,201506;201507,PENDING_EVIDENCE_FREEZE,False
200205,14010070000,MAIZ AMARILLO DURO,2016,8,277.0,POSITIVE,0.0,False,201505;201506;201507,PENDING_EVIDENCE_FREEZE,False
200205,14010070000,MAIZ AMARILLO DURO,2016,9,277.0,POSITIVE,0.0,False,201504;201505;201506;201507,PENDING_EVIDENCE_FREEZE,False
200205,14010070000,MAIZ AMARILLO DURO,2016,10,277.0,POSITIVE,0.0,False,201503;201504;201505;201506;201507,PENDING_EVIDENCE_FREEZE,False
200205,14010070000,MAIZ AMARILLO DURO,2016,11,277.0,POSITIVE,0.1263537906137184,True,201502;201503;201504;201505;201506;201507,PENDING_EVIDENCE_FREEZE,False
200205,14010070000,MAIZ AMARILLO DURO,2016,12,277.0,POSITIVE,0.9205776173285198,True,201501;201502;201503;201504;201505;201506;201507,PENDING_EVIDENCE_FREEZE,False
200207,14010070000,MAIZ AMARILLO DURO,2016,1,669.0,POSITIVE,0.0,False,,PENDING_EVIDENCE_FREEZE,False
200207,14010070000,MAIZ AMARILLO DURO,2016,2,669.0,POSITIVE,0.0,False,,PENDING_EVIDENCE_FREEZE,False
200207,14010070000,MAIZ AMARILLO DURO,2016,3,669.0,POSITIVE,0.0,False,,PENDING_EVIDENCE_FREEZE,False
200207,14010070000,MAIZ AMARILLO DURO,2016,4,669.0,POSITIVE,0.0,False,,PENDING_EVIDENCE_FREEZE,False
200207,14010070000,MAIZ AMARILLO DURO,2016,5,669.0,POSITIVE,0.0,False,,PENDING_EVIDENCE_FREEZE,False
200207,14010070000,MAIZ AMARILLO DURO,2016,6,669.0,POSITIVE,0.0,False,201507,PENDING_EVIDENCE_FREEZE,False
200207,14010070000,MAIZ AMARILLO DURO,2016,7,669.0,POSITIVE,0.0,False,201506;201507,PENDING_EVIDENCE_FREEZE,False
200207,14010070000,MAIZ AMARILLO DURO,2016,8,669.0,POSITIVE,0.0,False,201505;201506;201507,PENDING_EVIDENCE_FREEZE,False
200207,14010070000,MAIZ AMARILLO DURO,2016,9,669.0,POSITIVE,0.005979073243647235,True,201504;201505;201506;201507,PENDING_EVIDENCE_FREEZE,False
200207,14010070000,MAIZ AMARILLO DURO,2016,10,669.0,POSITIVE,0.01195814648729447,True,201503;201504;201505;201506;201507,PENDING_EVIDENCE_FREEZE,False
200207,14010070000,MAIZ AMARILLO DURO,2016,11,669.0,POSITIVE,0.14499252615844543,True,201502;201503;201504;201505;201506;201507,PENDING_EVIDENCE_FREEZE,False
200207,14010070000,MAIZ AMARILLO DURO,2016,12,669.0,POSITIVE,0.3542600896860987,True,201501;201502;201503;201504;201505;201506;201507,PENDING_EVIDENCE_FREEZE,False
200208,14010070000,MAIZ AMARILLO DURO,2016,1,670.0,POSITIVE,0.0,False,,PENDING_EVIDENCE_FREEZE,False
200208,14010070000,MAIZ AMARILLO DURO,2016,2,670.0,POSITIVE,0.0,False,,PENDING_EVIDENCE_FREEZE,False
200208,14010070000,MAIZ AMARILLO DURO,2016,3,670.0,POSITIVE,0.0,False,,PENDING_EVIDENCE_FREEZE,False
200208,14010070000,MAIZ AMARILLO DURO,2016,4,670.0,POSITIVE,0.0,False,,PENDING_EVIDENCE_FREEZE,False
200208,14010070000,MAIZ AMARILLO DURO,2016,5,670.0,POSITIVE,0.0,False,,PENDING_EVIDENCE_FREEZE,False
200208,14010070000,MAIZ AMARILLO DURO,2016,6,670.0,POSITIVE,0.0,False,201507,PENDING_EVIDENCE_FREEZE,False
200208,14010070000,MAIZ AMARILLO DURO,2016,7,670.0,POSITIVE,0.0,False,201506;201507,PENDING_EVIDENCE_FREEZE,False
200208,14010070000,MAIZ AMARILLO DURO,2016,8,670.0,POSITIVE,0.0,False,201505;201506;201507,PENDING_EVIDENCE_FREEZE,False
200208,14010070000,MAIZ AMARILLO DURO,2016,9,670.0,POSITIVE,0.0,False,201504;201505;201506;201507,PENDING_EVIDENCE_FREEZE,False
200208,14010070000,MAIZ AMARILLO DURO,2016,10,670.0,POSITIVE,0.0,False,201503;201504;201505;201506;201507,PENDING_EVIDENCE_FREEZE,False
200208,14010070000,MAIZ AMARILLO DURO,2016,11,670.0,POSITIVE,0.5223880597014925,True,201502;201503;201504;201505;201506;201507,PENDING_EVIDENCE_FREEZE,False
200208,14010070000,MAIZ AMARILLO DURO,2016,12,670.0,POSITIVE,0.8208955223880596,True,201501;201502;201503;201504;201505;201506;201507,PENDING_EVIDENCE_FREEZE,False
200209,14010070000,MAIZ AMARILLO DURO,2016,1,120.0,POSITIVE,0.0,False,,PENDING_EVIDENCE_FREEZE,False
200209,14010070000,MAIZ AMARILLO DURO,2016,2,120.0,POSITIVE,0.0,False,,PENDING_EVIDENCE_FREEZE,False
200209,14010070000,MAIZ AMARILLO DURO,2016,3,120.0,POSITIVE,0.0,False,,PENDING_EVIDENCE_FREEZE,False
200209,14010070000,MAIZ AMARILLO DURO,2016,4,120.0,POSITIVE,0.0,False,,PENDING_EVIDENCE_FREEZE,False
200209,14010070000,MAIZ AMARILLO DURO,2016,5,120.0,POSITIVE,0.0,False,,PENDING_EVIDENCE_FREEZE,False
200209,14010070000,MAIZ AMARILLO DURO,2016,6,120.0,POSITIVE,0.0,False,201507,PENDING_EVIDENCE_FREEZE,False
200209,14010070000,MAIZ AMARILLO DURO,2016,7,120.0,POSITIVE,0.0,False,201506;201507,PENDING_EVIDENCE_FREEZE,False
200209,14010070000,MAIZ AMARILLO DURO,2016,8,120.0,POSITIVE,0.0,False,201505;201506;201507,PENDING_EVIDENCE_FREEZE,False
200209,14010070000,MAIZ AMARILLO DURO,2016,9,120.0,POSITIVE,0.0,False,201504;201505;201506;201507,PENDING_EVIDENCE_FREEZE,False
200209,14010070000,MAIZ AMARILLO DURO,2016,10,120.0,POSITIVE,0.0,False,201503;201504;201505;201506;201507,PENDING_EVIDENCE_FREEZE,False
200209,14010070000,MAIZ AMARILLO DURO,2016,11,120.0,POSITIVE,0.0,False,201502;201503;201504;201505;201506;201507,PENDING_EVIDENCE_FREEZE,False
200209,14010070000,MAIZ AMARILLO DURO,2016,12,120.0,POSITIVE,0.0,False,201501;201502;201503;201504;201505;201506;201507,PENDING_EVIDENCE_FREEZE,False
200210,14010070000,MAIZ AMARILLO DURO,2016,1,820.0,PARTIAL_MISSING,,False,,PENDING_EVIDENCE_FREEZE,False
200210,14010070000,MAIZ AMARILLO DURO,2016,2,820.0,PARTIAL_MISSING,,False,,PENDING_EVIDENCE_FREEZE,False
200210,14010070000,MAIZ AMARILLO DURO,2016,3,820.0,PARTIAL_MISSING,,False,,PENDING_EVIDENCE_FREEZE,False
200210,14010070000,MAIZ AMARILLO DURO,2016,4,820.0,PARTIAL_MISSING,,False,,PENDING_EVIDENCE_FREEZE,False
200210,14010070000,MAIZ AMARILLO DURO,2016,5,820.0,PARTIAL_MISSING,,False,,PENDING_EVIDENCE_FREEZE,False
200210,14010070000,MAIZ AMARILLO DURO,2016,6,820.0,PARTIAL_MISSING,,False,,PENDING_EVIDENCE_FREEZE,False
200210,14010070000,MAIZ AMARILLO DURO,2016,7,820.0,PARTIAL_MISSING,,False,,PENDING_EVIDENCE_FREEZE,False
200210,14010070000,MAIZ AMARILLO DURO,2016,8,820.0,PARTIAL_MISSING,,False,,PENDING_EVIDENCE_FREEZE,False
200210,14010070000,MAIZ AMARILLO DURO,2016,9,820.0,PARTIAL_MISSING,,False,,PENDING_EVIDENCE_FREEZE,False
200210,14010070000,MAIZ AMARILLO DURO,2016,10,820.0,PARTIAL_MISSING,,False,,PENDING_EVIDENCE_FREEZE,False
200210,14010070000,MAIZ AMARILLO DURO,2016,11,820.0,PARTIAL_MISSING,,False,,PENDING_EVIDENCE_FREEZE,False
200210,14010070000,MAIZ AMARILLO DURO,2016,12,820.0,PARTIAL_MISSING,,False,,PENDING_EVIDENCE_FREEZE,False
200301,14010070000,MAIZ AMARILLO DURO,2016,1,40.0,PARTIAL_MISSING,,False,,PENDING_EVIDENCE_FREEZE,False
200301,14010070000,MAIZ AMARILLO DURO,2016,2,40.0,PARTIAL_MISSING,,False,,PENDING_EVIDENCE_FREEZE,False
200301,14010070000,MAIZ AMARILLO DURO,2016,3,40.0,PARTIAL_MISSING,,False,,PENDING_EVIDENCE_FREEZE,False
200301,14010070000,MAIZ AMARILLO DURO,2016,4,40.0,PARTIAL_MISSING,,False,,PENDING_EVIDENCE_FREEZE,False
200301,14010070000,MAIZ AMARILLO DURO,2016,5,40.0,PARTIAL_MISSING,,False,,PENDING_EVIDENCE_FREEZE,False
200301,14010070000,MAIZ AMARILLO DURO,2016,6,40.0,PARTIAL_MISSING,,False,,PENDING_EVIDENCE_FREEZE,False
200301,14010070000,MAIZ AMARILLO DURO,2016,7,40.0,PARTIAL_MISSING,,False,,PENDING_EVIDENCE_FREEZE,False
200301,14010070000,MAIZ AMARILLO DURO,2016,8,40.0,PARTIAL_MISSING,,False,,PENDING_EVIDENCE_FREEZE,False
200301,14010070000,MAIZ AMARILLO DURO,2016,9,40.0,PARTIAL_MISSING,,False,,PENDING_EVIDENCE_FREEZE,False
200301,14010070000,MAIZ AMARILLO DURO,2016,10,40.0,PARTIAL_MISSING,,False,,PENDING_EVIDENCE_FREEZE,False
200301,14010070000,MAIZ AMARILLO DURO,2016,11,40.0,PARTIAL_MISSING,,False,,PENDING_EVIDENCE_FREEZE,False
200301,14010070000,MAIZ AMARILLO DURO,2016,12,40.0,PARTIAL_MISSING,,False,,PENDING_EVIDENCE_FREEZE,False
200302,14010070000,MAIZ AMARILLO DURO,2016,1,130.0,PARTIAL_MISSING,,False,,PENDING_EVIDENCE_FREEZE,False
200302,14010070000,MAIZ AMARILLO DURO,2016,2,130.0,PARTIAL_MISSING,,False,,PENDING_EVIDENCE_FREEZE,False
200302,14010070000,MAIZ AMARILLO DURO,2016,3,130.0,PARTIAL_MISSING,,False,,PENDING_EVIDENCE_FREEZE,False
200302,14010070000,MAIZ AMARILLO DURO,2016,4,130.0,PARTIAL_MISSING,,False,,PENDING_EVIDENCE_FREEZE,False
200302,14010070000,MAIZ AMARILLO DURO,2016,5,130.0,PARTIAL_MISSING,,False,,PENDING_EVIDENCE_FREEZE,False
200302,14010070000,MAIZ AMARILLO DURO,2016,6,130.0,PARTIAL_MISSING,,False,,PENDING_EVIDENCE_FREEZE,False
200302,14010070000,MAIZ AMARILLO DURO,2016,7,130.0,PARTIAL_MISSING,,False,,PENDING_EVIDENCE_FREEZE,False
200302,14010070000,MAIZ AMARILLO DURO,2016,8,130.0,PARTIAL_MISSING,,False,,PENDING_EVIDENCE_FREEZE,False
200302,14010070000,MAIZ AMARILLO DURO,2016,9,130.0,PARTIAL_MISSING,,False,,PENDING_EVIDENCE_FREEZE,False
200302,14010070000,MAIZ AMARILLO DURO,2016,10,130.0,PARTIAL_MISSING,,False,,PENDING_EVIDENCE_FREEZE,False
200302,14010070000,MAIZ AMARILLO DURO,2016,11,130.0,PARTIAL_MISSING,,False,,PENDING_EVIDENCE_FREEZE,False
200302,14010070000,MAIZ AMARILLO DURO,2016,12,130.0,PARTIAL_MISSING,,False,,PENDING_EVIDENCE_FREEZE,False
200303,14010070000,MAIZ AMARILLO DURO,2016,1,35.0,PARTIAL_MISSING,,False,,PENDING_EVIDENCE_FREEZE,False
200303,14010070000,MAIZ AMARILLO DURO,2016,2,35.0,PARTIAL_MISSING,,False,,PENDING_EVIDENCE_FREEZE,False
200303,14010070000,MAIZ AMARILLO DURO,2016,3,35.0,PARTIAL_MISSING,,False,,PENDING_EVIDENCE_FREEZE,False
200303,14010070000,MAIZ AMARILLO DURO,2016,4,35.0,PARTIAL_MISSING,,False,,PENDING_EVIDENCE_FREEZE,False
200303,14010070000,MAIZ AMARILLO DURO,2016,5,35.0,PARTIAL_MISSING,,False,,PENDING_EVIDENCE_FREEZE,False
200303,14010070000,MAIZ AMARILLO DURO,2016,6,35.0,PARTIAL_MISSING,,False,,PENDING_EVIDENCE_FREEZE,False
200303,14010070000,MAIZ AMARILLO DURO,2016,7,35.0,PARTIAL_MISSING,,False,,PENDING_EVIDENCE_FREEZE,False
200303,14010070000,MAIZ AMARILLO DURO,2016,8,35.0,PARTIAL_MISSING,,False,,PENDING_EVIDENCE_FREEZE,False
200303,14010070000,MAIZ AMARILLO DURO,2016,9,35.0,PARTIAL_MISSING,,False,,PENDING_EVIDENCE_FREEZE,False
200303,14010070000,MAIZ AMARILLO DURO,2016,10,35.0,PARTIAL_MISSING,,False,,PENDING_EVIDENCE_FREEZE,False
200303,14010070000,MAIZ AMARILLO DURO,2016,11,35.0,PARTIAL_MISSING,,False,,PENDING_EVIDENCE_FREEZE,False
200303,14010070000,MAIZ AMARILLO DURO,2016,12,35.0,PARTIAL_MISSING,,False,,PENDING_EVIDENCE_FREEZE,False
200304,14010070000,MAIZ AMARILLO DURO,2016,1,200.0,PARTIAL_MISSING,,False,,PENDING_EVIDENCE_FREEZE,False
200304,14010070000,MAIZ AMARILLO DURO,2016,2,200.0,PARTIAL_MISSING,,False,,PENDING_EVIDENCE_FREEZE,False
200304,14010070000,MAIZ AMARILLO DURO,2016,3,200.0,PARTIAL_MISSING,,False,,PENDING_EVIDENCE_FREEZE,False
200304,14010070000,MAIZ AMARILLO DURO,2016,4,200.0,PARTIAL_MISSING,,False,,PENDING_EVIDENCE_FREEZE,False
200304,14010070000,MAIZ AMARILLO DURO,2016,5,200.0,PARTIAL_MISSING,,False,,PENDING_EVIDENCE_FREEZE,False
200304,14010070000,MAIZ AMARILLO DURO,2016,6,200.0,PARTIAL_MISSING,,False,,PENDING_EVIDENCE_FREEZE,False
200304,14010070000,MAIZ AMARILLO DURO,2016,7,200.0,PARTIAL_MISSING,,False,,PENDING_EVIDENCE_FREEZE,False
200304,14010070000,MAIZ AMARILLO DURO,2016,8,200.0,PARTIAL_MISSING,,False,,PENDING_EVIDENCE_FREEZE,False
200304,14010070000,MAIZ AMARILLO DURO,2016,9,200.0,PARTIAL_MISSING,,False,,PENDING_EVIDENCE_FREEZE,False
200304,14010070000,MAIZ AMARILLO DURO,2016,10,200.0,PARTIAL_MISSING,,False,,PENDING_EVIDENCE_FREEZE,False
200304,14010070000,MAIZ AMARILLO DURO,2016,11,200.0,PARTIAL_MISSING,,False,,PENDING_EVIDENCE_FREEZE,False
200304,14010070000,MAIZ AMARILLO DURO,2016,12,200.0,PARTIAL_MISSING,,False,,PENDING_EVIDENCE_FREEZE,False
200305,14010070000,MAIZ AMARILLO DURO,2016,1,21.0,PARTIAL_MISSING,,False,,PENDING_EVIDENCE_FREEZE,False
200305,14010070000,MAIZ AMARILLO DURO,2016,2,21.0,PARTIAL_MISSING,,False,,PENDING_EVIDENCE_FREEZE,False
200305,14010070000,MAIZ AMARILLO DURO,2016,3,21.0,PARTIAL_MISSING,,False,,PENDING_EVIDENCE_FREEZE,False
200305,14010070000,MAIZ AMARILLO DURO,2016,4,21.0,PARTIAL_MISSING,,False,,PENDING_EVIDENCE_FREEZE,False
200305,14010070000,MAIZ AMARILLO DURO,2016,5,21.0,PARTIAL_MISSING,,False,,PENDING_EVIDENCE_FREEZE,False
200305,14010070000,MAIZ AMARILLO DURO,2016,6,21.0,PARTIAL_MISSING,,False,,PENDING_EVIDENCE_FREEZE,False
200305,14010070000,MAIZ AMARILLO DURO,2016,7,21.0,PARTIAL_MISSING,,False,,PENDING_EVIDENCE_FREEZE,False
200305,14010070000,MAIZ AMARILLO DURO,2016,8,21.0,PARTIAL_MISSING,,False,,PENDING_EVIDENCE_FREEZE,False
200305,14010070000,MAIZ AMARILLO DURO,2016,9,21.0,PARTIAL_MISSING,,False,,PENDING_EVIDENCE_FREEZE,False
200305,14010070000,MAIZ AMARILLO DURO,2016,10,21.0,PARTIAL_MISSING,,False,,PENDING_EVIDENCE_FREEZE,False
200305,14010070000,MAIZ AMARILLO DURO,2016,11,21.0,PARTIAL_MISSING,,False,,PENDING_EVIDENCE_FREEZE,False
200305,14010070000,MAIZ AMARILLO DURO,2016,12,21.0,PARTIAL_MISSING,,False,,PENDING_EVIDENCE_FREEZE,False
200306,14010070000,MAIZ AMARILLO DURO,2016,1,138.0,PARTIAL_MISSING,,False,,PENDING_EVIDENCE_FREEZE,False
200306,14010070000,MAIZ AMARILLO DURO,2016,2,138.0,PARTIAL_MISSING,,False,,PENDING_EVIDENCE_FREEZE,False
200306,14010070000,MAIZ AMARILLO DURO,2016,3,138.0,PARTIAL_MISSING,,False,,PENDING_EVIDENCE_FREEZE,False
200306,14010070000,MAIZ AMARILLO DURO,2016,4,138.0,PARTIAL_MISSING,,False,,PENDING_EVIDENCE_FREEZE,False
200306,14010070000,MAIZ AMARILLO DURO,2016,5,138.0,PARTIAL_MISSING,,False,,PENDING_EVIDENCE_FREEZE,False
200306,14010070000,MAIZ AMARILLO DURO,2016,6,138.0,PARTIAL_MISSING,,False,,PENDING_EVIDENCE_FREEZE,False
200306,14010070000,MAIZ AMARILLO DURO,2016,7,138.0,PARTIAL_MISSING,,False,,PENDING_EVIDENCE_FREEZE,False
200306,14010070000,MAIZ AMARILLO DURO,2016,8,138.0,PARTIAL_MISSING,,False,,PENDING_EVIDENCE_FREEZE,False
200306,14010070000,MAIZ AMARILLO DURO,2016,9,138.0,PARTIAL_MISSING,,False,,PENDING_EVIDENCE_FREEZE,False
200306,14010070000,MAIZ AMARILLO DURO,2016,10,138.0,PARTIAL_MISSING,,False,,PENDING_EVIDENCE_FREEZE,False
200306,14010070000,MAIZ AMARILLO DURO,2016,11,138.0,PARTIAL_MISSING,,False,,PENDING_EVIDENCE_FREEZE,False
200306,14010070000,MAIZ AMARILLO DURO,2016,12,138.0,PARTIAL_MISSING,,False,,PENDING_EVIDENCE_FREEZE,False
200307,14010070000,MAIZ AMARILLO DURO,2016,1,252.0,PARTIAL_MISSING,,False,,PENDING_EVIDENCE_FREEZE,False
200307,14010070000,MAIZ AMARILLO DURO,2016,2,252.0,PARTIAL_MISSING,,False,,PENDING_EVIDENCE_FREEZE,False
200307,14010070000,MAIZ AMARILLO DURO,2016,3,252.0,PARTIAL_MISSING,,False,,PENDING_EVIDENCE_FREEZE,False
200307,14010070000,MAIZ AMARILLO DURO,2016,4,252.0,PARTIAL_MISSING,,False,,PENDING_EVIDENCE_FREEZE,False
200307,14010070000,MAIZ AMARILLO DURO,2016,5,252.0,PARTIAL_MISSING,,False,,PENDING_EVIDENCE_FREEZE,False
200307,14010070000,MAIZ AMARILLO DURO,2016,6,252.0,PARTIAL_MISSING,,False,,PENDING_EVIDENCE_FREEZE,False
200307,14010070000,MAIZ AMARILLO DURO,2016,7,252.0,PARTIAL_MISSING,,False,,PENDING_EVIDENCE_FREEZE,False
200307,14010070000,MAIZ AMARILLO DURO,2016,8,252.0,PARTIAL_MISSING,,False,,PENDING_EVIDENCE_FREEZE,False
200307,14010070000,MAIZ AMARILLO DURO,2016,9,252.0,PARTIAL_MISSING,,False,,PENDING_EVIDENCE_FREEZE,False
200307,14010070000,MAIZ AMARILLO DURO,2016,10,252.0,PARTIAL_MISSING,,False,,PENDING_EVIDENCE_FREEZE,False
200307,14010070000,MAIZ AMARILLO DURO,2016,11,252.0,PARTIAL_MISSING,,False,,PENDING_EVIDENCE_FREEZE,False
200307,14010070000,MAIZ AMARILLO DURO,2016,12,252.0,PARTIAL_MISSING,,False,,PENDING_EVIDENCE_FREEZE,False
200308,14010070000,MAIZ AMARILLO DURO,2016,1,71.0,PARTIAL_MISSING,,False,,PENDING_EVIDENCE_FREEZE,False
200308,14010070000,MAIZ AMARILLO DURO,2016,2,71.0,PARTIAL_MISSING,,False,,PENDING_EVIDENCE_FREEZE,False
200308,14010070000,MAIZ AMARILLO DURO,2016,3,71.0,PARTIAL_MISSING,,False,,PENDING_EVIDENCE_FREEZE,False
200308,14010070000,MAIZ AMARILLO DURO,2016,4,71.0,PARTIAL_MISSING,,False,,PENDING_EVIDENCE_FREEZE,False
200308,14010070000,MAIZ AMARILLO DURO,2016,5,71.0,PARTIAL_MISSING,,False,,PENDING_EVIDENCE_FREEZE,False
200308,14010070000,MAIZ AMARILLO DURO,2016,6,71.0,PARTIAL_MISSING,,False,,PENDING_EVIDENCE_FREEZE,False
200308,14010070000,MAIZ AMARILLO DURO,2016,7,71.0,PARTIAL_MISSING,,False,,PENDING_EVIDENCE_FREEZE,False
200308,14010070000,MAIZ AMARILLO DURO,2016,8,71.0,PARTIAL_MISSING,,False,,PENDING_EVIDENCE_FREEZE,False
200308,14010070000,MAIZ AMARILLO DURO,2016,9,71.0,PARTIAL_MISSING,,False,,PENDING_EVIDENCE_FREEZE,False
200308,14010070000,MAIZ AMARILLO DURO,2016,10,71.0,PARTIAL_MISSING,,False,,PENDING_EVIDENCE_FREEZE,False
200308,14010070000,MAIZ AMARILLO DURO,2016,11,71.0,PARTIAL_MISSING,,False,,PENDING_EVIDENCE_FREEZE,False
200308,14010070000,MAIZ AMARILLO DURO,2016,12,71.0,PARTIAL_MISSING,,False,,PENDING_EVIDENCE_FREEZE,False
200401,14010070000,MAIZ AMARILLO DURO,2016,1,1494.0,POSITIVE,0.0,False,,PENDING_EVIDENCE_FREEZE,False
200401,14010070000,MAIZ AMARILLO DURO,2016,2,1494.0,POSITIVE,0.0,False,,PENDING_EVIDENCE_FREEZE,False
200401,14010070000,MAIZ AMARILLO DURO,2016,3,1494.0,POSITIVE,0.0,False,,PENDING_EVIDENCE_FREEZE,False
200401,14010070000,MAIZ AMARILLO DURO,2016,4,1494.0,POSITIVE,0.0,False,,PENDING_EVIDENCE_FREEZE,False
200401,14010070000,MAIZ AMARILLO DURO,2016,5,1494.0,POSITIVE,0.0,False,,PENDING_EVIDENCE_FREEZE,False
200401,14010070000,MAIZ AMARILLO DURO,2016,6,1494.0,POSITIVE,0.01673360107095047,True,201507,PENDING_EVIDENCE_FREEZE,False
200401,14010070000,MAIZ AMARILLO DURO,2016,7,1494.0,POSITIVE,0.01673360107095047,True,201506;201507,PENDING_EVIDENCE_FREEZE,False
200401,14010070000,MAIZ AMARILLO DURO,2016,8,1494.0,POSITIVE,0.01673360107095047,True,201505;201506;201507,PENDING_EVIDENCE_FREEZE,False
200401,14010070000,MAIZ AMARILLO DURO,2016,9,1494.0,POSITIVE,0.01673360107095047,True,201504;201505;201506;201507,PENDING_EVIDENCE_FREEZE,False
200401,14010070000,MAIZ AMARILLO DURO,2016,10,1494.0,POSITIVE,0.01673360107095047,True,201503;201504;201505;201506;201507,PENDING_EVIDENCE_FREEZE,False
200401,14010070000,MAIZ AMARILLO DURO,2016,11,1494.0,POSITIVE,0.059571619812583666,True,201502;201503;201504;201505;201506;201507,PENDING_EVIDENCE_FREEZE,False
200401,14010070000,MAIZ AMARILLO DURO,2016,12,1494.0,POSITIVE,0.6887550200803213,True,201501;201502;201503;201504;201505;201506;201507,PENDING_EVIDENCE_FREEZE,False
200403,14010070000,MAIZ AMARILLO DURO,2016,1,200.0,PARTIAL_MISSING,,False,,PENDING_EVIDENCE_FREEZE,False
200403,14010070000,MAIZ AMARILLO DURO,2016,2,200.0,PARTIAL_MISSING,,False,,PENDING_EVIDENCE_FREEZE,False
200403,14010070000,MAIZ AMARILLO DURO,2016,3,200.0,PARTIAL_MISSING,,False,,PENDING_EVIDENCE_FREEZE,False
200403,14010070000,MAIZ AMARILLO DURO,2016,4,200.0,PARTIAL_MISSING,,False,,PENDING_EVIDENCE_FREEZE,False
200403,14010070000,MAIZ AMARILLO DURO,2016,5,200.0,PARTIAL_MISSING,,False,,PENDING_EVIDENCE_FREEZE,False
200403,14010070000,MAIZ AMARILLO DURO,2016,6,200.0,PARTIAL_MISSING,,False,,PENDING_EVIDENCE_FREEZE,False
200403,14010070000,MAIZ AMARILLO DURO,2016,7,200.0,PARTIAL_MISSING,,False,,PENDING_EVIDENCE_FREEZE,False
200403,14010070000,MAIZ AMARILLO DURO,2016,8,200.0,PARTIAL_MISSING,,False,,PENDING_EVIDENCE_FREEZE,False
200403,14010070000,MAIZ AMARILLO DURO,2016,9,200.0,PARTIAL_MISSING,,False,,PENDING_EVIDENCE_FREEZE,False
200403,14010070000,MAIZ AMARILLO DURO,2016,10,200.0,PARTIAL_MISSING,,False,,PENDING_EVIDENCE_FREEZE,False
200403,14010070000,MAIZ AMARILLO DURO,2016,11,200.0,PARTIAL_MISSING,,False,,PENDING_EVIDENCE_FREEZE,False
200403,14010070000,MAIZ AMARILLO DURO,2016,12,200.0,PARTIAL_MISSING,,False,,PENDING_EVIDENCE_FREEZE,False
200404,14010070000,MAIZ AMARILLO DURO,2016,1,129.0,PARTIAL_MISSING,,False,,PENDING_EVIDENCE_FREEZE,False
200404,14010070000,MAIZ AMARILLO DURO,2016,2,129.0,PARTIAL_MISSING,,False,,PENDING_EVIDENCE_FREEZE,False
200404,14010070000,MAIZ AMARILLO DURO,2016,3,129.0,PARTIAL_MISSING,,False,,PENDING_EVIDENCE_FREEZE,False
200404,14010070000,MAIZ AMARILLO DURO,2016,4,129.0,PARTIAL_MISSING,,False,,PENDING_EVIDENCE_FREEZE,False
200404,14010070000,MAIZ AMARILLO DURO,2016,5,129.0,PARTIAL_MISSING,,False,,PENDING_EVIDENCE_FREEZE,False
200404,14010070000,MAIZ AMARILLO DURO,2016,6,129.0,PARTIAL_MISSING,,False,,PENDING_EVIDENCE_FREEZE,False
200404,14010070000,MAIZ AMARILLO DURO,2016,7,129.0,PARTIAL_MISSING,,False,,PENDING_EVIDENCE_FREEZE,False
200404,14010070000,MAIZ AMARILLO DURO,2016,8,129.0,PARTIAL_MISSING,,False,,PENDING_EVIDENCE_FREEZE,False
200404,14010070000,MAIZ AMARILLO DURO,2016,9,129.0,PARTIAL_MISSING,,False,,PENDING_EVIDENCE_FREEZE,False
200404,14010070000,MAIZ AMARILLO DURO,2016,10,129.0,PARTIAL_MISSING,,False,,PENDING_EVIDENCE_FREEZE,False
200404,14010070000,MAIZ AMARILLO DURO,2016,11,129.0,PARTIAL_MISSING,,False,,PENDING_EVIDENCE_FREEZE,False
200404,14010070000,MAIZ AMARILLO DURO,2016,12,129.0,PARTIAL_MISSING,,False,,PENDING_EVIDENCE_FREEZE,False
200405,14010070000,MAIZ AMARILLO DURO,2016,1,340.0,PARTIAL_MISSING,,False,,PENDING_EVIDENCE_FREEZE,False
200405,14010070000,MAIZ AMARILLO DURO,2016,2,340.0,PARTIAL_MISSING,,False,,PENDING_EVIDENCE_FREEZE,False
200405,14010070000,MAIZ AMARILLO DURO,2016,3,340.0,PARTIAL_MISSING,,False,,PENDING_EVIDENCE_FREEZE,False
200405,14010070000,MAIZ AMARILLO DURO,2016,4,340.0,PARTIAL_MISSING,,False,,PENDING_EVIDENCE_FREEZE,False
200405,14010070000,MAIZ AMARILLO DURO,2016,5,340.0,PARTIAL_MISSING,,False,,PENDING_EVIDENCE_FREEZE,False
200405,14010070000,MAIZ AMARILLO DURO,2016,6,340.0,PARTIAL_MISSING,,False,,PENDING_EVIDENCE_FREEZE,False
200405,14010070000,MAIZ AMARILLO DURO,2016,7,340.0,PARTIAL_MISSING,,False,,PENDING_EVIDENCE_FREEZE,False
200405,14010070000,MAIZ AMARILLO DURO,2016,8,340.0,PARTIAL_MISSING,,False,,PENDING_EVIDENCE_FREEZE,False
200405,14010070000,MAIZ AMARILLO DURO,2016,9,340.0,PARTIAL_MISSING,,False,,PENDING_EVIDENCE_FREEZE,False
200405,14010070000,MAIZ AMARILLO DURO,2016,10,340.0,PARTIAL_MISSING,,False,,PENDING_EVIDENCE_FREEZE,False
200405,14010070000,MAIZ AMARILLO DURO,2016,11,340.0,PARTIAL_MISSING,,False,,PENDING_EVIDENCE_FREEZE,False
200405,14010070000,MAIZ AMARILLO DURO,2016,12,340.0,PARTIAL_MISSING,,False,,PENDING_EVIDENCE_FREEZE,False
200406,14010070000,MAIZ AMARILLO DURO,2016,1,230.0,POSITIVE,0.0,False,,PENDING_EVIDENCE_FREEZE,False
200406,14010070000,MAIZ AMARILLO DURO,2016,2,230.0,POSITIVE,0.0,False,,PENDING_EVIDENCE_FREEZE,False
200406,14010070000,MAIZ AMARILLO DURO,2016,3,230.0,POSITIVE,0.0,False,,PENDING_EVIDENCE_FREEZE,False
200406,14010070000,MAIZ AMARILLO DURO,2016,4,230.0,POSITIVE,0.0,False,,PENDING_EVIDENCE_FREEZE,False
200406,14010070000,MAIZ AMARILLO DURO,2016,5,230.0,POSITIVE,0.0,False,,PENDING_EVIDENCE_FREEZE,False
200406,14010070000,MAIZ AMARILLO DURO,2016,6,230.0,POSITIVE,0.34782608695652173,True,201507,PENDING_EVIDENCE_FREEZE,False
200406,14010070000,MAIZ AMARILLO DURO,2016,7,230.0,POSITIVE,0.34782608695652173,True,201506;201507,PENDING_EVIDENCE_FREEZE,False
200406,14010070000,MAIZ AMARILLO DURO,2016,8,230.0,POSITIVE,0.34782608695652173,True,201505;201506;201507,PENDING_EVIDENCE_FREEZE,False
200406,14010070000,MAIZ AMARILLO DURO,2016,9,230.0,POSITIVE,0.34782608695652173,True,201504;201505;201506;201507,PENDING_EVIDENCE_FREEZE,False
200406,14010070000,MAIZ AMARILLO DURO,2016,10,230.0,POSITIVE,0.3913043478260869,True,201503;201504;201505;201506;201507,PENDING_EVIDENCE_FREEZE,False
200406,14010070000,MAIZ AMARILLO DURO,2016,11,230.0,POSITIVE,0.3913043478260869,True,201502;201503;201504;201505;201506;201507,PENDING_EVIDENCE_FREEZE,False
200406,14010070000,MAIZ AMARILLO DURO,2016,12,230.0,POSITIVE,0.47826086956521735,True,201501;201502;201503;201504;201505;201506;201507,PENDING_EVIDENCE_FREEZE,False
200407,14010070000,MAIZ AMARILLO DURO,2016,1,200.0,PARTIAL_MISSING,,False,,PENDING_EVIDENCE_FREEZE,False
200407,14010070000,MAIZ AMARILLO DURO,2016,2,200.0,PARTIAL_MISSING,,False,,PENDING_EVIDENCE_FREEZE,False
200407,14010070000,MAIZ AMARILLO DURO,2016,3,200.0,PARTIAL_MISSING,,False,,PENDING_EVIDENCE_FREEZE,False
200407,14010070000,MAIZ AMARILLO DURO,2016,4,200.0,PARTIAL_MISSING,,False,,PENDING_EVIDENCE_FREEZE,False
200407,14010070000,MAIZ AMARILLO DURO,2016,5,200.0,PARTIAL_MISSING,,False,,PENDING_EVIDENCE_FREEZE,False
200407,14010070000,MAIZ AMARILLO DURO,2016,6,200.0,PARTIAL_MISSING,,False,,PENDING_EVIDENCE_FREEZE,False
200407,14010070000,MAIZ AMARILLO DURO,2016,7,200.0,PARTIAL_MISSING,,False,,PENDING_EVIDENCE_FREEZE,False
200407,14010070000,MAIZ AMARILLO DURO,2016,8,200.0,PARTIAL_MISSING,,False,,PENDING_EVIDENCE_FREEZE,False
200407,14010070000,MAIZ AMARILLO DURO,2016,9,200.0,PARTIAL_MISSING,,False,,PENDING_EVIDENCE_FREEZE,False
200407,14010070000,MAIZ AMARILLO DURO,2016,10,200.0,PARTIAL_MISSING,,False,,PENDING_EVIDENCE_FREEZE,False
200407,14010070000,MAIZ AMARILLO DURO,2016,11,200.0,PARTIAL_MISSING,,False,,PENDING_EVIDENCE_FREEZE,False
200407,14010070000,MAIZ AMARILLO DURO,2016,12,200.0,PARTIAL_MISSING,,False,,PENDING_EVIDENCE_FREEZE,False
200408,14010070000,MAIZ AMARILLO DURO,2016,1,250.0,POSITIVE,0.0,False,,PENDING_EVIDENCE_FREEZE,False
200408,14010070000,MAIZ AMARILLO DURO,2016,2,250.0,POSITIVE,0.0,False,,PENDING_EVIDENCE_FREEZE,False
200408,14010070000,MAIZ AMARILLO DURO,2016,3,250.0,POSITIVE,0.0,False,,PENDING_EVIDENCE_FREEZE,False
200408,14010070000,MAIZ AMARILLO DURO,2016,4,250.0,POSITIVE,0.0,False,,PENDING_EVIDENCE_FREEZE,False
200408,14010070000,MAIZ AMARILLO DURO,2016,5,250.0,POSITIVE,0.0,False,,PENDING_EVIDENCE_FREEZE,False
200408,14010070000,MAIZ AMARILLO DURO,2016,6,250.0,POSITIVE,0.0,False,201507,PENDING_EVIDENCE_FREEZE,False
200408,14010070000,MAIZ AMARILLO DURO,2016,7,250.0,POSITIVE,0.0,False,201506;201507,PENDING_EVIDENCE_FREEZE,False
200408,14010070000,MAIZ AMARILLO DURO,2016,8,250.0,POSITIVE,0.0,False,201505;201506;201507,PENDING_EVIDENCE_FREEZE,False
200408,14010070000,MAIZ AMARILLO DURO,2016,9,250.0,POSITIVE,0.0,False,201504;201505;201506;201507,PENDING_EVIDENCE_FREEZE,False
200408,14010070000,MAIZ AMARILLO DURO,2016,10,250.0,POSITIVE,0.0,False,201503;201504;201505;201506;201507,PENDING_EVIDENCE_FREEZE,False
200408,14010070000,MAIZ AMARILLO DURO,2016,11,250.0,POSITIVE,0.0,False,201502;201503;201504;201505;201506;201507,PENDING_EVIDENCE_FREEZE,False
200408,14010070000,MAIZ AMARILLO DURO,2016,12,250.0,POSITIVE,0.6,True,201501;201502;201503;201504;201505;201506;201507,PENDING_EVIDENCE_FREEZE,False
200409,14010070000,MAIZ AMARILLO DURO,2016,1,365.0,PARTIAL_MISSING,,False,,PENDING_EVIDENCE_FREEZE,False
200409,14010070000,MAIZ AMARILLO DURO,2016,2,365.0,PARTIAL_MISSING,,False,,PENDING_EVIDENCE_FREEZE,False
200409,14010070000,MAIZ AMARILLO DURO,2016,3,365.0,PARTIAL_MISSING,,False,,PENDING_EVIDENCE_FREEZE,False
200409,14010070000,MAIZ AMARILLO DURO,2016,4,365.0,PARTIAL_MISSING,,False,,PENDING_EVIDENCE_FREEZE,False
200409,14010070000,MAIZ AMARILLO DURO,2016,5,365.0,PARTIAL_MISSING,,False,,PENDING_EVIDENCE_FREEZE,False
200409,14010070000,MAIZ AMARILLO DURO,2016,6,365.0,PARTIAL_MISSING,,False,,PENDING_EVIDENCE_FREEZE,False
200409,14010070000,MAIZ AMARILLO DURO,2016,7,365.0,PARTIAL_MISSING,,False,,PENDING_EVIDENCE_FREEZE,False
200409,14010070000,MAIZ AMARILLO DURO,2016,8,365.0,PARTIAL_MISSING,,False,,PENDING_EVIDENCE_FREEZE,False
200409,14010070000,MAIZ AMARILLO DURO,2016,9,365.0,PARTIAL_MISSING,,False,,PENDING_EVIDENCE_FREEZE,False
200409,14010070000,MAIZ AMARILLO DURO,2016,10,365.0,PARTIAL_MISSING,,False,,PENDING_EVIDENCE_FREEZE,False
200409,14010070000,MAIZ AMARILLO DURO,2016,11,365.0,PARTIAL_MISSING,,False,,PENDING_EVIDENCE_FREEZE,False
200409,14010070000,MAIZ AMARILLO DURO,2016,12,365.0,PARTIAL_MISSING,,False,,PENDING_EVIDENCE_FREEZE,False
200410,14010070000,MAIZ AMARILLO DURO,2016,1,70.0,PARTIAL_MISSING,,False,,PENDING_EVIDENCE_FREEZE,False
200410,14010070000,MAIZ AMARILLO DURO,2016,2,70.0,PARTIAL_MISSING,,False,,PENDING_EVIDENCE_FREEZE,False
200410,14010070000,MAIZ AMARILLO DURO,2016,3,70.0,PARTIAL_MISSING,,False,,PENDING_EVIDENCE_FREEZE,False
200410,14010070000,MAIZ AMARILLO DURO,2016,4,70.0,PARTIAL_MISSING,,False,,PENDING_EVIDENCE_FREEZE,False
200410,14010070000,MAIZ AMARILLO DURO,2016,5,70.0,PARTIAL_MISSING,,False,,PENDING_EVIDENCE_FREEZE,False
200410,14010070000,MAIZ AMARILLO DURO,2016,6,70.0,PARTIAL_MISSING,,False,,PENDING_EVIDENCE_FREEZE,False
200410,14010070000,MAIZ AMARILLO DURO,2016,7,70.0,PARTIAL_MISSING,,False,,PENDING_EVIDENCE_FREEZE,False
200410,14010070000,MAIZ AMARILLO DURO,2016,8,70.0,PARTIAL_MISSING,,False,,PENDING_EVIDENCE_FREEZE,False
200410,14010070000,MAIZ AMARILLO DURO,2016,9,70.0,PARTIAL_MISSING,,False,,PENDING_EVIDENCE_FREEZE,False
200410,14010070000,MAIZ AMARILLO DURO,2016,10,70.0,PARTIAL_MISSING,,False,,PENDING_EVIDENCE_FREEZE,False
200410,14010070000,MAIZ AMARILLO DURO,2016,11,70.0,PARTIAL_MISSING,,False,,PENDING_EVIDENCE_FREEZE,False
200410,14010070000,MAIZ AMARILLO DURO,2016,12,70.0,PARTIAL_MISSING,,False,,PENDING_EVIDENCE_FREEZE,False
200502,14010070000,MAIZ AMARILLO DURO,2016,1,2.0,PARTIAL_MISSING,,False,,PENDING_EVIDENCE_FREEZE,False
200502,14010070000,MAIZ AMARILLO DURO,2016,2,2.0,PARTIAL_MISSING,,False,,PENDING_EVIDENCE_FREEZE,False
200502,14010070000,MAIZ AMARILLO DURO,2016,3,2.0,PARTIAL_MISSING,,False,,PENDING_EVIDENCE_FREEZE,False
200502,14010070000,MAIZ AMARILLO DURO,2016,4,2.0,PARTIAL_MISSING,,False,,PENDING_EVIDENCE_FREEZE,False
200502,14010070000,MAIZ AMARILLO DURO,2016,5,2.0,PARTIAL_MISSING,,False,,PENDING_EVIDENCE_FREEZE,False
200502,14010070000,MAIZ AMARILLO DURO,2016,6,2.0,PARTIAL_MISSING,,False,,PENDING_EVIDENCE_FREEZE,False
200502,14010070000,MAIZ AMARILLO DURO,2016,7,2.0,PARTIAL_MISSING,,False,,PENDING_EVIDENCE_FREEZE,False
200502,14010070000,MAIZ AMARILLO DURO,2016,8,2.0,PARTIAL_MISSING,,False,,PENDING_EVIDENCE_FREEZE,False
200502,14010070000,MAIZ AMARILLO DURO,2016,9,2.0,PARTIAL_MISSING,,False,,PENDING_EVIDENCE_FREEZE,False
200502,14010070000,MAIZ AMARILLO DURO,2016,10,2.0,PARTIAL_MISSING,,False,,PENDING_EVIDENCE_FREEZE,False
200502,14010070000,MAIZ AMARILLO DURO,2016,11,2.0,PARTIAL_MISSING,,False,,PENDING_EVIDENCE_FREEZE,False
200502,14010070000,MAIZ AMARILLO DURO,2016,12,2.0,PARTIAL_MISSING,,False,,PENDING_EVIDENCE_FREEZE,False
200503,14010070000,MAIZ AMARILLO DURO,2016,1,63.0,PARTIAL_MISSING,,False,,PENDING_EVIDENCE_FREEZE,False
200503,14010070000,MAIZ AMARILLO DURO,2016,2,63.0,PARTIAL_MISSING,,False,,PENDING_EVIDENCE_FREEZE,False
200503,14010070000,MAIZ AMARILLO DURO,2016,3,63.0,PARTIAL_MISSING,,False,,PENDING_EVIDENCE_FREEZE,False
200503,14010070000,MAIZ AMARILLO DURO,2016,4,63.0,PARTIAL_MISSING,,False,,PENDING_EVIDENCE_FREEZE,False
200503,14010070000,MAIZ AMARILLO DURO,2016,5,63.0,PARTIAL_MISSING,,False,,PENDING_EVIDENCE_FREEZE,False
200503,14010070000,MAIZ AMARILLO DURO,2016,6,63.0,PARTIAL_MISSING,,False,,PENDING_EVIDENCE_FREEZE,False
200503,14010070000,MAIZ AMARILLO DURO,2016,7,63.0,PARTIAL_MISSING,,False,,PENDING_EVIDENCE_FREEZE,False
200503,14010070000,MAIZ AMARILLO DURO,2016,8,63.0,PARTIAL_MISSING,,False,,PENDING_EVIDENCE_FREEZE,False
200503,14010070000,MAIZ AMARILLO DURO,2016,9,63.0,PARTIAL_MISSING,,False,,PENDING_EVIDENCE_FREEZE,False
200503,14010070000,MAIZ AMARILLO DURO,2016,10,63.0,PARTIAL_MISSING,,False,,PENDING_EVIDENCE_FREEZE,False
200503,14010070000,MAIZ AMARILLO DURO,2016,11,63.0,PARTIAL_MISSING,,False,,PENDING_EVIDENCE_FREEZE,False
200503,14010070000,MAIZ AMARILLO DURO,2016,12,63.0,PARTIAL_MISSING,,False,,PENDING_EVIDENCE_FREEZE,False
200504,14010070000,MAIZ AMARILLO DURO,2016,1,210.0,PARTIAL_MISSING,,False,,PENDING_EVIDENCE_FREEZE,False
200504,14010070000,MAIZ AMARILLO DURO,2016,2,210.0,PARTIAL_MISSING,,False,,PENDING_EVIDENCE_FREEZE,False
200504,14010070000,MAIZ AMARILLO DURO,2016,3,210.0,PARTIAL_MISSING,,False,,PENDING_EVIDENCE_FREEZE,False
200504,14010070000,MAIZ AMARILLO DURO,2016,4,210.0,PARTIAL_MISSING,,False,,PENDING_EVIDENCE_FREEZE,False
200504,14010070000,MAIZ AMARILLO DURO,2016,5,210.0,PARTIAL_MISSING,,False,,PENDING_EVIDENCE_FREEZE,False
200504,14010070000,MAIZ AMARILLO DURO,2016,6,210.0,PARTIAL_MISSING,,False,,PENDING_EVIDENCE_FREEZE,False
200504,14010070000,MAIZ AMARILLO DURO,2016,7,210.0,PARTIAL_MISSING,,False,,PENDING_EVIDENCE_FREEZE,False
200504,14010070000,MAIZ AMARILLO DURO,2016,8,210.0,PARTIAL_MISSING,,False,,PENDING_EVIDENCE_FREEZE,False
200504,14010070000,MAIZ AMARILLO DURO,2016,9,210.0,PARTIAL_MISSING,,False,,PENDING_EVIDENCE_FREEZE,False
200504,14010070000,MAIZ AMARILLO DURO,2016,10,210.0,PARTIAL_MISSING,,False,,PENDING_EVIDENCE_FREEZE,False
200504,14010070000,MAIZ AMARILLO DURO,2016,11,210.0,PARTIAL_MISSING,,False,,PENDING_EVIDENCE_FREEZE,False
200504,14010070000,MAIZ AMARILLO DURO,2016,12,210.0,PARTIAL_MISSING,,False,,PENDING_EVIDENCE_FREEZE,False
200505,14010070000,MAIZ AMARILLO DURO,2016,1,35.0,PARTIAL_MISSING,,False,,PENDING_EVIDENCE_FREEZE,False
200505,14010070000,MAIZ AMARILLO DURO,2016,2,35.0,PARTIAL_MISSING,,False,,PENDING_EVIDENCE_FREEZE,False
200505,14010070000,MAIZ AMARILLO DURO,2016,3,35.0,PARTIAL_MISSING,,False,,PENDING_EVIDENCE_FREEZE,False
200505,14010070000,MAIZ AMARILLO DURO,2016,4,35.0,PARTIAL_MISSING,,False,,PENDING_EVIDENCE_FREEZE,False
200505,14010070000,MAIZ AMARILLO DURO,2016,5,35.0,PARTIAL_MISSING,,False,,PENDING_EVIDENCE_FREEZE,False
200505,14010070000,MAIZ AMARILLO DURO,2016,6,35.0,PARTIAL_MISSING,,False,,PENDING_EVIDENCE_FREEZE,False
200505,14010070000,MAIZ AMARILLO DURO,2016,7,35.0,PARTIAL_MISSING,,False,,PENDING_EVIDENCE_FREEZE,False
200505,14010070000,MAIZ AMARILLO DURO,2016,8,35.0,PARTIAL_MISSING,,False,,PENDING_EVIDENCE_FREEZE,False
200505,14010070000,MAIZ AMARILLO DURO,2016,9,35.0,PARTIAL_MISSING,,False,,PENDING_EVIDENCE_FREEZE,False
200505,14010070000,MAIZ AMARILLO DURO,2016,10,35.0,PARTIAL_MISSING,,False,,PENDING_EVIDENCE_FREEZE,False
200505,14010070000,MAIZ AMARILLO DURO,2016,11,35.0,PARTIAL_MISSING,,False,,PENDING_EVIDENCE_FREEZE,False
200505,14010070000,MAIZ AMARILLO DURO,2016,12,35.0,PARTIAL_MISSING,,False,,PENDING_EVIDENCE_FREEZE,False
200506,14010070000,MAIZ AMARILLO DURO,2016,1,2.0,POSITIVE,0.0,False,,PENDING_EVIDENCE_FREEZE,False
200506,14010070000,MAIZ AMARILLO DURO,2016,2,2.0,POSITIVE,0.0,False,,PENDING_EVIDENCE_FREEZE,False
200506,14010070000,MAIZ AMARILLO DURO,2016,3,2.0,POSITIVE,0.0,False,,PENDING_EVIDENCE_FREEZE,False
200506,14010070000,MAIZ AMARILLO DURO,2016,4,2.0,POSITIVE,0.0,False,,PENDING_EVIDENCE_FREEZE,False
200506,14010070000,MAIZ AMARILLO DURO,2016,5,2.0,POSITIVE,0.0,False,,PENDING_EVIDENCE_FREEZE,False
200506,14010070000,MAIZ AMARILLO DURO,2016,6,2.0,POSITIVE,0.0,False,201507,PENDING_EVIDENCE_FREEZE,False
200506,14010070000,MAIZ AMARILLO DURO,2016,7,2.0,POSITIVE,1.0,True,201506;201507,PENDING_EVIDENCE_FREEZE,False
200506,14010070000,MAIZ AMARILLO DURO,2016,8,2.0,POSITIVE,1.0,True,201505;201506;201507,PENDING_EVIDENCE_FREEZE,False
200506,14010070000,MAIZ AMARILLO DURO,2016,9,2.0,POSITIVE,1.0,True,201504;201505;201506;201507,PENDING_EVIDENCE_FREEZE,False
200506,14010070000,MAIZ AMARILLO DURO,2016,10,2.0,POSITIVE,1.0,True,201503;201504;201505;201506;201507,PENDING_EVIDENCE_FREEZE,False
200506,14010070000,MAIZ AMARILLO DURO,2016,11,2.0,POSITIVE,1.0,True,201502;201503;201504;201505;201506;201507,PENDING_EVIDENCE_FREEZE,False
200506,14010070000,MAIZ AMARILLO DURO,2016,12,2.0,POSITIVE,1.0,True,201501;201502;201503;201504;201505;201506;201507,PENDING_EVIDENCE_FREEZE,False
200507,14010070000,MAIZ AMARILLO DURO,2016,1,140.0,POSITIVE,0.0,False,,PENDING_EVIDENCE_FREEZE,False
200507,14010070000,MAIZ AMARILLO DURO,2016,2,140.0,POSITIVE,0.0,False,,PENDING_EVIDENCE_FREEZE,False
200507,14010070000,MAIZ AMARILLO DURO,2016,3,140.0,POSITIVE,0.0,False,,PENDING_EVIDENCE_FREEZE,False
200507,14010070000,MAIZ AMARILLO DURO,2016,4,140.0,POSITIVE,0.0,False,,PENDING_EVIDENCE_FREEZE,False
200507,14010070000,MAIZ AMARILLO DURO,2016,5,140.0,POSITIVE,0.0,False,,PENDING_EVIDENCE_FREEZE,False
200507,14010070000,MAIZ AMARILLO DURO,2016,6,140.0,POSITIVE,0.0,False,201507,PENDING_EVIDENCE_FREEZE,False
200507,14010070000,MAIZ AMARILLO DURO,2016,7,140.0,POSITIVE,0.14285714285714285,True,201506;201507,PENDING_EVIDENCE_FREEZE,False
200507,14010070000,MAIZ AMARILLO DURO,2016,8,140.0,POSITIVE,0.21428571428571427,True,201505;201506;201507,PENDING_EVIDENCE_FREEZE,False
200507,14010070000,MAIZ AMARILLO DURO,2016,9,140.0,POSITIVE,0.21428571428571427,True,201504;201505;201506;201507,PENDING_EVIDENCE_FREEZE,False
200507,14010070000,MAIZ AMARILLO DURO,2016,10,140.0,POSITIVE,0.21428571428571427,True,201503;201504;201505;201506;201507,PENDING_EVIDENCE_FREEZE,False
200507,14010070000,MAIZ AMARILLO DURO,2016,11,140.0,POSITIVE,0.21428571428571427,True,201502;201503;201504;201505;201506;201507,PENDING_EVIDENCE_FREEZE,False
200507,14010070000,MAIZ AMARILLO DURO,2016,12,140.0,POSITIVE,0.3571428571428571,True,201501;201502;201503;201504;201505;201506;201507,PENDING_EVIDENCE_FREEZE,False
200601,14010070000,MAIZ AMARILLO DURO,2016,1,60.0,PARTIAL_MISSING,,False,,PENDING_EVIDENCE_FREEZE,False
200601,14010070000,MAIZ AMARILLO DURO,2016,2,60.0,PARTIAL_MISSING,,False,,PENDING_EVIDENCE_FREEZE,False
200601,14010070000,MAIZ AMARILLO DURO,2016,3,60.0,PARTIAL_MISSING,,False,,PENDING_EVIDENCE_FREEZE,False
200601,14010070000,MAIZ AMARILLO DURO,2016,4,60.0,PARTIAL_MISSING,,False,,PENDING_EVIDENCE_FREEZE,False
200601,14010070000,MAIZ AMARILLO DURO,2016,5,60.0,PARTIAL_MISSING,,False,,PENDING_EVIDENCE_FREEZE,False
200601,14010070000,MAIZ AMARILLO DURO,2016,6,60.0,PARTIAL_MISSING,,False,,PENDING_EVIDENCE_FREEZE,False
200601,14010070000,MAIZ AMARILLO DURO,2016,7,60.0,PARTIAL_MISSING,,False,,PENDING_EVIDENCE_FREEZE,False
200601,14010070000,MAIZ AMARILLO DURO,2016,8,60.0,PARTIAL_MISSING,,False,,PENDING_EVIDENCE_FREEZE,False
200601,14010070000,MAIZ AMARILLO DURO,2016,9,60.0,PARTIAL_MISSING,,False,,PENDING_EVIDENCE_FREEZE,False
200601,14010070000,MAIZ AMARILLO DURO,2016,10,60.0,PARTIAL_MISSING,,False,,PENDING_EVIDENCE_FREEZE,False
200601,14010070000,MAIZ AMARILLO DURO,2016,11,60.0,PARTIAL_MISSING,,False,,PENDING_EVIDENCE_FREEZE,False
200601,14010070000,MAIZ AMARILLO DURO,2016,12,60.0,PARTIAL_MISSING,,False,,PENDING_EVIDENCE_FREEZE,False
200603,14010070000,MAIZ AMARILLO DURO,2016,1,25.0,PARTIAL_MISSING,,False,,PENDING_EVIDENCE_FREEZE,False
200603,14010070000,MAIZ AMARILLO DURO,2016,2,25.0,PARTIAL_MISSING,,False,,PENDING_EVIDENCE_FREEZE,False
200603,14010070000,MAIZ AMARILLO DURO,2016,3,25.0,PARTIAL_MISSING,,False,,PENDING_EVIDENCE_FREEZE,False
200603,14010070000,MAIZ AMARILLO DURO,2016,4,25.0,PARTIAL_MISSING,,False,,PENDING_EVIDENCE_FREEZE,False
200603,14010070000,MAIZ AMARILLO DURO,2016,5,25.0,PARTIAL_MISSING,,False,,PENDING_EVIDENCE_FREEZE,False
200603,14010070000,MAIZ AMARILLO DURO,2016,6,25.0,PARTIAL_MISSING,,False,,PENDING_EVIDENCE_FREEZE,False
200603,14010070000,MAIZ AMARILLO DURO,2016,7,25.0,PARTIAL_MISSING,,False,,PENDING_EVIDENCE_FREEZE,False
200603,14010070000,MAIZ AMARILLO DURO,2016,8,25.0,PARTIAL_MISSING,,False,,PENDING_EVIDENCE_FREEZE,False
200603,14010070000,MAIZ AMARILLO DURO,2016,9,25.0,PARTIAL_MISSING,,False,,PENDING_EVIDENCE_FREEZE,False
200603,14010070000,MAIZ AMARILLO DURO,2016,10,25.0,PARTIAL_MISSING,,False,,PENDING_EVIDENCE_FREEZE,False
200603,14010070000,MAIZ AMARILLO DURO,2016,11,25.0,PARTIAL_MISSING,,False,,PENDING_EVIDENCE_FREEZE,False
200603,14010070000,MAIZ AMARILLO DURO,2016,12,25.0,PARTIAL_MISSING,,False,,PENDING_EVIDENCE_FREEZE,False
200605,14010070000,MAIZ AMARILLO DURO,2016,1,53.0,POSITIVE,0.0,False,,PENDING_EVIDENCE_FREEZE,False
200605,14010070000,MAIZ AMARILLO DURO,2016,2,53.0,POSITIVE,0.0,False,,PENDING_EVIDENCE_FREEZE,False
200605,14010070000,MAIZ AMARILLO DURO,2016,3,53.0,POSITIVE,0.0,False,,PENDING_EVIDENCE_FREEZE,False
200605,14010070000,MAIZ AMARILLO DURO,2016,4,53.0,POSITIVE,0.0,False,,PENDING_EVIDENCE_FREEZE,False
200605,14010070000,MAIZ AMARILLO DURO,2016,5,53.0,POSITIVE,0.0,False,,PENDING_EVIDENCE_FREEZE,False
200605,14010070000,MAIZ AMARILLO DURO,2016,6,53.0,POSITIVE,0.5660377358490566,True,201507,PENDING_EVIDENCE_FREEZE,False
200605,14010070000,MAIZ AMARILLO DURO,2016,7,53.0,POSITIVE,0.8490566037735849,True,201506;201507,PENDING_EVIDENCE_FREEZE,False
200605,14010070000,MAIZ AMARILLO DURO,2016,8,53.0,POSITIVE,0.8490566037735849,True,201505;201506;201507,PENDING_EVIDENCE_FREEZE,False
200605,14010070000,MAIZ AMARILLO DURO,2016,9,53.0,POSITIVE,0.8490566037735849,True,201504;201505;201506;201507,PENDING_EVIDENCE_FREEZE,False
200605,14010070000,MAIZ AMARILLO DURO,2016,10,53.0,POSITIVE,0.8490566037735849,True,201503;201504;201505;201506;201507,PENDING_EVIDENCE_FREEZE,False
200605,14010070000,MAIZ AMARILLO DURO,2016,11,53.0,POSITIVE,0.8490566037735849,True,201502;201503;201504;201505;201506;201507,PENDING_EVIDENCE_FREEZE,False
200605,14010070000,MAIZ AMARILLO DURO,2016,12,53.0,POSITIVE,0.8490566037735849,True,201501;201502;201503;201504;201505;201506;201507,PENDING_EVIDENCE_FREEZE,False
200606,14010070000,MAIZ AMARILLO DURO,2016,1,70.0,PARTIAL_MISSING,,False,,PENDING_EVIDENCE_FREEZE,False
200606,14010070000,MAIZ AMARILLO DURO,2016,2,70.0,PARTIAL_MISSING,,False,,PENDING_EVIDENCE_FREEZE,False
200606,14010070000,MAIZ AMARILLO DURO,2016,3,70.0,PARTIAL_MISSING,,False,,PENDING_EVIDENCE_FREEZE,False
200606,14010070000,MAIZ AMARILLO DURO,2016,4,70.0,PARTIAL_MISSING,,False,,PENDING_EVIDENCE_FREEZE,False
200606,14010070000,MAIZ AMARILLO DURO,2016,5,70.0,PARTIAL_MISSING,,False,,PENDING_EVIDENCE_FREEZE,False
200606,14010070000,MAIZ AMARILLO DURO,2016,6,70.0,PARTIAL_MISSING,,False,,PENDING_EVIDENCE_FREEZE,False
200606,14010070000,MAIZ AMARILLO DURO,2016,7,70.0,PARTIAL_MISSING,,False,,PENDING_EVIDENCE_FREEZE,False
200606,14010070000,MAIZ AMARILLO DURO,2016,8,70.0,PARTIAL_MISSING,,False,,PENDING_EVIDENCE_FREEZE,False
200606,14010070000,MAIZ AMARILLO DURO,2016,9,70.0,PARTIAL_MISSING,,False,,PENDING_EVIDENCE_FREEZE,False
200606,14010070000,MAIZ AMARILLO DURO,2016,10,70.0,PARTIAL_MISSING,,False,,PENDING_EVIDENCE_FREEZE,False
200606,14010070000,MAIZ AMARILLO DURO,2016,11,70.0,PARTIAL_MISSING,,False,,PENDING_EVIDENCE_FREEZE,False
200606,14010070000,MAIZ AMARILLO DURO,2016,12,70.0,PARTIAL_MISSING,,False,,PENDING_EVIDENCE_FREEZE,False
200607,14010070000,MAIZ AMARILLO DURO,2016,1,10.0,PARTIAL_MISSING,,False,,PENDING_EVIDENCE_FREEZE,False
200607,14010070000,MAIZ AMARILLO DURO,2016,2,10.0,PARTIAL_MISSING,,False,,PENDING_EVIDENCE_FREEZE,False
200607,14010070000,MAIZ AMARILLO DURO,2016,3,10.0,PARTIAL_MISSING,,False,,PENDING_EVIDENCE_FREEZE,False
200607,14010070000,MAIZ AMARILLO DURO,2016,4,10.0,PARTIAL_MISSING,,False,,PENDING_EVIDENCE_FREEZE,False
200607,14010070000,MAIZ AMARILLO DURO,2016,5,10.0,PARTIAL_MISSING,,False,,PENDING_EVIDENCE_FREEZE,False
200607,14010070000,MAIZ AMARILLO DURO,2016,6,10.0,PARTIAL_MISSING,,False,,PENDING_EVIDENCE_FREEZE,False
200607,14010070000,MAIZ AMARILLO DURO,2016,7,10.0,PARTIAL_MISSING,,False,,PENDING_EVIDENCE_FREEZE,False
200607,14010070000,MAIZ AMARILLO DURO,2016,8,10.0,PARTIAL_MISSING,,False,,PENDING_EVIDENCE_FREEZE,False
200607,14010070000,MAIZ AMARILLO DURO,2016,9,10.0,PARTIAL_MISSING,,False,,PENDING_EVIDENCE_FREEZE,False
200607,14010070000,MAIZ AMARILLO DURO,2016,10,10.0,PARTIAL_MISSING,,False,,PENDING_EVIDENCE_FREEZE,False
200607,14010070000,MAIZ AMARILLO DURO,2016,11,10.0,PARTIAL_MISSING,,False,,PENDING_EVIDENCE_FREEZE,False
200607,14010070000,MAIZ AMARILLO DURO,2016,12,10.0,PARTIAL_MISSING,,False,,PENDING_EVIDENCE_FREEZE,False
200608,14010070000,MAIZ AMARILLO DURO,2016,1,10.0,PARTIAL_MISSING,,False,,PENDING_EVIDENCE_FREEZE,False
200608,14010070000,MAIZ AMARILLO DURO,2016,2,10.0,PARTIAL_MISSING,,False,,PENDING_EVIDENCE_FREEZE,False
200608,14010070000,MAIZ AMARILLO DURO,2016,3,10.0,PARTIAL_MISSING,,False,,PENDING_EVIDENCE_FREEZE,False
200608,14010070000,MAIZ AMARILLO DURO,2016,4,10.0,PARTIAL_MISSING,,False,,PENDING_EVIDENCE_FREEZE,False
200608,14010070000,MAIZ AMARILLO DURO,2016,5,10.0,PARTIAL_MISSING,,False,,PENDING_EVIDENCE_FREEZE,False
200608,14010070000,MAIZ AMARILLO DURO,2016,6,10.0,PARTIAL_MISSING,,False,,PENDING_EVIDENCE_FREEZE,False
200608,14010070000,MAIZ AMARILLO DURO,2016,7,10.0,PARTIAL_MISSING,,False,,PENDING_EVIDENCE_FREEZE,False
200608,14010070000,MAIZ AMARILLO DURO,2016,8,10.0,PARTIAL_MISSING,,False,,PENDING_EVIDENCE_FREEZE,False
200608,14010070000,MAIZ AMARILLO DURO,2016,9,10.0,PARTIAL_MISSING,,False,,PENDING_EVIDENCE_FREEZE,False
200608,14010070000,MAIZ AMARILLO DURO,2016,10,10.0,PARTIAL_MISSING,,False,,PENDING_EVIDENCE_FREEZE,False
200608,14010070000,MAIZ AMARILLO DURO,2016,11,10.0,PARTIAL_MISSING,,False,,PENDING_EVIDENCE_FREEZE,False
200608,14010070000,MAIZ AMARILLO DURO,2016,12,10.0,PARTIAL_MISSING,,False,,PENDING_EVIDENCE_FREEZE,False
200801,14010070000,MAIZ AMARILLO DURO,2016,1,185.0,PARTIAL_MISSING,,False,,PENDING_EVIDENCE_FREEZE,False
200801,14010070000,MAIZ AMARILLO DURO,2016,2,185.0,PARTIAL_MISSING,,False,,PENDING_EVIDENCE_FREEZE,False
200801,14010070000,MAIZ AMARILLO DURO,2016,3,185.0,PARTIAL_MISSING,,False,,PENDING_EVIDENCE_FREEZE,False
200801,14010070000,MAIZ AMARILLO DURO,2016,4,185.0,PARTIAL_MISSING,,False,,PENDING_EVIDENCE_FREEZE,False
200801,14010070000,MAIZ AMARILLO DURO,2016,5,185.0,PARTIAL_MISSING,,False,,PENDING_EVIDENCE_FREEZE,False
200801,14010070000,MAIZ AMARILLO DURO,2016,6,185.0,PARTIAL_MISSING,,False,,PENDING_EVIDENCE_FREEZE,False
200801,14010070000,MAIZ AMARILLO DURO,2016,7,185.0,PARTIAL_MISSING,,False,,PENDING_EVIDENCE_FREEZE,False
200801,14010070000,MAIZ AMARILLO DURO,2016,8,185.0,PARTIAL_MISSING,,False,,PENDING_EVIDENCE_FREEZE,False
200801,14010070000,MAIZ AMARILLO DURO,2016,9,185.0,PARTIAL_MISSING,,False,,PENDING_EVIDENCE_FREEZE,False
200801,14010070000,MAIZ AMARILLO DURO,2016,10,185.0,PARTIAL_MISSING,,False,,PENDING_EVIDENCE_FREEZE,False
200801,14010070000,MAIZ AMARILLO DURO,2016,11,185.0,PARTIAL_MISSING,,False,,PENDING_EVIDENCE_FREEZE,False
200801,14010070000,MAIZ AMARILLO DURO,2016,12,185.0,PARTIAL_MISSING,,False,,PENDING_EVIDENCE_FREEZE,False
200802,14010070000,MAIZ AMARILLO DURO,2016,1,148.0,POSITIVE,0.0,False,,PENDING_EVIDENCE_FREEZE,False
200802,14010070000,MAIZ AMARILLO DURO,2016,2,148.0,POSITIVE,0.0,False,,PENDING_EVIDENCE_FREEZE,False
200802,14010070000,MAIZ AMARILLO DURO,2016,3,148.0,POSITIVE,0.0,False,,PENDING_EVIDENCE_FREEZE,False
200802,14010070000,MAIZ AMARILLO DURO,2016,4,148.0,POSITIVE,0.0,False,,PENDING_EVIDENCE_FREEZE,False
200802,14010070000,MAIZ AMARILLO DURO,2016,5,148.0,POSITIVE,0.0,False,,PENDING_EVIDENCE_FREEZE,False
200802,14010070000,MAIZ AMARILLO DURO,2016,6,148.0,POSITIVE,0.0,False,201507,PENDING_EVIDENCE_FREEZE,False
200802,14010070000,MAIZ AMARILLO DURO,2016,7,148.0,POSITIVE,0.0,False,201506;201507,PENDING_EVIDENCE_FREEZE,False
200802,14010070000,MAIZ AMARILLO DURO,2016,8,148.0,POSITIVE,0.0,False,201505;201506;201507,PENDING_EVIDENCE_FREEZE,False
200802,14010070000,MAIZ AMARILLO DURO,2016,9,148.0,POSITIVE,0.0,False,201504;201505;201506;201507,PENDING_EVIDENCE_FREEZE,False
200802,14010070000,MAIZ AMARILLO DURO,2016,10,148.0,POSITIVE,0.0,False,201503;201504;201505;201506;201507,PENDING_EVIDENCE_FREEZE,False
200802,14010070000,MAIZ AMARILLO DURO,2016,11,148.0,POSITIVE,0.06756756756756757,True,201502;201503;201504;201505;201506;201507,PENDING_EVIDENCE_FREEZE,False
200802,14010070000,MAIZ AMARILLO DURO,2016,12,148.0,POSITIVE,0.06756756756756757,True,201501;201502;201503;201504;201505;201506;201507,PENDING_EVIDENCE_FREEZE,False
200803,14010070000,MAIZ AMARILLO DURO,2016,1,118.0,PARTIAL_MISSING,,False,,PENDING_EVIDENCE_FREEZE,False
200803,14010070000,MAIZ AMARILLO DURO,2016,2,118.0,PARTIAL_MISSING,,False,,PENDING_EVIDENCE_FREEZE,False
200803,14010070000,MAIZ AMARILLO DURO,2016,3,118.0,PARTIAL_MISSING,,False,,PENDING_EVIDENCE_FREEZE,False
200803,14010070000,MAIZ AMARILLO DURO,2016,4,118.0,PARTIAL_MISSING,,False,,PENDING_EVIDENCE_FREEZE,False
200803,14010070000,MAIZ AMARILLO DURO,2016,5,118.0,PARTIAL_MISSING,,False,,PENDING_EVIDENCE_FREEZE,False
200803,14010070000,MAIZ AMARILLO DURO,2016,6,118.0,PARTIAL_MISSING,,False,,PENDING_EVIDENCE_FREEZE,False
200803,14010070000,MAIZ AMARILLO DURO,2016,7,118.0,PARTIAL_MISSING,,False,,PENDING_EVIDENCE_FREEZE,False
200803,14010070000,MAIZ AMARILLO DURO,2016,8,118.0,PARTIAL_MISSING,,False,,PENDING_EVIDENCE_FREEZE,False
200803,14010070000,MAIZ AMARILLO DURO,2016,9,118.0,PARTIAL_MISSING,,False,,PENDING_EVIDENCE_FREEZE,False
200803,14010070000,MAIZ AMARILLO DURO,2016,10,118.0,PARTIAL_MISSING,,False,,PENDING_EVIDENCE_FREEZE,False
200803,14010070000,MAIZ AMARILLO DURO,2016,11,118.0,PARTIAL_MISSING,,False,,PENDING_EVIDENCE_FREEZE,False
200803,14010070000,MAIZ AMARILLO DURO,2016,12,118.0,PARTIAL_MISSING,,False,,PENDING_EVIDENCE_FREEZE,False
200804,14010070000,MAIZ AMARILLO DURO,2016,1,81.0,POSITIVE,0.0,False,,PENDING_EVIDENCE_FREEZE,False
200804,14010070000,MAIZ AMARILLO DURO,2016,2,81.0,POSITIVE,0.0,False,,PENDING_EVIDENCE_FREEZE,False
200804,14010070000,MAIZ AMARILLO DURO,2016,3,81.0,POSITIVE,0.0,False,,PENDING_EVIDENCE_FREEZE,False
200804,14010070000,MAIZ AMARILLO DURO,2016,4,81.0,POSITIVE,0.0,False,,PENDING_EVIDENCE_FREEZE,False
200804,14010070000,MAIZ AMARILLO DURO,2016,5,81.0,POSITIVE,0.0,False,,PENDING_EVIDENCE_FREEZE,False
200804,14010070000,MAIZ AMARILLO DURO,2016,6,81.0,POSITIVE,0.0,False,201507,PENDING_EVIDENCE_FREEZE,False
200804,14010070000,MAIZ AMARILLO DURO,2016,7,81.0,POSITIVE,0.0,False,201506;201507,PENDING_EVIDENCE_FREEZE,False
200804,14010070000,MAIZ AMARILLO DURO,2016,8,81.0,POSITIVE,0.0,False,201505;201506;201507,PENDING_EVIDENCE_FREEZE,False
200804,14010070000,MAIZ AMARILLO DURO,2016,9,81.0,POSITIVE,0.0,False,201504;201505;201506;201507,PENDING_EVIDENCE_FREEZE,False
200804,14010070000,MAIZ AMARILLO DURO,2016,10,81.0,POSITIVE,0.0,False,201503;201504;201505;201506;201507,PENDING_EVIDENCE_FREEZE,False
200804,14010070000,MAIZ AMARILLO DURO,2016,11,81.0,POSITIVE,0.037037037037037035,True,201502;201503;201504;201505;201506;201507,PENDING_EVIDENCE_FREEZE,False
200804,14010070000,MAIZ AMARILLO DURO,2016,12,81.0,POSITIVE,0.037037037037037035,True,201501;201502;201503;201504;201505;201506;201507,PENDING_EVIDENCE_FREEZE,False
200805,14010070000,MAIZ AMARILLO DURO,2016,1,127.0,POSITIVE,0.0,False,,PENDING_EVIDENCE_FREEZE,False
200805,14010070000,MAIZ AMARILLO DURO,2016,2,127.0,POSITIVE,0.0,False,,PENDING_EVIDENCE_FREEZE,False
200805,14010070000,MAIZ AMARILLO DURO,2016,3,127.0,POSITIVE,0.0,False,,PENDING_EVIDENCE_FREEZE,False
200805,14010070000,MAIZ AMARILLO DURO,2016,4,127.0,POSITIVE,0.0,False,,PENDING_EVIDENCE_FREEZE,False
200805,14010070000,MAIZ AMARILLO DURO,2016,5,127.0,POSITIVE,0.0,False,,PENDING_EVIDENCE_FREEZE,False
200805,14010070000,MAIZ AMARILLO DURO,2016,6,127.0,POSITIVE,0.0,False,201507,PENDING_EVIDENCE_FREEZE,False
200805,14010070000,MAIZ AMARILLO DURO,2016,7,127.0,POSITIVE,0.0,False,201506;201507,PENDING_EVIDENCE_FREEZE,False
200805,14010070000,MAIZ AMARILLO DURO,2016,8,127.0,POSITIVE,0.0,False,201505;201506;201507,PENDING_EVIDENCE_FREEZE,False
200805,14010070000,MAIZ AMARILLO DURO,2016,9,127.0,POSITIVE,0.0,False,201504;201505;201506;201507,PENDING_EVIDENCE_FREEZE,False
200805,14010070000,MAIZ AMARILLO DURO,2016,10,127.0,POSITIVE,0.0,False,201503;201504;201505;201506;201507,PENDING_EVIDENCE_FREEZE,False
200805,14010070000,MAIZ AMARILLO DURO,2016,11,127.0,POSITIVE,0.07874015748031496,True,201502;201503;201504;201505;201506;201507,PENDING_EVIDENCE_FREEZE,False
200805,14010070000,MAIZ AMARILLO DURO,2016,12,127.0,POSITIVE,0.12598425196850394,True,201501;201502;201503;201504;201505;201506;201507,PENDING_EVIDENCE_FREEZE,False
200806,14010070000,MAIZ AMARILLO DURO,2016,1,132.0,PARTIAL_MISSING,,False,,PENDING_EVIDENCE_FREEZE,False
200806,14010070000,MAIZ AMARILLO DURO,2016,2,132.0,PARTIAL_MISSING,,False,,PENDING_EVIDENCE_FREEZE,False
200806,14010070000,MAIZ AMARILLO DURO,2016,3,132.0,PARTIAL_MISSING,,False,,PENDING_EVIDENCE_FREEZE,False
200806,14010070000,MAIZ AMARILLO DURO,2016,4,132.0,PARTIAL_MISSING,,False,,PENDING_EVIDENCE_FREEZE,False
200806,14010070000,MAIZ AMARILLO DURO,2016,5,132.0,PARTIAL_MISSING,,False,,PENDING_EVIDENCE_FREEZE,False
200806,14010070000,MAIZ AMARILLO DURO,2016,6,132.0,PARTIAL_MISSING,,False,,PENDING_EVIDENCE_FREEZE,False
200806,14010070000,MAIZ AMARILLO DURO,2016,7,132.0,PARTIAL_MISSING,,False,,PENDING_EVIDENCE_FREEZE,False
200806,14010070000,MAIZ AMARILLO DURO,2016,8,132.0,PARTIAL_MISSING,,False,,PENDING_EVIDENCE_FREEZE,False
200806,14010070000,MAIZ AMARILLO DURO,2016,9,132.0,PARTIAL_MISSING,,False,,PENDING_EVIDENCE_FREEZE,False
200806,14010070000,MAIZ AMARILLO DURO,2016,10,132.0,PARTIAL_MISSING,,False,,PENDING_EVIDENCE_FREEZE,False
200806,14010070000,MAIZ AMARILLO DURO,2016,11,132.0,PARTIAL_MISSING,,False,,PENDING_EVIDENCE_FREEZE,False
200806,14010070000,MAIZ AMARILLO DURO,2016,12,132.0,PARTIAL_MISSING,,False,,PENDING_EVIDENCE_FREEZE,False
