source_url,http_status,content_length,retrieval_timestamp,sha256,local_filename,product,variable,year,month,source_last_modified,status,crs,width,height,transform,nodata,dtype
https://data.chc.ucsb.edu/products/CHIRPS/v3.0/monthly/latam/tifs/chirps-v3.0.1981.01.tif,LOCAL,,,017689784307ea35ae0f237260dd7564475d935dbb0633533658ed51a16dc8b4,data\raw\climate\chirps_v3\latam\monthly\chirps-v3.0.1981.01.tif,CHIRPS_V3_FINAL,RAIN,1981,1,,VALIDATED_LOCAL,EPSG:4326,1720,1900,"(0.050000000745, 0.0, -120.0, 0.0, -0.050000000745, 35.0, 0.0, 0.0, 1.0)",,float32
https://data.chc.ucsb.edu/products/CHIRPS/v3.0/monthly/latam/tifs/chirps-v3.0.1981.02.tif,LOCAL,,,a8c5aa8b58d26871874b6353f614d42b3e719724002e9a6f08b7a685202a15a1,data\raw\climate\chirps_v3\latam\monthly\chirps-v3.0.1981.02.tif,CHIRPS_V3_FINAL,RAIN,1981,2,,VALIDATED_LOCAL,EPSG:4326,1720,1900,"(0.050000000745, 0.0, -120.0, 0.0, -0.050000000745, 35.0, 0.0, 0.0, 1.0)",,float32
https://data.chc.ucsb.edu/products/CHIRPS/v3.0/monthly/latam/tifs/chirps-v3.0.1981.03.tif,LOCAL,,,84fd7f92394b7d81cc8c0f30c9ce13b670e78a47e8c97154ddc25858d12c3b42,data\raw\climate\chirps_v3\latam\monthly\chirps-v3.0.1981.03.tif,CHIRPS_V3_FINAL,RAIN,1981,3,,VALIDATED_LOCAL,EPSG:4326,1720,1900,"(0.050000000745, 0.0, -120.0, 0.0, -0.050000000745, 35.0, 0.0, 0.0, 1.0)",,float32
https://data.chc.ucsb.edu/products/CHIRPS/v3.0/monthly/latam/tifs/chirps-v3.0.1981.04.tif,LOCAL,,,9af4a48feb927afcc4b9032cd623bf34e1d8ca2ec2685f7c983a954d32e891c3,data\raw\climate\chirps_v3\latam\monthly\chirps-v3.0.1981.04.tif,CHIRPS_V3_FINAL,RAIN,1981,4,,VALIDATED_LOCAL,EPSG:4326,1720,1900,"(0.050000000745, 0.0, -120.0, 0.0, -0.050000000745, 35.0, 0.0, 0.0, 1.0)",,float32
https://data.chc.ucsb.edu/products/CHIRPS/v3.0/monthly/latam/tifs/chirps-v3.0.1981.05.tif,LOCAL,,,6f10b4cdf91db14d8f74dbb0642bd391b1eff4b58223d47da700a85f44b4843d,data\raw\climate\chirps_v3\latam\monthly\chirps-v3.0.1981.05.tif,CHIRPS_V3_FINAL,RAIN,1981,5,,VALIDATED_LOCAL,EPSG:4326,1720,1900,"(0.050000000745, 0.0, -120.0, 0.0, -0.050000000745, 35.0, 0.0, 0.0, 1.0)",,float32
https://data.chc.ucsb.edu/products/CHIRPS/v3.0/monthly/latam/tifs/chirps-v3.0.1981.06.tif,LOCAL,,,a5c0ddfe759eb4cae590c8fcf5ea42467e8fac7ecbee82c8965153a98f10ec03,data\raw\climate\chirps_v3\latam\monthly\chirps-v3.0.1981.06.tif,CHIRPS_V3_FINAL,RAIN,1981,6,,VALIDATED_LOCAL,EPSG:4326,1720,1900,"(0.050000000745, 0.0, -120.0, 0.0, -0.050000000745, 35.0, 0.0, 0.0, 1.0)",,float32
https://data.chc.ucsb.edu/products/CHIRPS/v3.0/monthly/latam/tifs/chirps-v3.0.1981.07.tif,LOCAL,,,7c9e1a4d342d9cf32d8a27fe849f1429faec98abb11ab5542cc1307b08efb11c,data\raw\climate\chirps_v3\latam\monthly\chirps-v3.0.1981.07.tif,CHIRPS_V3_FINAL,RAIN,1981,7,,VALIDATED_LOCAL,EPSG:4326,1720,1900,"(0.050000000745, 0.0, -120.0, 0.0, -0.050000000745, 35.0, 0.0, 0.0, 1.0)",,float32
https://data.chc.ucsb.edu/products/CHIRPS/v3.0/monthly/latam/tifs/chirps-v3.0.1981.08.tif,LOCAL,,,cf9a6aa12a64c5f7109a1035ba01dba026132d25f3be59d20e5a7b7340cfa60e,data\raw\climate\chirps_v3\latam\monthly\chirps-v3.0.1981.08.tif,CHIRPS_V3_FINAL,RAIN,1981,8,,VALIDATED_LOCAL,EPSG:4326,1720,1900,"(0.050000000745, 0.0, -120.0, 0.0, -0.050000000745, 35.0, 0.0, 0.0, 1.0)",,float32
https://data.chc.ucsb.edu/products/CHIRPS/v3.0/monthly/latam/tifs/chirps-v3.0.1981.09.tif,LOCAL,,,459e20879d42ea3dcb8a8aefe0083862f6c4923d854e9d671a6cb336ddd01041,data\raw\climate\chirps_v3\latam\monthly\chirps-v3.0.1981.09.tif,CHIRPS_V3_FINAL,RAIN,1981,9,,VALIDATED_LOCAL,EPSG:4326,1720,1900,"(0.050000000745, 0.0, -120.0, 0.0, -0.050000000745, 35.0, 0.0, 0.0, 1.0)",,float32
https://data.chc.ucsb.edu/products/CHIRPS/v3.0/monthly/latam/tifs/chirps-v3.0.1981.10.tif,LOCAL,,,7328d9c3c09031b5a121a7210d0dfacd0fd3365190bc0d1bb06eeee98cbff934,data\raw\climate\chirps_v3\latam\monthly\chirps-v3.0.1981.10.tif,CHIRPS_V3_FINAL,RAIN,1981,10,,VALIDATED_LOCAL,EPSG:4326,1720,1900,"(0.050000000745, 0.0, -120.0, 0.0, -0.050000000745, 35.0, 0.0, 0.0, 1.0)",,float32
https://data.chc.ucsb.edu/products/CHIRPS/v3.0/monthly/latam/tifs/chirps-v3.0.1981.11.tif,LOCAL,,,40861caeceeb7fe713ea91f54c213c21bb46b7c29d3acfc68ca24830e4b48def,data\raw\climate\chirps_v3\latam\monthly\chirps-v3.0.1981.11.tif,CHIRPS_V3_FINAL,RAIN,1981,11,,VALIDATED_LOCAL,EPSG:4326,1720,1900,"(0.050000000745, 0.0, -120.0, 0.0, -0.050000000745, 35.0, 0.0, 0.0, 1.0)",,float32
https://data.chc.ucsb.edu/products/CHIRPS/v3.0/monthly/latam/tifs/chirps-v3.0.1981.12.tif,LOCAL,,,34c683dea2db36b4c9bf5d4384dea8b028720def33a255c85aab675de8b81334,data\raw\climate\chirps_v3\latam\monthly\chirps-v3.0.1981.12.tif,CHIRPS_V3_FINAL,RAIN,1981,12,,VALIDATED_LOCAL,EPSG:4326,1720,1900,"(0.050000000745, 0.0, -120.0, 0.0, -0.050000000745, 35.0, 0.0, 0.0, 1.0)",,float32
https://data.chc.ucsb.edu/products/CHIRPS/v3.0/monthly/latam/tifs/chirps-v3.0.1982.01.tif,LOCAL,,,2da99f66a3af26c73802d165b3ace90669e7da931398de746bf60f3ae0eaedb0,data\raw\climate\chirps_v3\latam\monthly\chirps-v3.0.1982.01.tif,CHIRPS_V3_FINAL,RAIN,1982,1,,VALIDATED_LOCAL,EPSG:4326,1720,1900,"(0.050000000745, 0.0, -120.0, 0.0, -0.050000000745, 35.0, 0.0, 0.0, 1.0)",,float32
https://data.chc.ucsb.edu/products/CHIRPS/v3.0/monthly/latam/tifs/chirps-v3.0.1982.02.tif,LOCAL,,,aee65e85b68145a587eac43fb2bd46fad7eb8caafd6ba64764877f713f311764,data\raw\climate\chirps_v3\latam\monthly\chirps-v3.0.1982.02.tif,CHIRPS_V3_FINAL,RAIN,1982,2,,VALIDATED_LOCAL,EPSG:4326,1720,1900,"(0.050000000745, 0.0, -120.0, 0.0, -0.050000000745, 35.0, 0.0, 0.0, 1.0)",,float32
https://data.chc.ucsb.edu/products/CHIRPS/v3.0/monthly/latam/tifs/chirps-v3.0.1982.03.tif,LOCAL,,,3cff50768605ddc319033cf6eb65dc16d5455370591ca1334229750c104ff6b3,data\raw\climate\chirps_v3\latam\monthly\chirps-v3.0.1982.03.tif,CHIRPS_V3_FINAL,RAIN,1982,3,,VALIDATED_LOCAL,EPSG:4326,1720,1900,"(0.050000000745, 0.0, -120.0, 0.0, -0.050000000745, 35.0, 0.0, 0.0, 1.0)",,float32
https://data.chc.ucsb.edu/products/CHIRPS/v3.0/monthly/latam/tifs/chirps-v3.0.1982.04.tif,LOCAL,,,c8141d8ca1ffd971fdcd1265aaca8d8bdee961a5de51a0250c927953a1aab86a,data\raw\climate\chirps_v3\latam\monthly\chirps-v3.0.1982.04.tif,CHIRPS_V3_FINAL,RAIN,1982,4,,VALIDATED_LOCAL,EPSG:4326,1720,1900,"(0.050000000745, 0.0, -120.0, 0.0, -0.050000000745, 35.0, 0.0, 0.0, 1.0)",,float32
https://data.chc.ucsb.edu/products/CHIRPS/v3.0/monthly/latam/tifs/chirps-v3.0.1982.05.tif,LOCAL,,,ab1da1edfab309332f346a39ebfd262eb023238d1ddc22be7b5c49a2ae131f2d,data\raw\climate\chirps_v3\latam\monthly\chirps-v3.0.1982.05.tif,CHIRPS_V3_FINAL,RAIN,1982,5,,VALIDATED_LOCAL,EPSG:4326,1720,1900,"(0.050000000745, 0.0, -120.0, 0.0, -0.050000000745, 35.0, 0.0, 0.0, 1.0)",,float32
https://data.chc.ucsb.edu/products/CHIRPS/v3.0/monthly/latam/tifs/chirps-v3.0.1982.06.tif,LOCAL,,,c34524c5337b4807032a3b7778d5de15d46fc27053e6d41d83bd01bf888adba5,data\raw\climate\chirps_v3\latam\monthly\chirps-v3.0.1982.06.tif,CHIRPS_V3_FINAL,RAIN,1982,6,,VALIDATED_LOCAL,EPSG:4326,1720,1900,"(0.050000000745, 0.0, -120.0, 0.0, -0.050000000745, 35.0, 0.0, 0.0, 1.0)",,float32
https://data.chc.ucsb.edu/products/CHIRPS/v3.0/monthly/latam/tifs/chirps-v3.0.1982.07.tif,LOCAL,,,7f536d688103d05a2e261bac896dd17ed3df186b18c4838d91741a96c1a34417,data\raw\climate\chirps_v3\latam\monthly\chirps-v3.0.1982.07.tif,CHIRPS_V3_FINAL,RAIN,1982,7,,VALIDATED_LOCAL,EPSG:4326,1720,1900,"(0.050000000745, 0.0, -120.0, 0.0, -0.050000000745, 35.0, 0.0, 0.0, 1.0)",,float32
https://data.chc.ucsb.edu/products/CHIRPS/v3.0/monthly/latam/tifs/chirps-v3.0.1982.08.tif,LOCAL,,,18533394a18204b920778bf06db43b21c54f48271c57910e35015f0b3c4740d6,data\raw\climate\chirps_v3\latam\monthly\chirps-v3.0.1982.08.tif,CHIRPS_V3_FINAL,RAIN,1982,8,,VALIDATED_LOCAL,EPSG:4326,1720,1900,"(0.050000000745, 0.0, -120.0, 0.0, -0.050000000745, 35.0, 0.0, 0.0, 1.0)",,float32
https://data.chc.ucsb.edu/products/CHIRPS/v3.0/monthly/latam/tifs/chirps-v3.0.1982.09.tif,LOCAL,,,8d1279b772030e803d2222622c9a84b419e696895914eca24ca972e32c8eb14f,data\raw\climate\chirps_v3\latam\monthly\chirps-v3.0.1982.09.tif,CHIRPS_V3_FINAL,RAIN,1982,9,,VALIDATED_LOCAL,EPSG:4326,1720,1900,"(0.050000000745, 0.0, -120.0, 0.0, -0.050000000745, 35.0, 0.0, 0.0, 1.0)",,float32
https://data.chc.ucsb.edu/products/CHIRPS/v3.0/monthly/latam/tifs/chirps-v3.0.1982.10.tif,LOCAL,,,2840172e76a91e34aa5e1da9061f4384a61ff62095e65c8a18fe58580030545a,data\raw\climate\chirps_v3\latam\monthly\chirps-v3.0.1982.10.tif,CHIRPS_V3_FINAL,RAIN,1982,10,,VALIDATED_LOCAL,EPSG:4326,1720,1900,"(0.050000000745, 0.0, -120.0, 0.0, -0.050000000745, 35.0, 0.0, 0.0, 1.0)",,float32
https://data.chc.ucsb.edu/products/CHIRPS/v3.0/monthly/latam/tifs/chirps-v3.0.1982.11.tif,LOCAL,,,0f82dace162efc30577c54cab858291b203cd32df179f38e39c411da4f32ab7a,data\raw\climate\chirps_v3\latam\monthly\chirps-v3.0.1982.11.tif,CHIRPS_V3_FINAL,RAIN,1982,11,,VALIDATED_LOCAL,EPSG:4326,1720,1900,"(0.050000000745, 0.0, -120.0, 0.0, -0.050000000745, 35.0, 0.0, 0.0, 1.0)",,float32
https://data.chc.ucsb.edu/products/CHIRPS/v3.0/monthly/latam/tifs/chirps-v3.0.1982.12.tif,LOCAL,,,963b046075ef52776e934860e24667af732d7a30e73b4e6ed05768f434a2b740,data\raw\climate\chirps_v3\latam\monthly\chirps-v3.0.1982.12.tif,CHIRPS_V3_FINAL,RAIN,1982,12,,VALIDATED_LOCAL,EPSG:4326,1720,1900,"(0.050000000745, 0.0, -120.0, 0.0, -0.050000000745, 35.0, 0.0, 0.0, 1.0)",,float32
https://data.chc.ucsb.edu/products/CHIRPS/v3.0/monthly/latam/tifs/chirps-v3.0.1983.01.tif,LOCAL,,,378d464298f9b1f47cf4e02e41d3b3a344fc670cce17e4c4cd15905344b39fea,data\raw\climate\chirps_v3\latam\monthly\chirps-v3.0.1983.01.tif,CHIRPS_V3_FINAL,RAIN,1983,1,,VALIDATED_LOCAL,EPSG:4326,1720,1900,"(0.050000000745, 0.0, -120.0, 0.0, -0.050000000745, 35.0, 0.0, 0.0, 1.0)",,float32
https://data.chc.ucsb.edu/products/CHIRPS/v3.0/monthly/latam/tifs/chirps-v3.0.1983.02.tif,LOCAL,,,008bd1e35af2717b8363438543e8dd0eb608e579969ca85162bce12dc6fa463a,data\raw\climate\chirps_v3\latam\monthly\chirps-v3.0.1983.02.tif,CHIRPS_V3_FINAL,RAIN,1983,2,,VALIDATED_LOCAL,EPSG:4326,1720,1900,"(0.050000000745, 0.0, -120.0, 0.0, -0.050000000745, 35.0, 0.0, 0.0, 1.0)",,float32
https://data.chc.ucsb.edu/products/CHIRPS/v3.0/monthly/latam/tifs/chirps-v3.0.1983.03.tif,LOCAL,,,73278d8d4e827a985b061e8a0d15d847a95f80aa95ea20f05008743cd446e8d2,data\raw\climate\chirps_v3\latam\monthly\chirps-v3.0.1983.03.tif,CHIRPS_V3_FINAL,RAIN,1983,3,,VALIDATED_LOCAL,EPSG:4326,1720,1900,"(0.050000000745, 0.0, -120.0, 0.0, -0.050000000745, 35.0, 0.0, 0.0, 1.0)",,float32
https://data.chc.ucsb.edu/products/CHIRPS/v3.0/monthly/latam/tifs/chirps-v3.0.1983.04.tif,LOCAL,,,2507d2136e2379f75905d09833eb370abc2255c025e18e58446a1af1b2694186,data\raw\climate\chirps_v3\latam\monthly\chirps-v3.0.1983.04.tif,CHIRPS_V3_FINAL,RAIN,1983,4,,VALIDATED_LOCAL,EPSG:4326,1720,1900,"(0.050000000745, 0.0, -120.0, 0.0, -0.050000000745, 35.0, 0.0, 0.0, 1.0)",,float32
https://data.chc.ucsb.edu/products/CHIRPS/v3.0/monthly/latam/tifs/chirps-v3.0.1983.05.tif,LOCAL,,,65dfd952787071fe99c213015f5359c3df98d659cbf23fec3db5811ec54eb6e7,data\raw\climate\chirps_v3\latam\monthly\chirps-v3.0.1983.05.tif,CHIRPS_V3_FINAL,RAIN,1983,5,,VALIDATED_LOCAL,EPSG:4326,1720,1900,"(0.050000000745, 0.0, -120.0, 0.0, -0.050000000745, 35.0, 0.0, 0.0, 1.0)",,float32
https://data.chc.ucsb.edu/products/CHIRPS/v3.0/monthly/latam/tifs/chirps-v3.0.1983.06.tif,LOCAL,,,977602b695656fd57a86886903dc642251a3af5bd72e0fa9fa02f156f1e0aebe,data\raw\climate\chirps_v3\latam\monthly\chirps-v3.0.1983.06.tif,CHIRPS_V3_FINAL,RAIN,1983,6,,VALIDATED_LOCAL,EPSG:4326,1720,1900,"(0.050000000745, 0.0, -120.0, 0.0, -0.050000000745, 35.0, 0.0, 0.0, 1.0)",,float32
https://data.chc.ucsb.edu/products/CHIRPS/v3.0/monthly/latam/tifs/chirps-v3.0.1983.07.tif,LOCAL,,,75b4e0c61ec92940c8edd8efed8fcf166d1308081e9b1d5f84fed2e4e417d32a,data\raw\climate\chirps_v3\latam\monthly\chirps-v3.0.1983.07.tif,CHIRPS_V3_FINAL,RAIN,1983,7,,VALIDATED_LOCAL,EPSG:4326,1720,1900,"(0.050000000745, 0.0, -120.0, 0.0, -0.050000000745, 35.0, 0.0, 0.0, 1.0)",,float32
https://data.chc.ucsb.edu/products/CHIRPS/v3.0/monthly/latam/tifs/chirps-v3.0.1983.08.tif,LOCAL,,,198a3c6cf71e32dfb9505e75300163f49f39d51167cae9383367dca474d032f3,data\raw\climate\chirps_v3\latam\monthly\chirps-v3.0.1983.08.tif,CHIRPS_V3_FINAL,RAIN,1983,8,,VALIDATED_LOCAL,EPSG:4326,1720,1900,"(0.050000000745, 0.0, -120.0, 0.0, -0.050000000745, 35.0, 0.0, 0.0, 1.0)",,float32
https://data.chc.ucsb.edu/products/CHIRPS/v3.0/monthly/latam/tifs/chirps-v3.0.1983.09.tif,LOCAL,,,1327198695df698fa3ef52cdfcc55f7e9299c06b18bfaaf2fb26d23c0b08a46b,data\raw\climate\chirps_v3\latam\monthly\chirps-v3.0.1983.09.tif,CHIRPS_V3_FINAL,RAIN,1983,9,,VALIDATED_LOCAL,EPSG:4326,1720,1900,"(0.050000000745, 0.0, -120.0, 0.0, -0.050000000745, 35.0, 0.0, 0.0, 1.0)",,float32
https://data.chc.ucsb.edu/products/CHIRPS/v3.0/monthly/latam/tifs/chirps-v3.0.1983.10.tif,LOCAL,,,13ee31510fadf042e3226506c468bb554d8432f4db66d90413694be566942e27,data\raw\climate\chirps_v3\latam\monthly\chirps-v3.0.1983.10.tif,CHIRPS_V3_FINAL,RAIN,1983,10,,VALIDATED_LOCAL,EPSG:4326,1720,1900,"(0.050000000745, 0.0, -120.0, 0.0, -0.050000000745, 35.0, 0.0, 0.0, 1.0)",,float32
https://data.chc.ucsb.edu/products/CHIRPS/v3.0/monthly/latam/tifs/chirps-v3.0.1983.11.tif,LOCAL,,,220af581c5071ac61f74e5f07beb5714e437d88243d1b79f217d6af2daa29225,data\raw\climate\chirps_v3\latam\monthly\chirps-v3.0.1983.11.tif,CHIRPS_V3_FINAL,RAIN,1983,11,,VALIDATED_LOCAL,EPSG:4326,1720,1900,"(0.050000000745, 0.0, -120.0, 0.0, -0.050000000745, 35.0, 0.0, 0.0, 1.0)",,float32
https://data.chc.ucsb.edu/products/CHIRPS/v3.0/monthly/latam/tifs/chirps-v3.0.1983.12.tif,LOCAL,,,0207fb23dc66017720abbbb98a149d0fb9fb30e64087998722deb7831b0b2aa4,data\raw\climate\chirps_v3\latam\monthly\chirps-v3.0.1983.12.tif,CHIRPS_V3_FINAL,RAIN,1983,12,,VALIDATED_LOCAL,EPSG:4326,1720,1900,"(0.050000000745, 0.0, -120.0, 0.0, -0.050000000745, 35.0, 0.0, 0.0, 1.0)",,float32
https://data.chc.ucsb.edu/products/CHIRPS/v3.0/monthly/latam/tifs/chirps-v3.0.1984.01.tif,LOCAL,,,f0eb69160af6a7b4271b9159b9fcf3c513d658ead9331f16d2ff3a5b004f82ba,data\raw\climate\chirps_v3\latam\monthly\chirps-v3.0.1984.01.tif,CHIRPS_V3_FINAL,RAIN,1984,1,,VALIDATED_LOCAL,EPSG:4326,1720,1900,"(0.050000000745, 0.0, -120.0, 0.0, -0.050000000745, 35.0, 0.0, 0.0, 1.0)",,float32
https://data.chc.ucsb.edu/products/CHIRPS/v3.0/monthly/latam/tifs/chirps-v3.0.1984.02.tif,LOCAL,,,7d339986a969ae09925bd8ae3cfd544e2d6b604d03170f52d1be42e4166bd6d5,data\raw\climate\chirps_v3\latam\monthly\chirps-v3.0.1984.02.tif,CHIRPS_V3_FINAL,RAIN,1984,2,,VALIDATED_LOCAL,EPSG:4326,1720,1900,"(0.050000000745, 0.0, -120.0, 0.0, -0.050000000745, 35.0, 0.0, 0.0, 1.0)",,float32
https://data.chc.ucsb.edu/products/CHIRPS/v3.0/monthly/latam/tifs/chirps-v3.0.1984.03.tif,LOCAL,,,aa55ff82f84467c871c8c2a5167ce6d7aa40fe60aff0a028c7c8cb93110b4f75,data\raw\climate\chirps_v3\latam\monthly\chirps-v3.0.1984.03.tif,CHIRPS_V3_FINAL,RAIN,1984,3,,VALIDATED_LOCAL,EPSG:4326,1720,1900,"(0.050000000745, 0.0, -120.0, 0.0, -0.050000000745, 35.0, 0.0, 0.0, 1.0)",,float32
https://data.chc.ucsb.edu/products/CHIRPS/v3.0/monthly/latam/tifs/chirps-v3.0.1984.04.tif,LOCAL,,,1c60a1e8a49a50a9c2b03b82b4036809207d225ba7cabafd693487f7b51c9844,data\raw\climate\chirps_v3\latam\monthly\chirps-v3.0.1984.04.tif,CHIRPS_V3_FINAL,RAIN,1984,4,,VALIDATED_LOCAL,EPSG:4326,1720,1900,"(0.050000000745, 0.0, -120.0, 0.0, -0.050000000745, 35.0, 0.0, 0.0, 1.0)",,float32
https://data.chc.ucsb.edu/products/CHIRPS/v3.0/monthly/latam/tifs/chirps-v3.0.1984.05.tif,LOCAL,,,bd16bf11dbe4ef25211aba7d2179230dc0a4ebffb83996df197491020de111bc,data\raw\climate\chirps_v3\latam\monthly\chirps-v3.0.1984.05.tif,CHIRPS_V3_FINAL,RAIN,1984,5,,VALIDATED_LOCAL,EPSG:4326,1720,1900,"(0.050000000745, 0.0, -120.0, 0.0, -0.050000000745, 35.0, 0.0, 0.0, 1.0)",,float32
https://data.chc.ucsb.edu/products/CHIRPS/v3.0/monthly/latam/tifs/chirps-v3.0.1984.06.tif,LOCAL,,,a8aa229ecb631289958cf96178f974cdb49acd9d799004a72777d2b65b16b3b2,data\raw\climate\chirps_v3\latam\monthly\chirps-v3.0.1984.06.tif,CHIRPS_V3_FINAL,RAIN,1984,6,,VALIDATED_LOCAL,EPSG:4326,1720,1900,"(0.050000000745, 0.0, -120.0, 0.0, -0.050000000745, 35.0, 0.0, 0.0, 1.0)",,float32
https://data.chc.ucsb.edu/products/CHIRPS/v3.0/monthly/latam/tifs/chirps-v3.0.1984.07.tif,LOCAL,,,820741d226a94112f9c327e175f0a04ec216786e0b8612460140a79a7173fca4,data\raw\climate\chirps_v3\latam\monthly\chirps-v3.0.1984.07.tif,CHIRPS_V3_FINAL,RAIN,1984,7,,VALIDATED_LOCAL,EPSG:4326,1720,1900,"(0.050000000745, 0.0, -120.0, 0.0, -0.050000000745, 35.0, 0.0, 0.0, 1.0)",,float32
https://data.chc.ucsb.edu/products/CHIRPS/v3.0/monthly/latam/tifs/chirps-v3.0.1984.08.tif,LOCAL,,,04e0a8e97ba68148ea60feaa309b47752adbdad87935a461245e9b0a84fca279,data\raw\climate\chirps_v3\latam\monthly\chirps-v3.0.1984.08.tif,CHIRPS_V3_FINAL,RAIN,1984,8,,VALIDATED_LOCAL,EPSG:4326,1720,1900,"(0.050000000745, 0.0, -120.0, 0.0, -0.050000000745, 35.0, 0.0, 0.0, 1.0)",,float32
https://data.chc.ucsb.edu/products/CHIRPS/v3.0/monthly/latam/tifs/chirps-v3.0.1984.09.tif,LOCAL,,,4c833dc9d855ed73d27c7fd029fd0146d4da59e14305fc6cccf1b31c436ada79,data\raw\climate\chirps_v3\latam\monthly\chirps-v3.0.1984.09.tif,CHIRPS_V3_FINAL,RAIN,1984,9,,VALIDATED_LOCAL,EPSG:4326,1720,1900,"(0.050000000745, 0.0, -120.0, 0.0, -0.050000000745, 35.0, 0.0, 0.0, 1.0)",,float32
https://data.chc.ucsb.edu/products/CHIRPS/v3.0/monthly/latam/tifs/chirps-v3.0.1984.10.tif,LOCAL,,,04563f18b2ba3aa29a804f690dce1c19fc72b612895a7be9cf4e06c5ffad226b,data\raw\climate\chirps_v3\latam\monthly\chirps-v3.0.1984.10.tif,CHIRPS_V3_FINAL,RAIN,1984,10,,VALIDATED_LOCAL,EPSG:4326,1720,1900,"(0.050000000745, 0.0, -120.0, 0.0, -0.050000000745, 35.0, 0.0, 0.0, 1.0)",,float32
https://data.chc.ucsb.edu/products/CHIRPS/v3.0/monthly/latam/tifs/chirps-v3.0.1984.11.tif,LOCAL,,,b29fec9df4e008f8284554b8a57b9fdea075d418128be2decd3bc6b4fef558ff,data\raw\climate\chirps_v3\latam\monthly\chirps-v3.0.1984.11.tif,CHIRPS_V3_FINAL,RAIN,1984,11,,VALIDATED_LOCAL,EPSG:4326,1720,1900,"(0.050000000745, 0.0, -120.0, 0.0, -0.050000000745, 35.0, 0.0, 0.0, 1.0)",,float32
https://data.chc.ucsb.edu/products/CHIRPS/v3.0/monthly/latam/tifs/chirps-v3.0.1984.12.tif,LOCAL,,,6d7b15563407bbfdc909f30828b0d36503358a46f9f7fe53b89f71239ef0cb3b,data\raw\climate\chirps_v3\latam\monthly\chirps-v3.0.1984.12.tif,CHIRPS_V3_FINAL,RAIN,1984,12,,VALIDATED_LOCAL,EPSG:4326,1720,1900,"(0.050000000745, 0.0, -120.0, 0.0, -0.050000000745, 35.0, 0.0, 0.0, 1.0)",,float32
https://data.chc.ucsb.edu/products/CHIRPS/v3.0/monthly/latam/tifs/chirps-v3.0.1985.01.tif,LOCAL,,,65e4a77348507703aa7ffadc2aca4c6fd776c2b13c0ef581ea6a06355565ec64,data\raw\climate\chirps_v3\latam\monthly\chirps-v3.0.1985.01.tif,CHIRPS_V3_FINAL,RAIN,1985,1,,VALIDATED_LOCAL,EPSG:4326,1720,1900,"(0.050000000745, 0.0, -120.0, 0.0, -0.050000000745, 35.0, 0.0, 0.0, 1.0)",,float32
https://data.chc.ucsb.edu/products/CHIRPS/v3.0/monthly/latam/tifs/chirps-v3.0.1985.02.tif,LOCAL,,,1d83b733593d160eef37638be4a1ffb88dfde95aa393914614f9c3f65cb14ae6,data\raw\climate\chirps_v3\latam\monthly\chirps-v3.0.1985.02.tif,CHIRPS_V3_FINAL,RAIN,1985,2,,VALIDATED_LOCAL,EPSG:4326,1720,1900,"(0.050000000745, 0.0, -120.0, 0.0, -0.050000000745, 35.0, 0.0, 0.0, 1.0)",,float32
https://data.chc.ucsb.edu/products/CHIRPS/v3.0/monthly/latam/tifs/chirps-v3.0.1985.03.tif,LOCAL,,,07bf02a17713eb0a0d305aec69b5858f91e29a81c1090e47c42b2ef1cbbf2184,data\raw\climate\chirps_v3\latam\monthly\chirps-v3.0.1985.03.tif,CHIRPS_V3_FINAL,RAIN,1985,3,,VALIDATED_LOCAL,EPSG:4326,1720,1900,"(0.050000000745, 0.0, -120.0, 0.0, -0.050000000745, 35.0, 0.0, 0.0, 1.0)",,float32
https://data.chc.ucsb.edu/products/CHIRPS/v3.0/monthly/latam/tifs/chirps-v3.0.1985.04.tif,LOCAL,,,5425bcadc8d697251919bf2a083254df2dbc3e39b2b650aa853cf227e685c51a,data\raw\climate\chirps_v3\latam\monthly\chirps-v3.0.1985.04.tif,CHIRPS_V3_FINAL,RAIN,1985,4,,VALIDATED_LOCAL,EPSG:4326,1720,1900,"(0.050000000745, 0.0, -120.0, 0.0, -0.050000000745, 35.0, 0.0, 0.0, 1.0)",,float32
https://data.chc.ucsb.edu/products/CHIRPS/v3.0/monthly/latam/tifs/chirps-v3.0.1985.05.tif,LOCAL,,,7f743199e30bde8baafe0e72e18721b2b149c2a7fff32ff88715ee87bc3fc346,data\raw\climate\chirps_v3\latam\monthly\chirps-v3.0.1985.05.tif,CHIRPS_V3_FINAL,RAIN,1985,5,,VALIDATED_LOCAL,EPSG:4326,1720,1900,"(0.050000000745, 0.0, -120.0, 0.0, -0.050000000745, 35.0, 0.0, 0.0, 1.0)",,float32
https://data.chc.ucsb.edu/products/CHIRPS/v3.0/monthly/latam/tifs/chirps-v3.0.1985.06.tif,LOCAL,,,32d9c1d6e88a1ad6f46a791206e5b8a83c8c5dd09f6b53b85b8fe20eca99f5c2,data\raw\climate\chirps_v3\latam\monthly\chirps-v3.0.1985.06.tif,CHIRPS_V3_FINAL,RAIN,1985,6,,VALIDATED_LOCAL,EPSG:4326,1720,1900,"(0.050000000745, 0.0, -120.0, 0.0, -0.050000000745, 35.0, 0.0, 0.0, 1.0)",,float32
https://data.chc.ucsb.edu/products/CHIRPS/v3.0/monthly/latam/tifs/chirps-v3.0.1985.07.tif,LOCAL,,,47394245d2bf5b6a2cd957170ee01d4f35b12d6ff1a72ab68f1e67db33e5721a,data\raw\climate\chirps_v3\latam\monthly\chirps-v3.0.1985.07.tif,CHIRPS_V3_FINAL,RAIN,1985,7,,VALIDATED_LOCAL,EPSG:4326,1720,1900,"(0.050000000745, 0.0, -120.0, 0.0, -0.050000000745, 35.0, 0.0, 0.0, 1.0)",,float32
https://data.chc.ucsb.edu/products/CHIRPS/v3.0/monthly/latam/tifs/chirps-v3.0.1985.08.tif,LOCAL,,,54b0a6faf2a59bda20c9656c9cd2aaaf6872c8250aa600bbde77be293c9da15b,data\raw\climate\chirps_v3\latam\monthly\chirps-v3.0.1985.08.tif,CHIRPS_V3_FINAL,RAIN,1985,8,,VALIDATED_LOCAL,EPSG:4326,1720,1900,"(0.050000000745, 0.0, -120.0, 0.0, -0.050000000745, 35.0, 0.0, 0.0, 1.0)",,float32
https://data.chc.ucsb.edu/products/CHIRPS/v3.0/monthly/latam/tifs/chirps-v3.0.1985.09.tif,LOCAL,,,32fa9b7b667d95c0a9e063455a5f381472b79ebc3f879bcebed140f0a08dbe69,data\raw\climate\chirps_v3\latam\monthly\chirps-v3.0.1985.09.tif,CHIRPS_V3_FINAL,RAIN,1985,9,,VALIDATED_LOCAL,EPSG:4326,1720,1900,"(0.050000000745, 0.0, -120.0, 0.0, -0.050000000745, 35.0, 0.0, 0.0, 1.0)",,float32
https://data.chc.ucsb.edu/products/CHIRPS/v3.0/monthly/latam/tifs/chirps-v3.0.1985.10.tif,LOCAL,,,b5364284b81b3bd25d5e230cd65d15f3ee824344e124d6110c1ceafbfd97922e,data\raw\climate\chirps_v3\latam\monthly\chirps-v3.0.1985.10.tif,CHIRPS_V3_FINAL,RAIN,1985,10,,VALIDATED_LOCAL,EPSG:4326,1720,1900,"(0.050000000745, 0.0, -120.0, 0.0, -0.050000000745, 35.0, 0.0, 0.0, 1.0)",,float32
https://data.chc.ucsb.edu/products/CHIRPS/v3.0/monthly/latam/tifs/chirps-v3.0.1985.11.tif,LOCAL,,,0947d08c56ceb89ec6b577b1c81d723eca9f5df2a0a9eb0c04daf7afe1cd94a3,data\raw\climate\chirps_v3\latam\monthly\chirps-v3.0.1985.11.tif,CHIRPS_V3_FINAL,RAIN,1985,11,,VALIDATED_LOCAL,EPSG:4326,1720,1900,"(0.050000000745, 0.0, -120.0, 0.0, -0.050000000745, 35.0, 0.0, 0.0, 1.0)",,float32
https://data.chc.ucsb.edu/products/CHIRPS/v3.0/monthly/latam/tifs/chirps-v3.0.1985.12.tif,LOCAL,,,68702b2a9385a07f10c99b110c4dde4b7515a367cb2bb640cc223a0b8118de0a,data\raw\climate\chirps_v3\latam\monthly\chirps-v3.0.1985.12.tif,CHIRPS_V3_FINAL,RAIN,1985,12,,VALIDATED_LOCAL,EPSG:4326,1720,1900,"(0.050000000745, 0.0, -120.0, 0.0, -0.050000000745, 35.0, 0.0, 0.0, 1.0)",,float32
https://data.chc.ucsb.edu/products/CHIRPS/v3.0/monthly/latam/tifs/chirps-v3.0.1986.01.tif,LOCAL,,,e69ca49355eea6ae901028e70b4baa63fe56611ec92da92a3599599e735a6f84,data\raw\climate\chirps_v3\latam\monthly\chirps-v3.0.1986.01.tif,CHIRPS_V3_FINAL,RAIN,1986,1,,VALIDATED_LOCAL,EPSG:4326,1720,1900,"(0.050000000745, 0.0, -120.0, 0.0, -0.050000000745, 35.0, 0.0, 0.0, 1.0)",,float32
https://data.chc.ucsb.edu/products/CHIRPS/v3.0/monthly/latam/tifs/chirps-v3.0.1986.02.tif,LOCAL,,,0a95cc08c86b68d628fcdaa392d9ea5ab06f36601fdc31e629e9a4844ea7b9b0,data\raw\climate\chirps_v3\latam\monthly\chirps-v3.0.1986.02.tif,CHIRPS_V3_FINAL,RAIN,1986,2,,VALIDATED_LOCAL,EPSG:4326,1720,1900,"(0.050000000745, 0.0, -120.0, 0.0, -0.050000000745, 35.0, 0.0, 0.0, 1.0)",,float32
https://data.chc.ucsb.edu/products/CHIRPS/v3.0/monthly/latam/tifs/chirps-v3.0.1986.03.tif,LOCAL,,,3c2ba3848f56ab9204c07341ca890fbb630dd8b00f6696a9bc68c7e2d74fc9ca,data\raw\climate\chirps_v3\latam\monthly\chirps-v3.0.1986.03.tif,CHIRPS_V3_FINAL,RAIN,1986,3,,VALIDATED_LOCAL,EPSG:4326,1720,1900,"(0.050000000745, 0.0, -120.0, 0.0, -0.050000000745, 35.0, 0.0, 0.0, 1.0)",,float32
https://data.chc.ucsb.edu/products/CHIRPS/v3.0/monthly/latam/tifs/chirps-v3.0.1986.04.tif,LOCAL,,,c96825ed1991b0d67424fae05367e466376a75fd053c23c5f7ff865f494fb964,data\raw\climate\chirps_v3\latam\monthly\chirps-v3.0.1986.04.tif,CHIRPS_V3_FINAL,RAIN,1986,4,,VALIDATED_LOCAL,EPSG:4326,1720,1900,"(0.050000000745, 0.0, -120.0, 0.0, -0.050000000745, 35.0, 0.0, 0.0, 1.0)",,float32
https://data.chc.ucsb.edu/products/CHIRPS/v3.0/monthly/latam/tifs/chirps-v3.0.1986.05.tif,LOCAL,,,f6c05b939f03fbc1a9ab1a47de9e8b9c822162d6cb212b41db4e967b2c0c887e,data\raw\climate\chirps_v3\latam\monthly\chirps-v3.0.1986.05.tif,CHIRPS_V3_FINAL,RAIN,1986,5,,VALIDATED_LOCAL,EPSG:4326,1720,1900,"(0.050000000745, 0.0, -120.0, 0.0, -0.050000000745, 35.0, 0.0, 0.0, 1.0)",,float32
https://data.chc.ucsb.edu/products/CHIRPS/v3.0/monthly/latam/tifs/chirps-v3.0.1986.06.tif,LOCAL,,,489ab16605a31ec1fbcdb00546edf0989882a7bafa7298def2bae81edeba3dc2,data\raw\climate\chirps_v3\latam\monthly\chirps-v3.0.1986.06.tif,CHIRPS_V3_FINAL,RAIN,1986,6,,VALIDATED_LOCAL,EPSG:4326,1720,1900,"(0.050000000745, 0.0, -120.0, 0.0, -0.050000000745, 35.0, 0.0, 0.0, 1.0)",,float32
https://data.chc.ucsb.edu/products/CHIRPS/v3.0/monthly/latam/tifs/chirps-v3.0.1986.07.tif,LOCAL,,,01e157ad556ca04c44f8212ab49fafd2824ea519744a673f85655475c78c3776,data\raw\climate\chirps_v3\latam\monthly\chirps-v3.0.1986.07.tif,CHIRPS_V3_FINAL,RAIN,1986,7,,VALIDATED_LOCAL,EPSG:4326,1720,1900,"(0.050000000745, 0.0, -120.0, 0.0, -0.050000000745, 35.0, 0.0, 0.0, 1.0)",,float32
https://data.chc.ucsb.edu/products/CHIRPS/v3.0/monthly/latam/tifs/chirps-v3.0.1986.08.tif,LOCAL,,,d09f49ffa95bd54ac586375c86c539be60003afc918777edb09b4eaa7b0b71b4,data\raw\climate\chirps_v3\latam\monthly\chirps-v3.0.1986.08.tif,CHIRPS_V3_FINAL,RAIN,1986,8,,VALIDATED_LOCAL,EPSG:4326,1720,1900,"(0.050000000745, 0.0, -120.0, 0.0, -0.050000000745, 35.0, 0.0, 0.0, 1.0)",,float32
https://data.chc.ucsb.edu/products/CHIRPS/v3.0/monthly/latam/tifs/chirps-v3.0.1986.09.tif,LOCAL,,,102cebb41bd7ea7733e9b48856d98f032b87162d2bf138c3144dfa95beaa31df,data\raw\climate\chirps_v3\latam\monthly\chirps-v3.0.1986.09.tif,CHIRPS_V3_FINAL,RAIN,1986,9,,VALIDATED_LOCAL,EPSG:4326,1720,1900,"(0.050000000745, 0.0, -120.0, 0.0, -0.050000000745, 35.0, 0.0, 0.0, 1.0)",,float32
https://data.chc.ucsb.edu/products/CHIRPS/v3.0/monthly/latam/tifs/chirps-v3.0.1986.10.tif,LOCAL,,,b2c26d32f43d70cff60c0fdbcddb22365bbddd5ac29640f7d29c1364842c5bb2,data\raw\climate\chirps_v3\latam\monthly\chirps-v3.0.1986.10.tif,CHIRPS_V3_FINAL,RAIN,1986,10,,VALIDATED_LOCAL,EPSG:4326,1720,1900,"(0.050000000745, 0.0, -120.0, 0.0, -0.050000000745, 35.0, 0.0, 0.0, 1.0)",,float32
https://data.chc.ucsb.edu/products/CHIRPS/v3.0/monthly/latam/tifs/chirps-v3.0.1986.11.tif,LOCAL,,,747498c51ebef36d95c09fb4b3da987b8400566933db60f13273d5525f779a68,data\raw\climate\chirps_v3\latam\monthly\chirps-v3.0.1986.11.tif,CHIRPS_V3_FINAL,RAIN,1986,11,,VALIDATED_LOCAL,EPSG:4326,1720,1900,"(0.050000000745, 0.0, -120.0, 0.0, -0.050000000745, 35.0, 0.0, 0.0, 1.0)",,float32
https://data.chc.ucsb.edu/products/CHIRPS/v3.0/monthly/latam/tifs/chirps-v3.0.1986.12.tif,LOCAL,,,b9794e5f39ca3934be362f26c6ab54025b2d83d402bc2326fd92516fbbb914f3,data\raw\climate\chirps_v3\latam\monthly\chirps-v3.0.1986.12.tif,CHIRPS_V3_FINAL,RAIN,1986,12,,VALIDATED_LOCAL,EPSG:4326,1720,1900,"(0.050000000745, 0.0, -120.0, 0.0, -0.050000000745, 35.0, 0.0, 0.0, 1.0)",,float32
https://data.chc.ucsb.edu/products/CHIRPS/v3.0/monthly/latam/tifs/chirps-v3.0.1987.01.tif,LOCAL,,,60c007661088b79678d7bca59fb4304c3c1a1b6865dc8de663a1fa2b453bd6de,data\raw\climate\chirps_v3\latam\monthly\chirps-v3.0.1987.01.tif,CHIRPS_V3_FINAL,RAIN,1987,1,,VALIDATED_LOCAL,EPSG:4326,1720,1900,"(0.050000000745, 0.0, -120.0, 0.0, -0.050000000745, 35.0, 0.0, 0.0, 1.0)",,float32
https://data.chc.ucsb.edu/products/CHIRPS/v3.0/monthly/latam/tifs/chirps-v3.0.1987.02.tif,LOCAL,,,e6c0ce6d812b188b623bf6f376f205e9f1180b124fa588f909bc5e3dea0e95bf,data\raw\climate\chirps_v3\latam\monthly\chirps-v3.0.1987.02.tif,CHIRPS_V3_FINAL,RAIN,1987,2,,VALIDATED_LOCAL,EPSG:4326,1720,1900,"(0.050000000745, 0.0, -120.0, 0.0, -0.050000000745, 35.0, 0.0, 0.0, 1.0)",,float32
https://data.chc.ucsb.edu/products/CHIRPS/v3.0/monthly/latam/tifs/chirps-v3.0.1987.03.tif,LOCAL,,,91d85d135f1c545cdbbae022e05e3535c1e9c2f2cf21e5fc228d72baf37f5c87,data\raw\climate\chirps_v3\latam\monthly\chirps-v3.0.1987.03.tif,CHIRPS_V3_FINAL,RAIN,1987,3,,VALIDATED_LOCAL,EPSG:4326,1720,1900,"(0.050000000745, 0.0, -120.0, 0.0, -0.050000000745, 35.0, 0.0, 0.0, 1.0)",,float32
https://data.chc.ucsb.edu/products/CHIRPS/v3.0/monthly/latam/tifs/chirps-v3.0.1987.04.tif,LOCAL,,,818bd000659ecd799b1012fbfc3f3a3766c8ca52e7df09fa31d95fc30ac9cb00,data\raw\climate\chirps_v3\latam\monthly\chirps-v3.0.1987.04.tif,CHIRPS_V3_FINAL,RAIN,1987,4,,VALIDATED_LOCAL,EPSG:4326,1720,1900,"(0.050000000745, 0.0, -120.0, 0.0, -0.050000000745, 35.0, 0.0, 0.0, 1.0)",,float32
https://data.chc.ucsb.edu/products/CHIRPS/v3.0/monthly/latam/tifs/chirps-v3.0.1987.05.tif,LOCAL,,,e647991456c575902cba0c319e95002a9d7960cd1649a315da684c0e7fa1d67e,data\raw\climate\chirps_v3\latam\monthly\chirps-v3.0.1987.05.tif,CHIRPS_V3_FINAL,RAIN,1987,5,,VALIDATED_LOCAL,EPSG:4326,1720,1900,"(0.050000000745, 0.0, -120.0, 0.0, -0.050000000745, 35.0, 0.0, 0.0, 1.0)",,float32
https://data.chc.ucsb.edu/products/CHIRPS/v3.0/monthly/latam/tifs/chirps-v3.0.1987.06.tif,LOCAL,,,ab83dd3daef59568eaed13fe0074264cef1eaba85ec2e02de89a3a7cabd80208,data\raw\climate\chirps_v3\latam\monthly\chirps-v3.0.1987.06.tif,CHIRPS_V3_FINAL,RAIN,1987,6,,VALIDATED_LOCAL,EPSG:4326,1720,1900,"(0.050000000745, 0.0, -120.0, 0.0, -0.050000000745, 35.0, 0.0, 0.0, 1.0)",,float32
https://data.chc.ucsb.edu/products/CHIRPS/v3.0/monthly/latam/tifs/chirps-v3.0.1987.07.tif,LOCAL,,,e201c384631d303cadea3885c1daf7c6d2c5460e867bff2f54eac43b15efadaa,data\raw\climate\chirps_v3\latam\monthly\chirps-v3.0.1987.07.tif,CHIRPS_V3_FINAL,RAIN,1987,7,,VALIDATED_LOCAL,EPSG:4326,1720,1900,"(0.050000000745, 0.0, -120.0, 0.0, -0.050000000745, 35.0, 0.0, 0.0, 1.0)",,float32
https://data.chc.ucsb.edu/products/CHIRPS/v3.0/monthly/latam/tifs/chirps-v3.0.1987.08.tif,LOCAL,,,c6641049c46c74fd618007867b57a22ef11f5bd1db6e04651a3893134e0f1509,data\raw\climate\chirps_v3\latam\monthly\chirps-v3.0.1987.08.tif,CHIRPS_V3_FINAL,RAIN,1987,8,,VALIDATED_LOCAL,EPSG:4326,1720,1900,"(0.050000000745, 0.0, -120.0, 0.0, -0.050000000745, 35.0, 0.0, 0.0, 1.0)",,float32
https://data.chc.ucsb.edu/products/CHIRPS/v3.0/monthly/latam/tifs/chirps-v3.0.1987.09.tif,LOCAL,,,11d2e2d927d2590c0a63b1dcf807834db857fa7d565b338d41b69735372b2b46,data\raw\climate\chirps_v3\latam\monthly\chirps-v3.0.1987.09.tif,CHIRPS_V3_FINAL,RAIN,1987,9,,VALIDATED_LOCAL,EPSG:4326,1720,1900,"(0.050000000745, 0.0, -120.0, 0.0, -0.050000000745, 35.0, 0.0, 0.0, 1.0)",,float32
https://data.chc.ucsb.edu/products/CHIRPS/v3.0/monthly/latam/tifs/chirps-v3.0.1987.10.tif,LOCAL,,,4e6296b30c3ac3d1ff0a43d630b1259014ba14a8457b58dcb62bb1d4ce05f33f,data\raw\climate\chirps_v3\latam\monthly\chirps-v3.0.1987.10.tif,CHIRPS_V3_FINAL,RAIN,1987,10,,VALIDATED_LOCAL,EPSG:4326,1720,1900,"(0.050000000745, 0.0, -120.0, 0.0, -0.050000000745, 35.0, 0.0, 0.0, 1.0)",,float32
https://data.chc.ucsb.edu/products/CHIRPS/v3.0/monthly/latam/tifs/chirps-v3.0.1987.11.tif,LOCAL,,,77ec1c3c584cea31d4280a24bcefec1fbe99c0a7f13ffef98b4c2b8b062febd4,data\raw\climate\chirps_v3\latam\monthly\chirps-v3.0.1987.11.tif,CHIRPS_V3_FINAL,RAIN,1987,11,,VALIDATED_LOCAL,EPSG:4326,1720,1900,"(0.050000000745, 0.0, -120.0, 0.0, -0.050000000745, 35.0, 0.0, 0.0, 1.0)",,float32
https://data.chc.ucsb.edu/products/CHIRPS/v3.0/monthly/latam/tifs/chirps-v3.0.1987.12.tif,LOCAL,,,0ad6a23c85f9cbc15c8a2eeff8adf7c9cce35c6969f26be90765cfedbf81de14,data\raw\climate\chirps_v3\latam\monthly\chirps-v3.0.1987.12.tif,CHIRPS_V3_FINAL,RAIN,1987,12,,VALIDATED_LOCAL,EPSG:4326,1720,1900,"(0.050000000745, 0.0, -120.0, 0.0, -0.050000000745, 35.0, 0.0, 0.0, 1.0)",,float32
https://data.chc.ucsb.edu/products/CHIRPS/v3.0/monthly/latam/tifs/chirps-v3.0.1988.01.tif,LOCAL,,,fdbc2569e40f6814f9abf728647a41da62ae7fb8375568578d69027bb2679263,data\raw\climate\chirps_v3\latam\monthly\chirps-v3.0.1988.01.tif,CHIRPS_V3_FINAL,RAIN,1988,1,,VALIDATED_LOCAL,EPSG:4326,1720,1900,"(0.050000000745, 0.0, -120.0, 0.0, -0.050000000745, 35.0, 0.0, 0.0, 1.0)",,float32
https://data.chc.ucsb.edu/products/CHIRPS/v3.0/monthly/latam/tifs/chirps-v3.0.1988.02.tif,LOCAL,,,794b9244322aab1430c01777cc84a2c3f9d2f2152558d426aa7588e7b7b5a9dc,data\raw\climate\chirps_v3\latam\monthly\chirps-v3.0.1988.02.tif,CHIRPS_V3_FINAL,RAIN,1988,2,,VALIDATED_LOCAL,EPSG:4326,1720,1900,"(0.050000000745, 0.0, -120.0, 0.0, -0.050000000745, 35.0, 0.0, 0.0, 1.0)",,float32
https://data.chc.ucsb.edu/products/CHIRPS/v3.0/monthly/latam/tifs/chirps-v3.0.1988.03.tif,LOCAL,,,9af85fd2f4b358657641d65d570fc2840348aabbf731e3b2e5df40bd4a33f5ce,data\raw\climate\chirps_v3\latam\monthly\chirps-v3.0.1988.03.tif,CHIRPS_V3_FINAL,RAIN,1988,3,,VALIDATED_LOCAL,EPSG:4326,1720,1900,"(0.050000000745, 0.0, -120.0, 0.0, -0.050000000745, 35.0, 0.0, 0.0, 1.0)",,float32
https://data.chc.ucsb.edu/products/CHIRPS/v3.0/monthly/latam/tifs/chirps-v3.0.1988.04.tif,LOCAL,,,771b1dd0355bb9e720ad6e06ce95c27ea217228c67799efa0f0390e93ecc4631,data\raw\climate\chirps_v3\latam\monthly\chirps-v3.0.1988.04.tif,CHIRPS_V3_FINAL,RAIN,1988,4,,VALIDATED_LOCAL,EPSG:4326,1720,1900,"(0.050000000745, 0.0, -120.0, 0.0, -0.050000000745, 35.0, 0.0, 0.0, 1.0)",,float32
https://data.chc.ucsb.edu/products/CHIRPS/v3.0/monthly/latam/tifs/chirps-v3.0.1988.05.tif,LOCAL,,,5fdaf9e9f5aca5e96a3d21eea8bac7ec55c6dae304a26a6f0857baea1f6c1eea,data\raw\climate\chirps_v3\latam\monthly\chirps-v3.0.1988.05.tif,CHIRPS_V3_FINAL,RAIN,1988,5,,VALIDATED_LOCAL,EPSG:4326,1720,1900,"(0.050000000745, 0.0, -120.0, 0.0, -0.050000000745, 35.0, 0.0, 0.0, 1.0)",,float32
https://data.chc.ucsb.edu/products/CHIRPS/v3.0/monthly/latam/tifs/chirps-v3.0.1988.06.tif,LOCAL,,,59236c87fb2f916d3bbe8e76cd2fa23bde0d3bace5e2c194148d0936eed54bd6,data\raw\climate\chirps_v3\latam\monthly\chirps-v3.0.1988.06.tif,CHIRPS_V3_FINAL,RAIN,1988,6,,VALIDATED_LOCAL,EPSG:4326,1720,1900,"(0.050000000745, 0.0, -120.0, 0.0, -0.050000000745, 35.0, 0.0, 0.0, 1.0)",,float32
https://data.chc.ucsb.edu/products/CHIRPS/v3.0/monthly/latam/tifs/chirps-v3.0.1988.07.tif,LOCAL,,,d5597178e3271e2da09d59f1f70aea515c9da8e7f819f7d0f5c0a115e478536d,data\raw\climate\chirps_v3\latam\monthly\chirps-v3.0.1988.07.tif,CHIRPS_V3_FINAL,RAIN,1988,7,,VALIDATED_LOCAL,EPSG:4326,1720,1900,"(0.050000000745, 0.0, -120.0, 0.0, -0.050000000745, 35.0, 0.0, 0.0, 1.0)",,float32
https://data.chc.ucsb.edu/products/CHIRPS/v3.0/monthly/latam/tifs/chirps-v3.0.1988.08.tif,LOCAL,,,8a46599dd0033f7a88d6a8f82b257bb53283f2bf98c127f6ac65614c03752329,data\raw\climate\chirps_v3\latam\monthly\chirps-v3.0.1988.08.tif,CHIRPS_V3_FINAL,RAIN,1988,8,,VALIDATED_LOCAL,EPSG:4326,1720,1900,"(0.050000000745, 0.0, -120.0, 0.0, -0.050000000745, 35.0, 0.0, 0.0, 1.0)",,float32
https://data.chc.ucsb.edu/products/CHIRPS/v3.0/monthly/latam/tifs/chirps-v3.0.1988.09.tif,LOCAL,,,6c51d335859217706e8faf0a2fda598336f9d17d6d45de58d3923e76c2139f23,data\raw\climate\chirps_v3\latam\monthly\chirps-v3.0.1988.09.tif,CHIRPS_V3_FINAL,RAIN,1988,9,,VALIDATED_LOCAL,EPSG:4326,1720,1900,"(0.050000000745, 0.0, -120.0, 0.0, -0.050000000745, 35.0, 0.0, 0.0, 1.0)",,float32
https://data.chc.ucsb.edu/products/CHIRPS/v3.0/monthly/latam/tifs/chirps-v3.0.1988.10.tif,LOCAL,,,a4850043f9f9f564560441505fd56437586c3ffb5d61d53550c9b4977765db93,data\raw\climate\chirps_v3\latam\monthly\chirps-v3.0.1988.10.tif,CHIRPS_V3_FINAL,RAIN,1988,10,,VALIDATED_LOCAL,EPSG:4326,1720,1900,"(0.050000000745, 0.0, -120.0, 0.0, -0.050000000745, 35.0, 0.0, 0.0, 1.0)",,float32
https://data.chc.ucsb.edu/products/CHIRPS/v3.0/monthly/latam/tifs/chirps-v3.0.1988.11.tif,LOCAL,,,327bc05667878fdcf4415f0a05409b9c4b7cec7f185bc87f16c1d9bf30de4c64,data\raw\climate\chirps_v3\latam\monthly\chirps-v3.0.1988.11.tif,CHIRPS_V3_FINAL,RAIN,1988,11,,VALIDATED_LOCAL,EPSG:4326,1720,1900,"(0.050000000745, 0.0, -120.0, 0.0, -0.050000000745, 35.0, 0.0, 0.0, 1.0)",,float32
https://data.chc.ucsb.edu/products/CHIRPS/v3.0/monthly/latam/tifs/chirps-v3.0.1988.12.tif,LOCAL,,,4bc5d6bdda59ba78d34bbc34d7a672860b3ee64e2ada31bbae98b19381f21c2b,data\raw\climate\chirps_v3\latam\monthly\chirps-v3.0.1988.12.tif,CHIRPS_V3_FINAL,RAIN,1988,12,,VALIDATED_LOCAL,EPSG:4326,1720,1900,"(0.050000000745, 0.0, -120.0, 0.0, -0.050000000745, 35.0, 0.0, 0.0, 1.0)",,float32
https://data.chc.ucsb.edu/products/CHIRPS/v3.0/monthly/latam/tifs/chirps-v3.0.1989.01.tif,LOCAL,,,ffd6aa4ac1fb91b63e395089e21c78d366170ffcb07fcc3f7fd4f2ae2a1ddc26,data\raw\climate\chirps_v3\latam\monthly\chirps-v3.0.1989.01.tif,CHIRPS_V3_FINAL,RAIN,1989,1,,VALIDATED_LOCAL,EPSG:4326,1720,1900,"(0.050000000745, 0.0, -120.0, 0.0, -0.050000000745, 35.0, 0.0, 0.0, 1.0)",,float32
https://data.chc.ucsb.edu/products/CHIRPS/v3.0/monthly/latam/tifs/chirps-v3.0.1989.02.tif,LOCAL,,,cb8208dd048aef196e1dfae71def06a426e06532a328bc9659f67fdb5087db78,data\raw\climate\chirps_v3\latam\monthly\chirps-v3.0.1989.02.tif,CHIRPS_V3_FINAL,RAIN,1989,2,,VALIDATED_LOCAL,EPSG:4326,1720,1900,"(0.050000000745, 0.0, -120.0, 0.0, -0.050000000745, 35.0, 0.0, 0.0, 1.0)",,float32
https://data.chc.ucsb.edu/products/CHIRPS/v3.0/monthly/latam/tifs/chirps-v3.0.1989.03.tif,LOCAL,,,95082e7a6c3c92442dcb69b9895aa43aa8cc48ffc825c51a407f45d5cb3fff2c,data\raw\climate\chirps_v3\latam\monthly\chirps-v3.0.1989.03.tif,CHIRPS_V3_FINAL,RAIN,1989,3,,VALIDATED_LOCAL,EPSG:4326,1720,1900,"(0.050000000745, 0.0, -120.0, 0.0, -0.050000000745, 35.0, 0.0, 0.0, 1.0)",,float32
https://data.chc.ucsb.edu/products/CHIRPS/v3.0/monthly/latam/tifs/chirps-v3.0.1989.04.tif,LOCAL,,,93da5ce2f4a33f104cba1b847bc4c91912edda0923046947d95dc8b00b876e2a,data\raw\climate\chirps_v3\latam\monthly\chirps-v3.0.1989.04.tif,CHIRPS_V3_FINAL,RAIN,1989,4,,VALIDATED_LOCAL,EPSG:4326,1720,1900,"(0.050000000745, 0.0, -120.0, 0.0, -0.050000000745, 35.0, 0.0, 0.0, 1.0)",,float32
https://data.chc.ucsb.edu/products/CHIRPS/v3.0/monthly/latam/tifs/chirps-v3.0.1989.05.tif,LOCAL,,,1479b560c80787a254a4121325ee72b58e68e74ff602dd9a63ff3ca878fc38b3,data\raw\climate\chirps_v3\latam\monthly\chirps-v3.0.1989.05.tif,CHIRPS_V3_FINAL,RAIN,1989,5,,VALIDATED_LOCAL,EPSG:4326,1720,1900,"(0.050000000745, 0.0, -120.0, 0.0, -0.050000000745, 35.0, 0.0, 0.0, 1.0)",,float32
https://data.chc.ucsb.edu/products/CHIRPS/v3.0/monthly/latam/tifs/chirps-v3.0.1989.06.tif,LOCAL,,,daeeb0b87633d65ed3cc15c972f12626ea2fe3f77c0f24d7d44b00ef9f3b477a,data\raw\climate\chirps_v3\latam\monthly\chirps-v3.0.1989.06.tif,CHIRPS_V3_FINAL,RAIN,1989,6,,VALIDATED_LOCAL,EPSG:4326,1720,1900,"(0.050000000745, 0.0, -120.0, 0.0, -0.050000000745, 35.0, 0.0, 0.0, 1.0)",,float32
https://data.chc.ucsb.edu/products/CHIRPS/v3.0/monthly/latam/tifs/chirps-v3.0.1989.07.tif,LOCAL,,,23657f0375dc15ef17285c5da44f5e4e4cd9b682721a96d15b6170bdb2738582,data\raw\climate\chirps_v3\latam\monthly\chirps-v3.0.1989.07.tif,CHIRPS_V3_FINAL,RAIN,1989,7,,VALIDATED_LOCAL,EPSG:4326,1720,1900,"(0.050000000745, 0.0, -120.0, 0.0, -0.050000000745, 35.0, 0.0, 0.0, 1.0)",,float32
https://data.chc.ucsb.edu/products/CHIRPS/v3.0/monthly/latam/tifs/chirps-v3.0.1989.08.tif,LOCAL,,,c570fbb477e7e6de3a358724af19f210eef98a42bc870ac42538b10fcdaf882b,data\raw\climate\chirps_v3\latam\monthly\chirps-v3.0.1989.08.tif,CHIRPS_V3_FINAL,RAIN,1989,8,,VALIDATED_LOCAL,EPSG:4326,1720,1900,"(0.050000000745, 0.0, -120.0, 0.0, -0.050000000745, 35.0, 0.0, 0.0, 1.0)",,float32
https://data.chc.ucsb.edu/products/CHIRPS/v3.0/monthly/latam/tifs/chirps-v3.0.1989.09.tif,LOCAL,,,0c1789f53695ee6678abbbdb380326627d76b72042995fb3d92c210994c78d91,data\raw\climate\chirps_v3\latam\monthly\chirps-v3.0.1989.09.tif,CHIRPS_V3_FINAL,RAIN,1989,9,,VALIDATED_LOCAL,EPSG:4326,1720,1900,"(0.050000000745, 0.0, -120.0, 0.0, -0.050000000745, 35.0, 0.0, 0.0, 1.0)",,float32
https://data.chc.ucsb.edu/products/CHIRPS/v3.0/monthly/latam/tifs/chirps-v3.0.1989.10.tif,LOCAL,,,17399b3fcc239825a088fe75f10813f946d5692dc257f183ab402a13da79b830,data\raw\climate\chirps_v3\latam\monthly\chirps-v3.0.1989.10.tif,CHIRPS_V3_FINAL,RAIN,1989,10,,VALIDATED_LOCAL,EPSG:4326,1720,1900,"(0.050000000745, 0.0, -120.0, 0.0, -0.050000000745, 35.0, 0.0, 0.0, 1.0)",,float32
https://data.chc.ucsb.edu/products/CHIRPS/v3.0/monthly/latam/tifs/chirps-v3.0.1989.11.tif,LOCAL,,,b3394d6f9020c38850e26d54f3c065d605a2e9c9b3e429677011b4d261840ae7,data\raw\climate\chirps_v3\latam\monthly\chirps-v3.0.1989.11.tif,CHIRPS_V3_FINAL,RAIN,1989,11,,VALIDATED_LOCAL,EPSG:4326,1720,1900,"(0.050000000745, 0.0, -120.0, 0.0, -0.050000000745, 35.0, 0.0, 0.0, 1.0)",,float32
https://data.chc.ucsb.edu/products/CHIRPS/v3.0/monthly/latam/tifs/chirps-v3.0.1989.12.tif,LOCAL,,,3ffd0a63ff783985af5f603856a9e07992408afe38b6e6f36c410b1935398ce6,data\raw\climate\chirps_v3\latam\monthly\chirps-v3.0.1989.12.tif,CHIRPS_V3_FINAL,RAIN,1989,12,,VALIDATED_LOCAL,EPSG:4326,1720,1900,"(0.050000000745, 0.0, -120.0, 0.0, -0.050000000745, 35.0, 0.0, 0.0, 1.0)",,float32
https://data.chc.ucsb.edu/products/CHIRPS/v3.0/monthly/latam/tifs/chirps-v3.0.1990.01.tif,LOCAL,,,507aaaef92ec49b7145b074f982f19ff3e7dd417ac2243fb07b696888ce2f616,data\raw\climate\chirps_v3\latam\monthly\chirps-v3.0.1990.01.tif,CHIRPS_V3_FINAL,RAIN,1990,1,,VALIDATED_LOCAL,EPSG:4326,1720,1900,"(0.050000000745, 0.0, -120.0, 0.0, -0.050000000745, 35.0, 0.0, 0.0, 1.0)",,float32
https://data.chc.ucsb.edu/products/CHIRPS/v3.0/monthly/latam/tifs/chirps-v3.0.1990.02.tif,LOCAL,,,ce92a7c5970a42961e73a9c34ca070444731d9521012c570ee8ff1011cdbb4e7,data\raw\climate\chirps_v3\latam\monthly\chirps-v3.0.1990.02.tif,CHIRPS_V3_FINAL,RAIN,1990,2,,VALIDATED_LOCAL,EPSG:4326,1720,1900,"(0.050000000745, 0.0, -120.0, 0.0, -0.050000000745, 35.0, 0.0, 0.0, 1.0)",,float32
https://data.chc.ucsb.edu/products/CHIRPS/v3.0/monthly/latam/tifs/chirps-v3.0.1990.03.tif,LOCAL,,,b00237b8848f408fbfd338f6080e54a06d2653ec22b033808e103f8ec347ab08,data\raw\climate\chirps_v3\latam\monthly\chirps-v3.0.1990.03.tif,CHIRPS_V3_FINAL,RAIN,1990,3,,VALIDATED_LOCAL,EPSG:4326,1720,1900,"(0.050000000745, 0.0, -120.0, 0.0, -0.050000000745, 35.0, 0.0, 0.0, 1.0)",,float32
https://data.chc.ucsb.edu/products/CHIRPS/v3.0/monthly/latam/tifs/chirps-v3.0.1990.04.tif,LOCAL,,,9e28e016b33e7b6cee9adf95a78af5ad992cedf70095f36434c0c38c6d32c2ac,data\raw\climate\chirps_v3\latam\monthly\chirps-v3.0.1990.04.tif,CHIRPS_V3_FINAL,RAIN,1990,4,,VALIDATED_LOCAL,EPSG:4326,1720,1900,"(0.050000000745, 0.0, -120.0, 0.0, -0.050000000745, 35.0, 0.0, 0.0, 1.0)",,float32
https://data.chc.ucsb.edu/products/CHIRPS/v3.0/monthly/latam/tifs/chirps-v3.0.1990.05.tif,LOCAL,,,31af83c6fd72a4713838b700f7623119e515884b951db77a6cdc07a36157e46c,data\raw\climate\chirps_v3\latam\monthly\chirps-v3.0.1990.05.tif,CHIRPS_V3_FINAL,RAIN,1990,5,,VALIDATED_LOCAL,EPSG:4326,1720,1900,"(0.050000000745, 0.0, -120.0, 0.0, -0.050000000745, 35.0, 0.0, 0.0, 1.0)",,float32
https://data.chc.ucsb.edu/products/CHIRPS/v3.0/monthly/latam/tifs/chirps-v3.0.1990.06.tif,LOCAL,,,a4e0e0593496d69f6ed945ab0a7a64c6232008c5f42089e71ea3e27f2b657ba1,data\raw\climate\chirps_v3\latam\monthly\chirps-v3.0.1990.06.tif,CHIRPS_V3_FINAL,RAIN,1990,6,,VALIDATED_LOCAL,EPSG:4326,1720,1900,"(0.050000000745, 0.0, -120.0, 0.0, -0.050000000745, 35.0, 0.0, 0.0, 1.0)",,float32
https://data.chc.ucsb.edu/products/CHIRPS/v3.0/monthly/latam/tifs/chirps-v3.0.1990.07.tif,LOCAL,,,9a2bade3314380769c7d34c797778376332175f895b51d72c754a9bbb195ad6b,data\raw\climate\chirps_v3\latam\monthly\chirps-v3.0.1990.07.tif,CHIRPS_V3_FINAL,RAIN,1990,7,,VALIDATED_LOCAL,EPSG:4326,1720,1900,"(0.050000000745, 0.0, -120.0, 0.0, -0.050000000745, 35.0, 0.0, 0.0, 1.0)",,float32
https://data.chc.ucsb.edu/products/CHIRPS/v3.0/monthly/latam/tifs/chirps-v3.0.1990.08.tif,LOCAL,,,c2bf1235c98deafaff91aec86cfec6231d5f15ad60577c70afaf4724013d9516,data\raw\climate\chirps_v3\latam\monthly\chirps-v3.0.1990.08.tif,CHIRPS_V3_FINAL,RAIN,1990,8,,VALIDATED_LOCAL,EPSG:4326,1720,1900,"(0.050000000745, 0.0, -120.0, 0.0, -0.050000000745, 35.0, 0.0, 0.0, 1.0)",,float32
https://data.chc.ucsb.edu/products/CHIRPS/v3.0/monthly/latam/tifs/chirps-v3.0.1990.09.tif,LOCAL,,,032d6c6fe3a95e599d110102e5900992dec6c840edaef860e332b8117ad70fa8,data\raw\climate\chirps_v3\latam\monthly\chirps-v3.0.1990.09.tif,CHIRPS_V3_FINAL,RAIN,1990,9,,VALIDATED_LOCAL,EPSG:4326,1720,1900,"(0.050000000745, 0.0, -120.0, 0.0, -0.050000000745, 35.0, 0.0, 0.0, 1.0)",,float32
https://data.chc.ucsb.edu/products/CHIRPS/v3.0/monthly/latam/tifs/chirps-v3.0.1990.10.tif,LOCAL,,,b1159e13f8b00ad8f2c68056f07c497c42770cff7f4a9051b57db87bbe2d5dc6,data\raw\climate\chirps_v3\latam\monthly\chirps-v3.0.1990.10.tif,CHIRPS_V3_FINAL,RAIN,1990,10,,VALIDATED_LOCAL,EPSG:4326,1720,1900,"(0.050000000745, 0.0, -120.0, 0.0, -0.050000000745, 35.0, 0.0, 0.0, 1.0)",,float32
https://data.chc.ucsb.edu/products/CHIRPS/v3.0/monthly/latam/tifs/chirps-v3.0.1990.11.tif,LOCAL,,,623087f3cdff8da6d2c3566ea4cd530b493dce2b184d6519860e132861c4218b,data\raw\climate\chirps_v3\latam\monthly\chirps-v3.0.1990.11.tif,CHIRPS_V3_FINAL,RAIN,1990,11,,VALIDATED_LOCAL,EPSG:4326,1720,1900,"(0.050000000745, 0.0, -120.0, 0.0, -0.050000000745, 35.0, 0.0, 0.0, 1.0)",,float32
https://data.chc.ucsb.edu/products/CHIRPS/v3.0/monthly/latam/tifs/chirps-v3.0.1990.12.tif,LOCAL,,,20ef846dcfc755506a9641cf1fa50e35cd4902e97c2b7167a7ed3efd7e0decc3,data\raw\climate\chirps_v3\latam\monthly\chirps-v3.0.1990.12.tif,CHIRPS_V3_FINAL,RAIN,1990,12,,VALIDATED_LOCAL,EPSG:4326,1720,1900,"(0.050000000745, 0.0, -120.0, 0.0, -0.050000000745, 35.0, 0.0, 0.0, 1.0)",,float32
https://data.chc.ucsb.edu/products/CHIRPS/v3.0/monthly/latam/tifs/chirps-v3.0.1991.01.tif,LOCAL,,,21bd2ac29d578123dbd2d419bb4cb4faa719667ed1fdba5577f9153abe221571,data\raw\climate\chirps_v3\latam\monthly\chirps-v3.0.1991.01.tif,CHIRPS_V3_FINAL,RAIN,1991,1,,VALIDATED_LOCAL,EPSG:4326,1720,1900,"(0.050000000745, 0.0, -120.0, 0.0, -0.050000000745, 35.0, 0.0, 0.0, 1.0)",,float32
https://data.chc.ucsb.edu/products/CHIRPS/v3.0/monthly/latam/tifs/chirps-v3.0.1991.02.tif,LOCAL,,,d08967ed450d8e66965d8938bb43bf1e10fbdee69380f0871180b84f87fe6894,data\raw\climate\chirps_v3\latam\monthly\chirps-v3.0.1991.02.tif,CHIRPS_V3_FINAL,RAIN,1991,2,,VALIDATED_LOCAL,EPSG:4326,1720,1900,"(0.050000000745, 0.0, -120.0, 0.0, -0.050000000745, 35.0, 0.0, 0.0, 1.0)",,float32
https://data.chc.ucsb.edu/products/CHIRPS/v3.0/monthly/latam/tifs/chirps-v3.0.1991.03.tif,LOCAL,,,f79f513b19b726a856da703430056c79b3e6d0f328f337734bbc00681cc38b0c,data\raw\climate\chirps_v3\latam\monthly\chirps-v3.0.1991.03.tif,CHIRPS_V3_FINAL,RAIN,1991,3,,VALIDATED_LOCAL,EPSG:4326,1720,1900,"(0.050000000745, 0.0, -120.0, 0.0, -0.050000000745, 35.0, 0.0, 0.0, 1.0)",,float32
https://data.chc.ucsb.edu/products/CHIRPS/v3.0/monthly/latam/tifs/chirps-v3.0.1991.04.tif,LOCAL,,,ed21fcdf0f65d290510dc1077fd599e61fa0f2b69f2861a2a74b125da77aebfe,data\raw\climate\chirps_v3\latam\monthly\chirps-v3.0.1991.04.tif,CHIRPS_V3_FINAL,RAIN,1991,4,,VALIDATED_LOCAL,EPSG:4326,1720,1900,"(0.050000000745, 0.0, -120.0, 0.0, -0.050000000745, 35.0, 0.0, 0.0, 1.0)",,float32
https://data.chc.ucsb.edu/products/CHIRPS/v3.0/monthly/latam/tifs/chirps-v3.0.1991.05.tif,LOCAL,,,33641db400493417da6fe823f485a0b600ccc7bb000b59a5d8e4ee7cd3b4eaf8,data\raw\climate\chirps_v3\latam\monthly\chirps-v3.0.1991.05.tif,CHIRPS_V3_FINAL,RAIN,1991,5,,VALIDATED_LOCAL,EPSG:4326,1720,1900,"(0.050000000745, 0.0, -120.0, 0.0, -0.050000000745, 35.0, 0.0, 0.0, 1.0)",,float32
https://data.chc.ucsb.edu/products/CHIRPS/v3.0/monthly/latam/tifs/chirps-v3.0.1991.06.tif,LOCAL,,,579eeff62333890527ec3375cf8ac9a95855b4884b3df67759a1edc862cfb7fd,data\raw\climate\chirps_v3\latam\monthly\chirps-v3.0.1991.06.tif,CHIRPS_V3_FINAL,RAIN,1991,6,,VALIDATED_LOCAL,EPSG:4326,1720,1900,"(0.050000000745, 0.0, -120.0, 0.0, -0.050000000745, 35.0, 0.0, 0.0, 1.0)",,float32
https://data.chc.ucsb.edu/products/CHIRPS/v3.0/monthly/latam/tifs/chirps-v3.0.1991.07.tif,LOCAL,,,713d3939ad161b58dfd05a283ae94786d07137c6d9d4ae55999fa418c64f99d8,data\raw\climate\chirps_v3\latam\monthly\chirps-v3.0.1991.07.tif,CHIRPS_V3_FINAL,RAIN,1991,7,,VALIDATED_LOCAL,EPSG:4326,1720,1900,"(0.050000000745, 0.0, -120.0, 0.0, -0.050000000745, 35.0, 0.0, 0.0, 1.0)",,float32
https://data.chc.ucsb.edu/products/CHIRPS/v3.0/monthly/latam/tifs/chirps-v3.0.1991.08.tif,LOCAL,,,e482c9a489551adef6486fe103a8aaad841e889f86bd46e0080e0169d5fefc92,data\raw\climate\chirps_v3\latam\monthly\chirps-v3.0.1991.08.tif,CHIRPS_V3_FINAL,RAIN,1991,8,,VALIDATED_LOCAL,EPSG:4326,1720,1900,"(0.050000000745, 0.0, -120.0, 0.0, -0.050000000745, 35.0, 0.0, 0.0, 1.0)",,float32
https://data.chc.ucsb.edu/products/CHIRPS/v3.0/monthly/latam/tifs/chirps-v3.0.1991.09.tif,LOCAL,,,f4226d3d5a60aba9c255a79da2621203d30c3ea019898eae1a65b4096f36b585,data\raw\climate\chirps_v3\latam\monthly\chirps-v3.0.1991.09.tif,CHIRPS_V3_FINAL,RAIN,1991,9,,VALIDATED_LOCAL,EPSG:4326,1720,1900,"(0.050000000745, 0.0, -120.0, 0.0, -0.050000000745, 35.0, 0.0, 0.0, 1.0)",,float32
https://data.chc.ucsb.edu/products/CHIRPS/v3.0/monthly/latam/tifs/chirps-v3.0.1991.10.tif,LOCAL,,,7fe44651eb0f06998e4d51e536db8d12b5373849c0a3e0d2e2406065f707ca1b,data\raw\climate\chirps_v3\latam\monthly\chirps-v3.0.1991.10.tif,CHIRPS_V3_FINAL,RAIN,1991,10,,VALIDATED_LOCAL,EPSG:4326,1720,1900,"(0.050000000745, 0.0, -120.0, 0.0, -0.050000000745, 35.0, 0.0, 0.0, 1.0)",,float32
https://data.chc.ucsb.edu/products/CHIRPS/v3.0/monthly/latam/tifs/chirps-v3.0.1991.11.tif,LOCAL,,,0f24069a038ee68da020b9817dcaf26fd7424c0f4970112328a6dd5611aac3a1,data\raw\climate\chirps_v3\latam\monthly\chirps-v3.0.1991.11.tif,CHIRPS_V3_FINAL,RAIN,1991,11,,VALIDATED_LOCAL,EPSG:4326,1720,1900,"(0.050000000745, 0.0, -120.0, 0.0, -0.050000000745, 35.0, 0.0, 0.0, 1.0)",,float32
https://data.chc.ucsb.edu/products/CHIRPS/v3.0/monthly/latam/tifs/chirps-v3.0.1991.12.tif,LOCAL,,,262e64466f1aecfd60a764ebaa93c42eed695fad551e8ac5aabc4b896a18d7c5,data\raw\climate\chirps_v3\latam\monthly\chirps-v3.0.1991.12.tif,CHIRPS_V3_FINAL,RAIN,1991,12,,VALIDATED_LOCAL,EPSG:4326,1720,1900,"(0.050000000745, 0.0, -120.0, 0.0, -0.050000000745, 35.0, 0.0, 0.0, 1.0)",,float32
https://data.chc.ucsb.edu/products/CHIRPS/v3.0/monthly/latam/tifs/chirps-v3.0.1992.01.tif,LOCAL,,,1845cf69d909fa207d63f1ef8aa578565b6619283fd08ebd90491c9c59b23e04,data\raw\climate\chirps_v3\latam\monthly\chirps-v3.0.1992.01.tif,CHIRPS_V3_FINAL,RAIN,1992,1,,VALIDATED_LOCAL,EPSG:4326,1720,1900,"(0.050000000745, 0.0, -120.0, 0.0, -0.050000000745, 35.0, 0.0, 0.0, 1.0)",,float32
https://data.chc.ucsb.edu/products/CHIRPS/v3.0/monthly/latam/tifs/chirps-v3.0.1992.02.tif,LOCAL,,,8cac05f2c479d31a0348f3dcd3446b5c472cb8ac093f94226844add6b85ebfea,data\raw\climate\chirps_v3\latam\monthly\chirps-v3.0.1992.02.tif,CHIRPS_V3_FINAL,RAIN,1992,2,,VALIDATED_LOCAL,EPSG:4326,1720,1900,"(0.050000000745, 0.0, -120.0, 0.0, -0.050000000745, 35.0, 0.0, 0.0, 1.0)",,float32
https://data.chc.ucsb.edu/products/CHIRPS/v3.0/monthly/latam/tifs/chirps-v3.0.1992.03.tif,LOCAL,,,ed36e66cf65755ccc3d64da319210269bd6b82ab274598da1aaf68c0f54dcdf9,data\raw\climate\chirps_v3\latam\monthly\chirps-v3.0.1992.03.tif,CHIRPS_V3_FINAL,RAIN,1992,3,,VALIDATED_LOCAL,EPSG:4326,1720,1900,"(0.050000000745, 0.0, -120.0, 0.0, -0.050000000745, 35.0, 0.0, 0.0, 1.0)",,float32
https://data.chc.ucsb.edu/products/CHIRPS/v3.0/monthly/latam/tifs/chirps-v3.0.1992.04.tif,LOCAL,,,be83fb1eb7ac62b1a4ae3546e7eaad0367661c3fa207637f17acca7184adb87b,data\raw\climate\chirps_v3\latam\monthly\chirps-v3.0.1992.04.tif,CHIRPS_V3_FINAL,RAIN,1992,4,,VALIDATED_LOCAL,EPSG:4326,1720,1900,"(0.050000000745, 0.0, -120.0, 0.0, -0.050000000745, 35.0, 0.0, 0.0, 1.0)",,float32
https://data.chc.ucsb.edu/products/CHIRPS/v3.0/monthly/latam/tifs/chirps-v3.0.1992.05.tif,LOCAL,,,27745b3bb13bb16c4f2105c3624bfbbb73a47670d2b203cb2f74b7927e1ab04e,data\raw\climate\chirps_v3\latam\monthly\chirps-v3.0.1992.05.tif,CHIRPS_V3_FINAL,RAIN,1992,5,,VALIDATED_LOCAL,EPSG:4326,1720,1900,"(0.050000000745, 0.0, -120.0, 0.0, -0.050000000745, 35.0, 0.0, 0.0, 1.0)",,float32
https://data.chc.ucsb.edu/products/CHIRPS/v3.0/monthly/latam/tifs/chirps-v3.0.1992.06.tif,LOCAL,,,58c376b37e2c856a503bdca0b514a953c45bdf62f223f3f2d1bd9f410b6933ff,data\raw\climate\chirps_v3\latam\monthly\chirps-v3.0.1992.06.tif,CHIRPS_V3_FINAL,RAIN,1992,6,,VALIDATED_LOCAL,EPSG:4326,1720,1900,"(0.050000000745, 0.0, -120.0, 0.0, -0.050000000745, 35.0, 0.0, 0.0, 1.0)",,float32
https://data.chc.ucsb.edu/products/CHIRPS/v3.0/monthly/latam/tifs/chirps-v3.0.1992.07.tif,LOCAL,,,3a42a4dd1097fa3631364ced94396da9fdfb44d410d7157343712455b5eafcb9,data\raw\climate\chirps_v3\latam\monthly\chirps-v3.0.1992.07.tif,CHIRPS_V3_FINAL,RAIN,1992,7,,VALIDATED_LOCAL,EPSG:4326,1720,1900,"(0.050000000745, 0.0, -120.0, 0.0, -0.050000000745, 35.0, 0.0, 0.0, 1.0)",,float32
https://data.chc.ucsb.edu/products/CHIRPS/v3.0/monthly/latam/tifs/chirps-v3.0.1992.08.tif,LOCAL,,,28fdbc44b2078d857567d4ee770bd91f8a33aaac47073b012c29ea8dc0be4531,data\raw\climate\chirps_v3\latam\monthly\chirps-v3.0.1992.08.tif,CHIRPS_V3_FINAL,RAIN,1992,8,,VALIDATED_LOCAL,EPSG:4326,1720,1900,"(0.050000000745, 0.0, -120.0, 0.0, -0.050000000745, 35.0, 0.0, 0.0, 1.0)",,float32
https://data.chc.ucsb.edu/products/CHIRPS/v3.0/monthly/latam/tifs/chirps-v3.0.1992.09.tif,LOCAL,,,7685759f478ed355f9802edd597c3e3aa3beb212f06a4e92da9908908beea02b,data\raw\climate\chirps_v3\latam\monthly\chirps-v3.0.1992.09.tif,CHIRPS_V3_FINAL,RAIN,1992,9,,VALIDATED_LOCAL,EPSG:4326,1720,1900,"(0.050000000745, 0.0, -120.0, 0.0, -0.050000000745, 35.0, 0.0, 0.0, 1.0)",,float32
https://data.chc.ucsb.edu/products/CHIRPS/v3.0/monthly/latam/tifs/chirps-v3.0.1992.10.tif,LOCAL,,,2d62a9cc87ccb60b0fe07258f762b22e8a3269fd86363571d7be4b7f2c86d49f,data\raw\climate\chirps_v3\latam\monthly\chirps-v3.0.1992.10.tif,CHIRPS_V3_FINAL,RAIN,1992,10,,VALIDATED_LOCAL,EPSG:4326,1720,1900,"(0.050000000745, 0.0, -120.0, 0.0, -0.050000000745, 35.0, 0.0, 0.0, 1.0)",,float32
https://data.chc.ucsb.edu/products/CHIRPS/v3.0/monthly/latam/tifs/chirps-v3.0.1992.11.tif,LOCAL,,,fa3c7d48ed879c62c913558c6dbbc7164c604f582ff2e752b01fee6753021647,data\raw\climate\chirps_v3\latam\monthly\chirps-v3.0.1992.11.tif,CHIRPS_V3_FINAL,RAIN,1992,11,,VALIDATED_LOCAL,EPSG:4326,1720,1900,"(0.050000000745, 0.0, -120.0, 0.0, -0.050000000745, 35.0, 0.0, 0.0, 1.0)",,float32
https://data.chc.ucsb.edu/products/CHIRPS/v3.0/monthly/latam/tifs/chirps-v3.0.1992.12.tif,LOCAL,,,9453cebf66ef88b22a0239b3b083b58f058403695d379ec7a04c9eb08b4c720a,data\raw\climate\chirps_v3\latam\monthly\chirps-v3.0.1992.12.tif,CHIRPS_V3_FINAL,RAIN,1992,12,,VALIDATED_LOCAL,EPSG:4326,1720,1900,"(0.050000000745, 0.0, -120.0, 0.0, -0.050000000745, 35.0, 0.0, 0.0, 1.0)",,float32
https://data.chc.ucsb.edu/products/CHIRPS/v3.0/monthly/latam/tifs/chirps-v3.0.1993.01.tif,LOCAL,,,7be3ba12d1a20aaf5946e97d6b35274da028b7c3663353dc24868bd2a2a8f09d,data\raw\climate\chirps_v3\latam\monthly\chirps-v3.0.1993.01.tif,CHIRPS_V3_FINAL,RAIN,1993,1,,VALIDATED_LOCAL,EPSG:4326,1720,1900,"(0.050000000745, 0.0, -120.0, 0.0, -0.050000000745, 35.0, 0.0, 0.0, 1.0)",,float32
https://data.chc.ucsb.edu/products/CHIRPS/v3.0/monthly/latam/tifs/chirps-v3.0.1993.02.tif,LOCAL,,,a78470b3a1ca387c0ee38e7a80111867816b0ece13e32a7abc7bcfb1193887b7,data\raw\climate\chirps_v3\latam\monthly\chirps-v3.0.1993.02.tif,CHIRPS_V3_FINAL,RAIN,1993,2,,VALIDATED_LOCAL,EPSG:4326,1720,1900,"(0.050000000745, 0.0, -120.0, 0.0, -0.050000000745, 35.0, 0.0, 0.0, 1.0)",,float32
https://data.chc.ucsb.edu/products/CHIRPS/v3.0/monthly/latam/tifs/chirps-v3.0.1993.03.tif,LOCAL,,,1b365e5be414989973e503b3c86429bc640bace44380d79ef19c9cd891f0c87c,data\raw\climate\chirps_v3\latam\monthly\chirps-v3.0.1993.03.tif,CHIRPS_V3_FINAL,RAIN,1993,3,,VALIDATED_LOCAL,EPSG:4326,1720,1900,"(0.050000000745, 0.0, -120.0, 0.0, -0.050000000745, 35.0, 0.0, 0.0, 1.0)",,float32
https://data.chc.ucsb.edu/products/CHIRPS/v3.0/monthly/latam/tifs/chirps-v3.0.1993.04.tif,LOCAL,,,9c02d1c927faa5fd0f722c0fe76a7886b1da2c1869b4ab81c33a4fb1c952c029,data\raw\climate\chirps_v3\latam\monthly\chirps-v3.0.1993.04.tif,CHIRPS_V3_FINAL,RAIN,1993,4,,VALIDATED_LOCAL,EPSG:4326,1720,1900,"(0.050000000745, 0.0, -120.0, 0.0, -0.050000000745, 35.0, 0.0, 0.0, 1.0)",,float32
https://data.chc.ucsb.edu/products/CHIRPS/v3.0/monthly/latam/tifs/chirps-v3.0.1993.05.tif,LOCAL,,,ca66fae481d746678da98fa96b65c853907fa6a7a707fe96c0a5cdcd438c8d8a,data\raw\climate\chirps_v3\latam\monthly\chirps-v3.0.1993.05.tif,CHIRPS_V3_FINAL,RAIN,1993,5,,VALIDATED_LOCAL,EPSG:4326,1720,1900,"(0.050000000745, 0.0, -120.0, 0.0, -0.050000000745, 35.0, 0.0, 0.0, 1.0)",,float32
https://data.chc.ucsb.edu/products/CHIRPS/v3.0/monthly/latam/tifs/chirps-v3.0.1993.06.tif,LOCAL,,,72854c983e009817c2ebcca5748d1ebadfa7194c2eae21f84bc3a820ee079bed,data\raw\climate\chirps_v3\latam\monthly\chirps-v3.0.1993.06.tif,CHIRPS_V3_FINAL,RAIN,1993,6,,VALIDATED_LOCAL,EPSG:4326,1720,1900,"(0.050000000745, 0.0, -120.0, 0.0, -0.050000000745, 35.0, 0.0, 0.0, 1.0)",,float32
https://data.chc.ucsb.edu/products/CHIRPS/v3.0/monthly/latam/tifs/chirps-v3.0.1993.07.tif,LOCAL,,,82be83214bdd8ed3ff77e29abe298009eb21d921780c5c76fe11488c2600e00b,data\raw\climate\chirps_v3\latam\monthly\chirps-v3.0.1993.07.tif,CHIRPS_V3_FINAL,RAIN,1993,7,,VALIDATED_LOCAL,EPSG:4326,1720,1900,"(0.050000000745, 0.0, -120.0, 0.0, -0.050000000745, 35.0, 0.0, 0.0, 1.0)",,float32
https://data.chc.ucsb.edu/products/CHIRPS/v3.0/monthly/latam/tifs/chirps-v3.0.1993.08.tif,LOCAL,,,1d5bda50f898e827226b908b795d61798971ae8b938dccd6978755b6fd2416c5,data\raw\climate\chirps_v3\latam\monthly\chirps-v3.0.1993.08.tif,CHIRPS_V3_FINAL,RAIN,1993,8,,VALIDATED_LOCAL,EPSG:4326,1720,1900,"(0.050000000745, 0.0, -120.0, 0.0, -0.050000000745, 35.0, 0.0, 0.0, 1.0)",,float32
https://data.chc.ucsb.edu/products/CHIRPS/v3.0/monthly/latam/tifs/chirps-v3.0.1993.09.tif,LOCAL,,,4f055f6eea094412e9e6d2febdfb7b97c151e615d15690fd37c8f3d4bf854959,data\raw\climate\chirps_v3\latam\monthly\chirps-v3.0.1993.09.tif,CHIRPS_V3_FINAL,RAIN,1993,9,,VALIDATED_LOCAL,EPSG:4326,1720,1900,"(0.050000000745, 0.0, -120.0, 0.0, -0.050000000745, 35.0, 0.0, 0.0, 1.0)",,float32
https://data.chc.ucsb.edu/products/CHIRPS/v3.0/monthly/latam/tifs/chirps-v3.0.1993.10.tif,LOCAL,,,de760abfb0759b296002d2ea63c410953fd47fc18d599ae70fef8f488dd0518b,data\raw\climate\chirps_v3\latam\monthly\chirps-v3.0.1993.10.tif,CHIRPS_V3_FINAL,RAIN,1993,10,,VALIDATED_LOCAL,EPSG:4326,1720,1900,"(0.050000000745, 0.0, -120.0, 0.0, -0.050000000745, 35.0, 0.0, 0.0, 1.0)",,float32
https://data.chc.ucsb.edu/products/CHIRPS/v3.0/monthly/latam/tifs/chirps-v3.0.1993.11.tif,LOCAL,,,833ce96ed2b7015097a2f6e0b9ef70e5dfb9c673b8c058a8b1a630a2e42edb4c,data\raw\climate\chirps_v3\latam\monthly\chirps-v3.0.1993.11.tif,CHIRPS_V3_FINAL,RAIN,1993,11,,VALIDATED_LOCAL,EPSG:4326,1720,1900,"(0.050000000745, 0.0, -120.0, 0.0, -0.050000000745, 35.0, 0.0, 0.0, 1.0)",,float32
https://data.chc.ucsb.edu/products/CHIRPS/v3.0/monthly/latam/tifs/chirps-v3.0.1993.12.tif,LOCAL,,,d35f1e400471103e0b8b312d5a4512e1f9e8bd328403a95e3f67d31cb828799c,data\raw\climate\chirps_v3\latam\monthly\chirps-v3.0.1993.12.tif,CHIRPS_V3_FINAL,RAIN,1993,12,,VALIDATED_LOCAL,EPSG:4326,1720,1900,"(0.050000000745, 0.0, -120.0, 0.0, -0.050000000745, 35.0, 0.0, 0.0, 1.0)",,float32
https://data.chc.ucsb.edu/products/CHIRPS/v3.0/monthly/latam/tifs/chirps-v3.0.1994.01.tif,LOCAL,,,e6aa9bb29ff1df6281dadb6e1d59679974fb72a18dd7f95fd6be995d108bc4c8,data\raw\climate\chirps_v3\latam\monthly\chirps-v3.0.1994.01.tif,CHIRPS_V3_FINAL,RAIN,1994,1,,VALIDATED_LOCAL,EPSG:4326,1720,1900,"(0.050000000745, 0.0, -120.0, 0.0, -0.050000000745, 35.0, 0.0, 0.0, 1.0)",,float32
https://data.chc.ucsb.edu/products/CHIRPS/v3.0/monthly/latam/tifs/chirps-v3.0.1994.02.tif,LOCAL,,,46fdc7ac720e647312c177635e3f5e204e688a78965c56d6fc7b141338c212ea,data\raw\climate\chirps_v3\latam\monthly\chirps-v3.0.1994.02.tif,CHIRPS_V3_FINAL,RAIN,1994,2,,VALIDATED_LOCAL,EPSG:4326,1720,1900,"(0.050000000745, 0.0, -120.0, 0.0, -0.050000000745, 35.0, 0.0, 0.0, 1.0)",,float32
https://data.chc.ucsb.edu/products/CHIRPS/v3.0/monthly/latam/tifs/chirps-v3.0.1994.03.tif,LOCAL,,,4d6bf9847f65e5bd958e32c58e57901f8ffe01457f85de5ce63dd67820712568,data\raw\climate\chirps_v3\latam\monthly\chirps-v3.0.1994.03.tif,CHIRPS_V3_FINAL,RAIN,1994,3,,VALIDATED_LOCAL,EPSG:4326,1720,1900,"(0.050000000745, 0.0, -120.0, 0.0, -0.050000000745, 35.0, 0.0, 0.0, 1.0)",,float32
https://data.chc.ucsb.edu/products/CHIRPS/v3.0/monthly/latam/tifs/chirps-v3.0.1994.04.tif,LOCAL,,,aa441194f2b243203b4d846566b648df43a37378fe4856c68fb787011b793d7f,data\raw\climate\chirps_v3\latam\monthly\chirps-v3.0.1994.04.tif,CHIRPS_V3_FINAL,RAIN,1994,4,,VALIDATED_LOCAL,EPSG:4326,1720,1900,"(0.050000000745, 0.0, -120.0, 0.0, -0.050000000745, 35.0, 0.0, 0.0, 1.0)",,float32
https://data.chc.ucsb.edu/products/CHIRPS/v3.0/monthly/latam/tifs/chirps-v3.0.1994.05.tif,LOCAL,,,c8d330296f3352dd80adbcd1941714a358ac6891403ac895bd705a23e0ea1b8b,data\raw\climate\chirps_v3\latam\monthly\chirps-v3.0.1994.05.tif,CHIRPS_V3_FINAL,RAIN,1994,5,,VALIDATED_LOCAL,EPSG:4326,1720,1900,"(0.050000000745, 0.0, -120.0, 0.0, -0.050000000745, 35.0, 0.0, 0.0, 1.0)",,float32
https://data.chc.ucsb.edu/products/CHIRPS/v3.0/monthly/latam/tifs/chirps-v3.0.1994.06.tif,LOCAL,,,0d56f6863bf14e5b808bca373fec318c17b7f25cd26ebf9117f2c2d237a7d7a4,data\raw\climate\chirps_v3\latam\monthly\chirps-v3.0.1994.06.tif,CHIRPS_V3_FINAL,RAIN,1994,6,,VALIDATED_LOCAL,EPSG:4326,1720,1900,"(0.050000000745, 0.0, -120.0, 0.0, -0.050000000745, 35.0, 0.0, 0.0, 1.0)",,float32
https://data.chc.ucsb.edu/products/CHIRPS/v3.0/monthly/latam/tifs/chirps-v3.0.1994.07.tif,LOCAL,,,25ba3b5def8bc94b8f70455624e208226340a9adebb6c11df1c739db244d83c8,data\raw\climate\chirps_v3\latam\monthly\chirps-v3.0.1994.07.tif,CHIRPS_V3_FINAL,RAIN,1994,7,,VALIDATED_LOCAL,EPSG:4326,1720,1900,"(0.050000000745, 0.0, -120.0, 0.0, -0.050000000745, 35.0, 0.0, 0.0, 1.0)",,float32
https://data.chc.ucsb.edu/products/CHIRPS/v3.0/monthly/latam/tifs/chirps-v3.0.1994.08.tif,LOCAL,,,76313bf13609ac6bffddd139ff7bbdbd84ede31bde780a2ee168d5d8bf8f6824,data\raw\climate\chirps_v3\latam\monthly\chirps-v3.0.1994.08.tif,CHIRPS_V3_FINAL,RAIN,1994,8,,VALIDATED_LOCAL,EPSG:4326,1720,1900,"(0.050000000745, 0.0, -120.0, 0.0, -0.050000000745, 35.0, 0.0, 0.0, 1.0)",,float32
https://data.chc.ucsb.edu/products/CHIRPS/v3.0/monthly/latam/tifs/chirps-v3.0.1994.09.tif,LOCAL,,,ee9d48196194bc871850c3c1d0d11804b008be3e9011593b80f27ea3ce20360a,data\raw\climate\chirps_v3\latam\monthly\chirps-v3.0.1994.09.tif,CHIRPS_V3_FINAL,RAIN,1994,9,,VALIDATED_LOCAL,EPSG:4326,1720,1900,"(0.050000000745, 0.0, -120.0, 0.0, -0.050000000745, 35.0, 0.0, 0.0, 1.0)",,float32
https://data.chc.ucsb.edu/products/CHIRPS/v3.0/monthly/latam/tifs/chirps-v3.0.1994.10.tif,LOCAL,,,2c4c8a88db792c18f42ddd39c7db2caa1a1b505ccec44c6423752a178170af60,data\raw\climate\chirps_v3\latam\monthly\chirps-v3.0.1994.10.tif,CHIRPS_V3_FINAL,RAIN,1994,10,,VALIDATED_LOCAL,EPSG:4326,1720,1900,"(0.050000000745, 0.0, -120.0, 0.0, -0.050000000745, 35.0, 0.0, 0.0, 1.0)",,float32
https://data.chc.ucsb.edu/products/CHIRPS/v3.0/monthly/latam/tifs/chirps-v3.0.1994.11.tif,LOCAL,,,d8b16e57b6330758b86d59b10e8472df997d7386edb4b4624227b44b4947fe4f,data\raw\climate\chirps_v3\latam\monthly\chirps-v3.0.1994.11.tif,CHIRPS_V3_FINAL,RAIN,1994,11,,VALIDATED_LOCAL,EPSG:4326,1720,1900,"(0.050000000745, 0.0, -120.0, 0.0, -0.050000000745, 35.0, 0.0, 0.0, 1.0)",,float32
https://data.chc.ucsb.edu/products/CHIRPS/v3.0/monthly/latam/tifs/chirps-v3.0.1994.12.tif,LOCAL,,,aa85ad7cb2dcbb1e6bdb377dcf13bdc0aeaed901d572b81218f5da2942077f92,data\raw\climate\chirps_v3\latam\monthly\chirps-v3.0.1994.12.tif,CHIRPS_V3_FINAL,RAIN,1994,12,,VALIDATED_LOCAL,EPSG:4326,1720,1900,"(0.050000000745, 0.0, -120.0, 0.0, -0.050000000745, 35.0, 0.0, 0.0, 1.0)",,float32
https://data.chc.ucsb.edu/products/CHIRPS/v3.0/monthly/latam/tifs/chirps-v3.0.1995.01.tif,LOCAL,,,efb8787b1175e3c6df7cfa278073c295bbd12e7368c4d08fc688880bb5f27e65,data\raw\climate\chirps_v3\latam\monthly\chirps-v3.0.1995.01.tif,CHIRPS_V3_FINAL,RAIN,1995,1,,VALIDATED_LOCAL,EPSG:4326,1720,1900,"(0.050000000745, 0.0, -120.0, 0.0, -0.050000000745, 35.0, 0.0, 0.0, 1.0)",,float32
https://data.chc.ucsb.edu/products/CHIRPS/v3.0/monthly/latam/tifs/chirps-v3.0.1995.02.tif,LOCAL,,,e9dd00910eae550dabc80319ebea4739a343e6bd1e303108077bdd9412c8409c,data\raw\climate\chirps_v3\latam\monthly\chirps-v3.0.1995.02.tif,CHIRPS_V3_FINAL,RAIN,1995,2,,VALIDATED_LOCAL,EPSG:4326,1720,1900,"(0.050000000745, 0.0, -120.0, 0.0, -0.050000000745, 35.0, 0.0, 0.0, 1.0)",,float32
https://data.chc.ucsb.edu/products/CHIRPS/v3.0/monthly/latam/tifs/chirps-v3.0.1995.03.tif,LOCAL,,,22faa8af1d2ad35f403ac5c4c34b223f1b8c5a1dcfb15fe52eebb42b580c5eb0,data\raw\climate\chirps_v3\latam\monthly\chirps-v3.0.1995.03.tif,CHIRPS_V3_FINAL,RAIN,1995,3,,VALIDATED_LOCAL,EPSG:4326,1720,1900,"(0.050000000745, 0.0, -120.0, 0.0, -0.050000000745, 35.0, 0.0, 0.0, 1.0)",,float32
https://data.chc.ucsb.edu/products/CHIRPS/v3.0/monthly/latam/tifs/chirps-v3.0.1995.04.tif,LOCAL,,,020dec3703fa561d740a524ee12e3167680ac2044a69005397c06b076314c4b8,data\raw\climate\chirps_v3\latam\monthly\chirps-v3.0.1995.04.tif,CHIRPS_V3_FINAL,RAIN,1995,4,,VALIDATED_LOCAL,EPSG:4326,1720,1900,"(0.050000000745, 0.0, -120.0, 0.0, -0.050000000745, 35.0, 0.0, 0.0, 1.0)",,float32
https://data.chc.ucsb.edu/products/CHIRPS/v3.0/monthly/latam/tifs/chirps-v3.0.1995.05.tif,LOCAL,,,465d7ee5ace42482c58a4b221c3aa37e62b97c9b43424498fbb8acf0780f4a39,data\raw\climate\chirps_v3\latam\monthly\chirps-v3.0.1995.05.tif,CHIRPS_V3_FINAL,RAIN,1995,5,,VALIDATED_LOCAL,EPSG:4326,1720,1900,"(0.050000000745, 0.0, -120.0, 0.0, -0.050000000745, 35.0, 0.0, 0.0, 1.0)",,float32
https://data.chc.ucsb.edu/products/CHIRPS/v3.0/monthly/latam/tifs/chirps-v3.0.1995.06.tif,LOCAL,,,2bef9308ff58d91e2397de10a64c5905eded6e2d8900dd1c5a8ba6141b91e4af,data\raw\climate\chirps_v3\latam\monthly\chirps-v3.0.1995.06.tif,CHIRPS_V3_FINAL,RAIN,1995,6,,VALIDATED_LOCAL,EPSG:4326,1720,1900,"(0.050000000745, 0.0, -120.0, 0.0, -0.050000000745, 35.0, 0.0, 0.0, 1.0)",,float32
https://data.chc.ucsb.edu/products/CHIRPS/v3.0/monthly/latam/tifs/chirps-v3.0.1995.07.tif,LOCAL,,,de5d8941ba881e1512674d136818a3f197fd154ad7a3d25d7ace84d29826388b,data\raw\climate\chirps_v3\latam\monthly\chirps-v3.0.1995.07.tif,CHIRPS_V3_FINAL,RAIN,1995,7,,VALIDATED_LOCAL,EPSG:4326,1720,1900,"(0.050000000745, 0.0, -120.0, 0.0, -0.050000000745, 35.0, 0.0, 0.0, 1.0)",,float32
https://data.chc.ucsb.edu/products/CHIRPS/v3.0/monthly/latam/tifs/chirps-v3.0.1995.08.tif,LOCAL,,,03fe0839882920f27e253cc746e0053b3c453f07988471aaf12252c3db18e8eb,data\raw\climate\chirps_v3\latam\monthly\chirps-v3.0.1995.08.tif,CHIRPS_V3_FINAL,RAIN,1995,8,,VALIDATED_LOCAL,EPSG:4326,1720,1900,"(0.050000000745, 0.0, -120.0, 0.0, -0.050000000745, 35.0, 0.0, 0.0, 1.0)",,float32
https://data.chc.ucsb.edu/products/CHIRPS/v3.0/monthly/latam/tifs/chirps-v3.0.1995.09.tif,LOCAL,,,1614dfe11bbfca74f8e12406266315bf99c02bb8e83a28e28d963be10895801f,data\raw\climate\chirps_v3\latam\monthly\chirps-v3.0.1995.09.tif,CHIRPS_V3_FINAL,RAIN,1995,9,,VALIDATED_LOCAL,EPSG:4326,1720,1900,"(0.050000000745, 0.0, -120.0, 0.0, -0.050000000745, 35.0, 0.0, 0.0, 1.0)",,float32
https://data.chc.ucsb.edu/products/CHIRPS/v3.0/monthly/latam/tifs/chirps-v3.0.1995.10.tif,LOCAL,,,3e344c8be27da29fbff184238defa6be22bbd2e4f19a734771fb6fa5fe737963,data\raw\climate\chirps_v3\latam\monthly\chirps-v3.0.1995.10.tif,CHIRPS_V3_FINAL,RAIN,1995,10,,VALIDATED_LOCAL,EPSG:4326,1720,1900,"(0.050000000745, 0.0, -120.0, 0.0, -0.050000000745, 35.0, 0.0, 0.0, 1.0)",,float32
https://data.chc.ucsb.edu/products/CHIRPS/v3.0/monthly/latam/tifs/chirps-v3.0.1995.11.tif,LOCAL,,,958fab800d30ca9b89c5374df53f8f739381f2d9787fbba03d31e8f4146ad9e5,data\raw\climate\chirps_v3\latam\monthly\chirps-v3.0.1995.11.tif,CHIRPS_V3_FINAL,RAIN,1995,11,,VALIDATED_LOCAL,EPSG:4326,1720,1900,"(0.050000000745, 0.0, -120.0, 0.0, -0.050000000745, 35.0, 0.0, 0.0, 1.0)",,float32
https://data.chc.ucsb.edu/products/CHIRPS/v3.0/monthly/latam/tifs/chirps-v3.0.1995.12.tif,LOCAL,,,5d1730544ac7a1a562e04726dcb9230186a9b9ceaa0ce4e7b02eff5721b34d03,data\raw\climate\chirps_v3\latam\monthly\chirps-v3.0.1995.12.tif,CHIRPS_V3_FINAL,RAIN,1995,12,,VALIDATED_LOCAL,EPSG:4326,1720,1900,"(0.050000000745, 0.0, -120.0, 0.0, -0.050000000745, 35.0, 0.0, 0.0, 1.0)",,float32
https://data.chc.ucsb.edu/products/CHIRPS/v3.0/monthly/latam/tifs/chirps-v3.0.1996.01.tif,LOCAL,,,0c208a692755ad8ce1d64a9dac9da4f81ecf2645648c0d908e837513d1f5bdbd,data\raw\climate\chirps_v3\latam\monthly\chirps-v3.0.1996.01.tif,CHIRPS_V3_FINAL,RAIN,1996,1,,VALIDATED_LOCAL,EPSG:4326,1720,1900,"(0.050000000745, 0.0, -120.0, 0.0, -0.050000000745, 35.0, 0.0, 0.0, 1.0)",,float32
https://data.chc.ucsb.edu/products/CHIRPS/v3.0/monthly/latam/tifs/chirps-v3.0.1996.02.tif,LOCAL,,,f3f6b6239b016f90677e165999918a84c27f8503dc9f38d09e0a880b0dfaa42b,data\raw\climate\chirps_v3\latam\monthly\chirps-v3.0.1996.02.tif,CHIRPS_V3_FINAL,RAIN,1996,2,,VALIDATED_LOCAL,EPSG:4326,1720,1900,"(0.050000000745, 0.0, -120.0, 0.0, -0.050000000745, 35.0, 0.0, 0.0, 1.0)",,float32
https://data.chc.ucsb.edu/products/CHIRPS/v3.0/monthly/latam/tifs/chirps-v3.0.1996.03.tif,LOCAL,,,b959a47a2c1ec676f4839753b2e1dfe2252bded6e57d465711cc14cac89561a7,data\raw\climate\chirps_v3\latam\monthly\chirps-v3.0.1996.03.tif,CHIRPS_V3_FINAL,RAIN,1996,3,,VALIDATED_LOCAL,EPSG:4326,1720,1900,"(0.050000000745, 0.0, -120.0, 0.0, -0.050000000745, 35.0, 0.0, 0.0, 1.0)",,float32
https://data.chc.ucsb.edu/products/CHIRPS/v3.0/monthly/latam/tifs/chirps-v3.0.1996.04.tif,LOCAL,,,83a0c7a78e999b4ff35a3cc9d129e2a2f225133bd565eb6e400648b7860dc76e,data\raw\climate\chirps_v3\latam\monthly\chirps-v3.0.1996.04.tif,CHIRPS_V3_FINAL,RAIN,1996,4,,VALIDATED_LOCAL,EPSG:4326,1720,1900,"(0.050000000745, 0.0, -120.0, 0.0, -0.050000000745, 35.0, 0.0, 0.0, 1.0)",,float32
https://data.chc.ucsb.edu/products/CHIRPS/v3.0/monthly/latam/tifs/chirps-v3.0.1996.05.tif,LOCAL,,,aa9926db9bba6e03cd4f45ab00376f52976bb25aa934c1d2c3168183901f60be,data\raw\climate\chirps_v3\latam\monthly\chirps-v3.0.1996.05.tif,CHIRPS_V3_FINAL,RAIN,1996,5,,VALIDATED_LOCAL,EPSG:4326,1720,1900,"(0.050000000745, 0.0, -120.0, 0.0, -0.050000000745, 35.0, 0.0, 0.0, 1.0)",,float32
https://data.chc.ucsb.edu/products/CHIRPS/v3.0/monthly/latam/tifs/chirps-v3.0.1996.06.tif,LOCAL,,,6fb7d6021d7fd1ade6067cdc69076b3f11a9dd40e9be9e645088397adf77767b,data\raw\climate\chirps_v3\latam\monthly\chirps-v3.0.1996.06.tif,CHIRPS_V3_FINAL,RAIN,1996,6,,VALIDATED_LOCAL,EPSG:4326,1720,1900,"(0.050000000745, 0.0, -120.0, 0.0, -0.050000000745, 35.0, 0.0, 0.0, 1.0)",,float32
https://data.chc.ucsb.edu/products/CHIRPS/v3.0/monthly/latam/tifs/chirps-v3.0.1996.07.tif,LOCAL,,,2e0d189bb0a0ef61559382ce34d1b055c6efe1d71a00e09907af9c8036c220b8,data\raw\climate\chirps_v3\latam\monthly\chirps-v3.0.1996.07.tif,CHIRPS_V3_FINAL,RAIN,1996,7,,VALIDATED_LOCAL,EPSG:4326,1720,1900,"(0.050000000745, 0.0, -120.0, 0.0, -0.050000000745, 35.0, 0.0, 0.0, 1.0)",,float32
https://data.chc.ucsb.edu/products/CHIRPS/v3.0/monthly/latam/tifs/chirps-v3.0.1996.08.tif,LOCAL,,,957f3428fc9f2365a59364cc2f320361e145b7c9c97e42efb532a96529908134,data\raw\climate\chirps_v3\latam\monthly\chirps-v3.0.1996.08.tif,CHIRPS_V3_FINAL,RAIN,1996,8,,VALIDATED_LOCAL,EPSG:4326,1720,1900,"(0.050000000745, 0.0, -120.0, 0.0, -0.050000000745, 35.0, 0.0, 0.0, 1.0)",,float32
https://data.chc.ucsb.edu/products/CHIRPS/v3.0/monthly/latam/tifs/chirps-v3.0.1996.09.tif,LOCAL,,,9e6b7bc676928b7c10571249fa981e152118dc3c686d9d9f97add14d4d615f58,data\raw\climate\chirps_v3\latam\monthly\chirps-v3.0.1996.09.tif,CHIRPS_V3_FINAL,RAIN,1996,9,,VALIDATED_LOCAL,EPSG:4326,1720,1900,"(0.050000000745, 0.0, -120.0, 0.0, -0.050000000745, 35.0, 0.0, 0.0, 1.0)",,float32
https://data.chc.ucsb.edu/products/CHIRPS/v3.0/monthly/latam/tifs/chirps-v3.0.1996.10.tif,LOCAL,,,2f8b5961b620a855267ab967490c32cb348d7daebf52aacb2b34d81acd2c947c,data\raw\climate\chirps_v3\latam\monthly\chirps-v3.0.1996.10.tif,CHIRPS_V3_FINAL,RAIN,1996,10,,VALIDATED_LOCAL,EPSG:4326,1720,1900,"(0.050000000745, 0.0, -120.0, 0.0, -0.050000000745, 35.0, 0.0, 0.0, 1.0)",,float32
https://data.chc.ucsb.edu/products/CHIRPS/v3.0/monthly/latam/tifs/chirps-v3.0.1996.11.tif,LOCAL,,,ad37c0fa762c8e07664ac7ced2f4352adf04166059038ea2c61507f5016231bb,data\raw\climate\chirps_v3\latam\monthly\chirps-v3.0.1996.11.tif,CHIRPS_V3_FINAL,RAIN,1996,11,,VALIDATED_LOCAL,EPSG:4326,1720,1900,"(0.050000000745, 0.0, -120.0, 0.0, -0.050000000745, 35.0, 0.0, 0.0, 1.0)",,float32
https://data.chc.ucsb.edu/products/CHIRPS/v3.0/monthly/latam/tifs/chirps-v3.0.1996.12.tif,LOCAL,,,fd7049db3e390d90e9bc8d9b2fbe14f9bca4caa182ad292b6fe52d46d9c8b464,data\raw\climate\chirps_v3\latam\monthly\chirps-v3.0.1996.12.tif,CHIRPS_V3_FINAL,RAIN,1996,12,,VALIDATED_LOCAL,EPSG:4326,1720,1900,"(0.050000000745, 0.0, -120.0, 0.0, -0.050000000745, 35.0, 0.0, 0.0, 1.0)",,float32
https://data.chc.ucsb.edu/products/CHIRPS/v3.0/monthly/latam/tifs/chirps-v3.0.1997.01.tif,LOCAL,,,9f866e90c8e5d01336cccef4e0d994552906903e6cf018da57fa648d08b8d360,data\raw\climate\chirps_v3\latam\monthly\chirps-v3.0.1997.01.tif,CHIRPS_V3_FINAL,RAIN,1997,1,,VALIDATED_LOCAL,EPSG:4326,1720,1900,"(0.050000000745, 0.0, -120.0, 0.0, -0.050000000745, 35.0, 0.0, 0.0, 1.0)",,float32
https://data.chc.ucsb.edu/products/CHIRPS/v3.0/monthly/latam/tifs/chirps-v3.0.1997.02.tif,LOCAL,,,ff44924390d337df0ad47accb8d3b7d13a5d3691b42718bd75171f71eee6a447,data\raw\climate\chirps_v3\latam\monthly\chirps-v3.0.1997.02.tif,CHIRPS_V3_FINAL,RAIN,1997,2,,VALIDATED_LOCAL,EPSG:4326,1720,1900,"(0.050000000745, 0.0, -120.0, 0.0, -0.050000000745, 35.0, 0.0, 0.0, 1.0)",,float32
https://data.chc.ucsb.edu/products/CHIRPS/v3.0/monthly/latam/tifs/chirps-v3.0.1997.03.tif,LOCAL,,,3a4c449e349dd5f9bd357ee5b8b2f066aac211e82f99940823d089042ca38687,data\raw\climate\chirps_v3\latam\monthly\chirps-v3.0.1997.03.tif,CHIRPS_V3_FINAL,RAIN,1997,3,,VALIDATED_LOCAL,EPSG:4326,1720,1900,"(0.050000000745, 0.0, -120.0, 0.0, -0.050000000745, 35.0, 0.0, 0.0, 1.0)",,float32
https://data.chc.ucsb.edu/products/CHIRPS/v3.0/monthly/latam/tifs/chirps-v3.0.1997.04.tif,LOCAL,,,c15ccc0a4d6f0443441d1f986e1020c0afc27d5b83775b081e435c8cc0bef5fb,data\raw\climate\chirps_v3\latam\monthly\chirps-v3.0.1997.04.tif,CHIRPS_V3_FINAL,RAIN,1997,4,,VALIDATED_LOCAL,EPSG:4326,1720,1900,"(0.050000000745, 0.0, -120.0, 0.0, -0.050000000745, 35.0, 0.0, 0.0, 1.0)",,float32
https://data.chc.ucsb.edu/products/CHIRPS/v3.0/monthly/latam/tifs/chirps-v3.0.1997.05.tif,LOCAL,,,aa8693e8988df764d7cdbb240f800908d72d6e65fd78549969219e19d5bec911,data\raw\climate\chirps_v3\latam\monthly\chirps-v3.0.1997.05.tif,CHIRPS_V3_FINAL,RAIN,1997,5,,VALIDATED_LOCAL,EPSG:4326,1720,1900,"(0.050000000745, 0.0, -120.0, 0.0, -0.050000000745, 35.0, 0.0, 0.0, 1.0)",,float32
https://data.chc.ucsb.edu/products/CHIRPS/v3.0/monthly/latam/tifs/chirps-v3.0.1997.06.tif,LOCAL,,,57b30a515bc3ca15ff164022e373f71d15d190df2dc50a052dbf36959b0e1735,data\raw\climate\chirps_v3\latam\monthly\chirps-v3.0.1997.06.tif,CHIRPS_V3_FINAL,RAIN,1997,6,,VALIDATED_LOCAL,EPSG:4326,1720,1900,"(0.050000000745, 0.0, -120.0, 0.0, -0.050000000745, 35.0, 0.0, 0.0, 1.0)",,float32
https://data.chc.ucsb.edu/products/CHIRPS/v3.0/monthly/latam/tifs/chirps-v3.0.1997.07.tif,LOCAL,,,43dcc5fac0053b1b055b9f080c88c18e7118dbd15c273789e9f9cf22514488f7,data\raw\climate\chirps_v3\latam\monthly\chirps-v3.0.1997.07.tif,CHIRPS_V3_FINAL,RAIN,1997,7,,VALIDATED_LOCAL,EPSG:4326,1720,1900,"(0.050000000745, 0.0, -120.0, 0.0, -0.050000000745, 35.0, 0.0, 0.0, 1.0)",,float32
https://data.chc.ucsb.edu/products/CHIRPS/v3.0/monthly/latam/tifs/chirps-v3.0.1997.08.tif,LOCAL,,,0b1e8542e4d9cb702b0639e84ecc3d48f6293b2bbfd952bcccdcc3f703dc4890,data\raw\climate\chirps_v3\latam\monthly\chirps-v3.0.1997.08.tif,CHIRPS_V3_FINAL,RAIN,1997,8,,VALIDATED_LOCAL,EPSG:4326,1720,1900,"(0.050000000745, 0.0, -120.0, 0.0, -0.050000000745, 35.0, 0.0, 0.0, 1.0)",,float32
https://data.chc.ucsb.edu/products/CHIRPS/v3.0/monthly/latam/tifs/chirps-v3.0.1997.09.tif,LOCAL,,,29977d846945585f42fca2e696729b99a2658b91b9f54d76be259f090ca12000,data\raw\climate\chirps_v3\latam\monthly\chirps-v3.0.1997.09.tif,CHIRPS_V3_FINAL,RAIN,1997,9,,VALIDATED_LOCAL,EPSG:4326,1720,1900,"(0.050000000745, 0.0, -120.0, 0.0, -0.050000000745, 35.0, 0.0, 0.0, 1.0)",,float32
https://data.chc.ucsb.edu/products/CHIRPS/v3.0/monthly/latam/tifs/chirps-v3.0.1997.10.tif,LOCAL,,,707751820ca7e41cf5dc7e8dfc57ca9130023f0c061c5fbab2fa5821d5bb2763,data\raw\climate\chirps_v3\latam\monthly\chirps-v3.0.1997.10.tif,CHIRPS_V3_FINAL,RAIN,1997,10,,VALIDATED_LOCAL,EPSG:4326,1720,1900,"(0.050000000745, 0.0, -120.0, 0.0, -0.050000000745, 35.0, 0.0, 0.0, 1.0)",,float32
https://data.chc.ucsb.edu/products/CHIRPS/v3.0/monthly/latam/tifs/chirps-v3.0.1997.11.tif,LOCAL,,,b9bf0b507b3f11d2626c19ad95d82a18afd12b380ae5953a650558fc4e557840,data\raw\climate\chirps_v3\latam\monthly\chirps-v3.0.1997.11.tif,CHIRPS_V3_FINAL,RAIN,1997,11,,VALIDATED_LOCAL,EPSG:4326,1720,1900,"(0.050000000745, 0.0, -120.0, 0.0, -0.050000000745, 35.0, 0.0, 0.0, 1.0)",,float32
https://data.chc.ucsb.edu/products/CHIRPS/v3.0/monthly/latam/tifs/chirps-v3.0.1997.12.tif,LOCAL,,,1929497c0fa1223e4ab637d7129b73b96858ec4f986308e320ba0d93131daaa4,data\raw\climate\chirps_v3\latam\monthly\chirps-v3.0.1997.12.tif,CHIRPS_V3_FINAL,RAIN,1997,12,,VALIDATED_LOCAL,EPSG:4326,1720,1900,"(0.050000000745, 0.0, -120.0, 0.0, -0.050000000745, 35.0, 0.0, 0.0, 1.0)",,float32
https://data.chc.ucsb.edu/products/CHIRPS/v3.0/monthly/latam/tifs/chirps-v3.0.1998.01.tif,LOCAL,,,5717d77fabce5699d911257a1124fb6858fcf0bc06216dd8656a82ace9501bed,data\raw\climate\chirps_v3\latam\monthly\chirps-v3.0.1998.01.tif,CHIRPS_V3_FINAL,RAIN,1998,1,,VALIDATED_LOCAL,EPSG:4326,1720,1900,"(0.050000000745, 0.0, -120.0, 0.0, -0.050000000745, 35.0, 0.0, 0.0, 1.0)",,float32
https://data.chc.ucsb.edu/products/CHIRPS/v3.0/monthly/latam/tifs/chirps-v3.0.1998.02.tif,LOCAL,,,a2426538af864290baf74dbcc32046c5422281503e5dc9cc18b75eed3cbde6e7,data\raw\climate\chirps_v3\latam\monthly\chirps-v3.0.1998.02.tif,CHIRPS_V3_FINAL,RAIN,1998,2,,VALIDATED_LOCAL,EPSG:4326,1720,1900,"(0.050000000745, 0.0, -120.0, 0.0, -0.050000000745, 35.0, 0.0, 0.0, 1.0)",,float32
https://data.chc.ucsb.edu/products/CHIRPS/v3.0/monthly/latam/tifs/chirps-v3.0.1998.03.tif,LOCAL,,,7c415a3f138903e7af0cd831e90c296e5893f02a4ffc0db542437f802101a7e2,data\raw\climate\chirps_v3\latam\monthly\chirps-v3.0.1998.03.tif,CHIRPS_V3_FINAL,RAIN,1998,3,,VALIDATED_LOCAL,EPSG:4326,1720,1900,"(0.050000000745, 0.0, -120.0, 0.0, -0.050000000745, 35.0, 0.0, 0.0, 1.0)",,float32
https://data.chc.ucsb.edu/products/CHIRPS/v3.0/monthly/latam/tifs/chirps-v3.0.1998.04.tif,LOCAL,,,5fe9a2a3ca74ef335101af2a92d20881abb2a5cb230bcaf47b42014f9046c5b7,data\raw\climate\chirps_v3\latam\monthly\chirps-v3.0.1998.04.tif,CHIRPS_V3_FINAL,RAIN,1998,4,,VALIDATED_LOCAL,EPSG:4326,1720,1900,"(0.050000000745, 0.0, -120.0, 0.0, -0.050000000745, 35.0, 0.0, 0.0, 1.0)",,float32
https://data.chc.ucsb.edu/products/CHIRPS/v3.0/monthly/latam/tifs/chirps-v3.0.1998.05.tif,LOCAL,,,eeacb95def80634df2635d196dc40bd770c167831b466f051e3a5d4fc1fe9e67,data\raw\climate\chirps_v3\latam\monthly\chirps-v3.0.1998.05.tif,CHIRPS_V3_FINAL,RAIN,1998,5,,VALIDATED_LOCAL,EPSG:4326,1720,1900,"(0.050000000745, 0.0, -120.0, 0.0, -0.050000000745, 35.0, 0.0, 0.0, 1.0)",,float32
https://data.chc.ucsb.edu/products/CHIRPS/v3.0/monthly/latam/tifs/chirps-v3.0.1998.06.tif,LOCAL,,,743b89d0e87e626cca6d3246e934278ae0fd8f59f95425e2b58370b97557595e,data\raw\climate\chirps_v3\latam\monthly\chirps-v3.0.1998.06.tif,CHIRPS_V3_FINAL,RAIN,1998,6,,VALIDATED_LOCAL,EPSG:4326,1720,1900,"(0.050000000745, 0.0, -120.0, 0.0, -0.050000000745, 35.0, 0.0, 0.0, 1.0)",,float32
https://data.chc.ucsb.edu/products/CHIRPS/v3.0/monthly/latam/tifs/chirps-v3.0.1998.07.tif,LOCAL,,,926721c3929f4791f386338a9700420ad2c86202c90ba2091b47f5af36f4ffa9,data\raw\climate\chirps_v3\latam\monthly\chirps-v3.0.1998.07.tif,CHIRPS_V3_FINAL,RAIN,1998,7,,VALIDATED_LOCAL,EPSG:4326,1720,1900,"(0.050000000745, 0.0, -120.0, 0.0, -0.050000000745, 35.0, 0.0, 0.0, 1.0)",,float32
https://data.chc.ucsb.edu/products/CHIRPS/v3.0/monthly/latam/tifs/chirps-v3.0.1998.08.tif,LOCAL,,,e8cfe846565d13411af658698ed3aa6b7635ed44a0efe75df8a1823401f99359,data\raw\climate\chirps_v3\latam\monthly\chirps-v3.0.1998.08.tif,CHIRPS_V3_FINAL,RAIN,1998,8,,VALIDATED_LOCAL,EPSG:4326,1720,1900,"(0.050000000745, 0.0, -120.0, 0.0, -0.050000000745, 35.0, 0.0, 0.0, 1.0)",,float32
https://data.chc.ucsb.edu/products/CHIRPS/v3.0/monthly/latam/tifs/chirps-v3.0.1998.09.tif,LOCAL,,,06f1357ce82218c6ed085f5bfee9ddf51e754211e94c7e7143e94051bc3dfe68,data\raw\climate\chirps_v3\latam\monthly\chirps-v3.0.1998.09.tif,CHIRPS_V3_FINAL,RAIN,1998,9,,VALIDATED_LOCAL,EPSG:4326,1720,1900,"(0.050000000745, 0.0, -120.0, 0.0, -0.050000000745, 35.0, 0.0, 0.0, 1.0)",,float32
https://data.chc.ucsb.edu/products/CHIRPS/v3.0/monthly/latam/tifs/chirps-v3.0.1998.10.tif,LOCAL,,,21b5bdd17cac9ae97a7f1f05d3ff38524ea78e50f0bb54a7d8d1cfb6e2eba040,data\raw\climate\chirps_v3\latam\monthly\chirps-v3.0.1998.10.tif,CHIRPS_V3_FINAL,RAIN,1998,10,,VALIDATED_LOCAL,EPSG:4326,1720,1900,"(0.050000000745, 0.0, -120.0, 0.0, -0.050000000745, 35.0, 0.0, 0.0, 1.0)",,float32
https://data.chc.ucsb.edu/products/CHIRPS/v3.0/monthly/latam/tifs/chirps-v3.0.1998.11.tif,LOCAL,,,8d999b84901d37be21a69902ee3a39365a0ba435c3e59db5834b0201745e3ac7,data\raw\climate\chirps_v3\latam\monthly\chirps-v3.0.1998.11.tif,CHIRPS_V3_FINAL,RAIN,1998,11,,VALIDATED_LOCAL,EPSG:4326,1720,1900,"(0.050000000745, 0.0, -120.0, 0.0, -0.050000000745, 35.0, 0.0, 0.0, 1.0)",,float32
https://data.chc.ucsb.edu/products/CHIRPS/v3.0/monthly/latam/tifs/chirps-v3.0.1998.12.tif,LOCAL,,,ddeb9c28cd0a1fdf3ac9e8aca6b3cd9cb0d7be220ac925ab20cf2b1a7db36457,data\raw\climate\chirps_v3\latam\monthly\chirps-v3.0.1998.12.tif,CHIRPS_V3_FINAL,RAIN,1998,12,,VALIDATED_LOCAL,EPSG:4326,1720,1900,"(0.050000000745, 0.0, -120.0, 0.0, -0.050000000745, 35.0, 0.0, 0.0, 1.0)",,float32
https://data.chc.ucsb.edu/products/CHIRPS/v3.0/monthly/latam/tifs/chirps-v3.0.1999.01.tif,LOCAL,,,814d4ef8b16c5edf25adc0174392069ef2e561c4337695cc1f502a9edc40af7c,data\raw\climate\chirps_v3\latam\monthly\chirps-v3.0.1999.01.tif,CHIRPS_V3_FINAL,RAIN,1999,1,,VALIDATED_LOCAL,EPSG:4326,1720,1900,"(0.050000000745, 0.0, -120.0, 0.0, -0.050000000745, 35.0, 0.0, 0.0, 1.0)",,float32
https://data.chc.ucsb.edu/products/CHIRPS/v3.0/monthly/latam/tifs/chirps-v3.0.1999.02.tif,LOCAL,,,7d5ecdd1dc78b5b078dbc3d1fce96bd780f1281b0f28f6d303bf3bbb7e4b79e8,data\raw\climate\chirps_v3\latam\monthly\chirps-v3.0.1999.02.tif,CHIRPS_V3_FINAL,RAIN,1999,2,,VALIDATED_LOCAL,EPSG:4326,1720,1900,"(0.050000000745, 0.0, -120.0, 0.0, -0.050000000745, 35.0, 0.0, 0.0, 1.0)",,float32
https://data.chc.ucsb.edu/products/CHIRPS/v3.0/monthly/latam/tifs/chirps-v3.0.1999.03.tif,LOCAL,,,c1ba7221704dc86d4fae8381b4d2800add3f9de20e6382e6d3b84e5f90b80751,data\raw\climate\chirps_v3\latam\monthly\chirps-v3.0.1999.03.tif,CHIRPS_V3_FINAL,RAIN,1999,3,,VALIDATED_LOCAL,EPSG:4326,1720,1900,"(0.050000000745, 0.0, -120.0, 0.0, -0.050000000745, 35.0, 0.0, 0.0, 1.0)",,float32
https://data.chc.ucsb.edu/products/CHIRPS/v3.0/monthly/latam/tifs/chirps-v3.0.1999.04.tif,LOCAL,,,3b1417ac56169f6655a47bf4d9692c6bc65051af9510c90e93f65a2718eaaa9e,data\raw\climate\chirps_v3\latam\monthly\chirps-v3.0.1999.04.tif,CHIRPS_V3_FINAL,RAIN,1999,4,,VALIDATED_LOCAL,EPSG:4326,1720,1900,"(0.050000000745, 0.0, -120.0, 0.0, -0.050000000745, 35.0, 0.0, 0.0, 1.0)",,float32
https://data.chc.ucsb.edu/products/CHIRPS/v3.0/monthly/latam/tifs/chirps-v3.0.1999.05.tif,LOCAL,,,f81bebcb601a4efefd84eb9614ac73b0d42d8139d68271b56d65211f9b71e776,data\raw\climate\chirps_v3\latam\monthly\chirps-v3.0.1999.05.tif,CHIRPS_V3_FINAL,RAIN,1999,5,,VALIDATED_LOCAL,EPSG:4326,1720,1900,"(0.050000000745, 0.0, -120.0, 0.0, -0.050000000745, 35.0, 0.0, 0.0, 1.0)",,float32
https://data.chc.ucsb.edu/products/CHIRPS/v3.0/monthly/latam/tifs/chirps-v3.0.1999.06.tif,LOCAL,,,6cc79e45dc55b66372f2c949b89e4599b401061df85670a13a344e187e68c3a2,data\raw\climate\chirps_v3\latam\monthly\chirps-v3.0.1999.06.tif,CHIRPS_V3_FINAL,RAIN,1999,6,,VALIDATED_LOCAL,EPSG:4326,1720,1900,"(0.050000000745, 0.0, -120.0, 0.0, -0.050000000745, 35.0, 0.0, 0.0, 1.0)",,float32
https://data.chc.ucsb.edu/products/CHIRPS/v3.0/monthly/latam/tifs/chirps-v3.0.1999.07.tif,LOCAL,,,cdbcf7c47d94c21735275246d19521d51e2922c73efd7bd7f2f1ed0cd23c0279,data\raw\climate\chirps_v3\latam\monthly\chirps-v3.0.1999.07.tif,CHIRPS_V3_FINAL,RAIN,1999,7,,VALIDATED_LOCAL,EPSG:4326,1720,1900,"(0.050000000745, 0.0, -120.0, 0.0, -0.050000000745, 35.0, 0.0, 0.0, 1.0)",,float32
https://data.chc.ucsb.edu/products/CHIRPS/v3.0/monthly/latam/tifs/chirps-v3.0.1999.08.tif,LOCAL,,,6b3fcd13b47d7a9a62970aa3b349eb8b1bf13fcf5c7b74b5ec45fac7c1bfb471,data\raw\climate\chirps_v3\latam\monthly\chirps-v3.0.1999.08.tif,CHIRPS_V3_FINAL,RAIN,1999,8,,VALIDATED_LOCAL,EPSG:4326,1720,1900,"(0.050000000745, 0.0, -120.0, 0.0, -0.050000000745, 35.0, 0.0, 0.0, 1.0)",,float32
https://data.chc.ucsb.edu/products/CHIRPS/v3.0/monthly/latam/tifs/chirps-v3.0.1999.09.tif,LOCAL,,,91e0fd0d2cc220ed69db7807dfa978688bb959e5d7adabed4916a601c685c4f3,data\raw\climate\chirps_v3\latam\monthly\chirps-v3.0.1999.09.tif,CHIRPS_V3_FINAL,RAIN,1999,9,,VALIDATED_LOCAL,EPSG:4326,1720,1900,"(0.050000000745, 0.0, -120.0, 0.0, -0.050000000745, 35.0, 0.0, 0.0, 1.0)",,float32
https://data.chc.ucsb.edu/products/CHIRPS/v3.0/monthly/latam/tifs/chirps-v3.0.1999.10.tif,LOCAL,,,b9f97f088e8263e57b2a0b93b2641aa291cf315d5f6e9941f44778deefca1629,data\raw\climate\chirps_v3\latam\monthly\chirps-v3.0.1999.10.tif,CHIRPS_V3_FINAL,RAIN,1999,10,,VALIDATED_LOCAL,EPSG:4326,1720,1900,"(0.050000000745, 0.0, -120.0, 0.0, -0.050000000745, 35.0, 0.0, 0.0, 1.0)",,float32
https://data.chc.ucsb.edu/products/CHIRPS/v3.0/monthly/latam/tifs/chirps-v3.0.1999.11.tif,LOCAL,,,9fd77b3a94ccaafcf6b41c7bce1e02a847125102a14dca66c424b46ecce155fb,data\raw\climate\chirps_v3\latam\monthly\chirps-v3.0.1999.11.tif,CHIRPS_V3_FINAL,RAIN,1999,11,,VALIDATED_LOCAL,EPSG:4326,1720,1900,"(0.050000000745, 0.0, -120.0, 0.0, -0.050000000745, 35.0, 0.0, 0.0, 1.0)",,float32
https://data.chc.ucsb.edu/products/CHIRPS/v3.0/monthly/latam/tifs/chirps-v3.0.1999.12.tif,LOCAL,,,5af811dff6817153e200f53dcb7d15b69dd7f09e3ca9bccf55de015264536be7,data\raw\climate\chirps_v3\latam\monthly\chirps-v3.0.1999.12.tif,CHIRPS_V3_FINAL,RAIN,1999,12,,VALIDATED_LOCAL,EPSG:4326,1720,1900,"(0.050000000745, 0.0, -120.0, 0.0, -0.050000000745, 35.0, 0.0, 0.0, 1.0)",,float32
https://data.chc.ucsb.edu/products/CHIRPS/v3.0/monthly/latam/tifs/chirps-v3.0.2000.01.tif,LOCAL,,,39c53788f3fdfbc54df1cb8c7fe820f89f7f627f0949a5c088453c0bb9f085b3,data\raw\climate\chirps_v3\latam\monthly\chirps-v3.0.2000.01.tif,CHIRPS_V3_FINAL,RAIN,2000,1,,VALIDATED_LOCAL,EPSG:4326,1720,1900,"(0.050000000745, 0.0, -120.0, 0.0, -0.050000000745, 35.0, 0.0, 0.0, 1.0)",,float32
https://data.chc.ucsb.edu/products/CHIRPS/v3.0/monthly/latam/tifs/chirps-v3.0.2000.02.tif,LOCAL,,,85e30a2d8acda2a703cebd0f50d593893bfafd87692afceb78f4825347dd2588,data\raw\climate\chirps_v3\latam\monthly\chirps-v3.0.2000.02.tif,CHIRPS_V3_FINAL,RAIN,2000,2,,VALIDATED_LOCAL,EPSG:4326,1720,1900,"(0.050000000745, 0.0, -120.0, 0.0, -0.050000000745, 35.0, 0.0, 0.0, 1.0)",,float32
https://data.chc.ucsb.edu/products/CHIRPS/v3.0/monthly/latam/tifs/chirps-v3.0.2000.03.tif,LOCAL,,,b9795c9dcb0026b59091ded17435f8f281ad4ad2c309b02fdfb7cc4006d190aa,data\raw\climate\chirps_v3\latam\monthly\chirps-v3.0.2000.03.tif,CHIRPS_V3_FINAL,RAIN,2000,3,,VALIDATED_LOCAL,EPSG:4326,1720,1900,"(0.050000000745, 0.0, -120.0, 0.0, -0.050000000745, 35.0, 0.0, 0.0, 1.0)",,float32
https://data.chc.ucsb.edu/products/CHIRPS/v3.0/monthly/latam/tifs/chirps-v3.0.2000.04.tif,LOCAL,,,71caa2b1ff4b364bb51823b4105e96cace2286eba0b5833644f7505068ecd76c,data\raw\climate\chirps_v3\latam\monthly\chirps-v3.0.2000.04.tif,CHIRPS_V3_FINAL,RAIN,2000,4,,VALIDATED_LOCAL,EPSG:4326,1720,1900,"(0.050000000745, 0.0, -120.0, 0.0, -0.050000000745, 35.0, 0.0, 0.0, 1.0)",,float32
https://data.chc.ucsb.edu/products/CHIRPS/v3.0/monthly/latam/tifs/chirps-v3.0.2000.05.tif,LOCAL,,,5e5b3e8831e0ccdf906b83a6414b6ac14b7a7fe99fb36ddffcec47b9aed94fd3,data\raw\climate\chirps_v3\latam\monthly\chirps-v3.0.2000.05.tif,CHIRPS_V3_FINAL,RAIN,2000,5,,VALIDATED_LOCAL,EPSG:4326,1720,1900,"(0.050000000745, 0.0, -120.0, 0.0, -0.050000000745, 35.0, 0.0, 0.0, 1.0)",,float32
https://data.chc.ucsb.edu/products/CHIRPS/v3.0/monthly/latam/tifs/chirps-v3.0.2000.06.tif,LOCAL,,,137c088abbdc4792843c12b2d38f6dda261c38c9883e40ce813d1a080cbb48ea,data\raw\climate\chirps_v3\latam\monthly\chirps-v3.0.2000.06.tif,CHIRPS_V3_FINAL,RAIN,2000,6,,VALIDATED_LOCAL,EPSG:4326,1720,1900,"(0.050000000745, 0.0, -120.0, 0.0, -0.050000000745, 35.0, 0.0, 0.0, 1.0)",,float32
https://data.chc.ucsb.edu/products/CHIRPS/v3.0/monthly/latam/tifs/chirps-v3.0.2000.07.tif,LOCAL,,,08e3d11ac4d175bba0fadc9c31cb935a3cf5ea4265213f6a1832256bd9a8ba13,data\raw\climate\chirps_v3\latam\monthly\chirps-v3.0.2000.07.tif,CHIRPS_V3_FINAL,RAIN,2000,7,,VALIDATED_LOCAL,EPSG:4326,1720,1900,"(0.050000000745, 0.0, -120.0, 0.0, -0.050000000745, 35.0, 0.0, 0.0, 1.0)",,float32
https://data.chc.ucsb.edu/products/CHIRPS/v3.0/monthly/latam/tifs/chirps-v3.0.2000.08.tif,LOCAL,,,242b1a9f441c5c057ba7140edfc1df99740fa00304004f643e8f0cbd27b6fb73,data\raw\climate\chirps_v3\latam\monthly\chirps-v3.0.2000.08.tif,CHIRPS_V3_FINAL,RAIN,2000,8,,VALIDATED_LOCAL,EPSG:4326,1720,1900,"(0.050000000745, 0.0, -120.0, 0.0, -0.050000000745, 35.0, 0.0, 0.0, 1.0)",,float32
https://data.chc.ucsb.edu/products/CHIRPS/v3.0/monthly/latam/tifs/chirps-v3.0.2000.09.tif,LOCAL,,,b06b0a44fc8edc6e7e0b215e1e6e669f01aee55d83de2f514570c7affc4bccff,data\raw\climate\chirps_v3\latam\monthly\chirps-v3.0.2000.09.tif,CHIRPS_V3_FINAL,RAIN,2000,9,,VALIDATED_LOCAL,EPSG:4326,1720,1900,"(0.050000000745, 0.0, -120.0, 0.0, -0.050000000745, 35.0, 0.0, 0.0, 1.0)",,float32
https://data.chc.ucsb.edu/products/CHIRPS/v3.0/monthly/latam/tifs/chirps-v3.0.2000.10.tif,LOCAL,,,2d174d8ab8473634db8a6f3f26a7404957bd49d429622b957e6a99b46d8e95bf,data\raw\climate\chirps_v3\latam\monthly\chirps-v3.0.2000.10.tif,CHIRPS_V3_FINAL,RAIN,2000,10,,VALIDATED_LOCAL,EPSG:4326,1720,1900,"(0.050000000745, 0.0, -120.0, 0.0, -0.050000000745, 35.0, 0.0, 0.0, 1.0)",,float32
https://data.chc.ucsb.edu/products/CHIRPS/v3.0/monthly/latam/tifs/chirps-v3.0.2000.11.tif,LOCAL,,,6bc190067a1d6f629183b2e735ff89fcd282f7e2ece93635eb54b8e1e4e71479,data\raw\climate\chirps_v3\latam\monthly\chirps-v3.0.2000.11.tif,CHIRPS_V3_FINAL,RAIN,2000,11,,VALIDATED_LOCAL,EPSG:4326,1720,1900,"(0.050000000745, 0.0, -120.0, 0.0, -0.050000000745, 35.0, 0.0, 0.0, 1.0)",,float32
https://data.chc.ucsb.edu/products/CHIRPS/v3.0/monthly/latam/tifs/chirps-v3.0.2000.12.tif,LOCAL,,,31703d77cbf401f4209f78244a3b6a71876b72d6b0f9af691c6d57d487df61e0,data\raw\climate\chirps_v3\latam\monthly\chirps-v3.0.2000.12.tif,CHIRPS_V3_FINAL,RAIN,2000,12,,VALIDATED_LOCAL,EPSG:4326,1720,1900,"(0.050000000745, 0.0, -120.0, 0.0, -0.050000000745, 35.0, 0.0, 0.0, 1.0)",,float32
https://data.chc.ucsb.edu/products/CHIRPS/v3.0/monthly/latam/tifs/chirps-v3.0.2001.01.tif,LOCAL,,,76c6f427edcd8578beb46de9de7824a3efa89c79c02a4d93bedbff548f22bf3b,data\raw\climate\chirps_v3\latam\monthly\chirps-v3.0.2001.01.tif,CHIRPS_V3_FINAL,RAIN,2001,1,,VALIDATED_LOCAL,EPSG:4326,1720,1900,"(0.050000000745, 0.0, -120.0, 0.0, -0.050000000745, 35.0, 0.0, 0.0, 1.0)",,float32
https://data.chc.ucsb.edu/products/CHIRPS/v3.0/monthly/latam/tifs/chirps-v3.0.2001.02.tif,LOCAL,,,cbf0094e038c8e4c8baf52fd0c8f444c9f9f6ca141bd9e2dc9950353d5210ea0,data\raw\climate\chirps_v3\latam\monthly\chirps-v3.0.2001.02.tif,CHIRPS_V3_FINAL,RAIN,2001,2,,VALIDATED_LOCAL,EPSG:4326,1720,1900,"(0.050000000745, 0.0, -120.0, 0.0, -0.050000000745, 35.0, 0.0, 0.0, 1.0)",,float32
https://data.chc.ucsb.edu/products/CHIRPS/v3.0/monthly/latam/tifs/chirps-v3.0.2001.03.tif,LOCAL,,,494ae2f121a8c957e66e5060f4a9b6e67ad6fa59a67463737d871d4541ba9642,data\raw\climate\chirps_v3\latam\monthly\chirps-v3.0.2001.03.tif,CHIRPS_V3_FINAL,RAIN,2001,3,,VALIDATED_LOCAL,EPSG:4326,1720,1900,"(0.050000000745, 0.0, -120.0, 0.0, -0.050000000745, 35.0, 0.0, 0.0, 1.0)",,float32
https://data.chc.ucsb.edu/products/CHIRPS/v3.0/monthly/latam/tifs/chirps-v3.0.2001.04.tif,LOCAL,,,7ba21b0845f56aeb49f5e8ad41ea64823d9bff9980525b477621e4d4a2c59314,data\raw\climate\chirps_v3\latam\monthly\chirps-v3.0.2001.04.tif,CHIRPS_V3_FINAL,RAIN,2001,4,,VALIDATED_LOCAL,EPSG:4326,1720,1900,"(0.050000000745, 0.0, -120.0, 0.0, -0.050000000745, 35.0, 0.0, 0.0, 1.0)",,float32
https://data.chc.ucsb.edu/products/CHIRPS/v3.0/monthly/latam/tifs/chirps-v3.0.2001.05.tif,LOCAL,,,c047128c746ab2f2ba3de5622934a0b238287ce4bbab1793e3a1b672815439f7,data\raw\climate\chirps_v3\latam\monthly\chirps-v3.0.2001.05.tif,CHIRPS_V3_FINAL,RAIN,2001,5,,VALIDATED_LOCAL,EPSG:4326,1720,1900,"(0.050000000745, 0.0, -120.0, 0.0, -0.050000000745, 35.0, 0.0, 0.0, 1.0)",,float32
https://data.chc.ucsb.edu/products/CHIRPS/v3.0/monthly/latam/tifs/chirps-v3.0.2001.06.tif,LOCAL,,,7d7889ae821f4dcb94a4905d2a39cf12bb40c4b2e7c2e55e5ebbf53d053ac709,data\raw\climate\chirps_v3\latam\monthly\chirps-v3.0.2001.06.tif,CHIRPS_V3_FINAL,RAIN,2001,6,,VALIDATED_LOCAL,EPSG:4326,1720,1900,"(0.050000000745, 0.0, -120.0, 0.0, -0.050000000745, 35.0, 0.0, 0.0, 1.0)",,float32
https://data.chc.ucsb.edu/products/CHIRPS/v3.0/monthly/latam/tifs/chirps-v3.0.2001.07.tif,LOCAL,,,d1c8b8d3df3cd239b2ec4bb1cfc8b64b8ad5954559a46ffac877fe3f5403db87,data\raw\climate\chirps_v3\latam\monthly\chirps-v3.0.2001.07.tif,CHIRPS_V3_FINAL,RAIN,2001,7,,VALIDATED_LOCAL,EPSG:4326,1720,1900,"(0.050000000745, 0.0, -120.0, 0.0, -0.050000000745, 35.0, 0.0, 0.0, 1.0)",,float32
https://data.chc.ucsb.edu/products/CHIRPS/v3.0/monthly/latam/tifs/chirps-v3.0.2001.08.tif,LOCAL,,,861efe68946c294949580c32ca30b1eafce13f37b392c7327900c1e598cc0a34,data\raw\climate\chirps_v3\latam\monthly\chirps-v3.0.2001.08.tif,CHIRPS_V3_FINAL,RAIN,2001,8,,VALIDATED_LOCAL,EPSG:4326,1720,1900,"(0.050000000745, 0.0, -120.0, 0.0, -0.050000000745, 35.0, 0.0, 0.0, 1.0)",,float32
https://data.chc.ucsb.edu/products/CHIRPS/v3.0/monthly/latam/tifs/chirps-v3.0.2001.09.tif,LOCAL,,,9a1124857412f0f3e5ed8b96969b06657e4d921b2fbd6bf8fde77036538fc625,data\raw\climate\chirps_v3\latam\monthly\chirps-v3.0.2001.09.tif,CHIRPS_V3_FINAL,RAIN,2001,9,,VALIDATED_LOCAL,EPSG:4326,1720,1900,"(0.050000000745, 0.0, -120.0, 0.0, -0.050000000745, 35.0, 0.0, 0.0, 1.0)",,float32
https://data.chc.ucsb.edu/products/CHIRPS/v3.0/monthly/latam/tifs/chirps-v3.0.2001.10.tif,LOCAL,,,6b32a4052f4b0389ad2c8404e4eed6f74d627980c05e2d60e5d1b2347a25476c,data\raw\climate\chirps_v3\latam\monthly\chirps-v3.0.2001.10.tif,CHIRPS_V3_FINAL,RAIN,2001,10,,VALIDATED_LOCAL,EPSG:4326,1720,1900,"(0.050000000745, 0.0, -120.0, 0.0, -0.050000000745, 35.0, 0.0, 0.0, 1.0)",,float32
https://data.chc.ucsb.edu/products/CHIRPS/v3.0/monthly/latam/tifs/chirps-v3.0.2001.11.tif,LOCAL,,,848b3299f3da429f7104a5bae1550f9d5b07c95b2933154cd75cbaf848ae25e8,data\raw\climate\chirps_v3\latam\monthly\chirps-v3.0.2001.11.tif,CHIRPS_V3_FINAL,RAIN,2001,11,,VALIDATED_LOCAL,EPSG:4326,1720,1900,"(0.050000000745, 0.0, -120.0, 0.0, -0.050000000745, 35.0, 0.0, 0.0, 1.0)",,float32
https://data.chc.ucsb.edu/products/CHIRPS/v3.0/monthly/latam/tifs/chirps-v3.0.2001.12.tif,LOCAL,,,dab6c3277645994fed93c644b232ab367075c1fdb5e688130e3504fd1f8cc81f,data\raw\climate\chirps_v3\latam\monthly\chirps-v3.0.2001.12.tif,CHIRPS_V3_FINAL,RAIN,2001,12,,VALIDATED_LOCAL,EPSG:4326,1720,1900,"(0.050000000745, 0.0, -120.0, 0.0, -0.050000000745, 35.0, 0.0, 0.0, 1.0)",,float32
https://data.chc.ucsb.edu/products/CHIRPS/v3.0/monthly/latam/tifs/chirps-v3.0.2002.01.tif,LOCAL,,,5475d84648f1f9ce06879c51105ba713a43738e5028edfb8bca9c4f02be00fd4,data\raw\climate\chirps_v3\latam\monthly\chirps-v3.0.2002.01.tif,CHIRPS_V3_FINAL,RAIN,2002,1,,VALIDATED_LOCAL,EPSG:4326,1720,1900,"(0.050000000745, 0.0, -120.0, 0.0, -0.050000000745, 35.0, 0.0, 0.0, 1.0)",,float32
https://data.chc.ucsb.edu/products/CHIRPS/v3.0/monthly/latam/tifs/chirps-v3.0.2002.02.tif,LOCAL,,,96448c2b008b36c37e831a82de732d7a15aac158bd04d39a1b8529632a1ce5db,data\raw\climate\chirps_v3\latam\monthly\chirps-v3.0.2002.02.tif,CHIRPS_V3_FINAL,RAIN,2002,2,,VALIDATED_LOCAL,EPSG:4326,1720,1900,"(0.050000000745, 0.0, -120.0, 0.0, -0.050000000745, 35.0, 0.0, 0.0, 1.0)",,float32
https://data.chc.ucsb.edu/products/CHIRPS/v3.0/monthly/latam/tifs/chirps-v3.0.2002.03.tif,LOCAL,,,7f9480a9fed97debdb6d17025710071ff136084bfb366e9bfed32bf736fe0684,data\raw\climate\chirps_v3\latam\monthly\chirps-v3.0.2002.03.tif,CHIRPS_V3_FINAL,RAIN,2002,3,,VALIDATED_LOCAL,EPSG:4326,1720,1900,"(0.050000000745, 0.0, -120.0, 0.0, -0.050000000745, 35.0, 0.0, 0.0, 1.0)",,float32
https://data.chc.ucsb.edu/products/CHIRPS/v3.0/monthly/latam/tifs/chirps-v3.0.2002.04.tif,LOCAL,,,5334ec90884c029b8052ad4e12df03504897049e5437c338223d60662bb2a8bc,data\raw\climate\chirps_v3\latam\monthly\chirps-v3.0.2002.04.tif,CHIRPS_V3_FINAL,RAIN,2002,4,,VALIDATED_LOCAL,EPSG:4326,1720,1900,"(0.050000000745, 0.0, -120.0, 0.0, -0.050000000745, 35.0, 0.0, 0.0, 1.0)",,float32
https://data.chc.ucsb.edu/products/CHIRPS/v3.0/monthly/latam/tifs/chirps-v3.0.2002.05.tif,LOCAL,,,04ebc3aa17392afc4bf9b2b99c62643efafa4beff5a8cadd4cbf9d006053bbfb,data\raw\climate\chirps_v3\latam\monthly\chirps-v3.0.2002.05.tif,CHIRPS_V3_FINAL,RAIN,2002,5,,VALIDATED_LOCAL,EPSG:4326,1720,1900,"(0.050000000745, 0.0, -120.0, 0.0, -0.050000000745, 35.0, 0.0, 0.0, 1.0)",,float32
https://data.chc.ucsb.edu/products/CHIRPS/v3.0/monthly/latam/tifs/chirps-v3.0.2002.06.tif,LOCAL,,,a8a0fc3b1944c3b4380ec5673bf48b957359e7a3560d13d9f658e4a946ed6ab7,data\raw\climate\chirps_v3\latam\monthly\chirps-v3.0.2002.06.tif,CHIRPS_V3_FINAL,RAIN,2002,6,,VALIDATED_LOCAL,EPSG:4326,1720,1900,"(0.050000000745, 0.0, -120.0, 0.0, -0.050000000745, 35.0, 0.0, 0.0, 1.0)",,float32
https://data.chc.ucsb.edu/products/CHIRPS/v3.0/monthly/latam/tifs/chirps-v3.0.2002.07.tif,LOCAL,,,46f3e82803bb29eaa13e84fcecc38a13816283da00e286a71a83ac9828cd5dd6,data\raw\climate\chirps_v3\latam\monthly\chirps-v3.0.2002.07.tif,CHIRPS_V3_FINAL,RAIN,2002,7,,VALIDATED_LOCAL,EPSG:4326,1720,1900,"(0.050000000745, 0.0, -120.0, 0.0, -0.050000000745, 35.0, 0.0, 0.0, 1.0)",,float32
https://data.chc.ucsb.edu/products/CHIRPS/v3.0/monthly/latam/tifs/chirps-v3.0.2002.08.tif,LOCAL,,,6703fd8cf122e8b119e26451c849ca8acb402772f4a0464fd14fa2c8219eb4e0,data\raw\climate\chirps_v3\latam\monthly\chirps-v3.0.2002.08.tif,CHIRPS_V3_FINAL,RAIN,2002,8,,VALIDATED_LOCAL,EPSG:4326,1720,1900,"(0.050000000745, 0.0, -120.0, 0.0, -0.050000000745, 35.0, 0.0, 0.0, 1.0)",,float32
https://data.chc.ucsb.edu/products/CHIRPS/v3.0/monthly/latam/tifs/chirps-v3.0.2002.09.tif,LOCAL,,,7f7a3976ad4cd3bcb68aae5f80dc7aaf37e0736d1e452291325f671d8cb6d517,data\raw\climate\chirps_v3\latam\monthly\chirps-v3.0.2002.09.tif,CHIRPS_V3_FINAL,RAIN,2002,9,,VALIDATED_LOCAL,EPSG:4326,1720,1900,"(0.050000000745, 0.0, -120.0, 0.0, -0.050000000745, 35.0, 0.0, 0.0, 1.0)",,float32
https://data.chc.ucsb.edu/products/CHIRPS/v3.0/monthly/latam/tifs/chirps-v3.0.2002.10.tif,LOCAL,,,2be8990d7d8eb482111a40d6d5e4601ef85a3fdf3c94e9b40a4b8cd87ca555ec,data\raw\climate\chirps_v3\latam\monthly\chirps-v3.0.2002.10.tif,CHIRPS_V3_FINAL,RAIN,2002,10,,VALIDATED_LOCAL,EPSG:4326,1720,1900,"(0.050000000745, 0.0, -120.0, 0.0, -0.050000000745, 35.0, 0.0, 0.0, 1.0)",,float32
https://data.chc.ucsb.edu/products/CHIRPS/v3.0/monthly/latam/tifs/chirps-v3.0.2002.11.tif,LOCAL,,,08419e50724c6ee01f8ae562003c8ff9cbbfa7acd7ee98b86481fb5b5dc98ff1,data\raw\climate\chirps_v3\latam\monthly\chirps-v3.0.2002.11.tif,CHIRPS_V3_FINAL,RAIN,2002,11,,VALIDATED_LOCAL,EPSG:4326,1720,1900,"(0.050000000745, 0.0, -120.0, 0.0, -0.050000000745, 35.0, 0.0, 0.0, 1.0)",,float32
https://data.chc.ucsb.edu/products/CHIRPS/v3.0/monthly/latam/tifs/chirps-v3.0.2002.12.tif,LOCAL,,,b21f07713729ab283aa5e4e103ac46c56b8cb2228b0a9d43ce432e1bf003369e,data\raw\climate\chirps_v3\latam\monthly\chirps-v3.0.2002.12.tif,CHIRPS_V3_FINAL,RAIN,2002,12,,VALIDATED_LOCAL,EPSG:4326,1720,1900,"(0.050000000745, 0.0, -120.0, 0.0, -0.050000000745, 35.0, 0.0, 0.0, 1.0)",,float32
https://data.chc.ucsb.edu/products/CHIRPS/v3.0/monthly/latam/tifs/chirps-v3.0.2003.01.tif,LOCAL,,,fd8d2ab722bb2e88ecabf50f6406c55d0536fc7ddcbf02882be0af4bbd577846,data\raw\climate\chirps_v3\latam\monthly\chirps-v3.0.2003.01.tif,CHIRPS_V3_FINAL,RAIN,2003,1,,VALIDATED_LOCAL,EPSG:4326,1720,1900,"(0.050000000745, 0.0, -120.0, 0.0, -0.050000000745, 35.0, 0.0, 0.0, 1.0)",,float32
https://data.chc.ucsb.edu/products/CHIRPS/v3.0/monthly/latam/tifs/chirps-v3.0.2003.02.tif,LOCAL,,,8b54b7dc71da24e038f43504d197e0697aabbfaefaf0ce25ec9eb8934b307d13,data\raw\climate\chirps_v3\latam\monthly\chirps-v3.0.2003.02.tif,CHIRPS_V3_FINAL,RAIN,2003,2,,VALIDATED_LOCAL,EPSG:4326,1720,1900,"(0.050000000745, 0.0, -120.0, 0.0, -0.050000000745, 35.0, 0.0, 0.0, 1.0)",,float32
https://data.chc.ucsb.edu/products/CHIRPS/v3.0/monthly/latam/tifs/chirps-v3.0.2003.03.tif,LOCAL,,,cae43e9187b7427e42bd30c787c56182e851e52ce9190464222d0347fc5be661,data\raw\climate\chirps_v3\latam\monthly\chirps-v3.0.2003.03.tif,CHIRPS_V3_FINAL,RAIN,2003,3,,VALIDATED_LOCAL,EPSG:4326,1720,1900,"(0.050000000745, 0.0, -120.0, 0.0, -0.050000000745, 35.0, 0.0, 0.0, 1.0)",,float32
https://data.chc.ucsb.edu/products/CHIRPS/v3.0/monthly/latam/tifs/chirps-v3.0.2003.04.tif,LOCAL,,,32cad49535f25d4bdae98997360cca3574330f7b6242d6501643d6dbd6948979,data\raw\climate\chirps_v3\latam\monthly\chirps-v3.0.2003.04.tif,CHIRPS_V3_FINAL,RAIN,2003,4,,VALIDATED_LOCAL,EPSG:4326,1720,1900,"(0.050000000745, 0.0, -120.0, 0.0, -0.050000000745, 35.0, 0.0, 0.0, 1.0)",,float32
https://data.chc.ucsb.edu/products/CHIRPS/v3.0/monthly/latam/tifs/chirps-v3.0.2003.05.tif,LOCAL,,,1f073cd955a47aca23f6a5eb1ca66fe449bd08f40d311f6b5dc7a07aeec2672d,data\raw\climate\chirps_v3\latam\monthly\chirps-v3.0.2003.05.tif,CHIRPS_V3_FINAL,RAIN,2003,5,,VALIDATED_LOCAL,EPSG:4326,1720,1900,"(0.050000000745, 0.0, -120.0, 0.0, -0.050000000745, 35.0, 0.0, 0.0, 1.0)",,float32
https://data.chc.ucsb.edu/products/CHIRPS/v3.0/monthly/latam/tifs/chirps-v3.0.2003.06.tif,LOCAL,,,5d50b2280a2350b511f93640dad8d2fe1f97c0ebc07fc4e15a0636bd6299a489,data\raw\climate\chirps_v3\latam\monthly\chirps-v3.0.2003.06.tif,CHIRPS_V3_FINAL,RAIN,2003,6,,VALIDATED_LOCAL,EPSG:4326,1720,1900,"(0.050000000745, 0.0, -120.0, 0.0, -0.050000000745, 35.0, 0.0, 0.0, 1.0)",,float32
https://data.chc.ucsb.edu/products/CHIRPS/v3.0/monthly/latam/tifs/chirps-v3.0.2003.07.tif,LOCAL,,,abc228c51c3752a0799cb9efd535ca829614b2bf53325aa6e0ed82dd978a73b1,data\raw\climate\chirps_v3\latam\monthly\chirps-v3.0.2003.07.tif,CHIRPS_V3_FINAL,RAIN,2003,7,,VALIDATED_LOCAL,EPSG:4326,1720,1900,"(0.050000000745, 0.0, -120.0, 0.0, -0.050000000745, 35.0, 0.0, 0.0, 1.0)",,float32
https://data.chc.ucsb.edu/products/CHIRPS/v3.0/monthly/latam/tifs/chirps-v3.0.2003.08.tif,LOCAL,,,bbbfb642959217dbcb6cf4a61b78f3e6333ec39278306b9b94cc3426a8aca832,data\raw\climate\chirps_v3\latam\monthly\chirps-v3.0.2003.08.tif,CHIRPS_V3_FINAL,RAIN,2003,8,,VALIDATED_LOCAL,EPSG:4326,1720,1900,"(0.050000000745, 0.0, -120.0, 0.0, -0.050000000745, 35.0, 0.0, 0.0, 1.0)",,float32
https://data.chc.ucsb.edu/products/CHIRPS/v3.0/monthly/latam/tifs/chirps-v3.0.2003.09.tif,LOCAL,,,860cbbd47f2f588ba0070055048ac74509f8a55cd1cc076ceef5cde3f2521fe6,data\raw\climate\chirps_v3\latam\monthly\chirps-v3.0.2003.09.tif,CHIRPS_V3_FINAL,RAIN,2003,9,,VALIDATED_LOCAL,EPSG:4326,1720,1900,"(0.050000000745, 0.0, -120.0, 0.0, -0.050000000745, 35.0, 0.0, 0.0, 1.0)",,float32
https://data.chc.ucsb.edu/products/CHIRPS/v3.0/monthly/latam/tifs/chirps-v3.0.2003.10.tif,LOCAL,,,f1da6a62e610e0f4c55b0dbb3c2fd624e94f67cb0fe55929839d97fbc7e5aaf2,data\raw\climate\chirps_v3\latam\monthly\chirps-v3.0.2003.10.tif,CHIRPS_V3_FINAL,RAIN,2003,10,,VALIDATED_LOCAL,EPSG:4326,1720,1900,"(0.050000000745, 0.0, -120.0, 0.0, -0.050000000745, 35.0, 0.0, 0.0, 1.0)",,float32
https://data.chc.ucsb.edu/products/CHIRPS/v3.0/monthly/latam/tifs/chirps-v3.0.2003.11.tif,LOCAL,,,cd86e5ab5513ce983edfe637655884270bef39abac2c08859cbae6fd80564a89,data\raw\climate\chirps_v3\latam\monthly\chirps-v3.0.2003.11.tif,CHIRPS_V3_FINAL,RAIN,2003,11,,VALIDATED_LOCAL,EPSG:4326,1720,1900,"(0.050000000745, 0.0, -120.0, 0.0, -0.050000000745, 35.0, 0.0, 0.0, 1.0)",,float32
https://data.chc.ucsb.edu/products/CHIRPS/v3.0/monthly/latam/tifs/chirps-v3.0.2003.12.tif,LOCAL,,,81bd62fea795e36956f818420daf4e5307710628ff7ea20c64c25d234c5be8f6,data\raw\climate\chirps_v3\latam\monthly\chirps-v3.0.2003.12.tif,CHIRPS_V3_FINAL,RAIN,2003,12,,VALIDATED_LOCAL,EPSG:4326,1720,1900,"(0.050000000745, 0.0, -120.0, 0.0, -0.050000000745, 35.0, 0.0, 0.0, 1.0)",,float32
https://data.chc.ucsb.edu/products/CHIRPS/v3.0/monthly/latam/tifs/chirps-v3.0.2004.01.tif,LOCAL,,,cca2ae6e53e58577ff47e99671b8bb3ee87d9d37314d463cf23c708fb0500337,data\raw\climate\chirps_v3\latam\monthly\chirps-v3.0.2004.01.tif,CHIRPS_V3_FINAL,RAIN,2004,1,,VALIDATED_LOCAL,EPSG:4326,1720,1900,"(0.050000000745, 0.0, -120.0, 0.0, -0.050000000745, 35.0, 0.0, 0.0, 1.0)",,float32
https://data.chc.ucsb.edu/products/CHIRPS/v3.0/monthly/latam/tifs/chirps-v3.0.2004.02.tif,LOCAL,,,5fbb882bc13a1a5fa5e273652409d6881a54772aab4155139cd2f36078ca40c2,data\raw\climate\chirps_v3\latam\monthly\chirps-v3.0.2004.02.tif,CHIRPS_V3_FINAL,RAIN,2004,2,,VALIDATED_LOCAL,EPSG:4326,1720,1900,"(0.050000000745, 0.0, -120.0, 0.0, -0.050000000745, 35.0, 0.0, 0.0, 1.0)",,float32
https://data.chc.ucsb.edu/products/CHIRPS/v3.0/monthly/latam/tifs/chirps-v3.0.2004.03.tif,LOCAL,,,3a6839701f9f9b50dbdb3017826881cc85474e3e007f3270b38d91acf8e92e5d,data\raw\climate\chirps_v3\latam\monthly\chirps-v3.0.2004.03.tif,CHIRPS_V3_FINAL,RAIN,2004,3,,VALIDATED_LOCAL,EPSG:4326,1720,1900,"(0.050000000745, 0.0, -120.0, 0.0, -0.050000000745, 35.0, 0.0, 0.0, 1.0)",,float32
https://data.chc.ucsb.edu/products/CHIRPS/v3.0/monthly/latam/tifs/chirps-v3.0.2004.04.tif,LOCAL,,,5a1f15e1b8ae0b636a897c7e8520abf2659145faea52f56325f9b7f422e0ef76,data\raw\climate\chirps_v3\latam\monthly\chirps-v3.0.2004.04.tif,CHIRPS_V3_FINAL,RAIN,2004,4,,VALIDATED_LOCAL,EPSG:4326,1720,1900,"(0.050000000745, 0.0, -120.0, 0.0, -0.050000000745, 35.0, 0.0, 0.0, 1.0)",,float32
https://data.chc.ucsb.edu/products/CHIRPS/v3.0/monthly/latam/tifs/chirps-v3.0.2004.05.tif,LOCAL,,,b684b04c1552ca36ef4b8ee35ed4de991d0fed32aa47e28dd0ede6ad8100ba00,data\raw\climate\chirps_v3\latam\monthly\chirps-v3.0.2004.05.tif,CHIRPS_V3_FINAL,RAIN,2004,5,,VALIDATED_LOCAL,EPSG:4326,1720,1900,"(0.050000000745, 0.0, -120.0, 0.0, -0.050000000745, 35.0, 0.0, 0.0, 1.0)",,float32
https://data.chc.ucsb.edu/products/CHIRPS/v3.0/monthly/latam/tifs/chirps-v3.0.2004.06.tif,LOCAL,,,aaf1ca3b06c759f4c7443071b33fb27d3b5ee583149fba474df2d59258f5c2c3,data\raw\climate\chirps_v3\latam\monthly\chirps-v3.0.2004.06.tif,CHIRPS_V3_FINAL,RAIN,2004,6,,VALIDATED_LOCAL,EPSG:4326,1720,1900,"(0.050000000745, 0.0, -120.0, 0.0, -0.050000000745, 35.0, 0.0, 0.0, 1.0)",,float32
https://data.chc.ucsb.edu/products/CHIRPS/v3.0/monthly/latam/tifs/chirps-v3.0.2004.07.tif,LOCAL,,,4c361c1115bd74b91832a467f285116224faacc32f31d237d1a0ba96d513a050,data\raw\climate\chirps_v3\latam\monthly\chirps-v3.0.2004.07.tif,CHIRPS_V3_FINAL,RAIN,2004,7,,VALIDATED_LOCAL,EPSG:4326,1720,1900,"(0.050000000745, 0.0, -120.0, 0.0, -0.050000000745, 35.0, 0.0, 0.0, 1.0)",,float32
https://data.chc.ucsb.edu/products/CHIRPS/v3.0/monthly/latam/tifs/chirps-v3.0.2004.08.tif,LOCAL,,,d15857a8576bdc1c4c9fc79d81df207dabef15636067367494e87d1b6a5f2046,data\raw\climate\chirps_v3\latam\monthly\chirps-v3.0.2004.08.tif,CHIRPS_V3_FINAL,RAIN,2004,8,,VALIDATED_LOCAL,EPSG:4326,1720,1900,"(0.050000000745, 0.0, -120.0, 0.0, -0.050000000745, 35.0, 0.0, 0.0, 1.0)",,float32
https://data.chc.ucsb.edu/products/CHIRPS/v3.0/monthly/latam/tifs/chirps-v3.0.2004.09.tif,LOCAL,,,5527db03b9e150e30694d7ebf4f6b2ae65a679d409e955f60a88f0d0858fe6ff,data\raw\climate\chirps_v3\latam\monthly\chirps-v3.0.2004.09.tif,CHIRPS_V3_FINAL,RAIN,2004,9,,VALIDATED_LOCAL,EPSG:4326,1720,1900,"(0.050000000745, 0.0, -120.0, 0.0, -0.050000000745, 35.0, 0.0, 0.0, 1.0)",,float32
https://data.chc.ucsb.edu/products/CHIRPS/v3.0/monthly/latam/tifs/chirps-v3.0.2004.10.tif,LOCAL,,,8a15ac297275a3bbcee771e69c47e7d947014c6a3455f8fd2ec8b4f5f03859a9,data\raw\climate\chirps_v3\latam\monthly\chirps-v3.0.2004.10.tif,CHIRPS_V3_FINAL,RAIN,2004,10,,VALIDATED_LOCAL,EPSG:4326,1720,1900,"(0.050000000745, 0.0, -120.0, 0.0, -0.050000000745, 35.0, 0.0, 0.0, 1.0)",,float32
https://data.chc.ucsb.edu/products/CHIRPS/v3.0/monthly/latam/tifs/chirps-v3.0.2004.11.tif,LOCAL,,,5865e778940b8225ff72527f76ddbbeeafba59ac2c5d91ef4edda4c80955c308,data\raw\climate\chirps_v3\latam\monthly\chirps-v3.0.2004.11.tif,CHIRPS_V3_FINAL,RAIN,2004,11,,VALIDATED_LOCAL,EPSG:4326,1720,1900,"(0.050000000745, 0.0, -120.0, 0.0, -0.050000000745, 35.0, 0.0, 0.0, 1.0)",,float32
https://data.chc.ucsb.edu/products/CHIRPS/v3.0/monthly/latam/tifs/chirps-v3.0.2004.12.tif,LOCAL,,,5a917991baf8b2c3ed5cd0b8ac0c53651615443723d2f8f8f15225897d2f61b0,data\raw\climate\chirps_v3\latam\monthly\chirps-v3.0.2004.12.tif,CHIRPS_V3_FINAL,RAIN,2004,12,,VALIDATED_LOCAL,EPSG:4326,1720,1900,"(0.050000000745, 0.0, -120.0, 0.0, -0.050000000745, 35.0, 0.0, 0.0, 1.0)",,float32
https://data.chc.ucsb.edu/products/CHIRPS/v3.0/monthly/latam/tifs/chirps-v3.0.2005.01.tif,LOCAL,,,7b0a707645cfc6f77c3d926669136ee823096b3eb9808472bd1f6b4b364152ad,data\raw\climate\chirps_v3\latam\monthly\chirps-v3.0.2005.01.tif,CHIRPS_V3_FINAL,RAIN,2005,1,,VALIDATED_LOCAL,EPSG:4326,1720,1900,"(0.050000000745, 0.0, -120.0, 0.0, -0.050000000745, 35.0, 0.0, 0.0, 1.0)",,float32
https://data.chc.ucsb.edu/products/CHIRPS/v3.0/monthly/latam/tifs/chirps-v3.0.2005.02.tif,LOCAL,,,c6ba59fa395f59843fdf32b2557b9082e0ed51a621035dfd2eb5c0235bd31044,data\raw\climate\chirps_v3\latam\monthly\chirps-v3.0.2005.02.tif,CHIRPS_V3_FINAL,RAIN,2005,2,,VALIDATED_LOCAL,EPSG:4326,1720,1900,"(0.050000000745, 0.0, -120.0, 0.0, -0.050000000745, 35.0, 0.0, 0.0, 1.0)",,float32
https://data.chc.ucsb.edu/products/CHIRPS/v3.0/monthly/latam/tifs/chirps-v3.0.2005.03.tif,LOCAL,,,d37a7c326f5c9f565c52d04d397aba0f4481931e417e9009aae079f4c42ca98f,data\raw\climate\chirps_v3\latam\monthly\chirps-v3.0.2005.03.tif,CHIRPS_V3_FINAL,RAIN,2005,3,,VALIDATED_LOCAL,EPSG:4326,1720,1900,"(0.050000000745, 0.0, -120.0, 0.0, -0.050000000745, 35.0, 0.0, 0.0, 1.0)",,float32
https://data.chc.ucsb.edu/products/CHIRPS/v3.0/monthly/latam/tifs/chirps-v3.0.2005.04.tif,LOCAL,,,2d51dc81deb3ff7120750e3a646a10def82aca4c34f5cd48f24d817cb5e927e8,data\raw\climate\chirps_v3\latam\monthly\chirps-v3.0.2005.04.tif,CHIRPS_V3_FINAL,RAIN,2005,4,,VALIDATED_LOCAL,EPSG:4326,1720,1900,"(0.050000000745, 0.0, -120.0, 0.0, -0.050000000745, 35.0, 0.0, 0.0, 1.0)",,float32
https://data.chc.ucsb.edu/products/CHIRPS/v3.0/monthly/latam/tifs/chirps-v3.0.2005.05.tif,LOCAL,,,dc443afbf12514c79b344c86bac7f6bd438fe2d98807be173b1c2acfa6125a96,data\raw\climate\chirps_v3\latam\monthly\chirps-v3.0.2005.05.tif,CHIRPS_V3_FINAL,RAIN,2005,5,,VALIDATED_LOCAL,EPSG:4326,1720,1900,"(0.050000000745, 0.0, -120.0, 0.0, -0.050000000745, 35.0, 0.0, 0.0, 1.0)",,float32
https://data.chc.ucsb.edu/products/CHIRPS/v3.0/monthly/latam/tifs/chirps-v3.0.2005.06.tif,LOCAL,,,3269ae961bcf6ab2e389cf5c7d09a501f2710331ccbc250bd81b93e65d9c5b5f,data\raw\climate\chirps_v3\latam\monthly\chirps-v3.0.2005.06.tif,CHIRPS_V3_FINAL,RAIN,2005,6,,VALIDATED_LOCAL,EPSG:4326,1720,1900,"(0.050000000745, 0.0, -120.0, 0.0, -0.050000000745, 35.0, 0.0, 0.0, 1.0)",,float32
https://data.chc.ucsb.edu/products/CHIRPS/v3.0/monthly/latam/tifs/chirps-v3.0.2005.07.tif,LOCAL,,,8ced5a42bd36080bb9c05da8473b45ad112c708d3802254637d61baa86854418,data\raw\climate\chirps_v3\latam\monthly\chirps-v3.0.2005.07.tif,CHIRPS_V3_FINAL,RAIN,2005,7,,VALIDATED_LOCAL,EPSG:4326,1720,1900,"(0.050000000745, 0.0, -120.0, 0.0, -0.050000000745, 35.0, 0.0, 0.0, 1.0)",,float32
https://data.chc.ucsb.edu/products/CHIRPS/v3.0/monthly/latam/tifs/chirps-v3.0.2005.08.tif,LOCAL,,,124c5337c181bfedd147adc2053b688da69f5fbdc12af13468d275239dd187a4,data\raw\climate\chirps_v3\latam\monthly\chirps-v3.0.2005.08.tif,CHIRPS_V3_FINAL,RAIN,2005,8,,VALIDATED_LOCAL,EPSG:4326,1720,1900,"(0.050000000745, 0.0, -120.0, 0.0, -0.050000000745, 35.0, 0.0, 0.0, 1.0)",,float32
https://data.chc.ucsb.edu/products/CHIRPS/v3.0/monthly/latam/tifs/chirps-v3.0.2005.09.tif,LOCAL,,,7e010bb44262eed720e1ba6dc0d4a34b6f4d55041117a7398d0f3041bc838e87,data\raw\climate\chirps_v3\latam\monthly\chirps-v3.0.2005.09.tif,CHIRPS_V3_FINAL,RAIN,2005,9,,VALIDATED_LOCAL,EPSG:4326,1720,1900,"(0.050000000745, 0.0, -120.0, 0.0, -0.050000000745, 35.0, 0.0, 0.0, 1.0)",,float32
https://data.chc.ucsb.edu/products/CHIRPS/v3.0/monthly/latam/tifs/chirps-v3.0.2005.10.tif,LOCAL,,,723435021f5edd89328b910fee3706ccff50c85678cf1c82ac52d2dbd0ddd4e4,data\raw\climate\chirps_v3\latam\monthly\chirps-v3.0.2005.10.tif,CHIRPS_V3_FINAL,RAIN,2005,10,,VALIDATED_LOCAL,EPSG:4326,1720,1900,"(0.050000000745, 0.0, -120.0, 0.0, -0.050000000745, 35.0, 0.0, 0.0, 1.0)",,float32
https://data.chc.ucsb.edu/products/CHIRPS/v3.0/monthly/latam/tifs/chirps-v3.0.2005.11.tif,LOCAL,,,1e75313ac26acf5708ab2422d5aa9eda218f2492a7066d9e2b21fbc6f285b2d7,data\raw\climate\chirps_v3\latam\monthly\chirps-v3.0.2005.11.tif,CHIRPS_V3_FINAL,RAIN,2005,11,,VALIDATED_LOCAL,EPSG:4326,1720,1900,"(0.050000000745, 0.0, -120.0, 0.0, -0.050000000745, 35.0, 0.0, 0.0, 1.0)",,float32
https://data.chc.ucsb.edu/products/CHIRPS/v3.0/monthly/latam/tifs/chirps-v3.0.2005.12.tif,LOCAL,,,5c538ca50e4388eb674f47f8db223156b6c63c0d7ba3a4c38e114cff3bb8989e,data\raw\climate\chirps_v3\latam\monthly\chirps-v3.0.2005.12.tif,CHIRPS_V3_FINAL,RAIN,2005,12,,VALIDATED_LOCAL,EPSG:4326,1720,1900,"(0.050000000745, 0.0, -120.0, 0.0, -0.050000000745, 35.0, 0.0, 0.0, 1.0)",,float32
https://data.chc.ucsb.edu/products/CHIRPS/v3.0/monthly/latam/tifs/chirps-v3.0.2006.01.tif,LOCAL,,,5d5f7f03d4ba255ae4186219f42bfd4aaf358cc57500ea816fa67d3299ddb8c1,data\raw\climate\chirps_v3\latam\monthly\chirps-v3.0.2006.01.tif,CHIRPS_V3_FINAL,RAIN,2006,1,,VALIDATED_LOCAL,EPSG:4326,1720,1900,"(0.050000000745, 0.0, -120.0, 0.0, -0.050000000745, 35.0, 0.0, 0.0, 1.0)",,float32
https://data.chc.ucsb.edu/products/CHIRPS/v3.0/monthly/latam/tifs/chirps-v3.0.2006.02.tif,LOCAL,,,d38cac13827630b29391c5c861d85974c6ffa0e5391f802414cf3a3d7a38be66,data\raw\climate\chirps_v3\latam\monthly\chirps-v3.0.2006.02.tif,CHIRPS_V3_FINAL,RAIN,2006,2,,VALIDATED_LOCAL,EPSG:4326,1720,1900,"(0.050000000745, 0.0, -120.0, 0.0, -0.050000000745, 35.0, 0.0, 0.0, 1.0)",,float32
https://data.chc.ucsb.edu/products/CHIRPS/v3.0/monthly/latam/tifs/chirps-v3.0.2006.03.tif,LOCAL,,,6a6345a31bd3c5b91c5bd8c67b78237c35469e157135f5c3f7d1e2541d9fbcc4,data\raw\climate\chirps_v3\latam\monthly\chirps-v3.0.2006.03.tif,CHIRPS_V3_FINAL,RAIN,2006,3,,VALIDATED_LOCAL,EPSG:4326,1720,1900,"(0.050000000745, 0.0, -120.0, 0.0, -0.050000000745, 35.0, 0.0, 0.0, 1.0)",,float32
https://data.chc.ucsb.edu/products/CHIRPS/v3.0/monthly/latam/tifs/chirps-v3.0.2006.04.tif,LOCAL,,,9571f49bd6f5e2e69e8e747377e9bef95bb0c2722e2a2c22d9bb85455bd19788,data\raw\climate\chirps_v3\latam\monthly\chirps-v3.0.2006.04.tif,CHIRPS_V3_FINAL,RAIN,2006,4,,VALIDATED_LOCAL,EPSG:4326,1720,1900,"(0.050000000745, 0.0, -120.0, 0.0, -0.050000000745, 35.0, 0.0, 0.0, 1.0)",,float32
https://data.chc.ucsb.edu/products/CHIRPS/v3.0/monthly/latam/tifs/chirps-v3.0.2006.05.tif,LOCAL,,,52e3447a042b07621bfbb02df69fd77e384d289ffc86b4cc46922f8423014c99,data\raw\climate\chirps_v3\latam\monthly\chirps-v3.0.2006.05.tif,CHIRPS_V3_FINAL,RAIN,2006,5,,VALIDATED_LOCAL,EPSG:4326,1720,1900,"(0.050000000745, 0.0, -120.0, 0.0, -0.050000000745, 35.0, 0.0, 0.0, 1.0)",,float32
https://data.chc.ucsb.edu/products/CHIRPS/v3.0/monthly/latam/tifs/chirps-v3.0.2006.06.tif,LOCAL,,,0eb1769b3970f0d7cd61743a7b6fa19df0d0d87a5fefd296a8be9f5f4d77c87f,data\raw\climate\chirps_v3\latam\monthly\chirps-v3.0.2006.06.tif,CHIRPS_V3_FINAL,RAIN,2006,6,,VALIDATED_LOCAL,EPSG:4326,1720,1900,"(0.050000000745, 0.0, -120.0, 0.0, -0.050000000745, 35.0, 0.0, 0.0, 1.0)",,float32
https://data.chc.ucsb.edu/products/CHIRPS/v3.0/monthly/latam/tifs/chirps-v3.0.2006.07.tif,LOCAL,,,d1b7141eab5d3b876456f7bf3d8d2ad9ae3951c84b31fdb7e970447a36a9dde5,data\raw\climate\chirps_v3\latam\monthly\chirps-v3.0.2006.07.tif,CHIRPS_V3_FINAL,RAIN,2006,7,,VALIDATED_LOCAL,EPSG:4326,1720,1900,"(0.050000000745, 0.0, -120.0, 0.0, -0.050000000745, 35.0, 0.0, 0.0, 1.0)",,float32
https://data.chc.ucsb.edu/products/CHIRPS/v3.0/monthly/latam/tifs/chirps-v3.0.2006.08.tif,LOCAL,,,f674052eacd5105e2777291c8df57302b1035bd4679c3f9c7e134fe3591f488e,data\raw\climate\chirps_v3\latam\monthly\chirps-v3.0.2006.08.tif,CHIRPS_V3_FINAL,RAIN,2006,8,,VALIDATED_LOCAL,EPSG:4326,1720,1900,"(0.050000000745, 0.0, -120.0, 0.0, -0.050000000745, 35.0, 0.0, 0.0, 1.0)",,float32
https://data.chc.ucsb.edu/products/CHIRPS/v3.0/monthly/latam/tifs/chirps-v3.0.2006.09.tif,LOCAL,,,e81388d666d92bb404961c5f54dfdaf8b88d2d5976e23cad933acff097c98bec,data\raw\climate\chirps_v3\latam\monthly\chirps-v3.0.2006.09.tif,CHIRPS_V3_FINAL,RAIN,2006,9,,VALIDATED_LOCAL,EPSG:4326,1720,1900,"(0.050000000745, 0.0, -120.0, 0.0, -0.050000000745, 35.0, 0.0, 0.0, 1.0)",,float32
https://data.chc.ucsb.edu/products/CHIRPS/v3.0/monthly/latam/tifs/chirps-v3.0.2006.10.tif,LOCAL,,,a654665f521337c0f98a02668ff5a7e14545dc3d0781abaa01927df3d1221841,data\raw\climate\chirps_v3\latam\monthly\chirps-v3.0.2006.10.tif,CHIRPS_V3_FINAL,RAIN,2006,10,,VALIDATED_LOCAL,EPSG:4326,1720,1900,"(0.050000000745, 0.0, -120.0, 0.0, -0.050000000745, 35.0, 0.0, 0.0, 1.0)",,float32
https://data.chc.ucsb.edu/products/CHIRPS/v3.0/monthly/latam/tifs/chirps-v3.0.2006.11.tif,LOCAL,,,0f6b8ca24dca788dc50af1734f5092078a2c2634e8341688ed0638b287c41c0d,data\raw\climate\chirps_v3\latam\monthly\chirps-v3.0.2006.11.tif,CHIRPS_V3_FINAL,RAIN,2006,11,,VALIDATED_LOCAL,EPSG:4326,1720,1900,"(0.050000000745, 0.0, -120.0, 0.0, -0.050000000745, 35.0, 0.0, 0.0, 1.0)",,float32
https://data.chc.ucsb.edu/products/CHIRPS/v3.0/monthly/latam/tifs/chirps-v3.0.2006.12.tif,LOCAL,,,32caa9e861782cc54ce4fe85bd0480478730dafd5929c74f8e9627c102a059d7,data\raw\climate\chirps_v3\latam\monthly\chirps-v3.0.2006.12.tif,CHIRPS_V3_FINAL,RAIN,2006,12,,VALIDATED_LOCAL,EPSG:4326,1720,1900,"(0.050000000745, 0.0, -120.0, 0.0, -0.050000000745, 35.0, 0.0, 0.0, 1.0)",,float32
https://data.chc.ucsb.edu/products/CHIRPS/v3.0/monthly/latam/tifs/chirps-v3.0.2007.01.tif,LOCAL,,,f79f0d6d682c34da3ddc9e7735e426eff2a1f2fb8cf4e25259b76a87a0391cb3,data\raw\climate\chirps_v3\latam\monthly\chirps-v3.0.2007.01.tif,CHIRPS_V3_FINAL,RAIN,2007,1,,VALIDATED_LOCAL,EPSG:4326,1720,1900,"(0.050000000745, 0.0, -120.0, 0.0, -0.050000000745, 35.0, 0.0, 0.0, 1.0)",,float32
https://data.chc.ucsb.edu/products/CHIRPS/v3.0/monthly/latam/tifs/chirps-v3.0.2007.02.tif,LOCAL,,,7ba8a1f2c83ecabeff9f73f37a7b55a6cdd6c9610b36268aa889ddffb1774ea6,data\raw\climate\chirps_v3\latam\monthly\chirps-v3.0.2007.02.tif,CHIRPS_V3_FINAL,RAIN,2007,2,,VALIDATED_LOCAL,EPSG:4326,1720,1900,"(0.050000000745, 0.0, -120.0, 0.0, -0.050000000745, 35.0, 0.0, 0.0, 1.0)",,float32
https://data.chc.ucsb.edu/products/CHIRPS/v3.0/monthly/latam/tifs/chirps-v3.0.2007.03.tif,LOCAL,,,46706e7564ae0045804c83fe5799e164608e084229d0b0014a008d8440ff1ba3,data\raw\climate\chirps_v3\latam\monthly\chirps-v3.0.2007.03.tif,CHIRPS_V3_FINAL,RAIN,2007,3,,VALIDATED_LOCAL,EPSG:4326,1720,1900,"(0.050000000745, 0.0, -120.0, 0.0, -0.050000000745, 35.0, 0.0, 0.0, 1.0)",,float32
https://data.chc.ucsb.edu/products/CHIRPS/v3.0/monthly/latam/tifs/chirps-v3.0.2007.04.tif,LOCAL,,,b773812d0adfcb009056a5c920beb451e7365bef3ba3c7be573eb6e679133634,data\raw\climate\chirps_v3\latam\monthly\chirps-v3.0.2007.04.tif,CHIRPS_V3_FINAL,RAIN,2007,4,,VALIDATED_LOCAL,EPSG:4326,1720,1900,"(0.050000000745, 0.0, -120.0, 0.0, -0.050000000745, 35.0, 0.0, 0.0, 1.0)",,float32
https://data.chc.ucsb.edu/products/CHIRPS/v3.0/monthly/latam/tifs/chirps-v3.0.2007.05.tif,LOCAL,,,b5a8ae0da16b91e37d460d04b6b6e0f03df06be9218d2231c2cec9feace05c0b,data\raw\climate\chirps_v3\latam\monthly\chirps-v3.0.2007.05.tif,CHIRPS_V3_FINAL,RAIN,2007,5,,VALIDATED_LOCAL,EPSG:4326,1720,1900,"(0.050000000745, 0.0, -120.0, 0.0, -0.050000000745, 35.0, 0.0, 0.0, 1.0)",,float32
https://data.chc.ucsb.edu/products/CHIRPS/v3.0/monthly/latam/tifs/chirps-v3.0.2007.06.tif,LOCAL,,,4ec8619ac74cbd7e21646580a5903d95debb3c33f9eca02adf758bbaadd9943f,data\raw\climate\chirps_v3\latam\monthly\chirps-v3.0.2007.06.tif,CHIRPS_V3_FINAL,RAIN,2007,6,,VALIDATED_LOCAL,EPSG:4326,1720,1900,"(0.050000000745, 0.0, -120.0, 0.0, -0.050000000745, 35.0, 0.0, 0.0, 1.0)",,float32
https://data.chc.ucsb.edu/products/CHIRPS/v3.0/monthly/latam/tifs/chirps-v3.0.2007.07.tif,LOCAL,,,14a6b6b880d98e70b0c11a3d53639f14815735b47092360eceb43d8912e64b14,data\raw\climate\chirps_v3\latam\monthly\chirps-v3.0.2007.07.tif,CHIRPS_V3_FINAL,RAIN,2007,7,,VALIDATED_LOCAL,EPSG:4326,1720,1900,"(0.050000000745, 0.0, -120.0, 0.0, -0.050000000745, 35.0, 0.0, 0.0, 1.0)",,float32
https://data.chc.ucsb.edu/products/CHIRPS/v3.0/monthly/latam/tifs/chirps-v3.0.2007.08.tif,LOCAL,,,840170d32816e8554fc02a9fe25d5d061df542889020fe242a2c4b9684b7eb9b,data\raw\climate\chirps_v3\latam\monthly\chirps-v3.0.2007.08.tif,CHIRPS_V3_FINAL,RAIN,2007,8,,VALIDATED_LOCAL,EPSG:4326,1720,1900,"(0.050000000745, 0.0, -120.0, 0.0, -0.050000000745, 35.0, 0.0, 0.0, 1.0)",,float32
https://data.chc.ucsb.edu/products/CHIRPS/v3.0/monthly/latam/tifs/chirps-v3.0.2007.09.tif,LOCAL,,,53108bca3f8ad53b055002b65647b2d0b3a3ff4a3c05a099f3904d0f42f59fff,data\raw\climate\chirps_v3\latam\monthly\chirps-v3.0.2007.09.tif,CHIRPS_V3_FINAL,RAIN,2007,9,,VALIDATED_LOCAL,EPSG:4326,1720,1900,"(0.050000000745, 0.0, -120.0, 0.0, -0.050000000745, 35.0, 0.0, 0.0, 1.0)",,float32
https://data.chc.ucsb.edu/products/CHIRPS/v3.0/monthly/latam/tifs/chirps-v3.0.2007.10.tif,LOCAL,,,8fe0116d05e888ba9386dc141276001d90e5925b46d77cbf52fd990c55a0c3c3,data\raw\climate\chirps_v3\latam\monthly\chirps-v3.0.2007.10.tif,CHIRPS_V3_FINAL,RAIN,2007,10,,VALIDATED_LOCAL,EPSG:4326,1720,1900,"(0.050000000745, 0.0, -120.0, 0.0, -0.050000000745, 35.0, 0.0, 0.0, 1.0)",,float32
https://data.chc.ucsb.edu/products/CHIRPS/v3.0/monthly/latam/tifs/chirps-v3.0.2007.11.tif,LOCAL,,,aba34b5baea23fda27acc8a3c3970520ca221abca2c9d446173c9331f5eb369e,data\raw\climate\chirps_v3\latam\monthly\chirps-v3.0.2007.11.tif,CHIRPS_V3_FINAL,RAIN,2007,11,,VALIDATED_LOCAL,EPSG:4326,1720,1900,"(0.050000000745, 0.0, -120.0, 0.0, -0.050000000745, 35.0, 0.0, 0.0, 1.0)",,float32
https://data.chc.ucsb.edu/products/CHIRPS/v3.0/monthly/latam/tifs/chirps-v3.0.2007.12.tif,LOCAL,,,2e01001a1edc94b8b77246e5b2d1c329ad08b398875c12590cf44f1bab51550a,data\raw\climate\chirps_v3\latam\monthly\chirps-v3.0.2007.12.tif,CHIRPS_V3_FINAL,RAIN,2007,12,,VALIDATED_LOCAL,EPSG:4326,1720,1900,"(0.050000000745, 0.0, -120.0, 0.0, -0.050000000745, 35.0, 0.0, 0.0, 1.0)",,float32
https://data.chc.ucsb.edu/products/CHIRPS/v3.0/monthly/latam/tifs/chirps-v3.0.2008.01.tif,LOCAL,,,2152a6669aa705f089af9f222561ee5ef0f15e2196a067c09f7b28a64f75d5a6,data\raw\climate\chirps_v3\latam\monthly\chirps-v3.0.2008.01.tif,CHIRPS_V3_FINAL,RAIN,2008,1,,VALIDATED_LOCAL,EPSG:4326,1720,1900,"(0.050000000745, 0.0, -120.0, 0.0, -0.050000000745, 35.0, 0.0, 0.0, 1.0)",,float32
https://data.chc.ucsb.edu/products/CHIRPS/v3.0/monthly/latam/tifs/chirps-v3.0.2008.02.tif,LOCAL,,,a5bd40822844835a881e1aabb8f5b4a4560a1e7847093c3bec5ca68e3d699f6f,data\raw\climate\chirps_v3\latam\monthly\chirps-v3.0.2008.02.tif,CHIRPS_V3_FINAL,RAIN,2008,2,,VALIDATED_LOCAL,EPSG:4326,1720,1900,"(0.050000000745, 0.0, -120.0, 0.0, -0.050000000745, 35.0, 0.0, 0.0, 1.0)",,float32
https://data.chc.ucsb.edu/products/CHIRPS/v3.0/monthly/latam/tifs/chirps-v3.0.2008.03.tif,LOCAL,,,027757708b0098cacd723d55c078d537ba593a4166af75097358b017daed3eed,data\raw\climate\chirps_v3\latam\monthly\chirps-v3.0.2008.03.tif,CHIRPS_V3_FINAL,RAIN,2008,3,,VALIDATED_LOCAL,EPSG:4326,1720,1900,"(0.050000000745, 0.0, -120.0, 0.0, -0.050000000745, 35.0, 0.0, 0.0, 1.0)",,float32
https://data.chc.ucsb.edu/products/CHIRPS/v3.0/monthly/latam/tifs/chirps-v3.0.2008.04.tif,LOCAL,,,0ad73dab16e15d0973adf6820f00127ab226bb9ba6c70318c9192ffb4a84e077,data\raw\climate\chirps_v3\latam\monthly\chirps-v3.0.2008.04.tif,CHIRPS_V3_FINAL,RAIN,2008,4,,VALIDATED_LOCAL,EPSG:4326,1720,1900,"(0.050000000745, 0.0, -120.0, 0.0, -0.050000000745, 35.0, 0.0, 0.0, 1.0)",,float32
https://data.chc.ucsb.edu/products/CHIRPS/v3.0/monthly/latam/tifs/chirps-v3.0.2008.05.tif,LOCAL,,,ef37a5da0b55a760d173904df52e41e44a6cd1c0ba2dbc45f7d3f0ccc142e11a,data\raw\climate\chirps_v3\latam\monthly\chirps-v3.0.2008.05.tif,CHIRPS_V3_FINAL,RAIN,2008,5,,VALIDATED_LOCAL,EPSG:4326,1720,1900,"(0.050000000745, 0.0, -120.0, 0.0, -0.050000000745, 35.0, 0.0, 0.0, 1.0)",,float32
https://data.chc.ucsb.edu/products/CHIRPS/v3.0/monthly/latam/tifs/chirps-v3.0.2008.06.tif,LOCAL,,,031a0fdac4f483be1240632b15c6e5d4e7aa3a1cb3a49ad9d04ba04e70483b21,data\raw\climate\chirps_v3\latam\monthly\chirps-v3.0.2008.06.tif,CHIRPS_V3_FINAL,RAIN,2008,6,,VALIDATED_LOCAL,EPSG:4326,1720,1900,"(0.050000000745, 0.0, -120.0, 0.0, -0.050000000745, 35.0, 0.0, 0.0, 1.0)",,float32
https://data.chc.ucsb.edu/products/CHIRPS/v3.0/monthly/latam/tifs/chirps-v3.0.2008.07.tif,LOCAL,,,9f9e9cd4beafb1e9f8882fd938642754a01f2f23ebc17f250912abc5b916a3c4,data\raw\climate\chirps_v3\latam\monthly\chirps-v3.0.2008.07.tif,CHIRPS_V3_FINAL,RAIN,2008,7,,VALIDATED_LOCAL,EPSG:4326,1720,1900,"(0.050000000745, 0.0, -120.0, 0.0, -0.050000000745, 35.0, 0.0, 0.0, 1.0)",,float32
https://data.chc.ucsb.edu/products/CHIRPS/v3.0/monthly/latam/tifs/chirps-v3.0.2008.08.tif,LOCAL,,,f496e5b2609df44d9cb0c18f850e7c0e04692f9df52ad9d66c15c18d80194ed8,data\raw\climate\chirps_v3\latam\monthly\chirps-v3.0.2008.08.tif,CHIRPS_V3_FINAL,RAIN,2008,8,,VALIDATED_LOCAL,EPSG:4326,1720,1900,"(0.050000000745, 0.0, -120.0, 0.0, -0.050000000745, 35.0, 0.0, 0.0, 1.0)",,float32
https://data.chc.ucsb.edu/products/CHIRPS/v3.0/monthly/latam/tifs/chirps-v3.0.2008.09.tif,LOCAL,,,6bf45df889714df89e8f487cd6d6a5097339b8c1ec231ee27c43088858684260,data\raw\climate\chirps_v3\latam\monthly\chirps-v3.0.2008.09.tif,CHIRPS_V3_FINAL,RAIN,2008,9,,VALIDATED_LOCAL,EPSG:4326,1720,1900,"(0.050000000745, 0.0, -120.0, 0.0, -0.050000000745, 35.0, 0.0, 0.0, 1.0)",,float32
https://data.chc.ucsb.edu/products/CHIRPS/v3.0/monthly/latam/tifs/chirps-v3.0.2008.10.tif,LOCAL,,,a96445be0fd060625c6f7d333c74562c3f42ce2d22c8172773e46a1e48c8e820,data\raw\climate\chirps_v3\latam\monthly\chirps-v3.0.2008.10.tif,CHIRPS_V3_FINAL,RAIN,2008,10,,VALIDATED_LOCAL,EPSG:4326,1720,1900,"(0.050000000745, 0.0, -120.0, 0.0, -0.050000000745, 35.0, 0.0, 0.0, 1.0)",,float32
https://data.chc.ucsb.edu/products/CHIRPS/v3.0/monthly/latam/tifs/chirps-v3.0.2008.11.tif,LOCAL,,,83582587ba6ebefa8b009c988b2926e50171752047a677920fb4c376b43fd180,data\raw\climate\chirps_v3\latam\monthly\chirps-v3.0.2008.11.tif,CHIRPS_V3_FINAL,RAIN,2008,11,,VALIDATED_LOCAL,EPSG:4326,1720,1900,"(0.050000000745, 0.0, -120.0, 0.0, -0.050000000745, 35.0, 0.0, 0.0, 1.0)",,float32
https://data.chc.ucsb.edu/products/CHIRPS/v3.0/monthly/latam/tifs/chirps-v3.0.2008.12.tif,LOCAL,,,3cbdec0fafaf50cb0c6d9d1b1f1df7b71e6fab8be3263ad87162f6c3ef023ff7,data\raw\climate\chirps_v3\latam\monthly\chirps-v3.0.2008.12.tif,CHIRPS_V3_FINAL,RAIN,2008,12,,VALIDATED_LOCAL,EPSG:4326,1720,1900,"(0.050000000745, 0.0, -120.0, 0.0, -0.050000000745, 35.0, 0.0, 0.0, 1.0)",,float32
https://data.chc.ucsb.edu/products/CHIRPS/v3.0/monthly/latam/tifs/chirps-v3.0.2009.01.tif,LOCAL,,,ad79877afdc6025c05dc4e126324f3269aac03d3fd0f801cb76fc8dea143db9c,data\raw\climate\chirps_v3\latam\monthly\chirps-v3.0.2009.01.tif,CHIRPS_V3_FINAL,RAIN,2009,1,,VALIDATED_LOCAL,EPSG:4326,1720,1900,"(0.050000000745, 0.0, -120.0, 0.0, -0.050000000745, 35.0, 0.0, 0.0, 1.0)",,float32
https://data.chc.ucsb.edu/products/CHIRPS/v3.0/monthly/latam/tifs/chirps-v3.0.2009.02.tif,LOCAL,,,f3a0900fa35189343996dfcc43e1af01bf2bc2c2c4ed05ccfe54b1fb238ebacf,data\raw\climate\chirps_v3\latam\monthly\chirps-v3.0.2009.02.tif,CHIRPS_V3_FINAL,RAIN,2009,2,,VALIDATED_LOCAL,EPSG:4326,1720,1900,"(0.050000000745, 0.0, -120.0, 0.0, -0.050000000745, 35.0, 0.0, 0.0, 1.0)",,float32
https://data.chc.ucsb.edu/products/CHIRPS/v3.0/monthly/latam/tifs/chirps-v3.0.2009.03.tif,LOCAL,,,59d26b0646c95652a5fc14ead87abd61e1fb58cc5c6edc213b0a541dd0111367,data\raw\climate\chirps_v3\latam\monthly\chirps-v3.0.2009.03.tif,CHIRPS_V3_FINAL,RAIN,2009,3,,VALIDATED_LOCAL,EPSG:4326,1720,1900,"(0.050000000745, 0.0, -120.0, 0.0, -0.050000000745, 35.0, 0.0, 0.0, 1.0)",,float32
https://data.chc.ucsb.edu/products/CHIRPS/v3.0/monthly/latam/tifs/chirps-v3.0.2009.04.tif,LOCAL,,,ed75439250b4afe632e20dba4b5e8d38a999fa25f39251acd15486a22874fa16,data\raw\climate\chirps_v3\latam\monthly\chirps-v3.0.2009.04.tif,CHIRPS_V3_FINAL,RAIN,2009,4,,VALIDATED_LOCAL,EPSG:4326,1720,1900,"(0.050000000745, 0.0, -120.0, 0.0, -0.050000000745, 35.0, 0.0, 0.0, 1.0)",,float32
https://data.chc.ucsb.edu/products/CHIRPS/v3.0/monthly/latam/tifs/chirps-v3.0.2009.05.tif,LOCAL,,,db41ee5280c89f1fa95fc622a1c19bc90bbd4402e0d70fb9fd5d29ed2c9531c6,data\raw\climate\chirps_v3\latam\monthly\chirps-v3.0.2009.05.tif,CHIRPS_V3_FINAL,RAIN,2009,5,,VALIDATED_LOCAL,EPSG:4326,1720,1900,"(0.050000000745, 0.0, -120.0, 0.0, -0.050000000745, 35.0, 0.0, 0.0, 1.0)",,float32
https://data.chc.ucsb.edu/products/CHIRPS/v3.0/monthly/latam/tifs/chirps-v3.0.2009.06.tif,LOCAL,,,c33aa55d698708865209f119065406ee921fb2931d1e4a4a4ca5d8904090ff3a,data\raw\climate\chirps_v3\latam\monthly\chirps-v3.0.2009.06.tif,CHIRPS_V3_FINAL,RAIN,2009,6,,VALIDATED_LOCAL,EPSG:4326,1720,1900,"(0.050000000745, 0.0, -120.0, 0.0, -0.050000000745, 35.0, 0.0, 0.0, 1.0)",,float32
https://data.chc.ucsb.edu/products/CHIRPS/v3.0/monthly/latam/tifs/chirps-v3.0.2009.07.tif,LOCAL,,,45d165dd9485dd8f48d6c804dcf1c420d85f79883c6d64e0860289f1497d6e01,data\raw\climate\chirps_v3\latam\monthly\chirps-v3.0.2009.07.tif,CHIRPS_V3_FINAL,RAIN,2009,7,,VALIDATED_LOCAL,EPSG:4326,1720,1900,"(0.050000000745, 0.0, -120.0, 0.0, -0.050000000745, 35.0, 0.0, 0.0, 1.0)",,float32
https://data.chc.ucsb.edu/products/CHIRPS/v3.0/monthly/latam/tifs/chirps-v3.0.2009.08.tif,LOCAL,,,ca0c524876f8294297943b633dee5ef7c33c5872ae818553ddf49868e6f263e8,data\raw\climate\chirps_v3\latam\monthly\chirps-v3.0.2009.08.tif,CHIRPS_V3_FINAL,RAIN,2009,8,,VALIDATED_LOCAL,EPSG:4326,1720,1900,"(0.050000000745, 0.0, -120.0, 0.0, -0.050000000745, 35.0, 0.0, 0.0, 1.0)",,float32
https://data.chc.ucsb.edu/products/CHIRPS/v3.0/monthly/latam/tifs/chirps-v3.0.2009.09.tif,LOCAL,,,f84ebb377e94343ecd99d70b9293dc1d7781ed1e55f6f69789c74c97f1532fd3,data\raw\climate\chirps_v3\latam\monthly\chirps-v3.0.2009.09.tif,CHIRPS_V3_FINAL,RAIN,2009,9,,VALIDATED_LOCAL,EPSG:4326,1720,1900,"(0.050000000745, 0.0, -120.0, 0.0, -0.050000000745, 35.0, 0.0, 0.0, 1.0)",,float32
https://data.chc.ucsb.edu/products/CHIRPS/v3.0/monthly/latam/tifs/chirps-v3.0.2009.10.tif,LOCAL,,,34ec96769da8f8d5a29b5d043eea62308dbded215240445fa48423f5c331a6a3,data\raw\climate\chirps_v3\latam\monthly\chirps-v3.0.2009.10.tif,CHIRPS_V3_FINAL,RAIN,2009,10,,VALIDATED_LOCAL,EPSG:4326,1720,1900,"(0.050000000745, 0.0, -120.0, 0.0, -0.050000000745, 35.0, 0.0, 0.0, 1.0)",,float32
https://data.chc.ucsb.edu/products/CHIRPS/v3.0/monthly/latam/tifs/chirps-v3.0.2009.11.tif,LOCAL,,,8bc22e1069cc2d03662c699686d61fcd5fc4da29c59a0e54d05d433901d9f037,data\raw\climate\chirps_v3\latam\monthly\chirps-v3.0.2009.11.tif,CHIRPS_V3_FINAL,RAIN,2009,11,,VALIDATED_LOCAL,EPSG:4326,1720,1900,"(0.050000000745, 0.0, -120.0, 0.0, -0.050000000745, 35.0, 0.0, 0.0, 1.0)",,float32
https://data.chc.ucsb.edu/products/CHIRPS/v3.0/monthly/latam/tifs/chirps-v3.0.2009.12.tif,LOCAL,,,25bf077f18c4a78c45311c64365f1fce7f05a9d49864855e68ef1963e869f4d1,data\raw\climate\chirps_v3\latam\monthly\chirps-v3.0.2009.12.tif,CHIRPS_V3_FINAL,RAIN,2009,12,,VALIDATED_LOCAL,EPSG:4326,1720,1900,"(0.050000000745, 0.0, -120.0, 0.0, -0.050000000745, 35.0, 0.0, 0.0, 1.0)",,float32
https://data.chc.ucsb.edu/products/CHIRPS/v3.0/monthly/latam/tifs/chirps-v3.0.2010.01.tif,LOCAL,,,31f0521d3836943453b4ce33286d75e1a994c42b19feefd2be18c891e479961d,data\raw\climate\chirps_v3\latam\monthly\chirps-v3.0.2010.01.tif,CHIRPS_V3_FINAL,RAIN,2010,1,,VALIDATED_LOCAL,EPSG:4326,1720,1900,"(0.050000000745, 0.0, -120.0, 0.0, -0.050000000745, 35.0, 0.0, 0.0, 1.0)",,float32
https://data.chc.ucsb.edu/products/CHIRPS/v3.0/monthly/latam/tifs/chirps-v3.0.2010.02.tif,LOCAL,,,ef8c9e25906a56744923c6145804fde4e31b72e290507b3f5a7283ec3fde8c6d,data\raw\climate\chirps_v3\latam\monthly\chirps-v3.0.2010.02.tif,CHIRPS_V3_FINAL,RAIN,2010,2,,VALIDATED_LOCAL,EPSG:4326,1720,1900,"(0.050000000745, 0.0, -120.0, 0.0, -0.050000000745, 35.0, 0.0, 0.0, 1.0)",,float32
https://data.chc.ucsb.edu/products/CHIRPS/v3.0/monthly/latam/tifs/chirps-v3.0.2010.03.tif,LOCAL,,,ffe4025e86e279f3c45076fb01709ba98fef465493886c0b04faa59e63aca495,data\raw\climate\chirps_v3\latam\monthly\chirps-v3.0.2010.03.tif,CHIRPS_V3_FINAL,RAIN,2010,3,,VALIDATED_LOCAL,EPSG:4326,1720,1900,"(0.050000000745, 0.0, -120.0, 0.0, -0.050000000745, 35.0, 0.0, 0.0, 1.0)",,float32
https://data.chc.ucsb.edu/products/CHIRPS/v3.0/monthly/latam/tifs/chirps-v3.0.2010.04.tif,LOCAL,,,f952ee3be86f492eeda6d5fe5b5131541cae1c303015d69e3c7b3c5c084ecb84,data\raw\climate\chirps_v3\latam\monthly\chirps-v3.0.2010.04.tif,CHIRPS_V3_FINAL,RAIN,2010,4,,VALIDATED_LOCAL,EPSG:4326,1720,1900,"(0.050000000745, 0.0, -120.0, 0.0, -0.050000000745, 35.0, 0.0, 0.0, 1.0)",,float32
https://data.chc.ucsb.edu/products/CHIRPS/v3.0/monthly/latam/tifs/chirps-v3.0.2010.05.tif,LOCAL,,,6c4cd5be0d328ec08e62a56917c7940e70dcb1c1752c2eb8f6057d4feb6b4d82,data\raw\climate\chirps_v3\latam\monthly\chirps-v3.0.2010.05.tif,CHIRPS_V3_FINAL,RAIN,2010,5,,VALIDATED_LOCAL,EPSG:4326,1720,1900,"(0.050000000745, 0.0, -120.0, 0.0, -0.050000000745, 35.0, 0.0, 0.0, 1.0)",,float32
https://data.chc.ucsb.edu/products/CHIRPS/v3.0/monthly/latam/tifs/chirps-v3.0.2010.06.tif,LOCAL,,,506cfed1c3f7ceec160c69fdce5eb60e920ec6dcc33fb9a197094d1000ba8610,data\raw\climate\chirps_v3\latam\monthly\chirps-v3.0.2010.06.tif,CHIRPS_V3_FINAL,RAIN,2010,6,,VALIDATED_LOCAL,EPSG:4326,1720,1900,"(0.050000000745, 0.0, -120.0, 0.0, -0.050000000745, 35.0, 0.0, 0.0, 1.0)",,float32
https://data.chc.ucsb.edu/products/CHIRPS/v3.0/monthly/latam/tifs/chirps-v3.0.2010.07.tif,LOCAL,,,c9c32d7c67ed75a8de9abae43cf83b6554d6fd1ea8071b130f6a650aa3ac9f3b,data\raw\climate\chirps_v3\latam\monthly\chirps-v3.0.2010.07.tif,CHIRPS_V3_FINAL,RAIN,2010,7,,VALIDATED_LOCAL,EPSG:4326,1720,1900,"(0.050000000745, 0.0, -120.0, 0.0, -0.050000000745, 35.0, 0.0, 0.0, 1.0)",,float32
https://data.chc.ucsb.edu/products/CHIRPS/v3.0/monthly/latam/tifs/chirps-v3.0.2010.08.tif,LOCAL,,,12d11fdb151dbd4be6cecff57f3c4e18434f9e0b435ce587c49efc11958d5c9d,data\raw\climate\chirps_v3\latam\monthly\chirps-v3.0.2010.08.tif,CHIRPS_V3_FINAL,RAIN,2010,8,,VALIDATED_LOCAL,EPSG:4326,1720,1900,"(0.050000000745, 0.0, -120.0, 0.0, -0.050000000745, 35.0, 0.0, 0.0, 1.0)",,float32
https://data.chc.ucsb.edu/products/CHIRPS/v3.0/monthly/latam/tifs/chirps-v3.0.2010.09.tif,LOCAL,,,fc88e3407902f93e967dcc9f63ae432b460695e06b48408017b8784306575ee5,data\raw\climate\chirps_v3\latam\monthly\chirps-v3.0.2010.09.tif,CHIRPS_V3_FINAL,RAIN,2010,9,,VALIDATED_LOCAL,EPSG:4326,1720,1900,"(0.050000000745, 0.0, -120.0, 0.0, -0.050000000745, 35.0, 0.0, 0.0, 1.0)",,float32
https://data.chc.ucsb.edu/products/CHIRPS/v3.0/monthly/latam/tifs/chirps-v3.0.2010.10.tif,LOCAL,,,7af9a630cb7ea85d7b5c66408ddb53b198c1a95f20085299dc1a2557cd9a52ee,data\raw\climate\chirps_v3\latam\monthly\chirps-v3.0.2010.10.tif,CHIRPS_V3_FINAL,RAIN,2010,10,,VALIDATED_LOCAL,EPSG:4326,1720,1900,"(0.050000000745, 0.0, -120.0, 0.0, -0.050000000745, 35.0, 0.0, 0.0, 1.0)",,float32
https://data.chc.ucsb.edu/products/CHIRPS/v3.0/monthly/latam/tifs/chirps-v3.0.2010.11.tif,LOCAL,,,cb1dd4ff7cecd9e419c3d7a2f817793e985e5ec6cfaa22a57a7afe96804e6b87,data\raw\climate\chirps_v3\latam\monthly\chirps-v3.0.2010.11.tif,CHIRPS_V3_FINAL,RAIN,2010,11,,VALIDATED_LOCAL,EPSG:4326,1720,1900,"(0.050000000745, 0.0, -120.0, 0.0, -0.050000000745, 35.0, 0.0, 0.0, 1.0)",,float32
https://data.chc.ucsb.edu/products/CHIRPS/v3.0/monthly/latam/tifs/chirps-v3.0.2010.12.tif,LOCAL,,,c5ddf0af607e6b980276e6768139ba8739cb20a725149875c0c8beab84334ded,data\raw\climate\chirps_v3\latam\monthly\chirps-v3.0.2010.12.tif,CHIRPS_V3_FINAL,RAIN,2010,12,,VALIDATED_LOCAL,EPSG:4326,1720,1900,"(0.050000000745, 0.0, -120.0, 0.0, -0.050000000745, 35.0, 0.0, 0.0, 1.0)",,float32
https://data.chc.ucsb.edu/products/CHIRPS/v3.0/monthly/latam/tifs/chirps-v3.0.2011.01.tif,LOCAL,,,aa9c63969c0c30ee7f05be6302b4adc54c563063c4f6276e663cc3f4ac3b4573,data\raw\climate\chirps_v3\latam\monthly\chirps-v3.0.2011.01.tif,CHIRPS_V3_FINAL,RAIN,2011,1,,VALIDATED_LOCAL,EPSG:4326,1720,1900,"(0.050000000745, 0.0, -120.0, 0.0, -0.050000000745, 35.0, 0.0, 0.0, 1.0)",,float32
https://data.chc.ucsb.edu/products/CHIRPS/v3.0/monthly/latam/tifs/chirps-v3.0.2011.02.tif,LOCAL,,,a03907c465d681bc6f741a8031b0d596da3ebe86c38c22f3a21634af250fc53e,data\raw\climate\chirps_v3\latam\monthly\chirps-v3.0.2011.02.tif,CHIRPS_V3_FINAL,RAIN,2011,2,,VALIDATED_LOCAL,EPSG:4326,1720,1900,"(0.050000000745, 0.0, -120.0, 0.0, -0.050000000745, 35.0, 0.0, 0.0, 1.0)",,float32
https://data.chc.ucsb.edu/products/CHIRPS/v3.0/monthly/latam/tifs/chirps-v3.0.2011.03.tif,LOCAL,,,0b0e0739d42dad73b0b5c7fe04ca475109762e6d967b1d0294789437b05c391b,data\raw\climate\chirps_v3\latam\monthly\chirps-v3.0.2011.03.tif,CHIRPS_V3_FINAL,RAIN,2011,3,,VALIDATED_LOCAL,EPSG:4326,1720,1900,"(0.050000000745, 0.0, -120.0, 0.0, -0.050000000745, 35.0, 0.0, 0.0, 1.0)",,float32
https://data.chc.ucsb.edu/products/CHIRPS/v3.0/monthly/latam/tifs/chirps-v3.0.2011.04.tif,LOCAL,,,4c81ed813fe1e49bb263fea3a094ffe6ad28ec578fcac9e4b8c3eca0d177d668,data\raw\climate\chirps_v3\latam\monthly\chirps-v3.0.2011.04.tif,CHIRPS_V3_FINAL,RAIN,2011,4,,VALIDATED_LOCAL,EPSG:4326,1720,1900,"(0.050000000745, 0.0, -120.0, 0.0, -0.050000000745, 35.0, 0.0, 0.0, 1.0)",,float32
https://data.chc.ucsb.edu/products/CHIRPS/v3.0/monthly/latam/tifs/chirps-v3.0.2011.05.tif,LOCAL,,,a0039484f3410f1137499703de73b682a896446570d6e467348f4eda9c16cb59,data\raw\climate\chirps_v3\latam\monthly\chirps-v3.0.2011.05.tif,CHIRPS_V3_FINAL,RAIN,2011,5,,VALIDATED_LOCAL,EPSG:4326,1720,1900,"(0.050000000745, 0.0, -120.0, 0.0, -0.050000000745, 35.0, 0.0, 0.0, 1.0)",,float32
https://data.chc.ucsb.edu/products/CHIRPS/v3.0/monthly/latam/tifs/chirps-v3.0.2011.06.tif,LOCAL,,,5075b1ab7f0b9dd01ae32ae8717077d4be9867a5a1ca69daa294bcc43049fa7d,data\raw\climate\chirps_v3\latam\monthly\chirps-v3.0.2011.06.tif,CHIRPS_V3_FINAL,RAIN,2011,6,,VALIDATED_LOCAL,EPSG:4326,1720,1900,"(0.050000000745, 0.0, -120.0, 0.0, -0.050000000745, 35.0, 0.0, 0.0, 1.0)",,float32
https://data.chc.ucsb.edu/products/CHIRPS/v3.0/monthly/latam/tifs/chirps-v3.0.2011.07.tif,LOCAL,,,12fd842cd4276c275e9fb37e82f2f0f98709b04309722fb1dcfc5d580b7b402e,data\raw\climate\chirps_v3\latam\monthly\chirps-v3.0.2011.07.tif,CHIRPS_V3_FINAL,RAIN,2011,7,,VALIDATED_LOCAL,EPSG:4326,1720,1900,"(0.050000000745, 0.0, -120.0, 0.0, -0.050000000745, 35.0, 0.0, 0.0, 1.0)",,float32
https://data.chc.ucsb.edu/products/CHIRPS/v3.0/monthly/latam/tifs/chirps-v3.0.2011.08.tif,LOCAL,,,b6b9ad95cd0b6ad69d28f422ad96177b19abee47dfbb399ad34895a421ac6ae5,data\raw\climate\chirps_v3\latam\monthly\chirps-v3.0.2011.08.tif,CHIRPS_V3_FINAL,RAIN,2011,8,,VALIDATED_LOCAL,EPSG:4326,1720,1900,"(0.050000000745, 0.0, -120.0, 0.0, -0.050000000745, 35.0, 0.0, 0.0, 1.0)",,float32
https://data.chc.ucsb.edu/products/CHIRPS/v3.0/monthly/latam/tifs/chirps-v3.0.2011.09.tif,LOCAL,,,983a35f00d79a98f940b21ce543163017e3ee80023fd7f5be1a85a3f27d006ec,data\raw\climate\chirps_v3\latam\monthly\chirps-v3.0.2011.09.tif,CHIRPS_V3_FINAL,RAIN,2011,9,,VALIDATED_LOCAL,EPSG:4326,1720,1900,"(0.050000000745, 0.0, -120.0, 0.0, -0.050000000745, 35.0, 0.0, 0.0, 1.0)",,float32
https://data.chc.ucsb.edu/products/CHIRPS/v3.0/monthly/latam/tifs/chirps-v3.0.2011.10.tif,LOCAL,,,de54e775d58e99ffbcba3eb8d45a4638e242effcfce80dcda20d0c062d090e24,data\raw\climate\chirps_v3\latam\monthly\chirps-v3.0.2011.10.tif,CHIRPS_V3_FINAL,RAIN,2011,10,,VALIDATED_LOCAL,EPSG:4326,1720,1900,"(0.050000000745, 0.0, -120.0, 0.0, -0.050000000745, 35.0, 0.0, 0.0, 1.0)",,float32
https://data.chc.ucsb.edu/products/CHIRPS/v3.0/monthly/latam/tifs/chirps-v3.0.2011.11.tif,LOCAL,,,fc86fb214a45eae9a4eb0cd7d21e792c7ddf5bc032a16dd698cc192c0e0be3ae,data\raw\climate\chirps_v3\latam\monthly\chirps-v3.0.2011.11.tif,CHIRPS_V3_FINAL,RAIN,2011,11,,VALIDATED_LOCAL,EPSG:4326,1720,1900,"(0.050000000745, 0.0, -120.0, 0.0, -0.050000000745, 35.0, 0.0, 0.0, 1.0)",,float32
https://data.chc.ucsb.edu/products/CHIRPS/v3.0/monthly/latam/tifs/chirps-v3.0.2011.12.tif,LOCAL,,,83bb43041f38799f6a4e8a197ce707f69db7a12d413267059cff94ae2591f18c,data\raw\climate\chirps_v3\latam\monthly\chirps-v3.0.2011.12.tif,CHIRPS_V3_FINAL,RAIN,2011,12,,VALIDATED_LOCAL,EPSG:4326,1720,1900,"(0.050000000745, 0.0, -120.0, 0.0, -0.050000000745, 35.0, 0.0, 0.0, 1.0)",,float32
https://data.chc.ucsb.edu/products/CHIRPS/v3.0/monthly/latam/tifs/chirps-v3.0.2012.01.tif,LOCAL,,,83bdb66d2f4303dac4c50a07db8ec1083850ed341a500deff6b9d60824556c1b,data\raw\climate\chirps_v3\latam\monthly\chirps-v3.0.2012.01.tif,CHIRPS_V3_FINAL,RAIN,2012,1,,VALIDATED_LOCAL,EPSG:4326,1720,1900,"(0.050000000745, 0.0, -120.0, 0.0, -0.050000000745, 35.0, 0.0, 0.0, 1.0)",,float32
https://data.chc.ucsb.edu/products/CHIRPS/v3.0/monthly/latam/tifs/chirps-v3.0.2012.02.tif,LOCAL,,,5c9a32c4fc85093082d1365d2f6e7a7ffa38c3d26fdfd70bffa3689ab9098a66,data\raw\climate\chirps_v3\latam\monthly\chirps-v3.0.2012.02.tif,CHIRPS_V3_FINAL,RAIN,2012,2,,VALIDATED_LOCAL,EPSG:4326,1720,1900,"(0.050000000745, 0.0, -120.0, 0.0, -0.050000000745, 35.0, 0.0, 0.0, 1.0)",,float32
https://data.chc.ucsb.edu/products/CHIRPS/v3.0/monthly/latam/tifs/chirps-v3.0.2012.03.tif,LOCAL,,,5f3c4bc9fbbe8b92f15d65526d75d8d0e9b4815f22c4d6a5e7ddac4a6bced54a,data\raw\climate\chirps_v3\latam\monthly\chirps-v3.0.2012.03.tif,CHIRPS_V3_FINAL,RAIN,2012,3,,VALIDATED_LOCAL,EPSG:4326,1720,1900,"(0.050000000745, 0.0, -120.0, 0.0, -0.050000000745, 35.0, 0.0, 0.0, 1.0)",,float32
https://data.chc.ucsb.edu/products/CHIRPS/v3.0/monthly/latam/tifs/chirps-v3.0.2012.04.tif,LOCAL,,,08ac2e13c59b03dfcc5924930de1bdb687bdf1bdd7dc9e09c9305d283c741f33,data\raw\climate\chirps_v3\latam\monthly\chirps-v3.0.2012.04.tif,CHIRPS_V3_FINAL,RAIN,2012,4,,VALIDATED_LOCAL,EPSG:4326,1720,1900,"(0.050000000745, 0.0, -120.0, 0.0, -0.050000000745, 35.0, 0.0, 0.0, 1.0)",,float32
https://data.chc.ucsb.edu/products/CHIRPS/v3.0/monthly/latam/tifs/chirps-v3.0.2012.05.tif,LOCAL,,,2e51133f9380404ac52f3f2645d346ee552aa9f4428419f0ba91091da5b5e683,data\raw\climate\chirps_v3\latam\monthly\chirps-v3.0.2012.05.tif,CHIRPS_V3_FINAL,RAIN,2012,5,,VALIDATED_LOCAL,EPSG:4326,1720,1900,"(0.050000000745, 0.0, -120.0, 0.0, -0.050000000745, 35.0, 0.0, 0.0, 1.0)",,float32
https://data.chc.ucsb.edu/products/CHIRPS/v3.0/monthly/latam/tifs/chirps-v3.0.2012.06.tif,LOCAL,,,f3540335d7fcf1dafca8f9bd3279415d5f8ee310769f003e860c009628563f0f,data\raw\climate\chirps_v3\latam\monthly\chirps-v3.0.2012.06.tif,CHIRPS_V3_FINAL,RAIN,2012,6,,VALIDATED_LOCAL,EPSG:4326,1720,1900,"(0.050000000745, 0.0, -120.0, 0.0, -0.050000000745, 35.0, 0.0, 0.0, 1.0)",,float32
https://data.chc.ucsb.edu/products/CHIRPS/v3.0/monthly/latam/tifs/chirps-v3.0.2012.07.tif,LOCAL,,,d3dde8e3695fcb7c530f6a89efb17d09dc30faa258a39379085fa055665c51a8,data\raw\climate\chirps_v3\latam\monthly\chirps-v3.0.2012.07.tif,CHIRPS_V3_FINAL,RAIN,2012,7,,VALIDATED_LOCAL,EPSG:4326,1720,1900,"(0.050000000745, 0.0, -120.0, 0.0, -0.050000000745, 35.0, 0.0, 0.0, 1.0)",,float32
https://data.chc.ucsb.edu/products/CHIRPS/v3.0/monthly/latam/tifs/chirps-v3.0.2012.08.tif,LOCAL,,,a284032557101460246c35192bc590455c966b664c39876ab2f3c4b6714bc8da,data\raw\climate\chirps_v3\latam\monthly\chirps-v3.0.2012.08.tif,CHIRPS_V3_FINAL,RAIN,2012,8,,VALIDATED_LOCAL,EPSG:4326,1720,1900,"(0.050000000745, 0.0, -120.0, 0.0, -0.050000000745, 35.0, 0.0, 0.0, 1.0)",,float32
https://data.chc.ucsb.edu/products/CHIRPS/v3.0/monthly/latam/tifs/chirps-v3.0.2012.09.tif,LOCAL,,,b21e3cdb29b34164fb3f991a39f1e3c205d8847d9d6453d2076584427d42ff4c,data\raw\climate\chirps_v3\latam\monthly\chirps-v3.0.2012.09.tif,CHIRPS_V3_FINAL,RAIN,2012,9,,VALIDATED_LOCAL,EPSG:4326,1720,1900,"(0.050000000745, 0.0, -120.0, 0.0, -0.050000000745, 35.0, 0.0, 0.0, 1.0)",,float32
https://data.chc.ucsb.edu/products/CHIRPS/v3.0/monthly/latam/tifs/chirps-v3.0.2012.10.tif,LOCAL,,,a08e0028b711d367511a63dbd2c0922ac9bf2b1338eb4381705e6600fba2e0d3,data\raw\climate\chirps_v3\latam\monthly\chirps-v3.0.2012.10.tif,CHIRPS_V3_FINAL,RAIN,2012,10,,VALIDATED_LOCAL,EPSG:4326,1720,1900,"(0.050000000745, 0.0, -120.0, 0.0, -0.050000000745, 35.0, 0.0, 0.0, 1.0)",,float32
https://data.chc.ucsb.edu/products/CHIRPS/v3.0/monthly/latam/tifs/chirps-v3.0.2012.11.tif,LOCAL,,,c0a447ab64de8d04bc690f4e45abd3e8d6b1dbb343e97bb42f1d22a4ade99069,data\raw\climate\chirps_v3\latam\monthly\chirps-v3.0.2012.11.tif,CHIRPS_V3_FINAL,RAIN,2012,11,,VALIDATED_LOCAL,EPSG:4326,1720,1900,"(0.050000000745, 0.0, -120.0, 0.0, -0.050000000745, 35.0, 0.0, 0.0, 1.0)",,float32
https://data.chc.ucsb.edu/products/CHIRPS/v3.0/monthly/latam/tifs/chirps-v3.0.2012.12.tif,LOCAL,,,62e9cf29f33b2100a98c654080635c22681c0dd64706d940a8faa275baa95df3,data\raw\climate\chirps_v3\latam\monthly\chirps-v3.0.2012.12.tif,CHIRPS_V3_FINAL,RAIN,2012,12,,VALIDATED_LOCAL,EPSG:4326,1720,1900,"(0.050000000745, 0.0, -120.0, 0.0, -0.050000000745, 35.0, 0.0, 0.0, 1.0)",,float32
https://data.chc.ucsb.edu/products/CHIRPS/v3.0/monthly/latam/tifs/chirps-v3.0.2013.01.tif,LOCAL,,,1fbd60a5e95073d55d1a5496a9c63ce6f755a5dd6e6095acb380db8c678a4ab1,data\raw\climate\chirps_v3\latam\monthly\chirps-v3.0.2013.01.tif,CHIRPS_V3_FINAL,RAIN,2013,1,,VALIDATED_LOCAL,EPSG:4326,1720,1900,"(0.050000000745, 0.0, -120.0, 0.0, -0.050000000745, 35.0, 0.0, 0.0, 1.0)",,float32
https://data.chc.ucsb.edu/products/CHIRPS/v3.0/monthly/latam/tifs/chirps-v3.0.2013.02.tif,LOCAL,,,4a54b951735294c5b7d76f2b4a618f3cd2884a5c879816906365a8e9892a9836,data\raw\climate\chirps_v3\latam\monthly\chirps-v3.0.2013.02.tif,CHIRPS_V3_FINAL,RAIN,2013,2,,VALIDATED_LOCAL,EPSG:4326,1720,1900,"(0.050000000745, 0.0, -120.0, 0.0, -0.050000000745, 35.0, 0.0, 0.0, 1.0)",,float32
https://data.chc.ucsb.edu/products/CHIRPS/v3.0/monthly/latam/tifs/chirps-v3.0.2013.03.tif,LOCAL,,,4620e6cac0f5dc9c4d0544ef69b12bbf470b5cf95f13a00a8e7038fcee2aba39,data\raw\climate\chirps_v3\latam\monthly\chirps-v3.0.2013.03.tif,CHIRPS_V3_FINAL,RAIN,2013,3,,VALIDATED_LOCAL,EPSG:4326,1720,1900,"(0.050000000745, 0.0, -120.0, 0.0, -0.050000000745, 35.0, 0.0, 0.0, 1.0)",,float32
https://data.chc.ucsb.edu/products/CHIRPS/v3.0/monthly/latam/tifs/chirps-v3.0.2013.04.tif,LOCAL,,,a10f798100d45242ae01041d24888136419e5d1bae755fe539139d443a3f2c16,data\raw\climate\chirps_v3\latam\monthly\chirps-v3.0.2013.04.tif,CHIRPS_V3_FINAL,RAIN,2013,4,,VALIDATED_LOCAL,EPSG:4326,1720,1900,"(0.050000000745, 0.0, -120.0, 0.0, -0.050000000745, 35.0, 0.0, 0.0, 1.0)",,float32
https://data.chc.ucsb.edu/products/CHIRPS/v3.0/monthly/latam/tifs/chirps-v3.0.2013.05.tif,LOCAL,,,a69d4409b7c3d09518fd5122afe2d23c019e938ed29b4f487d63d7de3e779f4b,data\raw\climate\chirps_v3\latam\monthly\chirps-v3.0.2013.05.tif,CHIRPS_V3_FINAL,RAIN,2013,5,,VALIDATED_LOCAL,EPSG:4326,1720,1900,"(0.050000000745, 0.0, -120.0, 0.0, -0.050000000745, 35.0, 0.0, 0.0, 1.0)",,float32
https://data.chc.ucsb.edu/products/CHIRPS/v3.0/monthly/latam/tifs/chirps-v3.0.2013.06.tif,LOCAL,,,c8c0d262da9a132b19c5c5fdf3e7a65798ee0336e66f152c27fe1e34c106ac9b,data\raw\climate\chirps_v3\latam\monthly\chirps-v3.0.2013.06.tif,CHIRPS_V3_FINAL,RAIN,2013,6,,VALIDATED_LOCAL,EPSG:4326,1720,1900,"(0.050000000745, 0.0, -120.0, 0.0, -0.050000000745, 35.0, 0.0, 0.0, 1.0)",,float32
https://data.chc.ucsb.edu/products/CHIRPS/v3.0/monthly/latam/tifs/chirps-v3.0.2013.07.tif,LOCAL,,,94c943337374ffb3b13907f483120b12fe0690e15019f169eb5d32d700571eb7,data\raw\climate\chirps_v3\latam\monthly\chirps-v3.0.2013.07.tif,CHIRPS_V3_FINAL,RAIN,2013,7,,VALIDATED_LOCAL,EPSG:4326,1720,1900,"(0.050000000745, 0.0, -120.0, 0.0, -0.050000000745, 35.0, 0.0, 0.0, 1.0)",,float32
https://data.chc.ucsb.edu/products/CHIRPS/v3.0/monthly/latam/tifs/chirps-v3.0.2013.08.tif,LOCAL,,,1d5c9bb662af77b936fd112aa772a4864beda76dfce8631f526203939acade1d,data\raw\climate\chirps_v3\latam\monthly\chirps-v3.0.2013.08.tif,CHIRPS_V3_FINAL,RAIN,2013,8,,VALIDATED_LOCAL,EPSG:4326,1720,1900,"(0.050000000745, 0.0, -120.0, 0.0, -0.050000000745, 35.0, 0.0, 0.0, 1.0)",,float32
https://data.chc.ucsb.edu/products/CHIRPS/v3.0/monthly/latam/tifs/chirps-v3.0.2013.09.tif,LOCAL,,,cd5ac3a0575d21b218483f8b71ebd216ae1a5d5e11be1c8c0939eefa238afc11,data\raw\climate\chirps_v3\latam\monthly\chirps-v3.0.2013.09.tif,CHIRPS_V3_FINAL,RAIN,2013,9,,VALIDATED_LOCAL,EPSG:4326,1720,1900,"(0.050000000745, 0.0, -120.0, 0.0, -0.050000000745, 35.0, 0.0, 0.0, 1.0)",,float32
https://data.chc.ucsb.edu/products/CHIRPS/v3.0/monthly/latam/tifs/chirps-v3.0.2013.10.tif,LOCAL,,,cd7bfc1b90ccd848a014ee6128f16d8bd1ad931072ba756d3b28339aab698ecf,data\raw\climate\chirps_v3\latam\monthly\chirps-v3.0.2013.10.tif,CHIRPS_V3_FINAL,RAIN,2013,10,,VALIDATED_LOCAL,EPSG:4326,1720,1900,"(0.050000000745, 0.0, -120.0, 0.0, -0.050000000745, 35.0, 0.0, 0.0, 1.0)",,float32
https://data.chc.ucsb.edu/products/CHIRPS/v3.0/monthly/latam/tifs/chirps-v3.0.2013.11.tif,LOCAL,,,d7e22d9c6668af12b743be7abb163abea0cfc84722a682a13e016223058ed603,data\raw\climate\chirps_v3\latam\monthly\chirps-v3.0.2013.11.tif,CHIRPS_V3_FINAL,RAIN,2013,11,,VALIDATED_LOCAL,EPSG:4326,1720,1900,"(0.050000000745, 0.0, -120.0, 0.0, -0.050000000745, 35.0, 0.0, 0.0, 1.0)",,float32
https://data.chc.ucsb.edu/products/CHIRPS/v3.0/monthly/latam/tifs/chirps-v3.0.2013.12.tif,LOCAL,,,abdb8ded4412b9edab9c5a4bcf969ff1ef3d21cdcfe6d6534095069bcafbe84d,data\raw\climate\chirps_v3\latam\monthly\chirps-v3.0.2013.12.tif,CHIRPS_V3_FINAL,RAIN,2013,12,,VALIDATED_LOCAL,EPSG:4326,1720,1900,"(0.050000000745, 0.0, -120.0, 0.0, -0.050000000745, 35.0, 0.0, 0.0, 1.0)",,float32
https://data.chc.ucsb.edu/products/CHIRPS/v3.0/monthly/latam/tifs/chirps-v3.0.2014.01.tif,LOCAL,,,4839b2726ce9fdbfc910c2f471e0a49b434d17fdce56f300da28a160eea92caf,data\raw\climate\chirps_v3\latam\monthly\chirps-v3.0.2014.01.tif,CHIRPS_V3_FINAL,RAIN,2014,1,,VALIDATED_LOCAL,EPSG:4326,1720,1900,"(0.050000000745, 0.0, -120.0, 0.0, -0.050000000745, 35.0, 0.0, 0.0, 1.0)",,float32
https://data.chc.ucsb.edu/products/CHIRPS/v3.0/monthly/latam/tifs/chirps-v3.0.2014.02.tif,LOCAL,,,197dc9c22dacd6a7109ba02d1def0b59691750b85263f49f17c80cdf2252b445,data\raw\climate\chirps_v3\latam\monthly\chirps-v3.0.2014.02.tif,CHIRPS_V3_FINAL,RAIN,2014,2,,VALIDATED_LOCAL,EPSG:4326,1720,1900,"(0.050000000745, 0.0, -120.0, 0.0, -0.050000000745, 35.0, 0.0, 0.0, 1.0)",,float32
https://data.chc.ucsb.edu/products/CHIRPS/v3.0/monthly/latam/tifs/chirps-v3.0.2014.03.tif,LOCAL,,,396f44a070f77620edc9024a1f674b5452b51c58d03136b23b99836ae1d8ae64,data\raw\climate\chirps_v3\latam\monthly\chirps-v3.0.2014.03.tif,CHIRPS_V3_FINAL,RAIN,2014,3,,VALIDATED_LOCAL,EPSG:4326,1720,1900,"(0.050000000745, 0.0, -120.0, 0.0, -0.050000000745, 35.0, 0.0, 0.0, 1.0)",,float32
https://data.chc.ucsb.edu/products/CHIRPS/v3.0/monthly/latam/tifs/chirps-v3.0.2014.04.tif,LOCAL,,,350719f535b8fe504820b0a6a62a0eb6175d74d63d67bf198503c19b7aa9207d,data\raw\climate\chirps_v3\latam\monthly\chirps-v3.0.2014.04.tif,CHIRPS_V3_FINAL,RAIN,2014,4,,VALIDATED_LOCAL,EPSG:4326,1720,1900,"(0.050000000745, 0.0, -120.0, 0.0, -0.050000000745, 35.0, 0.0, 0.0, 1.0)",,float32
https://data.chc.ucsb.edu/products/CHIRPS/v3.0/monthly/latam/tifs/chirps-v3.0.2014.05.tif,LOCAL,,,c1fb6467a6faff12b876f6bd7cf162ddbf29d100103842806ecc799469c18b7b,data\raw\climate\chirps_v3\latam\monthly\chirps-v3.0.2014.05.tif,CHIRPS_V3_FINAL,RAIN,2014,5,,VALIDATED_LOCAL,EPSG:4326,1720,1900,"(0.050000000745, 0.0, -120.0, 0.0, -0.050000000745, 35.0, 0.0, 0.0, 1.0)",,float32
https://data.chc.ucsb.edu/products/CHIRPS/v3.0/monthly/latam/tifs/chirps-v3.0.2014.06.tif,LOCAL,,,09622bc0c67caa01e50684e17ac2db9cbea52359f822918077fb4b600087efbb,data\raw\climate\chirps_v3\latam\monthly\chirps-v3.0.2014.06.tif,CHIRPS_V3_FINAL,RAIN,2014,6,,VALIDATED_LOCAL,EPSG:4326,1720,1900,"(0.050000000745, 0.0, -120.0, 0.0, -0.050000000745, 35.0, 0.0, 0.0, 1.0)",,float32
https://data.chc.ucsb.edu/products/CHIRPS/v3.0/monthly/latam/tifs/chirps-v3.0.2014.07.tif,LOCAL,,,227589e643baf202f012b6463cabcb6351c6bda04e42b2e874922e58daa14a16,data\raw\climate\chirps_v3\latam\monthly\chirps-v3.0.2014.07.tif,CHIRPS_V3_FINAL,RAIN,2014,7,,VALIDATED_LOCAL,EPSG:4326,1720,1900,"(0.050000000745, 0.0, -120.0, 0.0, -0.050000000745, 35.0, 0.0, 0.0, 1.0)",,float32
https://data.chc.ucsb.edu/products/CHIRPS/v3.0/monthly/latam/tifs/chirps-v3.0.2014.08.tif,LOCAL,,,c69b8a42fe4d40552273453b3aac9b5354af625d83be77a7819227eafb0c3dfd,data\raw\climate\chirps_v3\latam\monthly\chirps-v3.0.2014.08.tif,CHIRPS_V3_FINAL,RAIN,2014,8,,VALIDATED_LOCAL,EPSG:4326,1720,1900,"(0.050000000745, 0.0, -120.0, 0.0, -0.050000000745, 35.0, 0.0, 0.0, 1.0)",,float32
https://data.chc.ucsb.edu/products/CHIRPS/v3.0/monthly/latam/tifs/chirps-v3.0.2014.09.tif,LOCAL,,,ea0413658959fef729070790448c65808adc71ccd47da2f1788547f7f1071e6d,data\raw\climate\chirps_v3\latam\monthly\chirps-v3.0.2014.09.tif,CHIRPS_V3_FINAL,RAIN,2014,9,,VALIDATED_LOCAL,EPSG:4326,1720,1900,"(0.050000000745, 0.0, -120.0, 0.0, -0.050000000745, 35.0, 0.0, 0.0, 1.0)",,float32
https://data.chc.ucsb.edu/products/CHIRPS/v3.0/monthly/latam/tifs/chirps-v3.0.2014.10.tif,LOCAL,,,189c64bb58716ad270eb5557bdfeece406dd7d6718da3a668623f65845b50fe7,data\raw\climate\chirps_v3\latam\monthly\chirps-v3.0.2014.10.tif,CHIRPS_V3_FINAL,RAIN,2014,10,,VALIDATED_LOCAL,EPSG:4326,1720,1900,"(0.050000000745, 0.0, -120.0, 0.0, -0.050000000745, 35.0, 0.0, 0.0, 1.0)",,float32
https://data.chc.ucsb.edu/products/CHIRPS/v3.0/monthly/latam/tifs/chirps-v3.0.2014.11.tif,LOCAL,,,c6658a254d9ca01d058ba7bfdd77cca82d250fd0f3ff39c60fa50ae949f1ec2a,data\raw\climate\chirps_v3\latam\monthly\chirps-v3.0.2014.11.tif,CHIRPS_V3_FINAL,RAIN,2014,11,,VALIDATED_LOCAL,EPSG:4326,1720,1900,"(0.050000000745, 0.0, -120.0, 0.0, -0.050000000745, 35.0, 0.0, 0.0, 1.0)",,float32
https://data.chc.ucsb.edu/products/CHIRPS/v3.0/monthly/latam/tifs/chirps-v3.0.2014.12.tif,LOCAL,,,dc7a7ce3badb83514ab8058607622d80235b9e4f79e02f0fb470d8b9e9b7d2af,data\raw\climate\chirps_v3\latam\monthly\chirps-v3.0.2014.12.tif,CHIRPS_V3_FINAL,RAIN,2014,12,,VALIDATED_LOCAL,EPSG:4326,1720,1900,"(0.050000000745, 0.0, -120.0, 0.0, -0.050000000745, 35.0, 0.0, 0.0, 1.0)",,float32
https://data.chc.ucsb.edu/products/CHIRPS/v3.0/monthly/latam/tifs/chirps-v3.0.2015.01.tif,LOCAL,,,4b089918a9d913fb5a5cf44e93a41a1eaa706c19bbc4a0692344a6966b925e29,data\raw\climate\chirps_v3\latam\monthly\chirps-v3.0.2015.01.tif,CHIRPS_V3_FINAL,RAIN,2015,1,,VALIDATED_LOCAL,EPSG:4326,1720,1900,"(0.050000000745, 0.0, -120.0, 0.0, -0.050000000745, 35.0, 0.0, 0.0, 1.0)",,float32
https://data.chc.ucsb.edu/products/CHIRPS/v3.0/monthly/latam/tifs/chirps-v3.0.2015.02.tif,LOCAL,,,02a013909efe6f5d07fa43157e5eacd2967ba60227b5da30120b476ab96e0251,data\raw\climate\chirps_v3\latam\monthly\chirps-v3.0.2015.02.tif,CHIRPS_V3_FINAL,RAIN,2015,2,,VALIDATED_LOCAL,EPSG:4326,1720,1900,"(0.050000000745, 0.0, -120.0, 0.0, -0.050000000745, 35.0, 0.0, 0.0, 1.0)",,float32
https://data.chc.ucsb.edu/products/CHIRPS/v3.0/monthly/latam/tifs/chirps-v3.0.2015.03.tif,LOCAL,,,438fbc63ebe8a4397747bbbaaba528c512628f1c07048e55e664c50657258952,data\raw\climate\chirps_v3\latam\monthly\chirps-v3.0.2015.03.tif,CHIRPS_V3_FINAL,RAIN,2015,3,,VALIDATED_LOCAL,EPSG:4326,1720,1900,"(0.050000000745, 0.0, -120.0, 0.0, -0.050000000745, 35.0, 0.0, 0.0, 1.0)",,float32
https://data.chc.ucsb.edu/products/CHIRPS/v3.0/monthly/latam/tifs/chirps-v3.0.2015.04.tif,LOCAL,,,80316dbffbb9b0b918b6b70bc0607225298290aa14cb8b4faabbab13f099def9,data\raw\climate\chirps_v3\latam\monthly\chirps-v3.0.2015.04.tif,CHIRPS_V3_FINAL,RAIN,2015,4,,VALIDATED_LOCAL,EPSG:4326,1720,1900,"(0.050000000745, 0.0, -120.0, 0.0, -0.050000000745, 35.0, 0.0, 0.0, 1.0)",,float32
https://data.chc.ucsb.edu/products/CHIRPS/v3.0/monthly/latam/tifs/chirps-v3.0.2015.05.tif,LOCAL,,,10e5607786c9b0f4896c0c57ee9497c3134aed258413b58b461dbdee22a0943e,data\raw\climate\chirps_v3\latam\monthly\chirps-v3.0.2015.05.tif,CHIRPS_V3_FINAL,RAIN,2015,5,,VALIDATED_LOCAL,EPSG:4326,1720,1900,"(0.050000000745, 0.0, -120.0, 0.0, -0.050000000745, 35.0, 0.0, 0.0, 1.0)",,float32
https://data.chc.ucsb.edu/products/CHIRPS/v3.0/monthly/latam/tifs/chirps-v3.0.2015.06.tif,LOCAL,,,5e3640095795d15478fa31afe9e52d44becf0417dc9098b3142601b9d90d688a,data\raw\climate\chirps_v3\latam\monthly\chirps-v3.0.2015.06.tif,CHIRPS_V3_FINAL,RAIN,2015,6,,VALIDATED_LOCAL,EPSG:4326,1720,1900,"(0.050000000745, 0.0, -120.0, 0.0, -0.050000000745, 35.0, 0.0, 0.0, 1.0)",,float32
https://data.chc.ucsb.edu/products/CHIRPS/v3.0/monthly/latam/tifs/chirps-v3.0.2015.07.tif,LOCAL,,,2b7ec269d506a75c1a00a6acae049b12de072deabf90f7fd27fcf25da331b3e7,data\raw\climate\chirps_v3\latam\monthly\chirps-v3.0.2015.07.tif,CHIRPS_V3_FINAL,RAIN,2015,7,,VALIDATED_LOCAL,EPSG:4326,1720,1900,"(0.050000000745, 0.0, -120.0, 0.0, -0.050000000745, 35.0, 0.0, 0.0, 1.0)",,float32
https://data.chc.ucsb.edu/products/CHIRPS/v3.0/monthly/latam/tifs/chirps-v3.0.2015.08.tif,LOCAL,,,14ff8ea36dad9a4388c308094077f17523da6288ceb2060beb11f661d5b048b9,data\raw\climate\chirps_v3\latam\monthly\chirps-v3.0.2015.08.tif,CHIRPS_V3_FINAL,RAIN,2015,8,,VALIDATED_LOCAL,EPSG:4326,1720,1900,"(0.050000000745, 0.0, -120.0, 0.0, -0.050000000745, 35.0, 0.0, 0.0, 1.0)",,float32
https://data.chc.ucsb.edu/products/CHIRPS/v3.0/monthly/latam/tifs/chirps-v3.0.2015.09.tif,LOCAL,,,676786c7ccb95f5cc0443225b36e1e9f56559e0188eba05f833e99f58a496389,data\raw\climate\chirps_v3\latam\monthly\chirps-v3.0.2015.09.tif,CHIRPS_V3_FINAL,RAIN,2015,9,,VALIDATED_LOCAL,EPSG:4326,1720,1900,"(0.050000000745, 0.0, -120.0, 0.0, -0.050000000745, 35.0, 0.0, 0.0, 1.0)",,float32
https://data.chc.ucsb.edu/products/CHIRPS/v3.0/monthly/latam/tifs/chirps-v3.0.2015.10.tif,LOCAL,,,dc9162284c7cdb705db7345a4383ee2e6695f99240ca6e8340f3f47ca3b11c5a,data\raw\climate\chirps_v3\latam\monthly\chirps-v3.0.2015.10.tif,CHIRPS_V3_FINAL,RAIN,2015,10,,VALIDATED_LOCAL,EPSG:4326,1720,1900,"(0.050000000745, 0.0, -120.0, 0.0, -0.050000000745, 35.0, 0.0, 0.0, 1.0)",,float32
https://data.chc.ucsb.edu/products/CHIRPS/v3.0/monthly/latam/tifs/chirps-v3.0.2015.11.tif,LOCAL,,,a018eea75375952dabc0240286619136338f03956b951dc3e7a29f38a8918f38,data\raw\climate\chirps_v3\latam\monthly\chirps-v3.0.2015.11.tif,CHIRPS_V3_FINAL,RAIN,2015,11,,VALIDATED_LOCAL,EPSG:4326,1720,1900,"(0.050000000745, 0.0, -120.0, 0.0, -0.050000000745, 35.0, 0.0, 0.0, 1.0)",,float32
https://data.chc.ucsb.edu/products/CHIRPS/v3.0/monthly/latam/tifs/chirps-v3.0.2015.12.tif,LOCAL,,,9c3c645812e6fa9b5f98a8cddc5c2056d2ffc4a66fcabc0010610bb6d4064390,data\raw\climate\chirps_v3\latam\monthly\chirps-v3.0.2015.12.tif,CHIRPS_V3_FINAL,RAIN,2015,12,,VALIDATED_LOCAL,EPSG:4326,1720,1900,"(0.050000000745, 0.0, -120.0, 0.0, -0.050000000745, 35.0, 0.0, 0.0, 1.0)",,float32
https://data.chc.ucsb.edu/products/CHIRPS/v3.0/monthly/latam/tifs/chirps-v3.0.2016.01.tif,LOCAL,,,65d5327a2dbdb24a5f09822cea38d0d22468f4dac5fa3878eb5e0e379e4e5c38,data\raw\climate\chirps_v3\latam\monthly\chirps-v3.0.2016.01.tif,CHIRPS_V3_FINAL,RAIN,2016,1,,VALIDATED_LOCAL,EPSG:4326,1720,1900,"(0.050000000745, 0.0, -120.0, 0.0, -0.050000000745, 35.0, 0.0, 0.0, 1.0)",,float32
https://data.chc.ucsb.edu/products/CHIRPS/v3.0/monthly/latam/tifs/chirps-v3.0.2016.02.tif,LOCAL,,,6e831c36eef73a18cef9549f7ca394cf22dcdbc625788b3dd4f3b3724e9f9653,data\raw\climate\chirps_v3\latam\monthly\chirps-v3.0.2016.02.tif,CHIRPS_V3_FINAL,RAIN,2016,2,,VALIDATED_LOCAL,EPSG:4326,1720,1900,"(0.050000000745, 0.0, -120.0, 0.0, -0.050000000745, 35.0, 0.0, 0.0, 1.0)",,float32
https://data.chc.ucsb.edu/products/CHIRPS/v3.0/monthly/latam/tifs/chirps-v3.0.2016.03.tif,LOCAL,,,9476fe6de843144e9cc67f8fdc6313ec645cbc295cd9a2949f29c01dff83bf91,data\raw\climate\chirps_v3\latam\monthly\chirps-v3.0.2016.03.tif,CHIRPS_V3_FINAL,RAIN,2016,3,,VALIDATED_LOCAL,EPSG:4326,1720,1900,"(0.050000000745, 0.0, -120.0, 0.0, -0.050000000745, 35.0, 0.0, 0.0, 1.0)",,float32
https://data.chc.ucsb.edu/products/CHIRPS/v3.0/monthly/latam/tifs/chirps-v3.0.2016.04.tif,LOCAL,,,5d82fb48b8cf09fdc247973c4892e8a4b4e5303c621d47524c18601b02a4b48d,data\raw\climate\chirps_v3\latam\monthly\chirps-v3.0.2016.04.tif,CHIRPS_V3_FINAL,RAIN,2016,4,,VALIDATED_LOCAL,EPSG:4326,1720,1900,"(0.050000000745, 0.0, -120.0, 0.0, -0.050000000745, 35.0, 0.0, 0.0, 1.0)",,float32
https://data.chc.ucsb.edu/products/CHIRPS/v3.0/monthly/latam/tifs/chirps-v3.0.2016.05.tif,LOCAL,,,15da492c68f59b3be8f73402eb204c087d87b6fcdee382b5647b6d6aa80a7d9d,data\raw\climate\chirps_v3\latam\monthly\chirps-v3.0.2016.05.tif,CHIRPS_V3_FINAL,RAIN,2016,5,,VALIDATED_LOCAL,EPSG:4326,1720,1900,"(0.050000000745, 0.0, -120.0, 0.0, -0.050000000745, 35.0, 0.0, 0.0, 1.0)",,float32
https://data.chc.ucsb.edu/products/CHIRPS/v3.0/monthly/latam/tifs/chirps-v3.0.2016.06.tif,LOCAL,,,fe31282a5601da6c329137be78ddfa9c2884bea161ad90314040b5d57ac92129,data\raw\climate\chirps_v3\latam\monthly\chirps-v3.0.2016.06.tif,CHIRPS_V3_FINAL,RAIN,2016,6,,VALIDATED_LOCAL,EPSG:4326,1720,1900,"(0.050000000745, 0.0, -120.0, 0.0, -0.050000000745, 35.0, 0.0, 0.0, 1.0)",,float32
https://data.chc.ucsb.edu/products/CHIRPS/v3.0/monthly/latam/tifs/chirps-v3.0.2016.07.tif,LOCAL,,,214dd5240f208cd871affe77c4ae6fc773254c621ac3b15d651d1ac84505544d,data\raw\climate\chirps_v3\latam\monthly\chirps-v3.0.2016.07.tif,CHIRPS_V3_FINAL,RAIN,2016,7,,VALIDATED_LOCAL,EPSG:4326,1720,1900,"(0.050000000745, 0.0, -120.0, 0.0, -0.050000000745, 35.0, 0.0, 0.0, 1.0)",,float32
https://data.chc.ucsb.edu/products/CHIRPS/v3.0/monthly/latam/tifs/chirps-v3.0.2016.08.tif,LOCAL,,,df5c2872d62e1507cd23948d4ae1a2ed8f88d8bccde7b7cc72e4bf2b1ebc883f,data\raw\climate\chirps_v3\latam\monthly\chirps-v3.0.2016.08.tif,CHIRPS_V3_FINAL,RAIN,2016,8,,VALIDATED_LOCAL,EPSG:4326,1720,1900,"(0.050000000745, 0.0, -120.0, 0.0, -0.050000000745, 35.0, 0.0, 0.0, 1.0)",,float32
https://data.chc.ucsb.edu/products/CHIRPS/v3.0/monthly/latam/tifs/chirps-v3.0.2016.09.tif,LOCAL,,,b864751eba7e764db71487315c72de853fa29f1c08631cacb6b3c47339758519,data\raw\climate\chirps_v3\latam\monthly\chirps-v3.0.2016.09.tif,CHIRPS_V3_FINAL,RAIN,2016,9,,VALIDATED_LOCAL,EPSG:4326,1720,1900,"(0.050000000745, 0.0, -120.0, 0.0, -0.050000000745, 35.0, 0.0, 0.0, 1.0)",,float32
https://data.chc.ucsb.edu/products/CHIRPS/v3.0/monthly/latam/tifs/chirps-v3.0.2016.10.tif,LOCAL,,,ac3670d78b5e7aaaf998110423803472e8e3c6a86906493f63202f3b166c507d,data\raw\climate\chirps_v3\latam\monthly\chirps-v3.0.2016.10.tif,CHIRPS_V3_FINAL,RAIN,2016,10,,VALIDATED_LOCAL,EPSG:4326,1720,1900,"(0.050000000745, 0.0, -120.0, 0.0, -0.050000000745, 35.0, 0.0, 0.0, 1.0)",,float32
https://data.chc.ucsb.edu/products/CHIRPS/v3.0/monthly/latam/tifs/chirps-v3.0.2016.11.tif,LOCAL,,,e3c6acc6ae77c37646cdc51e5c85857a2fddb64d9d323ce4e55867942638d42f,data\raw\climate\chirps_v3\latam\monthly\chirps-v3.0.2016.11.tif,CHIRPS_V3_FINAL,RAIN,2016,11,,VALIDATED_LOCAL,EPSG:4326,1720,1900,"(0.050000000745, 0.0, -120.0, 0.0, -0.050000000745, 35.0, 0.0, 0.0, 1.0)",,float32
https://data.chc.ucsb.edu/products/CHIRPS/v3.0/monthly/latam/tifs/chirps-v3.0.2016.12.tif,LOCAL,,,f451ca2606d7a225203c51732d9c6f575aa18aa4a7b5e8207f603661c001737a,data\raw\climate\chirps_v3\latam\monthly\chirps-v3.0.2016.12.tif,CHIRPS_V3_FINAL,RAIN,2016,12,,VALIDATED_LOCAL,EPSG:4326,1720,1900,"(0.050000000745, 0.0, -120.0, 0.0, -0.050000000745, 35.0, 0.0, 0.0, 1.0)",,float32
https://data.chc.ucsb.edu/products/CHIRPS/v3.0/monthly/latam/tifs/chirps-v3.0.2017.01.tif,LOCAL,,,8b6afd953b6299d81f35495f43cacd2683acafce49102c820ba6503d8539a2e0,data\raw\climate\chirps_v3\latam\monthly\chirps-v3.0.2017.01.tif,CHIRPS_V3_FINAL,RAIN,2017,1,,VALIDATED_LOCAL,EPSG:4326,1720,1900,"(0.050000000745, 0.0, -120.0, 0.0, -0.050000000745, 35.0, 0.0, 0.0, 1.0)",,float32
https://data.chc.ucsb.edu/products/CHIRPS/v3.0/monthly/latam/tifs/chirps-v3.0.2017.02.tif,LOCAL,,,431225eec1a5405545e39338d5f0c32a8aab00086cede7062073bc25402eb4df,data\raw\climate\chirps_v3\latam\monthly\chirps-v3.0.2017.02.tif,CHIRPS_V3_FINAL,RAIN,2017,2,,VALIDATED_LOCAL,EPSG:4326,1720,1900,"(0.050000000745, 0.0, -120.0, 0.0, -0.050000000745, 35.0, 0.0, 0.0, 1.0)",,float32
https://data.chc.ucsb.edu/products/CHIRPS/v3.0/monthly/latam/tifs/chirps-v3.0.2017.03.tif,LOCAL,,,6b54f365dff7fe40106d40e24110b318869a9b06764cdf1d028cfc7f204ddbaa,data\raw\climate\chirps_v3\latam\monthly\chirps-v3.0.2017.03.tif,CHIRPS_V3_FINAL,RAIN,2017,3,,VALIDATED_LOCAL,EPSG:4326,1720,1900,"(0.050000000745, 0.0, -120.0, 0.0, -0.050000000745, 35.0, 0.0, 0.0, 1.0)",,float32
https://data.chc.ucsb.edu/products/CHIRPS/v3.0/monthly/latam/tifs/chirps-v3.0.2017.04.tif,LOCAL,,,5ed2195cba661bf696b096923e19260ea296a2529738b2daa3bec248a36d2e51,data\raw\climate\chirps_v3\latam\monthly\chirps-v3.0.2017.04.tif,CHIRPS_V3_FINAL,RAIN,2017,4,,VALIDATED_LOCAL,EPSG:4326,1720,1900,"(0.050000000745, 0.0, -120.0, 0.0, -0.050000000745, 35.0, 0.0, 0.0, 1.0)",,float32
https://data.chc.ucsb.edu/products/CHIRPS/v3.0/monthly/latam/tifs/chirps-v3.0.2017.05.tif,LOCAL,,,f607828162320ac85112c597711cdbdd246d1cc618ce2073ad2043c6533b6847,data\raw\climate\chirps_v3\latam\monthly\chirps-v3.0.2017.05.tif,CHIRPS_V3_FINAL,RAIN,2017,5,,VALIDATED_LOCAL,EPSG:4326,1720,1900,"(0.050000000745, 0.0, -120.0, 0.0, -0.050000000745, 35.0, 0.0, 0.0, 1.0)",,float32
https://data.chc.ucsb.edu/products/CHIRPS/v3.0/monthly/latam/tifs/chirps-v3.0.2017.06.tif,LOCAL,,,f3248ab4da353a853143fb2031d74302e4231376a5347bba0f6e9651cd589571,data\raw\climate\chirps_v3\latam\monthly\chirps-v3.0.2017.06.tif,CHIRPS_V3_FINAL,RAIN,2017,6,,VALIDATED_LOCAL,EPSG:4326,1720,1900,"(0.050000000745, 0.0, -120.0, 0.0, -0.050000000745, 35.0, 0.0, 0.0, 1.0)",,float32
https://data.chc.ucsb.edu/products/CHIRPS/v3.0/monthly/latam/tifs/chirps-v3.0.2017.07.tif,LOCAL,,,54ad0d23eba48648011b04abce2c4877df37ed7c2e64c4f711bf33f04de66f29,data\raw\climate\chirps_v3\latam\monthly\chirps-v3.0.2017.07.tif,CHIRPS_V3_FINAL,RAIN,2017,7,,VALIDATED_LOCAL,EPSG:4326,1720,1900,"(0.050000000745, 0.0, -120.0, 0.0, -0.050000000745, 35.0, 0.0, 0.0, 1.0)",,float32
https://data.chc.ucsb.edu/products/CHIRPS/v3.0/monthly/latam/tifs/chirps-v3.0.2017.08.tif,LOCAL,,,d909b9b6b9a623d1fa1c9d16ea2d2483afddee6517229b6aeeefd17bab909dd5,data\raw\climate\chirps_v3\latam\monthly\chirps-v3.0.2017.08.tif,CHIRPS_V3_FINAL,RAIN,2017,8,,VALIDATED_LOCAL,EPSG:4326,1720,1900,"(0.050000000745, 0.0, -120.0, 0.0, -0.050000000745, 35.0, 0.0, 0.0, 1.0)",,float32
https://data.chc.ucsb.edu/products/CHIRPS/v3.0/monthly/latam/tifs/chirps-v3.0.2017.09.tif,LOCAL,,,6a733724b80ed9d2e40e06787f6270f7829a07d351e4d85d037744f4f2665044,data\raw\climate\chirps_v3\latam\monthly\chirps-v3.0.2017.09.tif,CHIRPS_V3_FINAL,RAIN,2017,9,,VALIDATED_LOCAL,EPSG:4326,1720,1900,"(0.050000000745, 0.0, -120.0, 0.0, -0.050000000745, 35.0, 0.0, 0.0, 1.0)",,float32
https://data.chc.ucsb.edu/products/CHIRPS/v3.0/monthly/latam/tifs/chirps-v3.0.2017.10.tif,LOCAL,,,4ce27e335a84b02abcbd01045bd0d5ce3b7c4cc8661f468276bb2a6e57145a25,data\raw\climate\chirps_v3\latam\monthly\chirps-v3.0.2017.10.tif,CHIRPS_V3_FINAL,RAIN,2017,10,,VALIDATED_LOCAL,EPSG:4326,1720,1900,"(0.050000000745, 0.0, -120.0, 0.0, -0.050000000745, 35.0, 0.0, 0.0, 1.0)",,float32
https://data.chc.ucsb.edu/products/CHIRPS/v3.0/monthly/latam/tifs/chirps-v3.0.2017.11.tif,LOCAL,,,982090ade194da9258a0f5945550a40795dbef76e7a3503bc54947dcfa89ee89,data\raw\climate\chirps_v3\latam\monthly\chirps-v3.0.2017.11.tif,CHIRPS_V3_FINAL,RAIN,2017,11,,VALIDATED_LOCAL,EPSG:4326,1720,1900,"(0.050000000745, 0.0, -120.0, 0.0, -0.050000000745, 35.0, 0.0, 0.0, 1.0)",,float32
https://data.chc.ucsb.edu/products/CHIRPS/v3.0/monthly/latam/tifs/chirps-v3.0.2017.12.tif,LOCAL,,,be222df333bcf6ec9260b91ebc29d89a8327a94f5ddce784ba113c531926de5a,data\raw\climate\chirps_v3\latam\monthly\chirps-v3.0.2017.12.tif,CHIRPS_V3_FINAL,RAIN,2017,12,,VALIDATED_LOCAL,EPSG:4326,1720,1900,"(0.050000000745, 0.0, -120.0, 0.0, -0.050000000745, 35.0, 0.0, 0.0, 1.0)",,float32
https://data.chc.ucsb.edu/products/CHIRPS/v3.0/monthly/latam/tifs/chirps-v3.0.2018.01.tif,LOCAL,,,4cfb52d5cb8925bbb666c093ea218d26190c9bd3304677bf93450723343fd7e7,data\raw\climate\chirps_v3\latam\monthly\chirps-v3.0.2018.01.tif,CHIRPS_V3_FINAL,RAIN,2018,1,,VALIDATED_LOCAL,EPSG:4326,1720,1900,"(0.050000000745, 0.0, -120.0, 0.0, -0.050000000745, 35.0, 0.0, 0.0, 1.0)",,float32
https://data.chc.ucsb.edu/products/CHIRPS/v3.0/monthly/latam/tifs/chirps-v3.0.2018.02.tif,LOCAL,,,c8de7e2892f87bd679aee006df03d01da6e811c80cd7c3ac6faceb93e913c12b,data\raw\climate\chirps_v3\latam\monthly\chirps-v3.0.2018.02.tif,CHIRPS_V3_FINAL,RAIN,2018,2,,VALIDATED_LOCAL,EPSG:4326,1720,1900,"(0.050000000745, 0.0, -120.0, 0.0, -0.050000000745, 35.0, 0.0, 0.0, 1.0)",,float32
https://data.chc.ucsb.edu/products/CHIRPS/v3.0/monthly/latam/tifs/chirps-v3.0.2018.03.tif,LOCAL,,,46e48b6481e5c243d399c1c98e02ffc0d49dade256c050b504d1a36b3b867d15,data\raw\climate\chirps_v3\latam\monthly\chirps-v3.0.2018.03.tif,CHIRPS_V3_FINAL,RAIN,2018,3,,VALIDATED_LOCAL,EPSG:4326,1720,1900,"(0.050000000745, 0.0, -120.0, 0.0, -0.050000000745, 35.0, 0.0, 0.0, 1.0)",,float32
https://data.chc.ucsb.edu/products/CHIRPS/v3.0/monthly/latam/tifs/chirps-v3.0.2018.04.tif,LOCAL,,,abd0813e405254c0d5a75c35470b77c34fc01ac2421ea60edaadee1adb7586f0,data\raw\climate\chirps_v3\latam\monthly\chirps-v3.0.2018.04.tif,CHIRPS_V3_FINAL,RAIN,2018,4,,VALIDATED_LOCAL,EPSG:4326,1720,1900,"(0.050000000745, 0.0, -120.0, 0.0, -0.050000000745, 35.0, 0.0, 0.0, 1.0)",,float32
https://data.chc.ucsb.edu/products/CHIRPS/v3.0/monthly/latam/tifs/chirps-v3.0.2018.05.tif,LOCAL,,,e1f6a2c42615d009d88303df2673b88175957b474ee4d27cb356d44611a77e90,data\raw\climate\chirps_v3\latam\monthly\chirps-v3.0.2018.05.tif,CHIRPS_V3_FINAL,RAIN,2018,5,,VALIDATED_LOCAL,EPSG:4326,1720,1900,"(0.050000000745, 0.0, -120.0, 0.0, -0.050000000745, 35.0, 0.0, 0.0, 1.0)",,float32
https://data.chc.ucsb.edu/products/CHIRPS/v3.0/monthly/latam/tifs/chirps-v3.0.2018.06.tif,LOCAL,,,f793133a27a319900016eceb0ea11773c37bc323304acfbd297d889ad1ab1c68,data\raw\climate\chirps_v3\latam\monthly\chirps-v3.0.2018.06.tif,CHIRPS_V3_FINAL,RAIN,2018,6,,VALIDATED_LOCAL,EPSG:4326,1720,1900,"(0.050000000745, 0.0, -120.0, 0.0, -0.050000000745, 35.0, 0.0, 0.0, 1.0)",,float32
https://data.chc.ucsb.edu/products/CHIRPS/v3.0/monthly/latam/tifs/chirps-v3.0.2018.07.tif,LOCAL,,,51535b9b6074916cdec63c55bd0f2977c52003fcd96c0754efa3366691b591b2,data\raw\climate\chirps_v3\latam\monthly\chirps-v3.0.2018.07.tif,CHIRPS_V3_FINAL,RAIN,2018,7,,VALIDATED_LOCAL,EPSG:4326,1720,1900,"(0.050000000745, 0.0, -120.0, 0.0, -0.050000000745, 35.0, 0.0, 0.0, 1.0)",,float32
https://data.chc.ucsb.edu/products/CHIRPS/v3.0/monthly/latam/tifs/chirps-v3.0.2018.08.tif,LOCAL,,,488c1c4a14c160b9d84735a42c13c374007f97df5183d36d7451644bb3a4a538,data\raw\climate\chirps_v3\latam\monthly\chirps-v3.0.2018.08.tif,CHIRPS_V3_FINAL,RAIN,2018,8,,VALIDATED_LOCAL,EPSG:4326,1720,1900,"(0.050000000745, 0.0, -120.0, 0.0, -0.050000000745, 35.0, 0.0, 0.0, 1.0)",,float32
https://data.chc.ucsb.edu/products/CHIRPS/v3.0/monthly/latam/tifs/chirps-v3.0.2018.09.tif,LOCAL,,,9977a3725dbdf4859cfc649b1b13a091c83b936f6e4ac1d7a9a66e1c66168795,data\raw\climate\chirps_v3\latam\monthly\chirps-v3.0.2018.09.tif,CHIRPS_V3_FINAL,RAIN,2018,9,,VALIDATED_LOCAL,EPSG:4326,1720,1900,"(0.050000000745, 0.0, -120.0, 0.0, -0.050000000745, 35.0, 0.0, 0.0, 1.0)",,float32
https://data.chc.ucsb.edu/products/CHIRPS/v3.0/monthly/latam/tifs/chirps-v3.0.2018.10.tif,LOCAL,,,b8332d850b0c052c54b778d201791d8197ba621603f802978a3a810c996a2805,data\raw\climate\chirps_v3\latam\monthly\chirps-v3.0.2018.10.tif,CHIRPS_V3_FINAL,RAIN,2018,10,,VALIDATED_LOCAL,EPSG:4326,1720,1900,"(0.050000000745, 0.0, -120.0, 0.0, -0.050000000745, 35.0, 0.0, 0.0, 1.0)",,float32
https://data.chc.ucsb.edu/products/CHIRPS/v3.0/monthly/latam/tifs/chirps-v3.0.2018.11.tif,LOCAL,,,063c9f3bb9da471c8a1f0d8e62d14236925120dcbbddb319901dada245e610c8,data\raw\climate\chirps_v3\latam\monthly\chirps-v3.0.2018.11.tif,CHIRPS_V3_FINAL,RAIN,2018,11,,VALIDATED_LOCAL,EPSG:4326,1720,1900,"(0.050000000745, 0.0, -120.0, 0.0, -0.050000000745, 35.0, 0.0, 0.0, 1.0)",,float32
https://data.chc.ucsb.edu/products/CHIRPS/v3.0/monthly/latam/tifs/chirps-v3.0.2018.12.tif,LOCAL,,,dce2611920a7152412501dd03fd0983230d631d38026356ba0b98839f7d5389d,data\raw\climate\chirps_v3\latam\monthly\chirps-v3.0.2018.12.tif,CHIRPS_V3_FINAL,RAIN,2018,12,,VALIDATED_LOCAL,EPSG:4326,1720,1900,"(0.050000000745, 0.0, -120.0, 0.0, -0.050000000745, 35.0, 0.0, 0.0, 1.0)",,float32
https://data.chc.ucsb.edu/products/CHIRPS/v3.0/monthly/latam/tifs/chirps-v3.0.2019.01.tif,LOCAL,,,580c461c95fb21b7943a882cce2d8ed81fbde08bf321788356e7b6d7fcdbb0b9,data\raw\climate\chirps_v3\latam\monthly\chirps-v3.0.2019.01.tif,CHIRPS_V3_FINAL,RAIN,2019,1,,VALIDATED_LOCAL,EPSG:4326,1720,1900,"(0.050000000745, 0.0, -120.0, 0.0, -0.050000000745, 35.0, 0.0, 0.0, 1.0)",,float32
https://data.chc.ucsb.edu/products/CHIRPS/v3.0/monthly/latam/tifs/chirps-v3.0.2019.02.tif,LOCAL,,,55ab02c75a84eb7407e3bfac260dc56c5ac6637f61f50d3406ec222ed6ec614d,data\raw\climate\chirps_v3\latam\monthly\chirps-v3.0.2019.02.tif,CHIRPS_V3_FINAL,RAIN,2019,2,,VALIDATED_LOCAL,EPSG:4326,1720,1900,"(0.050000000745, 0.0, -120.0, 0.0, -0.050000000745, 35.0, 0.0, 0.0, 1.0)",,float32
https://data.chc.ucsb.edu/products/CHIRPS/v3.0/monthly/latam/tifs/chirps-v3.0.2019.03.tif,LOCAL,,,87a2d34aee00de870da8cd8a0a442144b2cd08e0f675d081fdd5540a35272c24,data\raw\climate\chirps_v3\latam\monthly\chirps-v3.0.2019.03.tif,CHIRPS_V3_FINAL,RAIN,2019,3,,VALIDATED_LOCAL,EPSG:4326,1720,1900,"(0.050000000745, 0.0, -120.0, 0.0, -0.050000000745, 35.0, 0.0, 0.0, 1.0)",,float32
https://data.chc.ucsb.edu/products/CHIRPS/v3.0/monthly/latam/tifs/chirps-v3.0.2019.04.tif,LOCAL,,,f9e8347356f551e3ab12d60eddf64bc7ccb6a1a9650b75dbe71294e36e9f34db,data\raw\climate\chirps_v3\latam\monthly\chirps-v3.0.2019.04.tif,CHIRPS_V3_FINAL,RAIN,2019,4,,VALIDATED_LOCAL,EPSG:4326,1720,1900,"(0.050000000745, 0.0, -120.0, 0.0, -0.050000000745, 35.0, 0.0, 0.0, 1.0)",,float32
https://data.chc.ucsb.edu/products/CHIRPS/v3.0/monthly/latam/tifs/chirps-v3.0.2019.05.tif,LOCAL,,,bc76e51562e3b593915093c6277fd5e73e48158aeace5e58038c5cbf42b2c931,data\raw\climate\chirps_v3\latam\monthly\chirps-v3.0.2019.05.tif,CHIRPS_V3_FINAL,RAIN,2019,5,,VALIDATED_LOCAL,EPSG:4326,1720,1900,"(0.050000000745, 0.0, -120.0, 0.0, -0.050000000745, 35.0, 0.0, 0.0, 1.0)",,float32
https://data.chc.ucsb.edu/products/CHIRPS/v3.0/monthly/latam/tifs/chirps-v3.0.2019.06.tif,LOCAL,,,2dfb7ba7dcc7cf8f0cf325b48e8d907bcbcccb1e8e6125aaa1d148945de65639,data\raw\climate\chirps_v3\latam\monthly\chirps-v3.0.2019.06.tif,CHIRPS_V3_FINAL,RAIN,2019,6,,VALIDATED_LOCAL,EPSG:4326,1720,1900,"(0.050000000745, 0.0, -120.0, 0.0, -0.050000000745, 35.0, 0.0, 0.0, 1.0)",,float32
https://data.chc.ucsb.edu/products/CHIRPS/v3.0/monthly/latam/tifs/chirps-v3.0.2019.07.tif,LOCAL,,,52b8deb1f9ff4a8ec5ed2a63c40351d2ab39369e073580d62766959ade42d6dd,data\raw\climate\chirps_v3\latam\monthly\chirps-v3.0.2019.07.tif,CHIRPS_V3_FINAL,RAIN,2019,7,,VALIDATED_LOCAL,EPSG:4326,1720,1900,"(0.050000000745, 0.0, -120.0, 0.0, -0.050000000745, 35.0, 0.0, 0.0, 1.0)",,float32
https://data.chc.ucsb.edu/products/CHIRPS/v3.0/monthly/latam/tifs/chirps-v3.0.2019.08.tif,LOCAL,,,191ce9b3f5cb1939ce937ca5b137b0aab0fc9c61fff2a336d7a4329a725bd124,data\raw\climate\chirps_v3\latam\monthly\chirps-v3.0.2019.08.tif,CHIRPS_V3_FINAL,RAIN,2019,8,,VALIDATED_LOCAL,EPSG:4326,1720,1900,"(0.050000000745, 0.0, -120.0, 0.0, -0.050000000745, 35.0, 0.0, 0.0, 1.0)",,float32
https://data.chc.ucsb.edu/products/CHIRPS/v3.0/monthly/latam/tifs/chirps-v3.0.2019.09.tif,LOCAL,,,b05a2f22cb56d7de2a82a415697fcdd0e3e09675c49ef3907e6d393af8007b2f,data\raw\climate\chirps_v3\latam\monthly\chirps-v3.0.2019.09.tif,CHIRPS_V3_FINAL,RAIN,2019,9,,VALIDATED_LOCAL,EPSG:4326,1720,1900,"(0.050000000745, 0.0, -120.0, 0.0, -0.050000000745, 35.0, 0.0, 0.0, 1.0)",,float32
https://data.chc.ucsb.edu/products/CHIRPS/v3.0/monthly/latam/tifs/chirps-v3.0.2019.10.tif,LOCAL,,,9981791d699847ada5f2fda8d97ac0dfcf5c2ebf5e65e31b757f357b5bb6dfee,data\raw\climate\chirps_v3\latam\monthly\chirps-v3.0.2019.10.tif,CHIRPS_V3_FINAL,RAIN,2019,10,,VALIDATED_LOCAL,EPSG:4326,1720,1900,"(0.050000000745, 0.0, -120.0, 0.0, -0.050000000745, 35.0, 0.0, 0.0, 1.0)",,float32
https://data.chc.ucsb.edu/products/CHIRPS/v3.0/monthly/latam/tifs/chirps-v3.0.2019.11.tif,LOCAL,,,8a42836f88316c893e46c0ffc0360ba2e97ad80c6eace9ced191d93f958ece67,data\raw\climate\chirps_v3\latam\monthly\chirps-v3.0.2019.11.tif,CHIRPS_V3_FINAL,RAIN,2019,11,,VALIDATED_LOCAL,EPSG:4326,1720,1900,"(0.050000000745, 0.0, -120.0, 0.0, -0.050000000745, 35.0, 0.0, 0.0, 1.0)",,float32
https://data.chc.ucsb.edu/products/CHIRPS/v3.0/monthly/latam/tifs/chirps-v3.0.2019.12.tif,LOCAL,,,ab55fd8b764ac74a2bfc2150cb90e4bd5965424b341041ca64ec47d2e037bd5d,data\raw\climate\chirps_v3\latam\monthly\chirps-v3.0.2019.12.tif,CHIRPS_V3_FINAL,RAIN,2019,12,,VALIDATED_LOCAL,EPSG:4326,1720,1900,"(0.050000000745, 0.0, -120.0, 0.0, -0.050000000745, 35.0, 0.0, 0.0, 1.0)",,float32
https://data.chc.ucsb.edu/products/CHIRPS/v3.0/monthly/latam/tifs/chirps-v3.0.2020.01.tif,LOCAL,,,e67e9876c219f9353dd9f6f7be2ef296d86448b7bab7eeeff56fca321be65431,data\raw\climate\chirps_v3\latam\monthly\chirps-v3.0.2020.01.tif,CHIRPS_V3_FINAL,RAIN,2020,1,,VALIDATED_LOCAL,EPSG:4326,1720,1900,"(0.050000000745, 0.0, -120.0, 0.0, -0.050000000745, 35.0, 0.0, 0.0, 1.0)",,float32
https://data.chc.ucsb.edu/products/CHIRPS/v3.0/monthly/latam/tifs/chirps-v3.0.2020.02.tif,LOCAL,,,93e31405da20c44fdd8b0d8e1638660b5d79cae91e6c66548a66d7b2854fe5e8,data\raw\climate\chirps_v3\latam\monthly\chirps-v3.0.2020.02.tif,CHIRPS_V3_FINAL,RAIN,2020,2,,VALIDATED_LOCAL,EPSG:4326,1720,1900,"(0.050000000745, 0.0, -120.0, 0.0, -0.050000000745, 35.0, 0.0, 0.0, 1.0)",,float32
https://data.chc.ucsb.edu/products/CHIRPS/v3.0/monthly/latam/tifs/chirps-v3.0.2020.03.tif,LOCAL,,,5b1c3b2e54d62c50fa70139c4848564f49679f49b2ecc7b8d179714d72fef054,data\raw\climate\chirps_v3\latam\monthly\chirps-v3.0.2020.03.tif,CHIRPS_V3_FINAL,RAIN,2020,3,,VALIDATED_LOCAL,EPSG:4326,1720,1900,"(0.050000000745, 0.0, -120.0, 0.0, -0.050000000745, 35.0, 0.0, 0.0, 1.0)",,float32
https://data.chc.ucsb.edu/products/CHIRPS/v3.0/monthly/latam/tifs/chirps-v3.0.2020.04.tif,LOCAL,,,2215593759c7e5dae22bcb1897d139c40638116bba1c049a99819b031ef81ea3,data\raw\climate\chirps_v3\latam\monthly\chirps-v3.0.2020.04.tif,CHIRPS_V3_FINAL,RAIN,2020,4,,VALIDATED_LOCAL,EPSG:4326,1720,1900,"(0.050000000745, 0.0, -120.0, 0.0, -0.050000000745, 35.0, 0.0, 0.0, 1.0)",,float32
https://data.chc.ucsb.edu/products/CHIRPS/v3.0/monthly/latam/tifs/chirps-v3.0.2020.05.tif,LOCAL,,,602ba6c0a8b89ed1fd1c570441bd661b26134f6b472e0ce344eb0859cf3a9982,data\raw\climate\chirps_v3\latam\monthly\chirps-v3.0.2020.05.tif,CHIRPS_V3_FINAL,RAIN,2020,5,,VALIDATED_LOCAL,EPSG:4326,1720,1900,"(0.050000000745, 0.0, -120.0, 0.0, -0.050000000745, 35.0, 0.0, 0.0, 1.0)",,float32
https://data.chc.ucsb.edu/products/CHIRPS/v3.0/monthly/latam/tifs/chirps-v3.0.2020.06.tif,LOCAL,,,9ecb6c6e1ad34ed8ba0c2920c52f9272c0ed8d205ca260777c7bb3d72fc4f288,data\raw\climate\chirps_v3\latam\monthly\chirps-v3.0.2020.06.tif,CHIRPS_V3_FINAL,RAIN,2020,6,,VALIDATED_LOCAL,EPSG:4326,1720,1900,"(0.050000000745, 0.0, -120.0, 0.0, -0.050000000745, 35.0, 0.0, 0.0, 1.0)",,float32
https://data.chc.ucsb.edu/products/CHIRPS/v3.0/monthly/latam/tifs/chirps-v3.0.2020.07.tif,LOCAL,,,d35bd0f30c95947810947a7490daf941b4c0f961f7590e693c6af32cf64e9988,data\raw\climate\chirps_v3\latam\monthly\chirps-v3.0.2020.07.tif,CHIRPS_V3_FINAL,RAIN,2020,7,,VALIDATED_LOCAL,EPSG:4326,1720,1900,"(0.050000000745, 0.0, -120.0, 0.0, -0.050000000745, 35.0, 0.0, 0.0, 1.0)",,float32
https://data.chc.ucsb.edu/products/CHIRPS/v3.0/monthly/latam/tifs/chirps-v3.0.2020.08.tif,LOCAL,,,3044d27b53e432bc540f9e72290f42b6374844aa38a6041e39dd8116c7e7b604,data\raw\climate\chirps_v3\latam\monthly\chirps-v3.0.2020.08.tif,CHIRPS_V3_FINAL,RAIN,2020,8,,VALIDATED_LOCAL,EPSG:4326,1720,1900,"(0.050000000745, 0.0, -120.0, 0.0, -0.050000000745, 35.0, 0.0, 0.0, 1.0)",,float32
https://data.chc.ucsb.edu/products/CHIRPS/v3.0/monthly/latam/tifs/chirps-v3.0.2020.09.tif,LOCAL,,,b4202d4827ac5311fe7c64b7e5452203845959284c4091d25980671bc66c58c8,data\raw\climate\chirps_v3\latam\monthly\chirps-v3.0.2020.09.tif,CHIRPS_V3_FINAL,RAIN,2020,9,,VALIDATED_LOCAL,EPSG:4326,1720,1900,"(0.050000000745, 0.0, -120.0, 0.0, -0.050000000745, 35.0, 0.0, 0.0, 1.0)",,float32
https://data.chc.ucsb.edu/products/CHIRPS/v3.0/monthly/latam/tifs/chirps-v3.0.2020.10.tif,LOCAL,,,cd6e0f999ac47e7d2578b4b8c537ab448576c0d38bf5f3530fa2f7337c49db04,data\raw\climate\chirps_v3\latam\monthly\chirps-v3.0.2020.10.tif,CHIRPS_V3_FINAL,RAIN,2020,10,,VALIDATED_LOCAL,EPSG:4326,1720,1900,"(0.050000000745, 0.0, -120.0, 0.0, -0.050000000745, 35.0, 0.0, 0.0, 1.0)",,float32
https://data.chc.ucsb.edu/products/CHIRPS/v3.0/monthly/latam/tifs/chirps-v3.0.2020.11.tif,LOCAL,,,841982b5aa18353cff8515161aa6513eeed0ff5ca2a018b9c54e2b76d745630c,data\raw\climate\chirps_v3\latam\monthly\chirps-v3.0.2020.11.tif,CHIRPS_V3_FINAL,RAIN,2020,11,,VALIDATED_LOCAL,EPSG:4326,1720,1900,"(0.050000000745, 0.0, -120.0, 0.0, -0.050000000745, 35.0, 0.0, 0.0, 1.0)",,float32
https://data.chc.ucsb.edu/products/CHIRPS/v3.0/monthly/latam/tifs/chirps-v3.0.2020.12.tif,LOCAL,,,47cbca06328e0ee4a14232f2d039e10e593714aed0f1e19de3de27608366eb8e,data\raw\climate\chirps_v3\latam\monthly\chirps-v3.0.2020.12.tif,CHIRPS_V3_FINAL,RAIN,2020,12,,VALIDATED_LOCAL,EPSG:4326,1720,1900,"(0.050000000745, 0.0, -120.0, 0.0, -0.050000000745, 35.0, 0.0, 0.0, 1.0)",,float32
https://data.chc.ucsb.edu/products/CHIRPS/v3.0/monthly/latam/tifs/chirps-v3.0.2021.01.tif,LOCAL,,,4a0e581bbdaa0a241271509f92eabdaf9fa72c055a3d279c045607b40b02cc71,data\raw\climate\chirps_v3\latam\monthly\chirps-v3.0.2021.01.tif,CHIRPS_V3_FINAL,RAIN,2021,1,,VALIDATED_LOCAL,EPSG:4326,1720,1900,"(0.050000000745, 0.0, -120.0, 0.0, -0.050000000745, 35.0, 0.0, 0.0, 1.0)",,float32
https://data.chc.ucsb.edu/products/CHIRPS/v3.0/monthly/latam/tifs/chirps-v3.0.2021.02.tif,LOCAL,,,550f801cbd538e435fac36115d3bd85ac74b01ab73bb1e24561fc0ab913d2dd3,data\raw\climate\chirps_v3\latam\monthly\chirps-v3.0.2021.02.tif,CHIRPS_V3_FINAL,RAIN,2021,2,,VALIDATED_LOCAL,EPSG:4326,1720,1900,"(0.050000000745, 0.0, -120.0, 0.0, -0.050000000745, 35.0, 0.0, 0.0, 1.0)",,float32
https://data.chc.ucsb.edu/products/CHIRPS/v3.0/monthly/latam/tifs/chirps-v3.0.2021.03.tif,LOCAL,,,85746319538842503d3e7dfa65c4b4a2fbc674f098fc6f3e8e7794bee2395b6f,data\raw\climate\chirps_v3\latam\monthly\chirps-v3.0.2021.03.tif,CHIRPS_V3_FINAL,RAIN,2021,3,,VALIDATED_LOCAL,EPSG:4326,1720,1900,"(0.050000000745, 0.0, -120.0, 0.0, -0.050000000745, 35.0, 0.0, 0.0, 1.0)",,float32
https://data.chc.ucsb.edu/products/CHIRPS/v3.0/monthly/latam/tifs/chirps-v3.0.2021.04.tif,LOCAL,,,9d81dbeb142b922c070797e5f4b7560350251ec849a7c843c6d8dd05d486ecd0,data\raw\climate\chirps_v3\latam\monthly\chirps-v3.0.2021.04.tif,CHIRPS_V3_FINAL,RAIN,2021,4,,VALIDATED_LOCAL,EPSG:4326,1720,1900,"(0.050000000745, 0.0, -120.0, 0.0, -0.050000000745, 35.0, 0.0, 0.0, 1.0)",,float32
https://data.chc.ucsb.edu/products/CHIRPS/v3.0/monthly/latam/tifs/chirps-v3.0.2021.05.tif,LOCAL,,,369c7c115a876b88534aaf44c5400343af9062ac7bdb2edad6d885e115eb5714,data\raw\climate\chirps_v3\latam\monthly\chirps-v3.0.2021.05.tif,CHIRPS_V3_FINAL,RAIN,2021,5,,VALIDATED_LOCAL,EPSG:4326,1720,1900,"(0.050000000745, 0.0, -120.0, 0.0, -0.050000000745, 35.0, 0.0, 0.0, 1.0)",,float32
https://data.chc.ucsb.edu/products/CHIRPS/v3.0/monthly/latam/tifs/chirps-v3.0.2021.06.tif,LOCAL,,,960e66933bec78ea28f77fe6c22e5897006b86b89b3884a4e3eb52f47f1963b0,data\raw\climate\chirps_v3\latam\monthly\chirps-v3.0.2021.06.tif,CHIRPS_V3_FINAL,RAIN,2021,6,,VALIDATED_LOCAL,EPSG:4326,1720,1900,"(0.050000000745, 0.0, -120.0, 0.0, -0.050000000745, 35.0, 0.0, 0.0, 1.0)",,float32
https://data.chc.ucsb.edu/products/CHIRPS/v3.0/monthly/latam/tifs/chirps-v3.0.2021.07.tif,LOCAL,,,d2c5cae77cee771d6bd663f59b7df948dac625c3eb1d5dd408d0a3355394bb81,data\raw\climate\chirps_v3\latam\monthly\chirps-v3.0.2021.07.tif,CHIRPS_V3_FINAL,RAIN,2021,7,,VALIDATED_LOCAL,EPSG:4326,1720,1900,"(0.050000000745, 0.0, -120.0, 0.0, -0.050000000745, 35.0, 0.0, 0.0, 1.0)",,float32
https://data.chc.ucsb.edu/products/CHIRPS/v3.0/monthly/latam/tifs/chirps-v3.0.2021.08.tif,LOCAL,,,e56fd875ddf78c185cb2564a5c41ca052b1cd07f09d049772af4e9b53c650327,data\raw\climate\chirps_v3\latam\monthly\chirps-v3.0.2021.08.tif,CHIRPS_V3_FINAL,RAIN,2021,8,,VALIDATED_LOCAL,EPSG:4326,1720,1900,"(0.050000000745, 0.0, -120.0, 0.0, -0.050000000745, 35.0, 0.0, 0.0, 1.0)",,float32
https://data.chc.ucsb.edu/products/CHIRPS/v3.0/monthly/latam/tifs/chirps-v3.0.2021.09.tif,LOCAL,,,6e1a86530ccb5c69b2e2ca3b366a1870c3ebfdf5a4c11f842a605ed72702524f,data\raw\climate\chirps_v3\latam\monthly\chirps-v3.0.2021.09.tif,CHIRPS_V3_FINAL,RAIN,2021,9,,VALIDATED_LOCAL,EPSG:4326,1720,1900,"(0.050000000745, 0.0, -120.0, 0.0, -0.050000000745, 35.0, 0.0, 0.0, 1.0)",,float32
https://data.chc.ucsb.edu/products/CHIRPS/v3.0/monthly/latam/tifs/chirps-v3.0.2021.10.tif,LOCAL,,,b01eb90173f672c1d9714f505b26e8e3c4069d6ebc3c0f2bbef133e92056fe01,data\raw\climate\chirps_v3\latam\monthly\chirps-v3.0.2021.10.tif,CHIRPS_V3_FINAL,RAIN,2021,10,,VALIDATED_LOCAL,EPSG:4326,1720,1900,"(0.050000000745, 0.0, -120.0, 0.0, -0.050000000745, 35.0, 0.0, 0.0, 1.0)",,float32
https://data.chc.ucsb.edu/products/CHIRPS/v3.0/monthly/latam/tifs/chirps-v3.0.2021.11.tif,LOCAL,,,f36c74fab66c224e6e675e4399efece35c7498a9e7e36ace5dc3d4f35d5f3950,data\raw\climate\chirps_v3\latam\monthly\chirps-v3.0.2021.11.tif,CHIRPS_V3_FINAL,RAIN,2021,11,,VALIDATED_LOCAL,EPSG:4326,1720,1900,"(0.050000000745, 0.0, -120.0, 0.0, -0.050000000745, 35.0, 0.0, 0.0, 1.0)",,float32
https://data.chc.ucsb.edu/products/CHIRPS/v3.0/monthly/latam/tifs/chirps-v3.0.2021.12.tif,LOCAL,,,e4742fec23044716b4a2e728a9c5d913209d9d15618da6f195cc553bc45fc450,data\raw\climate\chirps_v3\latam\monthly\chirps-v3.0.2021.12.tif,CHIRPS_V3_FINAL,RAIN,2021,12,,VALIDATED_LOCAL,EPSG:4326,1720,1900,"(0.050000000745, 0.0, -120.0, 0.0, -0.050000000745, 35.0, 0.0, 0.0, 1.0)",,float32
https://data.chc.ucsb.edu/products/CHIRPS/v3.0/monthly/latam/tifs/chirps-v3.0.2022.01.tif,LOCAL,,,8bfa38c68fb40ed98907c74a7560a72915331037d05419cdcc58a4c364d30e55,data\raw\climate\chirps_v3\latam\monthly\chirps-v3.0.2022.01.tif,CHIRPS_V3_FINAL,RAIN,2022,1,,VALIDATED_LOCAL,EPSG:4326,1720,1900,"(0.050000000745, 0.0, -120.0, 0.0, -0.050000000745, 35.0, 0.0, 0.0, 1.0)",,float32
https://data.chc.ucsb.edu/products/CHIRPS/v3.0/monthly/latam/tifs/chirps-v3.0.2022.02.tif,LOCAL,,,c51f86ac630e6c74a775308cc31316b6c5882daf90e3e5d19b8e805f9c722ed8,data\raw\climate\chirps_v3\latam\monthly\chirps-v3.0.2022.02.tif,CHIRPS_V3_FINAL,RAIN,2022,2,,VALIDATED_LOCAL,EPSG:4326,1720,1900,"(0.050000000745, 0.0, -120.0, 0.0, -0.050000000745, 35.0, 0.0, 0.0, 1.0)",,float32
https://data.chc.ucsb.edu/products/CHIRPS/v3.0/monthly/latam/tifs/chirps-v3.0.2022.03.tif,LOCAL,,,668dd547e34eccdcb2fb6f555775ceaec4bea4a58ff0115f28d45b781f84bc5f,data\raw\climate\chirps_v3\latam\monthly\chirps-v3.0.2022.03.tif,CHIRPS_V3_FINAL,RAIN,2022,3,,VALIDATED_LOCAL,EPSG:4326,1720,1900,"(0.050000000745, 0.0, -120.0, 0.0, -0.050000000745, 35.0, 0.0, 0.0, 1.0)",,float32
https://data.chc.ucsb.edu/products/CHIRPS/v3.0/monthly/latam/tifs/chirps-v3.0.2022.04.tif,LOCAL,,,465b248a773f486ba42194c667f65d2779f01e02f857a24b4e327f59800ca5b1,data\raw\climate\chirps_v3\latam\monthly\chirps-v3.0.2022.04.tif,CHIRPS_V3_FINAL,RAIN,2022,4,,VALIDATED_LOCAL,EPSG:4326,1720,1900,"(0.050000000745, 0.0, -120.0, 0.0, -0.050000000745, 35.0, 0.0, 0.0, 1.0)",,float32
https://data.chc.ucsb.edu/products/CHIRPS/v3.0/monthly/latam/tifs/chirps-v3.0.2022.05.tif,LOCAL,,,eb9f1b9acbe85ce80dd8d4ca353ebbdfd13634c5dc933011cffb32c8ea183e80,data\raw\climate\chirps_v3\latam\monthly\chirps-v3.0.2022.05.tif,CHIRPS_V3_FINAL,RAIN,2022,5,,VALIDATED_LOCAL,EPSG:4326,1720,1900,"(0.050000000745, 0.0, -120.0, 0.0, -0.050000000745, 35.0, 0.0, 0.0, 1.0)",,float32
https://data.chc.ucsb.edu/products/CHIRPS/v3.0/monthly/latam/tifs/chirps-v3.0.2022.06.tif,LOCAL,,,f7b0f322a2f55f5324695181c60b319d615d6edf3b5d49eed9e3d83238551e3c,data\raw\climate\chirps_v3\latam\monthly\chirps-v3.0.2022.06.tif,CHIRPS_V3_FINAL,RAIN,2022,6,,VALIDATED_LOCAL,EPSG:4326,1720,1900,"(0.050000000745, 0.0, -120.0, 0.0, -0.050000000745, 35.0, 0.0, 0.0, 1.0)",,float32
https://data.chc.ucsb.edu/products/CHIRPS/v3.0/monthly/latam/tifs/chirps-v3.0.2022.07.tif,LOCAL,,,96c286bd15b57ee4d8b54db2d96101bf6d0d940e3600bb676906cea5b7ffcb42,data\raw\climate\chirps_v3\latam\monthly\chirps-v3.0.2022.07.tif,CHIRPS_V3_FINAL,RAIN,2022,7,,VALIDATED_LOCAL,EPSG:4326,1720,1900,"(0.050000000745, 0.0, -120.0, 0.0, -0.050000000745, 35.0, 0.0, 0.0, 1.0)",,float32
https://data.chc.ucsb.edu/products/CHIRPS/v3.0/monthly/latam/tifs/chirps-v3.0.2022.08.tif,LOCAL,,,831f222bc48a6b518904526e52f396d48e065daca6707f3707dca645e63ea276,data\raw\climate\chirps_v3\latam\monthly\chirps-v3.0.2022.08.tif,CHIRPS_V3_FINAL,RAIN,2022,8,,VALIDATED_LOCAL,EPSG:4326,1720,1900,"(0.050000000745, 0.0, -120.0, 0.0, -0.050000000745, 35.0, 0.0, 0.0, 1.0)",,float32
https://data.chc.ucsb.edu/products/CHIRPS/v3.0/monthly/latam/tifs/chirps-v3.0.2022.09.tif,LOCAL,,,6a1af7223b2f8323488b7d8559a9fc4e7fbf505306b2f52014599aa80f861cfa,data\raw\climate\chirps_v3\latam\monthly\chirps-v3.0.2022.09.tif,CHIRPS_V3_FINAL,RAIN,2022,9,,VALIDATED_LOCAL,EPSG:4326,1720,1900,"(0.050000000745, 0.0, -120.0, 0.0, -0.050000000745, 35.0, 0.0, 0.0, 1.0)",,float32
https://data.chc.ucsb.edu/products/CHIRPS/v3.0/monthly/latam/tifs/chirps-v3.0.2022.10.tif,LOCAL,,,6287e9adb51e8193bbaea5c1e322b5972eef899a1d059d0214736f4f836df903,data\raw\climate\chirps_v3\latam\monthly\chirps-v3.0.2022.10.tif,CHIRPS_V3_FINAL,RAIN,2022,10,,VALIDATED_LOCAL,EPSG:4326,1720,1900,"(0.050000000745, 0.0, -120.0, 0.0, -0.050000000745, 35.0, 0.0, 0.0, 1.0)",,float32
https://data.chc.ucsb.edu/products/CHIRPS/v3.0/monthly/latam/tifs/chirps-v3.0.2022.11.tif,LOCAL,,,baac974f9cc7a3571b01c9710755383225d8b88199ba80e9fc1f004b6723c980,data\raw\climate\chirps_v3\latam\monthly\chirps-v3.0.2022.11.tif,CHIRPS_V3_FINAL,RAIN,2022,11,,VALIDATED_LOCAL,EPSG:4326,1720,1900,"(0.050000000745, 0.0, -120.0, 0.0, -0.050000000745, 35.0, 0.0, 0.0, 1.0)",,float32
https://data.chc.ucsb.edu/products/CHIRPS/v3.0/monthly/latam/tifs/chirps-v3.0.2022.12.tif,LOCAL,,,642ac8c8c5e8335dbbca259e4e318141240535aa314008c8aca60cdea55e4df5,data\raw\climate\chirps_v3\latam\monthly\chirps-v3.0.2022.12.tif,CHIRPS_V3_FINAL,RAIN,2022,12,,VALIDATED_LOCAL,EPSG:4326,1720,1900,"(0.050000000745, 0.0, -120.0, 0.0, -0.050000000745, 35.0, 0.0, 0.0, 1.0)",,float32
https://data.chc.ucsb.edu/products/CHIRPS/v3.0/monthly/latam/tifs/chirps-v3.0.2023.01.tif,LOCAL,,,9ec16d97d4890b60bba694db9cd94b0231cea0d98002274e169f75336c8970f1,data\raw\climate\chirps_v3\latam\monthly\chirps-v3.0.2023.01.tif,CHIRPS_V3_FINAL,RAIN,2023,1,,VALIDATED_LOCAL,EPSG:4326,1720,1900,"(0.050000000745, 0.0, -120.0, 0.0, -0.050000000745, 35.0, 0.0, 0.0, 1.0)",,float32
https://data.chc.ucsb.edu/products/CHIRPS/v3.0/monthly/latam/tifs/chirps-v3.0.2023.02.tif,LOCAL,,,ae38a1c9c2f4e5349f3a1b7a8bf864ff48ed37816a7245bd16d046a1f196d3cc,data\raw\climate\chirps_v3\latam\monthly\chirps-v3.0.2023.02.tif,CHIRPS_V3_FINAL,RAIN,2023,2,,VALIDATED_LOCAL,EPSG:4326,1720,1900,"(0.050000000745, 0.0, -120.0, 0.0, -0.050000000745, 35.0, 0.0, 0.0, 1.0)",,float32
https://data.chc.ucsb.edu/products/CHIRPS/v3.0/monthly/latam/tifs/chirps-v3.0.2023.03.tif,LOCAL,,,2ec53f4e0352cd1ac8ee3c0fecadef075eccba441c6f8b75a4be9ba7f46b24e8,data\raw\climate\chirps_v3\latam\monthly\chirps-v3.0.2023.03.tif,CHIRPS_V3_FINAL,RAIN,2023,3,,VALIDATED_LOCAL,EPSG:4326,1720,1900,"(0.050000000745, 0.0, -120.0, 0.0, -0.050000000745, 35.0, 0.0, 0.0, 1.0)",,float32
https://data.chc.ucsb.edu/products/CHIRPS/v3.0/monthly/latam/tifs/chirps-v3.0.2023.04.tif,LOCAL,,,bbe0b4b138cddbbd133601ad4110cd4754121d15927073f548d3594a4951ae0b,data\raw\climate\chirps_v3\latam\monthly\chirps-v3.0.2023.04.tif,CHIRPS_V3_FINAL,RAIN,2023,4,,VALIDATED_LOCAL,EPSG:4326,1720,1900,"(0.050000000745, 0.0, -120.0, 0.0, -0.050000000745, 35.0, 0.0, 0.0, 1.0)",,float32
https://data.chc.ucsb.edu/products/CHIRPS/v3.0/monthly/latam/tifs/chirps-v3.0.2023.05.tif,LOCAL,,,3aab73e0b3d01bbef2cee24e3ef12befff3e5d10cd41e18540f3dd59fd4d3ecf,data\raw\climate\chirps_v3\latam\monthly\chirps-v3.0.2023.05.tif,CHIRPS_V3_FINAL,RAIN,2023,5,,VALIDATED_LOCAL,EPSG:4326,1720,1900,"(0.050000000745, 0.0, -120.0, 0.0, -0.050000000745, 35.0, 0.0, 0.0, 1.0)",,float32
https://data.chc.ucsb.edu/products/CHIRPS/v3.0/monthly/latam/tifs/chirps-v3.0.2023.06.tif,LOCAL,,,cdf3653f6af65927f222cd5244f2b1265ed6dac44aaa56d013b0f110e61d47bf,data\raw\climate\chirps_v3\latam\monthly\chirps-v3.0.2023.06.tif,CHIRPS_V3_FINAL,RAIN,2023,6,,VALIDATED_LOCAL,EPSG:4326,1720,1900,"(0.050000000745, 0.0, -120.0, 0.0, -0.050000000745, 35.0, 0.0, 0.0, 1.0)",,float32
https://data.chc.ucsb.edu/products/CHIRPS/v3.0/monthly/latam/tifs/chirps-v3.0.2023.07.tif,LOCAL,,,d3d99ffe6ae43704656c6b02fcfeb45462117f201b914cc468f5b1f8f77dcb71,data\raw\climate\chirps_v3\latam\monthly\chirps-v3.0.2023.07.tif,CHIRPS_V3_FINAL,RAIN,2023,7,,VALIDATED_LOCAL,EPSG:4326,1720,1900,"(0.050000000745, 0.0, -120.0, 0.0, -0.050000000745, 35.0, 0.0, 0.0, 1.0)",,float32
https://data.chc.ucsb.edu/products/CHIRPS/v3.0/monthly/latam/tifs/chirps-v3.0.2023.08.tif,LOCAL,,,2b065bb1a4ca80499db970664b3760fb439e36fdc8ebc21558b43dbba01b427d,data\raw\climate\chirps_v3\latam\monthly\chirps-v3.0.2023.08.tif,CHIRPS_V3_FINAL,RAIN,2023,8,,VALIDATED_LOCAL,EPSG:4326,1720,1900,"(0.050000000745, 0.0, -120.0, 0.0, -0.050000000745, 35.0, 0.0, 0.0, 1.0)",,float32
https://data.chc.ucsb.edu/products/CHIRPS/v3.0/monthly/latam/tifs/chirps-v3.0.2023.09.tif,LOCAL,,,31ca137835835cd0b84db6e636180764923cf521ece12dea777343a6cd4af828,data\raw\climate\chirps_v3\latam\monthly\chirps-v3.0.2023.09.tif,CHIRPS_V3_FINAL,RAIN,2023,9,,VALIDATED_LOCAL,EPSG:4326,1720,1900,"(0.050000000745, 0.0, -120.0, 0.0, -0.050000000745, 35.0, 0.0, 0.0, 1.0)",,float32
https://data.chc.ucsb.edu/products/CHIRPS/v3.0/monthly/latam/tifs/chirps-v3.0.2023.10.tif,LOCAL,,,265641353700edb375d010e30b2296f4785116870cae4b869f321981f3e843fd,data\raw\climate\chirps_v3\latam\monthly\chirps-v3.0.2023.10.tif,CHIRPS_V3_FINAL,RAIN,2023,10,,VALIDATED_LOCAL,EPSG:4326,1720,1900,"(0.050000000745, 0.0, -120.0, 0.0, -0.050000000745, 35.0, 0.0, 0.0, 1.0)",,float32
https://data.chc.ucsb.edu/products/CHIRPS/v3.0/monthly/latam/tifs/chirps-v3.0.2023.11.tif,LOCAL,,,ec63c796b1924316a675e3127a1a208fda78d14327368bf63ed03a85e57dda53,data\raw\climate\chirps_v3\latam\monthly\chirps-v3.0.2023.11.tif,CHIRPS_V3_FINAL,RAIN,2023,11,,VALIDATED_LOCAL,EPSG:4326,1720,1900,"(0.050000000745, 0.0, -120.0, 0.0, -0.050000000745, 35.0, 0.0, 0.0, 1.0)",,float32
https://data.chc.ucsb.edu/products/CHIRPS/v3.0/monthly/latam/tifs/chirps-v3.0.2023.12.tif,LOCAL,,,c51448e8beab23d656cac04ce45bd97a062c1f1dd5b048cbb2d0da0bb9700a00,data\raw\climate\chirps_v3\latam\monthly\chirps-v3.0.2023.12.tif,CHIRPS_V3_FINAL,RAIN,2023,12,,VALIDATED_LOCAL,EPSG:4326,1720,1900,"(0.050000000745, 0.0, -120.0, 0.0, -0.050000000745, 35.0, 0.0, 0.0, 1.0)",,float32
https://data.chc.ucsb.edu/products/CHIRPS/v3.0/monthly/latam/tifs/chirps-v3.0.2024.01.tif,LOCAL,,,22c449e94c307d54625a469a05a06544b4c9aa332b8ce55cde8bca5dd8c7dc6c,data\raw\climate\chirps_v3\latam\monthly\chirps-v3.0.2024.01.tif,CHIRPS_V3_FINAL,RAIN,2024,1,,VALIDATED_LOCAL,EPSG:4326,1720,1900,"(0.050000000745, 0.0, -120.0, 0.0, -0.050000000745, 35.0, 0.0, 0.0, 1.0)",,float32
https://data.chc.ucsb.edu/products/CHIRPS/v3.0/monthly/latam/tifs/chirps-v3.0.2024.02.tif,LOCAL,,,ec7385249c1c5612dfb6abd4c914c813d6337f2ae2422fe3bcba3755f1254616,data\raw\climate\chirps_v3\latam\monthly\chirps-v3.0.2024.02.tif,CHIRPS_V3_FINAL,RAIN,2024,2,,VALIDATED_LOCAL,EPSG:4326,1720,1900,"(0.050000000745, 0.0, -120.0, 0.0, -0.050000000745, 35.0, 0.0, 0.0, 1.0)",,float32
https://data.chc.ucsb.edu/products/CHIRPS/v3.0/monthly/latam/tifs/chirps-v3.0.2024.03.tif,LOCAL,,,6d84f7c7e734c57f3dad5561241295e88ec987c9e5a4b58b3aafce4fcc412a51,data\raw\climate\chirps_v3\latam\monthly\chirps-v3.0.2024.03.tif,CHIRPS_V3_FINAL,RAIN,2024,3,,VALIDATED_LOCAL,EPSG:4326,1720,1900,"(0.050000000745, 0.0, -120.0, 0.0, -0.050000000745, 35.0, 0.0, 0.0, 1.0)",,float32
https://data.chc.ucsb.edu/products/CHIRPS/v3.0/monthly/latam/tifs/chirps-v3.0.2024.04.tif,LOCAL,,,0a61deb8ed2911a5599c479f6bf6d22135e71927050b82ed6adcbf8692881943,data\raw\climate\chirps_v3\latam\monthly\chirps-v3.0.2024.04.tif,CHIRPS_V3_FINAL,RAIN,2024,4,,VALIDATED_LOCAL,EPSG:4326,1720,1900,"(0.050000000745, 0.0, -120.0, 0.0, -0.050000000745, 35.0, 0.0, 0.0, 1.0)",,float32
https://data.chc.ucsb.edu/products/CHIRPS/v3.0/monthly/latam/tifs/chirps-v3.0.2024.05.tif,LOCAL,,,593fd3bc2275db4ecce2a1aa1ea8b82eba496544363f7e1ef0457713ceb15bc8,data\raw\climate\chirps_v3\latam\monthly\chirps-v3.0.2024.05.tif,CHIRPS_V3_FINAL,RAIN,2024,5,,VALIDATED_LOCAL,EPSG:4326,1720,1900,"(0.050000000745, 0.0, -120.0, 0.0, -0.050000000745, 35.0, 0.0, 0.0, 1.0)",,float32
https://data.chc.ucsb.edu/products/CHIRPS/v3.0/monthly/latam/tifs/chirps-v3.0.2024.06.tif,LOCAL,,,0e6407e4251926e6c1e14676062d2c30b477908fd8709a536bf1796a3b53b74d,data\raw\climate\chirps_v3\latam\monthly\chirps-v3.0.2024.06.tif,CHIRPS_V3_FINAL,RAIN,2024,6,,VALIDATED_LOCAL,EPSG:4326,1720,1900,"(0.050000000745, 0.0, -120.0, 0.0, -0.050000000745, 35.0, 0.0, 0.0, 1.0)",,float32
https://data.chc.ucsb.edu/products/CHIRPS/v3.0/monthly/latam/tifs/chirps-v3.0.2024.07.tif,LOCAL,,,01b24980c31b4a20b8d6328bc1b90fc26c0b139f43a942d5b0e33d78fcb1f6c4,data\raw\climate\chirps_v3\latam\monthly\chirps-v3.0.2024.07.tif,CHIRPS_V3_FINAL,RAIN,2024,7,,VALIDATED_LOCAL,EPSG:4326,1720,1900,"(0.050000000745, 0.0, -120.0, 0.0, -0.050000000745, 35.0, 0.0, 0.0, 1.0)",,float32
https://data.chc.ucsb.edu/products/CHIRPS/v3.0/monthly/latam/tifs/chirps-v3.0.2024.08.tif,LOCAL,,,d941c9a73cf04320089c1523e9689a7b568852a31b23df7081a10192ddf1d942,data\raw\climate\chirps_v3\latam\monthly\chirps-v3.0.2024.08.tif,CHIRPS_V3_FINAL,RAIN,2024,8,,VALIDATED_LOCAL,EPSG:4326,1720,1900,"(0.050000000745, 0.0, -120.0, 0.0, -0.050000000745, 35.0, 0.0, 0.0, 1.0)",,float32
https://data.chc.ucsb.edu/products/CHIRPS/v3.0/monthly/latam/tifs/chirps-v3.0.2024.09.tif,LOCAL,,,939fae31e56845b56ecc4e4ebd900d36fdc6bf80f51d02a1e0f7b144aa54f3a3,data\raw\climate\chirps_v3\latam\monthly\chirps-v3.0.2024.09.tif,CHIRPS_V3_FINAL,RAIN,2024,9,,VALIDATED_LOCAL,EPSG:4326,1720,1900,"(0.050000000745, 0.0, -120.0, 0.0, -0.050000000745, 35.0, 0.0, 0.0, 1.0)",,float32
https://data.chc.ucsb.edu/products/CHIRPS/v3.0/monthly/latam/tifs/chirps-v3.0.2024.10.tif,LOCAL,,,c3e30525427301be52ebf97ce709acbbff6aa3494ff461aa7087714193cf277e,data\raw\climate\chirps_v3\latam\monthly\chirps-v3.0.2024.10.tif,CHIRPS_V3_FINAL,RAIN,2024,10,,VALIDATED_LOCAL,EPSG:4326,1720,1900,"(0.050000000745, 0.0, -120.0, 0.0, -0.050000000745, 35.0, 0.0, 0.0, 1.0)",,float32
https://data.chc.ucsb.edu/products/CHIRPS/v3.0/monthly/latam/tifs/chirps-v3.0.2024.11.tif,LOCAL,,,8f43c68abd0443a055e24baa4f791c0b621bc1b6a3c9eed7d69801555eb5428b,data\raw\climate\chirps_v3\latam\monthly\chirps-v3.0.2024.11.tif,CHIRPS_V3_FINAL,RAIN,2024,11,,VALIDATED_LOCAL,EPSG:4326,1720,1900,"(0.050000000745, 0.0, -120.0, 0.0, -0.050000000745, 35.0, 0.0, 0.0, 1.0)",,float32
https://data.chc.ucsb.edu/products/CHIRPS/v3.0/monthly/latam/tifs/chirps-v3.0.2024.12.tif,LOCAL,,,2d4d3f89bda072bb1e857ded8d80772b8abe4fc00e51d8a1aa91c4df79cfdbd2,data\raw\climate\chirps_v3\latam\monthly\chirps-v3.0.2024.12.tif,CHIRPS_V3_FINAL,RAIN,2024,12,,VALIDATED_LOCAL,EPSG:4326,1720,1900,"(0.050000000745, 0.0, -120.0, 0.0, -0.050000000745, 35.0, 0.0, 0.0, 1.0)",,float32
https://data.chc.ucsb.edu/experimental/CHIRTS-ERA5/tmax/tifs/monthly/CHIRTS-ERA5.monthly_Tmax.1991.01.tif,LOCAL,,,8e326dd79945988b84827d08853db40d86ba27e6abfcaaa181c3a91224abf65f,data\raw\climate\chirts_era5\tmax\monthly\CHIRTS-ERA5.monthly_Tmax.1991.01.tif,CHIRTS_ERA5_TMAX,TMAX,1991,1,,VALIDATED_LOCAL,EPSG:4326,7200,2600,"(0.050000000745, 0.0, -180.0, 0.0, -0.050000000745, 70.0, 0.0, 0.0, 1.0)",,float32
https://data.chc.ucsb.edu/experimental/CHIRTS-ERA5/tmax/tifs/monthly/CHIRTS-ERA5.monthly_Tmax.1991.02.tif,LOCAL,,,434fe0784fb9c9cef4dbe003fee0f58d1b15744cd86ad216be6d25c9fe7b8649,data\raw\climate\chirts_era5\tmax\monthly\CHIRTS-ERA5.monthly_Tmax.1991.02.tif,CHIRTS_ERA5_TMAX,TMAX,1991,2,,VALIDATED_LOCAL,EPSG:4326,7200,2600,"(0.050000000745, 0.0, -180.0, 0.0, -0.050000000745, 70.0, 0.0, 0.0, 1.0)",,float32
https://data.chc.ucsb.edu/experimental/CHIRTS-ERA5/tmax/tifs/monthly/CHIRTS-ERA5.monthly_Tmax.1991.03.tif,LOCAL,,,e7d978dc1f7be7311b5665c6957d777a5e3988f67289f1f388f179def6c16383,data\raw\climate\chirts_era5\tmax\monthly\CHIRTS-ERA5.monthly_Tmax.1991.03.tif,CHIRTS_ERA5_TMAX,TMAX,1991,3,,VALIDATED_LOCAL,EPSG:4326,7200,2600,"(0.050000000745, 0.0, -180.0, 0.0, -0.050000000745, 70.0, 0.0, 0.0, 1.0)",,float32
https://data.chc.ucsb.edu/experimental/CHIRTS-ERA5/tmax/tifs/monthly/CHIRTS-ERA5.monthly_Tmax.1991.04.tif,LOCAL,,,b3fd76b8980d4e1659e64af91929b2e16115cbff3c00814c96f129e0efb522e7,data\raw\climate\chirts_era5\tmax\monthly\CHIRTS-ERA5.monthly_Tmax.1991.04.tif,CHIRTS_ERA5_TMAX,TMAX,1991,4,,VALIDATED_LOCAL,EPSG:4326,7200,2600,"(0.050000000745, 0.0, -180.0, 0.0, -0.050000000745, 70.0, 0.0, 0.0, 1.0)",,float32
https://data.chc.ucsb.edu/experimental/CHIRTS-ERA5/tmax/tifs/monthly/CHIRTS-ERA5.monthly_Tmax.1991.05.tif,LOCAL,,,34cf900f80929d77a7b76eaaa01bbaec2f30e76dffce9e8f0bf7334b249a4c2a,data\raw\climate\chirts_era5\tmax\monthly\CHIRTS-ERA5.monthly_Tmax.1991.05.tif,CHIRTS_ERA5_TMAX,TMAX,1991,5,,VALIDATED_LOCAL,EPSG:4326,7200,2600,"(0.050000000745, 0.0, -180.0, 0.0, -0.050000000745, 70.0, 0.0, 0.0, 1.0)",,float32
https://data.chc.ucsb.edu/experimental/CHIRTS-ERA5/tmax/tifs/monthly/CHIRTS-ERA5.monthly_Tmax.1991.06.tif,LOCAL,,,91da84dd2929b74b49b056ab9b339ab47ce3579ba67c80bfa15600bc9064fd5e,data\raw\climate\chirts_era5\tmax\monthly\CHIRTS-ERA5.monthly_Tmax.1991.06.tif,CHIRTS_ERA5_TMAX,TMAX,1991,6,,VALIDATED_LOCAL,EPSG:4326,7200,2600,"(0.050000000745, 0.0, -180.0, 0.0, -0.050000000745, 70.0, 0.0, 0.0, 1.0)",,float32
https://data.chc.ucsb.edu/experimental/CHIRTS-ERA5/tmax/tifs/monthly/CHIRTS-ERA5.monthly_Tmax.1991.07.tif,LOCAL,,,c718b7034624eca88733720de96c36ea406bd70211ebc5359dc7796e6d1284f5,data\raw\climate\chirts_era5\tmax\monthly\CHIRTS-ERA5.monthly_Tmax.1991.07.tif,CHIRTS_ERA5_TMAX,TMAX,1991,7,,VALIDATED_LOCAL,EPSG:4326,7200,2600,"(0.050000000745, 0.0, -180.0, 0.0, -0.050000000745, 70.0, 0.0, 0.0, 1.0)",,float32
https://data.chc.ucsb.edu/experimental/CHIRTS-ERA5/tmax/tifs/monthly/CHIRTS-ERA5.monthly_Tmax.1991.08.tif,LOCAL,,,347693ee4d2d93c89aa373e155d7dcfbbf93fae3ac8b1d736cf8787b78a43119,data\raw\climate\chirts_era5\tmax\monthly\CHIRTS-ERA5.monthly_Tmax.1991.08.tif,CHIRTS_ERA5_TMAX,TMAX,1991,8,,VALIDATED_LOCAL,EPSG:4326,7200,2600,"(0.050000000745, 0.0, -180.0, 0.0, -0.050000000745, 70.0, 0.0, 0.0, 1.0)",,float32
https://data.chc.ucsb.edu/experimental/CHIRTS-ERA5/tmax/tifs/monthly/CHIRTS-ERA5.monthly_Tmax.1991.09.tif,LOCAL,,,7e251378106e0f27e67515806f432ad139f9ac634b2116f52b8130a3154d096d,data\raw\climate\chirts_era5\tmax\monthly\CHIRTS-ERA5.monthly_Tmax.1991.09.tif,CHIRTS_ERA5_TMAX,TMAX,1991,9,,VALIDATED_LOCAL,EPSG:4326,7200,2600,"(0.050000000745, 0.0, -180.0, 0.0, -0.050000000745, 70.0, 0.0, 0.0, 1.0)",,float32
https://data.chc.ucsb.edu/experimental/CHIRTS-ERA5/tmax/tifs/monthly/CHIRTS-ERA5.monthly_Tmax.1991.10.tif,LOCAL,,,7966885ca37b2c7cf94fc34019984b2f62873f9a463dd5b8bb8ee45a8dd67cc3,data\raw\climate\chirts_era5\tmax\monthly\CHIRTS-ERA5.monthly_Tmax.1991.10.tif,CHIRTS_ERA5_TMAX,TMAX,1991,10,,VALIDATED_LOCAL,EPSG:4326,7200,2600,"(0.050000000745, 0.0, -180.0, 0.0, -0.050000000745, 70.0, 0.0, 0.0, 1.0)",,float32
https://data.chc.ucsb.edu/experimental/CHIRTS-ERA5/tmax/tifs/monthly/CHIRTS-ERA5.monthly_Tmax.1991.11.tif,LOCAL,,,47780f64752d1f995a14a45ec1a2766ae4a563314256f272e08e71eda947beef,data\raw\climate\chirts_era5\tmax\monthly\CHIRTS-ERA5.monthly_Tmax.1991.11.tif,CHIRTS_ERA5_TMAX,TMAX,1991,11,,VALIDATED_LOCAL,EPSG:4326,7200,2600,"(0.050000000745, 0.0, -180.0, 0.0, -0.050000000745, 70.0, 0.0, 0.0, 1.0)",,float32
https://data.chc.ucsb.edu/experimental/CHIRTS-ERA5/tmax/tifs/monthly/CHIRTS-ERA5.monthly_Tmax.1991.12.tif,LOCAL,,,9490d27f9be544815feb554d5972ce2e821974df4ebaf2a657d164ee13c2c7c3,data\raw\climate\chirts_era5\tmax\monthly\CHIRTS-ERA5.monthly_Tmax.1991.12.tif,CHIRTS_ERA5_TMAX,TMAX,1991,12,,VALIDATED_LOCAL,EPSG:4326,7200,2600,"(0.050000000745, 0.0, -180.0, 0.0, -0.050000000745, 70.0, 0.0, 0.0, 1.0)",,float32
https://data.chc.ucsb.edu/experimental/CHIRTS-ERA5/tmax/tifs/monthly/CHIRTS-ERA5.monthly_Tmax.1992.01.tif,LOCAL,,,6557edd9f83ab1ac80edde4af89d793fd3551fb988fd93d4e360fdabbc5c507c,data\raw\climate\chirts_era5\tmax\monthly\CHIRTS-ERA5.monthly_Tmax.1992.01.tif,CHIRTS_ERA5_TMAX,TMAX,1992,1,,VALIDATED_LOCAL,EPSG:4326,7200,2600,"(0.050000000745, 0.0, -180.0, 0.0, -0.050000000745, 70.0, 0.0, 0.0, 1.0)",,float32
https://data.chc.ucsb.edu/experimental/CHIRTS-ERA5/tmax/tifs/monthly/CHIRTS-ERA5.monthly_Tmax.1992.02.tif,LOCAL,,,f9f8c60e503f88fd0a7b9d78e51c11aa37bca88de642a520cdff7b425c667a28,data\raw\climate\chirts_era5\tmax\monthly\CHIRTS-ERA5.monthly_Tmax.1992.02.tif,CHIRTS_ERA5_TMAX,TMAX,1992,2,,VALIDATED_LOCAL,EPSG:4326,7200,2600,"(0.050000000745, 0.0, -180.0, 0.0, -0.050000000745, 70.0, 0.0, 0.0, 1.0)",,float32
https://data.chc.ucsb.edu/experimental/CHIRTS-ERA5/tmax/tifs/monthly/CHIRTS-ERA5.monthly_Tmax.1992.03.tif,LOCAL,,,2ac26e86af6177d2b115c0ef3afaca94ade73841f793cf6c73186ce5ee7ceb01,data\raw\climate\chirts_era5\tmax\monthly\CHIRTS-ERA5.monthly_Tmax.1992.03.tif,CHIRTS_ERA5_TMAX,TMAX,1992,3,,VALIDATED_LOCAL,EPSG:4326,7200,2600,"(0.050000000745, 0.0, -180.0, 0.0, -0.050000000745, 70.0, 0.0, 0.0, 1.0)",,float32
https://data.chc.ucsb.edu/experimental/CHIRTS-ERA5/tmax/tifs/monthly/CHIRTS-ERA5.monthly_Tmax.1992.04.tif,LOCAL,,,c3a7781b1a0fcd101647eb431eaf47ba99341ca2cd653756ae363d34db34dfff,data\raw\climate\chirts_era5\tmax\monthly\CHIRTS-ERA5.monthly_Tmax.1992.04.tif,CHIRTS_ERA5_TMAX,TMAX,1992,4,,VALIDATED_LOCAL,EPSG:4326,7200,2600,"(0.050000000745, 0.0, -180.0, 0.0, -0.050000000745, 70.0, 0.0, 0.0, 1.0)",,float32
https://data.chc.ucsb.edu/experimental/CHIRTS-ERA5/tmax/tifs/monthly/CHIRTS-ERA5.monthly_Tmax.1992.05.tif,LOCAL,,,51bfaa8ba10aaf109436486ec17e660177590a084e2729ac12a814700887ddde,data\raw\climate\chirts_era5\tmax\monthly\CHIRTS-ERA5.monthly_Tmax.1992.05.tif,CHIRTS_ERA5_TMAX,TMAX,1992,5,,VALIDATED_LOCAL,EPSG:4326,7200,2600,"(0.050000000745, 0.0, -180.0, 0.0, -0.050000000745, 70.0, 0.0, 0.0, 1.0)",,float32
https://data.chc.ucsb.edu/experimental/CHIRTS-ERA5/tmax/tifs/monthly/CHIRTS-ERA5.monthly_Tmax.1992.06.tif,LOCAL,,,e5c4e31632c76bc5906f89696dacee6c111c1e21b69b1455260a82463b687cb6,data\raw\climate\chirts_era5\tmax\monthly\CHIRTS-ERA5.monthly_Tmax.1992.06.tif,CHIRTS_ERA5_TMAX,TMAX,1992,6,,VALIDATED_LOCAL,EPSG:4326,7200,2600,"(0.050000000745, 0.0, -180.0, 0.0, -0.050000000745, 70.0, 0.0, 0.0, 1.0)",,float32
https://data.chc.ucsb.edu/experimental/CHIRTS-ERA5/tmax/tifs/monthly/CHIRTS-ERA5.monthly_Tmax.1992.07.tif,LOCAL,,,aeed780b49e2e77a5b7112f74727d8c17be90ec414a6e13f01bfea324b06181b,data\raw\climate\chirts_era5\tmax\monthly\CHIRTS-ERA5.monthly_Tmax.1992.07.tif,CHIRTS_ERA5_TMAX,TMAX,1992,7,,VALIDATED_LOCAL,EPSG:4326,7200,2600,"(0.050000000745, 0.0, -180.0, 0.0, -0.050000000745, 70.0, 0.0, 0.0, 1.0)",,float32
https://data.chc.ucsb.edu/experimental/CHIRTS-ERA5/tmax/tifs/monthly/CHIRTS-ERA5.monthly_Tmax.1992.08.tif,LOCAL,,,7c72156d9d6f203c998c353784717d8cb2c7f5f32cef8347ed38905920d0df90,data\raw\climate\chirts_era5\tmax\monthly\CHIRTS-ERA5.monthly_Tmax.1992.08.tif,CHIRTS_ERA5_TMAX,TMAX,1992,8,,VALIDATED_LOCAL,EPSG:4326,7200,2600,"(0.050000000745, 0.0, -180.0, 0.0, -0.050000000745, 70.0, 0.0, 0.0, 1.0)",,float32
https://data.chc.ucsb.edu/experimental/CHIRTS-ERA5/tmax/tifs/monthly/CHIRTS-ERA5.monthly_Tmax.1992.09.tif,LOCAL,,,64c506e13752ead119d7b591bcdc5b67376ff5f9ce955481c6cfa24a48be770d,data\raw\climate\chirts_era5\tmax\monthly\CHIRTS-ERA5.monthly_Tmax.1992.09.tif,CHIRTS_ERA5_TMAX,TMAX,1992,9,,VALIDATED_LOCAL,EPSG:4326,7200,2600,"(0.050000000745, 0.0, -180.0, 0.0, -0.050000000745, 70.0, 0.0, 0.0, 1.0)",,float32
https://data.chc.ucsb.edu/experimental/CHIRTS-ERA5/tmax/tifs/monthly/CHIRTS-ERA5.monthly_Tmax.1992.10.tif,LOCAL,,,b51a23b7883035a30ef0adbd28646027e898cfa06b28d3d77cb32ce6f98180f1,data\raw\climate\chirts_era5\tmax\monthly\CHIRTS-ERA5.monthly_Tmax.1992.10.tif,CHIRTS_ERA5_TMAX,TMAX,1992,10,,VALIDATED_LOCAL,EPSG:4326,7200,2600,"(0.050000000745, 0.0, -180.0, 0.0, -0.050000000745, 70.0, 0.0, 0.0, 1.0)",,float32
https://data.chc.ucsb.edu/experimental/CHIRTS-ERA5/tmax/tifs/monthly/CHIRTS-ERA5.monthly_Tmax.1992.11.tif,LOCAL,,,1885ef3f16dcd3ffc7e15fedb9b920205b62c50db805c93ff5e2688973bbdd44,data\raw\climate\chirts_era5\tmax\monthly\CHIRTS-ERA5.monthly_Tmax.1992.11.tif,CHIRTS_ERA5_TMAX,TMAX,1992,11,,VALIDATED_LOCAL,EPSG:4326,7200,2600,"(0.050000000745, 0.0, -180.0, 0.0, -0.050000000745, 70.0, 0.0, 0.0, 1.0)",,float32
https://data.chc.ucsb.edu/experimental/CHIRTS-ERA5/tmax/tifs/monthly/CHIRTS-ERA5.monthly_Tmax.1992.12.tif,LOCAL,,,7b341b76adf7a6c9217cee6b9eb7f2656fa31b6ff7adf1e4b5660e54d8185575,data\raw\climate\chirts_era5\tmax\monthly\CHIRTS-ERA5.monthly_Tmax.1992.12.tif,CHIRTS_ERA5_TMAX,TMAX,1992,12,,VALIDATED_LOCAL,EPSG:4326,7200,2600,"(0.050000000745, 0.0, -180.0, 0.0, -0.050000000745, 70.0, 0.0, 0.0, 1.0)",,float32
https://data.chc.ucsb.edu/experimental/CHIRTS-ERA5/tmax/tifs/monthly/CHIRTS-ERA5.monthly_Tmax.1993.01.tif,LOCAL,,,1bc36b632a701c8f88d7392589ee1f37b09afbe6b98961247b69eca7f3399818,data\raw\climate\chirts_era5\tmax\monthly\CHIRTS-ERA5.monthly_Tmax.1993.01.tif,CHIRTS_ERA5_TMAX,TMAX,1993,1,,VALIDATED_LOCAL,EPSG:4326,7200,2600,"(0.050000000745, 0.0, -180.0, 0.0, -0.050000000745, 70.0, 0.0, 0.0, 1.0)",,float32
https://data.chc.ucsb.edu/experimental/CHIRTS-ERA5/tmax/tifs/monthly/CHIRTS-ERA5.monthly_Tmax.1993.02.tif,LOCAL,,,048b44c9889fdc131094df8cd2e708056b280032466c6bfe8bdec5895e03d5b1,data\raw\climate\chirts_era5\tmax\monthly\CHIRTS-ERA5.monthly_Tmax.1993.02.tif,CHIRTS_ERA5_TMAX,TMAX,1993,2,,VALIDATED_LOCAL,EPSG:4326,7200,2600,"(0.050000000745, 0.0, -180.0, 0.0, -0.050000000745, 70.0, 0.0, 0.0, 1.0)",,float32
https://data.chc.ucsb.edu/experimental/CHIRTS-ERA5/tmax/tifs/monthly/CHIRTS-ERA5.monthly_Tmax.1993.03.tif,LOCAL,,,3038721fa44a1fba2af37a33f2f41f9c0e80a2c97ef260f6bfa91c3b4eaa97b2,data\raw\climate\chirts_era5\tmax\monthly\CHIRTS-ERA5.monthly_Tmax.1993.03.tif,CHIRTS_ERA5_TMAX,TMAX,1993,3,,VALIDATED_LOCAL,EPSG:4326,7200,2600,"(0.050000000745, 0.0, -180.0, 0.0, -0.050000000745, 70.0, 0.0, 0.0, 1.0)",,float32
https://data.chc.ucsb.edu/experimental/CHIRTS-ERA5/tmax/tifs/monthly/CHIRTS-ERA5.monthly_Tmax.1993.04.tif,LOCAL,,,df3a090af29711d156a92b5ba6b3620e1bb34815b6941983ce036f963e41baa7,data\raw\climate\chirts_era5\tmax\monthly\CHIRTS-ERA5.monthly_Tmax.1993.04.tif,CHIRTS_ERA5_TMAX,TMAX,1993,4,,VALIDATED_LOCAL,EPSG:4326,7200,2600,"(0.050000000745, 0.0, -180.0, 0.0, -0.050000000745, 70.0, 0.0, 0.0, 1.0)",,float32
https://data.chc.ucsb.edu/experimental/CHIRTS-ERA5/tmax/tifs/monthly/CHIRTS-ERA5.monthly_Tmax.1993.05.tif,LOCAL,,,5645aaefbaceb9905b33631b3c6c86f18a655ef80b5b9ddcc04a68e211cebeb2,data\raw\climate\chirts_era5\tmax\monthly\CHIRTS-ERA5.monthly_Tmax.1993.05.tif,CHIRTS_ERA5_TMAX,TMAX,1993,5,,VALIDATED_LOCAL,EPSG:4326,7200,2600,"(0.050000000745, 0.0, -180.0, 0.0, -0.050000000745, 70.0, 0.0, 0.0, 1.0)",,float32
https://data.chc.ucsb.edu/experimental/CHIRTS-ERA5/tmax/tifs/monthly/CHIRTS-ERA5.monthly_Tmax.1993.06.tif,LOCAL,,,90f630a68a7b0b0b92ca594924ee2aa8af774c0695158e69cbefe4a6832a19fd,data\raw\climate\chirts_era5\tmax\monthly\CHIRTS-ERA5.monthly_Tmax.1993.06.tif,CHIRTS_ERA5_TMAX,TMAX,1993,6,,VALIDATED_LOCAL,EPSG:4326,7200,2600,"(0.050000000745, 0.0, -180.0, 0.0, -0.050000000745, 70.0, 0.0, 0.0, 1.0)",,float32
https://data.chc.ucsb.edu/experimental/CHIRTS-ERA5/tmax/tifs/monthly/CHIRTS-ERA5.monthly_Tmax.1993.07.tif,LOCAL,,,86d382565a866c2cb717bf50d8d537a6122dda08515793d8f0c318c17d30f9e9,data\raw\climate\chirts_era5\tmax\monthly\CHIRTS-ERA5.monthly_Tmax.1993.07.tif,CHIRTS_ERA5_TMAX,TMAX,1993,7,,VALIDATED_LOCAL,EPSG:4326,7200,2600,"(0.050000000745, 0.0, -180.0, 0.0, -0.050000000745, 70.0, 0.0, 0.0, 1.0)",,float32
https://data.chc.ucsb.edu/experimental/CHIRTS-ERA5/tmax/tifs/monthly/CHIRTS-ERA5.monthly_Tmax.1993.08.tif,LOCAL,,,7b6c5c6d40bdb7038228cc7e4ab8e2b26c3979bf32c334487af496530c4109e1,data\raw\climate\chirts_era5\tmax\monthly\CHIRTS-ERA5.monthly_Tmax.1993.08.tif,CHIRTS_ERA5_TMAX,TMAX,1993,8,,VALIDATED_LOCAL,EPSG:4326,7200,2600,"(0.050000000745, 0.0, -180.0, 0.0, -0.050000000745, 70.0, 0.0, 0.0, 1.0)",,float32
https://data.chc.ucsb.edu/experimental/CHIRTS-ERA5/tmax/tifs/monthly/CHIRTS-ERA5.monthly_Tmax.1993.09.tif,LOCAL,,,d5ef46f0da59b7d665402d4ba7fae08417ac8b424331c07583e583ced2daeb2d,data\raw\climate\chirts_era5\tmax\monthly\CHIRTS-ERA5.monthly_Tmax.1993.09.tif,CHIRTS_ERA5_TMAX,TMAX,1993,9,,VALIDATED_LOCAL,EPSG:4326,7200,2600,"(0.050000000745, 0.0, -180.0, 0.0, -0.050000000745, 70.0, 0.0, 0.0, 1.0)",,float32
https://data.chc.ucsb.edu/experimental/CHIRTS-ERA5/tmax/tifs/monthly/CHIRTS-ERA5.monthly_Tmax.1993.10.tif,LOCAL,,,26a053b9fc0c65115daa960c3e4753f3219fdf6c1889f90fe630fa4b8bf3f471,data\raw\climate\chirts_era5\tmax\monthly\CHIRTS-ERA5.monthly_Tmax.1993.10.tif,CHIRTS_ERA5_TMAX,TMAX,1993,10,,VALIDATED_LOCAL,EPSG:4326,7200,2600,"(0.050000000745, 0.0, -180.0, 0.0, -0.050000000745, 70.0, 0.0, 0.0, 1.0)",,float32
https://data.chc.ucsb.edu/experimental/CHIRTS-ERA5/tmax/tifs/monthly/CHIRTS-ERA5.monthly_Tmax.1993.11.tif,LOCAL,,,3de6caf73e8413f42d902ffd57e346396fe87d38d5d4f11fee6c3d42395d3fb5,data\raw\climate\chirts_era5\tmax\monthly\CHIRTS-ERA5.monthly_Tmax.1993.11.tif,CHIRTS_ERA5_TMAX,TMAX,1993,11,,VALIDATED_LOCAL,EPSG:4326,7200,2600,"(0.050000000745, 0.0, -180.0, 0.0, -0.050000000745, 70.0, 0.0, 0.0, 1.0)",,float32
https://data.chc.ucsb.edu/experimental/CHIRTS-ERA5/tmax/tifs/monthly/CHIRTS-ERA5.monthly_Tmax.1993.12.tif,LOCAL,,,0c5bc60800fb3919115db37b0a91f9355f80b5f79624c74755d82166dd4ed41d,data\raw\climate\chirts_era5\tmax\monthly\CHIRTS-ERA5.monthly_Tmax.1993.12.tif,CHIRTS_ERA5_TMAX,TMAX,1993,12,,VALIDATED_LOCAL,EPSG:4326,7200,2600,"(0.050000000745, 0.0, -180.0, 0.0, -0.050000000745, 70.0, 0.0, 0.0, 1.0)",,float32
https://data.chc.ucsb.edu/experimental/CHIRTS-ERA5/tmax/tifs/monthly/CHIRTS-ERA5.monthly_Tmax.1994.01.tif,LOCAL,,,026639ddc96e687461cdc3e50cb3ad0f8428eca3bc442d621636e81b66059a5c,data\raw\climate\chirts_era5\tmax\monthly\CHIRTS-ERA5.monthly_Tmax.1994.01.tif,CHIRTS_ERA5_TMAX,TMAX,1994,1,,VALIDATED_LOCAL,EPSG:4326,7200,2600,"(0.050000000745, 0.0, -180.0, 0.0, -0.050000000745, 70.0, 0.0, 0.0, 1.0)",,float32
https://data.chc.ucsb.edu/experimental/CHIRTS-ERA5/tmax/tifs/monthly/CHIRTS-ERA5.monthly_Tmax.1994.02.tif,LOCAL,,,026f5faf1df1e361f22b9e1f459f4be298cb4feeeeed07655f2355e76865bf7c,data\raw\climate\chirts_era5\tmax\monthly\CHIRTS-ERA5.monthly_Tmax.1994.02.tif,CHIRTS_ERA5_TMAX,TMAX,1994,2,,VALIDATED_LOCAL,EPSG:4326,7200,2600,"(0.050000000745, 0.0, -180.0, 0.0, -0.050000000745, 70.0, 0.0, 0.0, 1.0)",,float32
https://data.chc.ucsb.edu/experimental/CHIRTS-ERA5/tmax/tifs/monthly/CHIRTS-ERA5.monthly_Tmax.1994.03.tif,LOCAL,,,7c2df5bff54ef7d58d313894508aae2e5cd4aecdcdef005a7ff1294f41a56b53,data\raw\climate\chirts_era5\tmax\monthly\CHIRTS-ERA5.monthly_Tmax.1994.03.tif,CHIRTS_ERA5_TMAX,TMAX,1994,3,,VALIDATED_LOCAL,EPSG:4326,7200,2600,"(0.050000000745, 0.0, -180.0, 0.0, -0.050000000745, 70.0, 0.0, 0.0, 1.0)",,float32
https://data.chc.ucsb.edu/experimental/CHIRTS-ERA5/tmax/tifs/monthly/CHIRTS-ERA5.monthly_Tmax.1994.04.tif,LOCAL,,,8097954e59e2fcea5d2bdbf8bcc51c3754f232d7f1d6425d0c0c262ac9248a20,data\raw\climate\chirts_era5\tmax\monthly\CHIRTS-ERA5.monthly_Tmax.1994.04.tif,CHIRTS_ERA5_TMAX,TMAX,1994,4,,VALIDATED_LOCAL,EPSG:4326,7200,2600,"(0.050000000745, 0.0, -180.0, 0.0, -0.050000000745, 70.0, 0.0, 0.0, 1.0)",,float32
https://data.chc.ucsb.edu/experimental/CHIRTS-ERA5/tmax/tifs/monthly/CHIRTS-ERA5.monthly_Tmax.1994.05.tif,LOCAL,,,fdb510783d27e7f9bd184701cd55e78026b1fb0908f98ef696de8257e7e6f94e,data\raw\climate\chirts_era5\tmax\monthly\CHIRTS-ERA5.monthly_Tmax.1994.05.tif,CHIRTS_ERA5_TMAX,TMAX,1994,5,,VALIDATED_LOCAL,EPSG:4326,7200,2600,"(0.050000000745, 0.0, -180.0, 0.0, -0.050000000745, 70.0, 0.0, 0.0, 1.0)",,float32
https://data.chc.ucsb.edu/experimental/CHIRTS-ERA5/tmax/tifs/monthly/CHIRTS-ERA5.monthly_Tmax.1994.06.tif,LOCAL,,,7b60fab377ceab5e015478acff27148c3b3b87d4fdd3d5eb290e8c1939810535,data\raw\climate\chirts_era5\tmax\monthly\CHIRTS-ERA5.monthly_Tmax.1994.06.tif,CHIRTS_ERA5_TMAX,TMAX,1994,6,,VALIDATED_LOCAL,EPSG:4326,7200,2600,"(0.050000000745, 0.0, -180.0, 0.0, -0.050000000745, 70.0, 0.0, 0.0, 1.0)",,float32
https://data.chc.ucsb.edu/experimental/CHIRTS-ERA5/tmax/tifs/monthly/CHIRTS-ERA5.monthly_Tmax.1994.07.tif,LOCAL,,,626f32926685897f67bf543bc3c8aeade142e6a6b12088d99feeb97d0696fc7b,data\raw\climate\chirts_era5\tmax\monthly\CHIRTS-ERA5.monthly_Tmax.1994.07.tif,CHIRTS_ERA5_TMAX,TMAX,1994,7,,VALIDATED_LOCAL,EPSG:4326,7200,2600,"(0.050000000745, 0.0, -180.0, 0.0, -0.050000000745, 70.0, 0.0, 0.0, 1.0)",,float32
https://data.chc.ucsb.edu/experimental/CHIRTS-ERA5/tmax/tifs/monthly/CHIRTS-ERA5.monthly_Tmax.1994.08.tif,LOCAL,,,368667a392b63fee310f375fd76d99da0b88c49e1e6d44661150f6591260da11,data\raw\climate\chirts_era5\tmax\monthly\CHIRTS-ERA5.monthly_Tmax.1994.08.tif,CHIRTS_ERA5_TMAX,TMAX,1994,8,,VALIDATED_LOCAL,EPSG:4326,7200,2600,"(0.050000000745, 0.0, -180.0, 0.0, -0.050000000745, 70.0, 0.0, 0.0, 1.0)",,float32
https://data.chc.ucsb.edu/experimental/CHIRTS-ERA5/tmax/tifs/monthly/CHIRTS-ERA5.monthly_Tmax.1994.09.tif,LOCAL,,,88f76ed6427b15e042028dfbc28729cf8a73d0ecacc0747f02427ab7e8a33e6d,data\raw\climate\chirts_era5\tmax\monthly\CHIRTS-ERA5.monthly_Tmax.1994.09.tif,CHIRTS_ERA5_TMAX,TMAX,1994,9,,VALIDATED_LOCAL,EPSG:4326,7200,2600,"(0.050000000745, 0.0, -180.0, 0.0, -0.050000000745, 70.0, 0.0, 0.0, 1.0)",,float32
https://data.chc.ucsb.edu/experimental/CHIRTS-ERA5/tmax/tifs/monthly/CHIRTS-ERA5.monthly_Tmax.1994.10.tif,LOCAL,,,b6557247378c5f300227fb20ed7daabbed95468dfef002df0551dac1b3e788b4,data\raw\climate\chirts_era5\tmax\monthly\CHIRTS-ERA5.monthly_Tmax.1994.10.tif,CHIRTS_ERA5_TMAX,TMAX,1994,10,,VALIDATED_LOCAL,EPSG:4326,7200,2600,"(0.050000000745, 0.0, -180.0, 0.0, -0.050000000745, 70.0, 0.0, 0.0, 1.0)",,float32
https://data.chc.ucsb.edu/experimental/CHIRTS-ERA5/tmax/tifs/monthly/CHIRTS-ERA5.monthly_Tmax.1994.11.tif,LOCAL,,,5c7adf14c9e1c77d505ccf89c234793d98def4338f1cb7bc11e5bdafc4495f6e,data\raw\climate\chirts_era5\tmax\monthly\CHIRTS-ERA5.monthly_Tmax.1994.11.tif,CHIRTS_ERA5_TMAX,TMAX,1994,11,,VALIDATED_LOCAL,EPSG:4326,7200,2600,"(0.050000000745, 0.0, -180.0, 0.0, -0.050000000745, 70.0, 0.0, 0.0, 1.0)",,float32
https://data.chc.ucsb.edu/experimental/CHIRTS-ERA5/tmax/tifs/monthly/CHIRTS-ERA5.monthly_Tmax.1994.12.tif,LOCAL,,,0f91ab50920fb9371fe3aa130fb59f4ff1e84eb6a45e7b1707d619bd9f4a1442,data\raw\climate\chirts_era5\tmax\monthly\CHIRTS-ERA5.monthly_Tmax.1994.12.tif,CHIRTS_ERA5_TMAX,TMAX,1994,12,,VALIDATED_LOCAL,EPSG:4326,7200,2600,"(0.050000000745, 0.0, -180.0, 0.0, -0.050000000745, 70.0, 0.0, 0.0, 1.0)",,float32
https://data.chc.ucsb.edu/experimental/CHIRTS-ERA5/tmax/tifs/monthly/CHIRTS-ERA5.monthly_Tmax.1995.01.tif,LOCAL,,,eda56ee40700f3f50cb22f6c4d17a1bc5a0a2ac4eb9baf43ca3898a0d8c28cf8,data\raw\climate\chirts_era5\tmax\monthly\CHIRTS-ERA5.monthly_Tmax.1995.01.tif,CHIRTS_ERA5_TMAX,TMAX,1995,1,,VALIDATED_LOCAL,EPSG:4326,7200,2600,"(0.050000000745, 0.0, -180.0, 0.0, -0.050000000745, 70.0, 0.0, 0.0, 1.0)",,float32
https://data.chc.ucsb.edu/experimental/CHIRTS-ERA5/tmax/tifs/monthly/CHIRTS-ERA5.monthly_Tmax.1995.02.tif,LOCAL,,,ee0d49048bfe8db8f44c9719e2c8e67025d1c42ccb9c9361bf9b9635056a60cd,data\raw\climate\chirts_era5\tmax\monthly\CHIRTS-ERA5.monthly_Tmax.1995.02.tif,CHIRTS_ERA5_TMAX,TMAX,1995,2,,VALIDATED_LOCAL,EPSG:4326,7200,2600,"(0.050000000745, 0.0, -180.0, 0.0, -0.050000000745, 70.0, 0.0, 0.0, 1.0)",,float32
https://data.chc.ucsb.edu/experimental/CHIRTS-ERA5/tmax/tifs/monthly/CHIRTS-ERA5.monthly_Tmax.1995.03.tif,LOCAL,,,ce4f33a6568ca9c41fdc7fdec54987ecd950b1c438f4a85b6f60a28d10cff524,data\raw\climate\chirts_era5\tmax\monthly\CHIRTS-ERA5.monthly_Tmax.1995.03.tif,CHIRTS_ERA5_TMAX,TMAX,1995,3,,VALIDATED_LOCAL,EPSG:4326,7200,2600,"(0.050000000745, 0.0, -180.0, 0.0, -0.050000000745, 70.0, 0.0, 0.0, 1.0)",,float32
https://data.chc.ucsb.edu/experimental/CHIRTS-ERA5/tmax/tifs/monthly/CHIRTS-ERA5.monthly_Tmax.1995.04.tif,LOCAL,,,d251c3be97a7aa83745299db6d9a071b3a3da02a15c088bd8fab0e120ef5fa7e,data\raw\climate\chirts_era5\tmax\monthly\CHIRTS-ERA5.monthly_Tmax.1995.04.tif,CHIRTS_ERA5_TMAX,TMAX,1995,4,,VALIDATED_LOCAL,EPSG:4326,7200,2600,"(0.050000000745, 0.0, -180.0, 0.0, -0.050000000745, 70.0, 0.0, 0.0, 1.0)",,float32
https://data.chc.ucsb.edu/experimental/CHIRTS-ERA5/tmax/tifs/monthly/CHIRTS-ERA5.monthly_Tmax.1995.05.tif,LOCAL,,,23fde7767ebca5b0da0b266fd62bdc26f0ebdd677bc176617bd2c73aae562c4a,data\raw\climate\chirts_era5\tmax\monthly\CHIRTS-ERA5.monthly_Tmax.1995.05.tif,CHIRTS_ERA5_TMAX,TMAX,1995,5,,VALIDATED_LOCAL,EPSG:4326,7200,2600,"(0.050000000745, 0.0, -180.0, 0.0, -0.050000000745, 70.0, 0.0, 0.0, 1.0)",,float32
https://data.chc.ucsb.edu/experimental/CHIRTS-ERA5/tmax/tifs/monthly/CHIRTS-ERA5.monthly_Tmax.1995.06.tif,LOCAL,,,e4ff38690ea33e71467d4becd858574bc4072907a7e96f23aaf0f5890cbebff8,data\raw\climate\chirts_era5\tmax\monthly\CHIRTS-ERA5.monthly_Tmax.1995.06.tif,CHIRTS_ERA5_TMAX,TMAX,1995,6,,VALIDATED_LOCAL,EPSG:4326,7200,2600,"(0.050000000745, 0.0, -180.0, 0.0, -0.050000000745, 70.0, 0.0, 0.0, 1.0)",,float32
https://data.chc.ucsb.edu/experimental/CHIRTS-ERA5/tmax/tifs/monthly/CHIRTS-ERA5.monthly_Tmax.1995.07.tif,LOCAL,,,0e6806662ba2ff4c57a9c07ce5ef6e1478536530ace01e604037cdd4d84bf5e5,data\raw\climate\chirts_era5\tmax\monthly\CHIRTS-ERA5.monthly_Tmax.1995.07.tif,CHIRTS_ERA5_TMAX,TMAX,1995,7,,VALIDATED_LOCAL,EPSG:4326,7200,2600,"(0.050000000745, 0.0, -180.0, 0.0, -0.050000000745, 70.0, 0.0, 0.0, 1.0)",,float32
https://data.chc.ucsb.edu/experimental/CHIRTS-ERA5/tmax/tifs/monthly/CHIRTS-ERA5.monthly_Tmax.1995.08.tif,LOCAL,,,bfd1c6bc03327087d374e5b9ba9788270a84191b818aa49d607b870795a0fa04,data\raw\climate\chirts_era5\tmax\monthly\CHIRTS-ERA5.monthly_Tmax.1995.08.tif,CHIRTS_ERA5_TMAX,TMAX,1995,8,,VALIDATED_LOCAL,EPSG:4326,7200,2600,"(0.050000000745, 0.0, -180.0, 0.0, -0.050000000745, 70.0, 0.0, 0.0, 1.0)",,float32
https://data.chc.ucsb.edu/experimental/CHIRTS-ERA5/tmax/tifs/monthly/CHIRTS-ERA5.monthly_Tmax.1995.09.tif,LOCAL,,,3cb7df804ceb2fa82aedc800608033bbc932b2fd49b0cc93891b94422ad96336,data\raw\climate\chirts_era5\tmax\monthly\CHIRTS-ERA5.monthly_Tmax.1995.09.tif,CHIRTS_ERA5_TMAX,TMAX,1995,9,,VALIDATED_LOCAL,EPSG:4326,7200,2600,"(0.050000000745, 0.0, -180.0, 0.0, -0.050000000745, 70.0, 0.0, 0.0, 1.0)",,float32
https://data.chc.ucsb.edu/experimental/CHIRTS-ERA5/tmax/tifs/monthly/CHIRTS-ERA5.monthly_Tmax.1995.10.tif,LOCAL,,,9ca308856cb182b5bcf6c68bc201108fd01e0d0666815ec6b46c8af4114cb94f,data\raw\climate\chirts_era5\tmax\monthly\CHIRTS-ERA5.monthly_Tmax.1995.10.tif,CHIRTS_ERA5_TMAX,TMAX,1995,10,,VALIDATED_LOCAL,EPSG:4326,7200,2600,"(0.050000000745, 0.0, -180.0, 0.0, -0.050000000745, 70.0, 0.0, 0.0, 1.0)",,float32
https://data.chc.ucsb.edu/experimental/CHIRTS-ERA5/tmax/tifs/monthly/CHIRTS-ERA5.monthly_Tmax.1995.11.tif,LOCAL,,,b926eda176948222ad1219ff54ee52fd1f735ef7519cd381609b41990511efd0,data\raw\climate\chirts_era5\tmax\monthly\CHIRTS-ERA5.monthly_Tmax.1995.11.tif,CHIRTS_ERA5_TMAX,TMAX,1995,11,,VALIDATED_LOCAL,EPSG:4326,7200,2600,"(0.050000000745, 0.0, -180.0, 0.0, -0.050000000745, 70.0, 0.0, 0.0, 1.0)",,float32
https://data.chc.ucsb.edu/experimental/CHIRTS-ERA5/tmax/tifs/monthly/CHIRTS-ERA5.monthly_Tmax.1995.12.tif,LOCAL,,,42ba7e7bcc70278854598ff1483d2bca08cdfc5929667d7984ce4c7ed64934fd,data\raw\climate\chirts_era5\tmax\monthly\CHIRTS-ERA5.monthly_Tmax.1995.12.tif,CHIRTS_ERA5_TMAX,TMAX,1995,12,,VALIDATED_LOCAL,EPSG:4326,7200,2600,"(0.050000000745, 0.0, -180.0, 0.0, -0.050000000745, 70.0, 0.0, 0.0, 1.0)",,float32
https://data.chc.ucsb.edu/experimental/CHIRTS-ERA5/tmax/tifs/monthly/CHIRTS-ERA5.monthly_Tmax.1996.01.tif,LOCAL,,,e9e0bb39fe734d9b8700e02a01bb8ba3f6f0e2172e77615daded295b9ee342b8,data\raw\climate\chirts_era5\tmax\monthly\CHIRTS-ERA5.monthly_Tmax.1996.01.tif,CHIRTS_ERA5_TMAX,TMAX,1996,1,,VALIDATED_LOCAL,EPSG:4326,7200,2600,"(0.050000000745, 0.0, -180.0, 0.0, -0.050000000745, 70.0, 0.0, 0.0, 1.0)",,float32
https://data.chc.ucsb.edu/experimental/CHIRTS-ERA5/tmax/tifs/monthly/CHIRTS-ERA5.monthly_Tmax.1996.02.tif,LOCAL,,,30827b0f87e39b23b88ae91ea7875d8ab456ee1e065d0f8b393291d0ae178f19,data\raw\climate\chirts_era5\tmax\monthly\CHIRTS-ERA5.monthly_Tmax.1996.02.tif,CHIRTS_ERA5_TMAX,TMAX,1996,2,,VALIDATED_LOCAL,EPSG:4326,7200,2600,"(0.050000000745, 0.0, -180.0, 0.0, -0.050000000745, 70.0, 0.0, 0.0, 1.0)",,float32
https://data.chc.ucsb.edu/experimental/CHIRTS-ERA5/tmax/tifs/monthly/CHIRTS-ERA5.monthly_Tmax.1996.03.tif,LOCAL,,,04eb733d605c1bac40efb061eadc6d8116e3f086188c60c3c6ea32fe1c581648,data\raw\climate\chirts_era5\tmax\monthly\CHIRTS-ERA5.monthly_Tmax.1996.03.tif,CHIRTS_ERA5_TMAX,TMAX,1996,3,,VALIDATED_LOCAL,EPSG:4326,7200,2600,"(0.050000000745, 0.0, -180.0, 0.0, -0.050000000745, 70.0, 0.0, 0.0, 1.0)",,float32
https://data.chc.ucsb.edu/experimental/CHIRTS-ERA5/tmax/tifs/monthly/CHIRTS-ERA5.monthly_Tmax.1996.04.tif,LOCAL,,,66e68e14d5ad9abe51cd494087dbf4b22408be64a86d30b1a9772cb4a4033f4b,data\raw\climate\chirts_era5\tmax\monthly\CHIRTS-ERA5.monthly_Tmax.1996.04.tif,CHIRTS_ERA5_TMAX,TMAX,1996,4,,VALIDATED_LOCAL,EPSG:4326,7200,2600,"(0.050000000745, 0.0, -180.0, 0.0, -0.050000000745, 70.0, 0.0, 0.0, 1.0)",,float32
https://data.chc.ucsb.edu/experimental/CHIRTS-ERA5/tmax/tifs/monthly/CHIRTS-ERA5.monthly_Tmax.1996.05.tif,LOCAL,,,64b4a70955541009cd5de056ca3cc810cd5802e639d82f700b423680831c93db,data\raw\climate\chirts_era5\tmax\monthly\CHIRTS-ERA5.monthly_Tmax.1996.05.tif,CHIRTS_ERA5_TMAX,TMAX,1996,5,,VALIDATED_LOCAL,EPSG:4326,7200,2600,"(0.050000000745, 0.0, -180.0, 0.0, -0.050000000745, 70.0, 0.0, 0.0, 1.0)",,float32
https://data.chc.ucsb.edu/experimental/CHIRTS-ERA5/tmax/tifs/monthly/CHIRTS-ERA5.monthly_Tmax.1996.06.tif,LOCAL,,,8aa1f0ee860c45b79f6e4edb93b910fde7b1dcc18eea20f1703c642a655f215f,data\raw\climate\chirts_era5\tmax\monthly\CHIRTS-ERA5.monthly_Tmax.1996.06.tif,CHIRTS_ERA5_TMAX,TMAX,1996,6,,VALIDATED_LOCAL,EPSG:4326,7200,2600,"(0.050000000745, 0.0, -180.0, 0.0, -0.050000000745, 70.0, 0.0, 0.0, 1.0)",,float32
https://data.chc.ucsb.edu/experimental/CHIRTS-ERA5/tmax/tifs/monthly/CHIRTS-ERA5.monthly_Tmax.1996.07.tif,LOCAL,,,b937d4bf7ccc8a34d9bf1580c0987dc94e289bc564fe81a134cc6cddc0fe9623,data\raw\climate\chirts_era5\tmax\monthly\CHIRTS-ERA5.monthly_Tmax.1996.07.tif,CHIRTS_ERA5_TMAX,TMAX,1996,7,,VALIDATED_LOCAL,EPSG:4326,7200,2600,"(0.050000000745, 0.0, -180.0, 0.0, -0.050000000745, 70.0, 0.0, 0.0, 1.0)",,float32
https://data.chc.ucsb.edu/experimental/CHIRTS-ERA5/tmax/tifs/monthly/CHIRTS-ERA5.monthly_Tmax.1996.08.tif,LOCAL,,,7ddb34276515698158f80622e39f4cd4666d004281b3529764478b539b7add44,data\raw\climate\chirts_era5\tmax\monthly\CHIRTS-ERA5.monthly_Tmax.1996.08.tif,CHIRTS_ERA5_TMAX,TMAX,1996,8,,VALIDATED_LOCAL,EPSG:4326,7200,2600,"(0.050000000745, 0.0, -180.0, 0.0, -0.050000000745, 70.0, 0.0, 0.0, 1.0)",,float32
https://data.chc.ucsb.edu/experimental/CHIRTS-ERA5/tmax/tifs/monthly/CHIRTS-ERA5.monthly_Tmax.1996.09.tif,LOCAL,,,2b3bae85c806a0444c4ff691a052631427acb061db173eb422b0f0a0cf32ae2f,data\raw\climate\chirts_era5\tmax\monthly\CHIRTS-ERA5.monthly_Tmax.1996.09.tif,CHIRTS_ERA5_TMAX,TMAX,1996,9,,VALIDATED_LOCAL,EPSG:4326,7200,2600,"(0.050000000745, 0.0, -180.0, 0.0, -0.050000000745, 70.0, 0.0, 0.0, 1.0)",,float32
https://data.chc.ucsb.edu/experimental/CHIRTS-ERA5/tmax/tifs/monthly/CHIRTS-ERA5.monthly_Tmax.1996.10.tif,LOCAL,,,846eaa3ade3b38fed053265080a115800be06a17df96f1d25988471132df2a3b,data\raw\climate\chirts_era5\tmax\monthly\CHIRTS-ERA5.monthly_Tmax.1996.10.tif,CHIRTS_ERA5_TMAX,TMAX,1996,10,,VALIDATED_LOCAL,EPSG:4326,7200,2600,"(0.050000000745, 0.0, -180.0, 0.0, -0.050000000745, 70.0, 0.0, 0.0, 1.0)",,float32
https://data.chc.ucsb.edu/experimental/CHIRTS-ERA5/tmax/tifs/monthly/CHIRTS-ERA5.monthly_Tmax.1996.11.tif,LOCAL,,,d040825b3246801b3df7ddf79c8d822f23211c2948ddbacb0a183f403329cda8,data\raw\climate\chirts_era5\tmax\monthly\CHIRTS-ERA5.monthly_Tmax.1996.11.tif,CHIRTS_ERA5_TMAX,TMAX,1996,11,,VALIDATED_LOCAL,EPSG:4326,7200,2600,"(0.050000000745, 0.0, -180.0, 0.0, -0.050000000745, 70.0, 0.0, 0.0, 1.0)",,float32
https://data.chc.ucsb.edu/experimental/CHIRTS-ERA5/tmax/tifs/monthly/CHIRTS-ERA5.monthly_Tmax.1996.12.tif,LOCAL,,,bd8e646edb3991d0ba7391b7005467972af078104c2559f26d4e327e0088c8c2,data\raw\climate\chirts_era5\tmax\monthly\CHIRTS-ERA5.monthly_Tmax.1996.12.tif,CHIRTS_ERA5_TMAX,TMAX,1996,12,,VALIDATED_LOCAL,EPSG:4326,7200,2600,"(0.050000000745, 0.0, -180.0, 0.0, -0.050000000745, 70.0, 0.0, 0.0, 1.0)",,float32
https://data.chc.ucsb.edu/experimental/CHIRTS-ERA5/tmax/tifs/monthly/CHIRTS-ERA5.monthly_Tmax.1997.01.tif,LOCAL,,,83712cb135241668f291f6d66b5cb181484db410a0bbde49f2bd3031b1eb946f,data\raw\climate\chirts_era5\tmax\monthly\CHIRTS-ERA5.monthly_Tmax.1997.01.tif,CHIRTS_ERA5_TMAX,TMAX,1997,1,,VALIDATED_LOCAL,EPSG:4326,7200,2600,"(0.050000000745, 0.0, -180.0, 0.0, -0.050000000745, 70.0, 0.0, 0.0, 1.0)",,float32
https://data.chc.ucsb.edu/experimental/CHIRTS-ERA5/tmax/tifs/monthly/CHIRTS-ERA5.monthly_Tmax.1997.02.tif,LOCAL,,,459f43c5aae458b84fd90106c49322f09f864987c6d88eb9d934fd9d9dff99a9,data\raw\climate\chirts_era5\tmax\monthly\CHIRTS-ERA5.monthly_Tmax.1997.02.tif,CHIRTS_ERA5_TMAX,TMAX,1997,2,,VALIDATED_LOCAL,EPSG:4326,7200,2600,"(0.050000000745, 0.0, -180.0, 0.0, -0.050000000745, 70.0, 0.0, 0.0, 1.0)",,float32
https://data.chc.ucsb.edu/experimental/CHIRTS-ERA5/tmax/tifs/monthly/CHIRTS-ERA5.monthly_Tmax.1997.03.tif,LOCAL,,,14330cb0ef4fe9b37699db3721fa6155cd892fe25f593fe5c99a6e92d385d181,data\raw\climate\chirts_era5\tmax\monthly\CHIRTS-ERA5.monthly_Tmax.1997.03.tif,CHIRTS_ERA5_TMAX,TMAX,1997,3,,VALIDATED_LOCAL,EPSG:4326,7200,2600,"(0.050000000745, 0.0, -180.0, 0.0, -0.050000000745, 70.0, 0.0, 0.0, 1.0)",,float32
https://data.chc.ucsb.edu/experimental/CHIRTS-ERA5/tmax/tifs/monthly/CHIRTS-ERA5.monthly_Tmax.1997.04.tif,LOCAL,,,2ba55012f17aa654072ca7ee0f42c0de40b83eb2d0c8175f12c030007934bb5e,data\raw\climate\chirts_era5\tmax\monthly\CHIRTS-ERA5.monthly_Tmax.1997.04.tif,CHIRTS_ERA5_TMAX,TMAX,1997,4,,VALIDATED_LOCAL,EPSG:4326,7200,2600,"(0.050000000745, 0.0, -180.0, 0.0, -0.050000000745, 70.0, 0.0, 0.0, 1.0)",,float32
https://data.chc.ucsb.edu/experimental/CHIRTS-ERA5/tmax/tifs/monthly/CHIRTS-ERA5.monthly_Tmax.1997.05.tif,LOCAL,,,f346c7c2e455bba8fcdb1491b782ad40ddfdf948f24bc804db12ef47bdb1424c,data\raw\climate\chirts_era5\tmax\monthly\CHIRTS-ERA5.monthly_Tmax.1997.05.tif,CHIRTS_ERA5_TMAX,TMAX,1997,5,,VALIDATED_LOCAL,EPSG:4326,7200,2600,"(0.050000000745, 0.0, -180.0, 0.0, -0.050000000745, 70.0, 0.0, 0.0, 1.0)",,float32
https://data.chc.ucsb.edu/experimental/CHIRTS-ERA5/tmax/tifs/monthly/CHIRTS-ERA5.monthly_Tmax.1997.06.tif,LOCAL,,,ff52ea975c0f183d6e727cf820ad910fe17bf94addfba9d76d6303d37cb0c964,data\raw\climate\chirts_era5\tmax\monthly\CHIRTS-ERA5.monthly_Tmax.1997.06.tif,CHIRTS_ERA5_TMAX,TMAX,1997,6,,VALIDATED_LOCAL,EPSG:4326,7200,2600,"(0.050000000745, 0.0, -180.0, 0.0, -0.050000000745, 70.0, 0.0, 0.0, 1.0)",,float32
https://data.chc.ucsb.edu/experimental/CHIRTS-ERA5/tmax/tifs/monthly/CHIRTS-ERA5.monthly_Tmax.1997.07.tif,LOCAL,,,c0bb17c11090c12fda5d29fe2949d955a42f913aada7418fb9a7476679db247f,data\raw\climate\chirts_era5\tmax\monthly\CHIRTS-ERA5.monthly_Tmax.1997.07.tif,CHIRTS_ERA5_TMAX,TMAX,1997,7,,VALIDATED_LOCAL,EPSG:4326,7200,2600,"(0.050000000745, 0.0, -180.0, 0.0, -0.050000000745, 70.0, 0.0, 0.0, 1.0)",,float32
https://data.chc.ucsb.edu/experimental/CHIRTS-ERA5/tmax/tifs/monthly/CHIRTS-ERA5.monthly_Tmax.1997.08.tif,LOCAL,,,f7ceeb631d32d4452797792c616d2d841742bd76c17120c9151d89bd60d43599,data\raw\climate\chirts_era5\tmax\monthly\CHIRTS-ERA5.monthly_Tmax.1997.08.tif,CHIRTS_ERA5_TMAX,TMAX,1997,8,,VALIDATED_LOCAL,EPSG:4326,7200,2600,"(0.050000000745, 0.0, -180.0, 0.0, -0.050000000745, 70.0, 0.0, 0.0, 1.0)",,float32
https://data.chc.ucsb.edu/experimental/CHIRTS-ERA5/tmax/tifs/monthly/CHIRTS-ERA5.monthly_Tmax.1997.09.tif,LOCAL,,,a37dc93799bc1d628d02a00a90ebc6a8951a6e61f1a6b5dbb9ac110a7843dab8,data\raw\climate\chirts_era5\tmax\monthly\CHIRTS-ERA5.monthly_Tmax.1997.09.tif,CHIRTS_ERA5_TMAX,TMAX,1997,9,,VALIDATED_LOCAL,EPSG:4326,7200,2600,"(0.050000000745, 0.0, -180.0, 0.0, -0.050000000745, 70.0, 0.0, 0.0, 1.0)",,float32
https://data.chc.ucsb.edu/experimental/CHIRTS-ERA5/tmax/tifs/monthly/CHIRTS-ERA5.monthly_Tmax.1997.10.tif,LOCAL,,,a75640dae53fb3deca6a6706ba6fa24ea00bbf2308e1b0f9e7c70c2cee9cb87c,data\raw\climate\chirts_era5\tmax\monthly\CHIRTS-ERA5.monthly_Tmax.1997.10.tif,CHIRTS_ERA5_TMAX,TMAX,1997,10,,VALIDATED_LOCAL,EPSG:4326,7200,2600,"(0.050000000745, 0.0, -180.0, 0.0, -0.050000000745, 70.0, 0.0, 0.0, 1.0)",,float32
https://data.chc.ucsb.edu/experimental/CHIRTS-ERA5/tmax/tifs/monthly/CHIRTS-ERA5.monthly_Tmax.1997.11.tif,LOCAL,,,55a2d244c0cf91db95fbddda88ac6f435963eee936db4a02208165dbdf2d8321,data\raw\climate\chirts_era5\tmax\monthly\CHIRTS-ERA5.monthly_Tmax.1997.11.tif,CHIRTS_ERA5_TMAX,TMAX,1997,11,,VALIDATED_LOCAL,EPSG:4326,7200,2600,"(0.050000000745, 0.0, -180.0, 0.0, -0.050000000745, 70.0, 0.0, 0.0, 1.0)",,float32
https://data.chc.ucsb.edu/experimental/CHIRTS-ERA5/tmax/tifs/monthly/CHIRTS-ERA5.monthly_Tmax.1997.12.tif,LOCAL,,,4b7f4b8be17ebff3ece5131f9193bb704313936759c7c7257eb0092344d219ed,data\raw\climate\chirts_era5\tmax\monthly\CHIRTS-ERA5.monthly_Tmax.1997.12.tif,CHIRTS_ERA5_TMAX,TMAX,1997,12,,VALIDATED_LOCAL,EPSG:4326,7200,2600,"(0.050000000745, 0.0, -180.0, 0.0, -0.050000000745, 70.0, 0.0, 0.0, 1.0)",,float32
https://data.chc.ucsb.edu/experimental/CHIRTS-ERA5/tmax/tifs/monthly/CHIRTS-ERA5.monthly_Tmax.1998.01.tif,LOCAL,,,fb8dcd0dd721cbdcb453133174c2756970c9c119c6876061f21f729fceb5571a,data\raw\climate\chirts_era5\tmax\monthly\CHIRTS-ERA5.monthly_Tmax.1998.01.tif,CHIRTS_ERA5_TMAX,TMAX,1998,1,,VALIDATED_LOCAL,EPSG:4326,7200,2600,"(0.050000000745, 0.0, -180.0, 0.0, -0.050000000745, 70.0, 0.0, 0.0, 1.0)",,float32
https://data.chc.ucsb.edu/experimental/CHIRTS-ERA5/tmax/tifs/monthly/CHIRTS-ERA5.monthly_Tmax.1998.02.tif,LOCAL,,,a407cb22137e422007e78e002311b777cc5735eb4ed05e16eeefb7147e005e5b,data\raw\climate\chirts_era5\tmax\monthly\CHIRTS-ERA5.monthly_Tmax.1998.02.tif,CHIRTS_ERA5_TMAX,TMAX,1998,2,,VALIDATED_LOCAL,EPSG:4326,7200,2600,"(0.050000000745, 0.0, -180.0, 0.0, -0.050000000745, 70.0, 0.0, 0.0, 1.0)",,float32
https://data.chc.ucsb.edu/experimental/CHIRTS-ERA5/tmax/tifs/monthly/CHIRTS-ERA5.monthly_Tmax.1998.03.tif,LOCAL,,,5fa62a110ae1560221d908e53ecb6396f4fee7f747c4b3fc4f9c0eda5d874ee5,data\raw\climate\chirts_era5\tmax\monthly\CHIRTS-ERA5.monthly_Tmax.1998.03.tif,CHIRTS_ERA5_TMAX,TMAX,1998,3,,VALIDATED_LOCAL,EPSG:4326,7200,2600,"(0.050000000745, 0.0, -180.0, 0.0, -0.050000000745, 70.0, 0.0, 0.0, 1.0)",,float32
https://data.chc.ucsb.edu/experimental/CHIRTS-ERA5/tmax/tifs/monthly/CHIRTS-ERA5.monthly_Tmax.1998.04.tif,LOCAL,,,19356cbe3ff331bf6d0d3924fed34e0a17b4a1d6b91f11afe20fade7dbb8d4c2,data\raw\climate\chirts_era5\tmax\monthly\CHIRTS-ERA5.monthly_Tmax.1998.04.tif,CHIRTS_ERA5_TMAX,TMAX,1998,4,,VALIDATED_LOCAL,EPSG:4326,7200,2600,"(0.050000000745, 0.0, -180.0, 0.0, -0.050000000745, 70.0, 0.0, 0.0, 1.0)",,float32
https://data.chc.ucsb.edu/experimental/CHIRTS-ERA5/tmax/tifs/monthly/CHIRTS-ERA5.monthly_Tmax.1998.05.tif,LOCAL,,,1d8efabe400c1cfa568cb34125d8c345cb7daac6de37b77d732bf767ea0652c5,data\raw\climate\chirts_era5\tmax\monthly\CHIRTS-ERA5.monthly_Tmax.1998.05.tif,CHIRTS_ERA5_TMAX,TMAX,1998,5,,VALIDATED_LOCAL,EPSG:4326,7200,2600,"(0.050000000745, 0.0, -180.0, 0.0, -0.050000000745, 70.0, 0.0, 0.0, 1.0)",,float32
https://data.chc.ucsb.edu/experimental/CHIRTS-ERA5/tmax/tifs/monthly/CHIRTS-ERA5.monthly_Tmax.1998.06.tif,LOCAL,,,ddb6f81cc6a6a106b5343068abdc1dd1127d7c3b9aadda63bfcd2dbde83376d8,data\raw\climate\chirts_era5\tmax\monthly\CHIRTS-ERA5.monthly_Tmax.1998.06.tif,CHIRTS_ERA5_TMAX,TMAX,1998,6,,VALIDATED_LOCAL,EPSG:4326,7200,2600,"(0.050000000745, 0.0, -180.0, 0.0, -0.050000000745, 70.0, 0.0, 0.0, 1.0)",,float32
https://data.chc.ucsb.edu/experimental/CHIRTS-ERA5/tmax/tifs/monthly/CHIRTS-ERA5.monthly_Tmax.1998.07.tif,LOCAL,,,2d791aad4253dff2c152d686638511d6337a7b6961037a3b0b09a07bb96f605d,data\raw\climate\chirts_era5\tmax\monthly\CHIRTS-ERA5.monthly_Tmax.1998.07.tif,CHIRTS_ERA5_TMAX,TMAX,1998,7,,VALIDATED_LOCAL,EPSG:4326,7200,2600,"(0.050000000745, 0.0, -180.0, 0.0, -0.050000000745, 70.0, 0.0, 0.0, 1.0)",,float32
https://data.chc.ucsb.edu/experimental/CHIRTS-ERA5/tmax/tifs/monthly/CHIRTS-ERA5.monthly_Tmax.1998.08.tif,LOCAL,,,e679357bea1b49300a42676cbbdf1b9eed8394161bd3c295fb3441be5e953ba4,data\raw\climate\chirts_era5\tmax\monthly\CHIRTS-ERA5.monthly_Tmax.1998.08.tif,CHIRTS_ERA5_TMAX,TMAX,1998,8,,VALIDATED_LOCAL,EPSG:4326,7200,2600,"(0.050000000745, 0.0, -180.0, 0.0, -0.050000000745, 70.0, 0.0, 0.0, 1.0)",,float32
https://data.chc.ucsb.edu/experimental/CHIRTS-ERA5/tmax/tifs/monthly/CHIRTS-ERA5.monthly_Tmax.1998.09.tif,LOCAL,,,61f27173c6a06f9ce1fd4caed2d9d574defb3ff9d77ed3b926f731a451019b99,data\raw\climate\chirts_era5\tmax\monthly\CHIRTS-ERA5.monthly_Tmax.1998.09.tif,CHIRTS_ERA5_TMAX,TMAX,1998,9,,VALIDATED_LOCAL,EPSG:4326,7200,2600,"(0.050000000745, 0.0, -180.0, 0.0, -0.050000000745, 70.0, 0.0, 0.0, 1.0)",,float32
https://data.chc.ucsb.edu/experimental/CHIRTS-ERA5/tmax/tifs/monthly/CHIRTS-ERA5.monthly_Tmax.1998.10.tif,LOCAL,,,376c97931fbc44a8f0bc1229f87ea312c13b7891f3a9523bb9fbd068cd5666cd,data\raw\climate\chirts_era5\tmax\monthly\CHIRTS-ERA5.monthly_Tmax.1998.10.tif,CHIRTS_ERA5_TMAX,TMAX,1998,10,,VALIDATED_LOCAL,EPSG:4326,7200,2600,"(0.050000000745, 0.0, -180.0, 0.0, -0.050000000745, 70.0, 0.0, 0.0, 1.0)",,float32
https://data.chc.ucsb.edu/experimental/CHIRTS-ERA5/tmax/tifs/monthly/CHIRTS-ERA5.monthly_Tmax.1998.11.tif,LOCAL,,,9f4b60b269996eb22488188b5ce0915b1cce007ca4fd3c71b3bb07eecc9ff5b1,data\raw\climate\chirts_era5\tmax\monthly\CHIRTS-ERA5.monthly_Tmax.1998.11.tif,CHIRTS_ERA5_TMAX,TMAX,1998,11,,VALIDATED_LOCAL,EPSG:4326,7200,2600,"(0.050000000745, 0.0, -180.0, 0.0, -0.050000000745, 70.0, 0.0, 0.0, 1.0)",,float32
https://data.chc.ucsb.edu/experimental/CHIRTS-ERA5/tmax/tifs/monthly/CHIRTS-ERA5.monthly_Tmax.1998.12.tif,LOCAL,,,c684e915730ce67ffbd3a2f1b6184076953bd75286f16d660090140b9668334a,data\raw\climate\chirts_era5\tmax\monthly\CHIRTS-ERA5.monthly_Tmax.1998.12.tif,CHIRTS_ERA5_TMAX,TMAX,1998,12,,VALIDATED_LOCAL,EPSG:4326,7200,2600,"(0.050000000745, 0.0, -180.0, 0.0, -0.050000000745, 70.0, 0.0, 0.0, 1.0)",,float32
https://data.chc.ucsb.edu/experimental/CHIRTS-ERA5/tmax/tifs/monthly/CHIRTS-ERA5.monthly_Tmax.1999.01.tif,LOCAL,,,f5a4fa6b960ac46500b393f8e6f2b459ad49f044d74a587d8ede18e3bbf6a12b,data\raw\climate\chirts_era5\tmax\monthly\CHIRTS-ERA5.monthly_Tmax.1999.01.tif,CHIRTS_ERA5_TMAX,TMAX,1999,1,,VALIDATED_LOCAL,EPSG:4326,7200,2600,"(0.050000000745, 0.0, -180.0, 0.0, -0.050000000745, 70.0, 0.0, 0.0, 1.0)",,float32
https://data.chc.ucsb.edu/experimental/CHIRTS-ERA5/tmax/tifs/monthly/CHIRTS-ERA5.monthly_Tmax.1999.02.tif,LOCAL,,,9d8ca2db1f5cb201a0c13edfdfba937566434fd68752d8e24fc0279ebe0abdea,data\raw\climate\chirts_era5\tmax\monthly\CHIRTS-ERA5.monthly_Tmax.1999.02.tif,CHIRTS_ERA5_TMAX,TMAX,1999,2,,VALIDATED_LOCAL,EPSG:4326,7200,2600,"(0.050000000745, 0.0, -180.0, 0.0, -0.050000000745, 70.0, 0.0, 0.0, 1.0)",,float32
https://data.chc.ucsb.edu/experimental/CHIRTS-ERA5/tmax/tifs/monthly/CHIRTS-ERA5.monthly_Tmax.1999.03.tif,LOCAL,,,af82d9b4c00fc6eef9d7c033a54bd08cf02a43e6b72cf33363b31bd2dd04ce30,data\raw\climate\chirts_era5\tmax\monthly\CHIRTS-ERA5.monthly_Tmax.1999.03.tif,CHIRTS_ERA5_TMAX,TMAX,1999,3,,VALIDATED_LOCAL,EPSG:4326,7200,2600,"(0.050000000745, 0.0, -180.0, 0.0, -0.050000000745, 70.0, 0.0, 0.0, 1.0)",,float32
https://data.chc.ucsb.edu/experimental/CHIRTS-ERA5/tmax/tifs/monthly/CHIRTS-ERA5.monthly_Tmax.1999.04.tif,LOCAL,,,19e6c76a2ffad694f9c50d1c29a66cb2cf795ab3ebeb9e144dca08967154b80a,data\raw\climate\chirts_era5\tmax\monthly\CHIRTS-ERA5.monthly_Tmax.1999.04.tif,CHIRTS_ERA5_TMAX,TMAX,1999,4,,VALIDATED_LOCAL,EPSG:4326,7200,2600,"(0.050000000745, 0.0, -180.0, 0.0, -0.050000000745, 70.0, 0.0, 0.0, 1.0)",,float32
https://data.chc.ucsb.edu/experimental/CHIRTS-ERA5/tmax/tifs/monthly/CHIRTS-ERA5.monthly_Tmax.1999.05.tif,LOCAL,,,f43de658340dbe728c173f4152eafe98a50a66b8c1d61c587bf81eb7efcc7ec5,data\raw\climate\chirts_era5\tmax\monthly\CHIRTS-ERA5.monthly_Tmax.1999.05.tif,CHIRTS_ERA5_TMAX,TMAX,1999,5,,VALIDATED_LOCAL,EPSG:4326,7200,2600,"(0.050000000745, 0.0, -180.0, 0.0, -0.050000000745, 70.0, 0.0, 0.0, 1.0)",,float32
https://data.chc.ucsb.edu/experimental/CHIRTS-ERA5/tmax/tifs/monthly/CHIRTS-ERA5.monthly_Tmax.1999.06.tif,LOCAL,,,eeb3d4c908c50511f78b50a05a10b988ab2833dc4c16d076ef52bb99b85ff6d6,data\raw\climate\chirts_era5\tmax\monthly\CHIRTS-ERA5.monthly_Tmax.1999.06.tif,CHIRTS_ERA5_TMAX,TMAX,1999,6,,VALIDATED_LOCAL,EPSG:4326,7200,2600,"(0.050000000745, 0.0, -180.0, 0.0, -0.050000000745, 70.0, 0.0, 0.0, 1.0)",,float32
https://data.chc.ucsb.edu/experimental/CHIRTS-ERA5/tmax/tifs/monthly/CHIRTS-ERA5.monthly_Tmax.1999.07.tif,LOCAL,,,a3c0916979aa0adc0462845232511eba666e2bc7aecb13df555db4c4c8a9e911,data\raw\climate\chirts_era5\tmax\monthly\CHIRTS-ERA5.monthly_Tmax.1999.07.tif,CHIRTS_ERA5_TMAX,TMAX,1999,7,,VALIDATED_LOCAL,EPSG:4326,7200,2600,"(0.050000000745, 0.0, -180.0, 0.0, -0.050000000745, 70.0, 0.0, 0.0, 1.0)",,float32
https://data.chc.ucsb.edu/experimental/CHIRTS-ERA5/tmax/tifs/monthly/CHIRTS-ERA5.monthly_Tmax.1999.08.tif,LOCAL,,,ce8a376a5ad4fc9a2067f69f861b686cf9458ce6a078815544028c61648a252e,data\raw\climate\chirts_era5\tmax\monthly\CHIRTS-ERA5.monthly_Tmax.1999.08.tif,CHIRTS_ERA5_TMAX,TMAX,1999,8,,VALIDATED_LOCAL,EPSG:4326,7200,2600,"(0.050000000745, 0.0, -180.0, 0.0, -0.050000000745, 70.0, 0.0, 0.0, 1.0)",,float32
https://data.chc.ucsb.edu/experimental/CHIRTS-ERA5/tmax/tifs/monthly/CHIRTS-ERA5.monthly_Tmax.1999.09.tif,LOCAL,,,258612eff53ce2450fd6f67e23019d0f719ab43eb1d267986c9ce5994f988b2c,data\raw\climate\chirts_era5\tmax\monthly\CHIRTS-ERA5.monthly_Tmax.1999.09.tif,CHIRTS_ERA5_TMAX,TMAX,1999,9,,VALIDATED_LOCAL,EPSG:4326,7200,2600,"(0.050000000745, 0.0, -180.0, 0.0, -0.050000000745, 70.0, 0.0, 0.0, 1.0)",,float32
https://data.chc.ucsb.edu/experimental/CHIRTS-ERA5/tmax/tifs/monthly/CHIRTS-ERA5.monthly_Tmax.1999.10.tif,LOCAL,,,dec430c760dfe17d1ce93b462e0dcc6017df79e1a6fd5fea3d4244f2713d0382,data\raw\climate\chirts_era5\tmax\monthly\CHIRTS-ERA5.monthly_Tmax.1999.10.tif,CHIRTS_ERA5_TMAX,TMAX,1999,10,,VALIDATED_LOCAL,EPSG:4326,7200,2600,"(0.050000000745, 0.0, -180.0, 0.0, -0.050000000745, 70.0, 0.0, 0.0, 1.0)",,float32
https://data.chc.ucsb.edu/experimental/CHIRTS-ERA5/tmax/tifs/monthly/CHIRTS-ERA5.monthly_Tmax.1999.11.tif,LOCAL,,,ea4645dc4dc415ab9509f9f9e4b054cf2dafd626534baa8e983ac36fb0c9588e,data\raw\climate\chirts_era5\tmax\monthly\CHIRTS-ERA5.monthly_Tmax.1999.11.tif,CHIRTS_ERA5_TMAX,TMAX,1999,11,,VALIDATED_LOCAL,EPSG:4326,7200,2600,"(0.050000000745, 0.0, -180.0, 0.0, -0.050000000745, 70.0, 0.0, 0.0, 1.0)",,float32
https://data.chc.ucsb.edu/experimental/CHIRTS-ERA5/tmax/tifs/monthly/CHIRTS-ERA5.monthly_Tmax.1999.12.tif,LOCAL,,,3c75806f3526abd6af52177cb1cfc604f01513a24ae341843c5bb682f09281fe,data\raw\climate\chirts_era5\tmax\monthly\CHIRTS-ERA5.monthly_Tmax.1999.12.tif,CHIRTS_ERA5_TMAX,TMAX,1999,12,,VALIDATED_LOCAL,EPSG:4326,7200,2600,"(0.050000000745, 0.0, -180.0, 0.0, -0.050000000745, 70.0, 0.0, 0.0, 1.0)",,float32
https://data.chc.ucsb.edu/experimental/CHIRTS-ERA5/tmax/tifs/monthly/CHIRTS-ERA5.monthly_Tmax.2000.01.tif,LOCAL,,,61b5e880681db054f3b91c2c1b837106de460f8918dab1a84e55f8e810beffd4,data\raw\climate\chirts_era5\tmax\monthly\CHIRTS-ERA5.monthly_Tmax.2000.01.tif,CHIRTS_ERA5_TMAX,TMAX,2000,1,,VALIDATED_LOCAL,EPSG:4326,7200,2600,"(0.050000000745, 0.0, -180.0, 0.0, -0.050000000745, 70.0, 0.0, 0.0, 1.0)",,float32
https://data.chc.ucsb.edu/experimental/CHIRTS-ERA5/tmax/tifs/monthly/CHIRTS-ERA5.monthly_Tmax.2000.02.tif,LOCAL,,,df8a9958ddc7a27452c56518075211e9f018d6502b07374d4902377898f0fff9,data\raw\climate\chirts_era5\tmax\monthly\CHIRTS-ERA5.monthly_Tmax.2000.02.tif,CHIRTS_ERA5_TMAX,TMAX,2000,2,,VALIDATED_LOCAL,EPSG:4326,7200,2600,"(0.050000000745, 0.0, -180.0, 0.0, -0.050000000745, 70.0, 0.0, 0.0, 1.0)",,float32
https://data.chc.ucsb.edu/experimental/CHIRTS-ERA5/tmax/tifs/monthly/CHIRTS-ERA5.monthly_Tmax.2000.03.tif,LOCAL,,,26fe469fcf07197c54ac44050946ef1737a9cebee0637f0eb51124c6fdc699a8,data\raw\climate\chirts_era5\tmax\monthly\CHIRTS-ERA5.monthly_Tmax.2000.03.tif,CHIRTS_ERA5_TMAX,TMAX,2000,3,,VALIDATED_LOCAL,EPSG:4326,7200,2600,"(0.050000000745, 0.0, -180.0, 0.0, -0.050000000745, 70.0, 0.0, 0.0, 1.0)",,float32
https://data.chc.ucsb.edu/experimental/CHIRTS-ERA5/tmax/tifs/monthly/CHIRTS-ERA5.monthly_Tmax.2000.04.tif,LOCAL,,,2df388558ec0c52b66c4de04c6c80ad23a5c88a9248c335d5818ac9c54792712,data\raw\climate\chirts_era5\tmax\monthly\CHIRTS-ERA5.monthly_Tmax.2000.04.tif,CHIRTS_ERA5_TMAX,TMAX,2000,4,,VALIDATED_LOCAL,EPSG:4326,7200,2600,"(0.050000000745, 0.0, -180.0, 0.0, -0.050000000745, 70.0, 0.0, 0.0, 1.0)",,float32
https://data.chc.ucsb.edu/experimental/CHIRTS-ERA5/tmax/tifs/monthly/CHIRTS-ERA5.monthly_Tmax.2000.05.tif,LOCAL,,,9675f01fe437acd4faf2e2cfb11fe7370fa35c99b959f93cdf0967015035d38d,data\raw\climate\chirts_era5\tmax\monthly\CHIRTS-ERA5.monthly_Tmax.2000.05.tif,CHIRTS_ERA5_TMAX,TMAX,2000,5,,VALIDATED_LOCAL,EPSG:4326,7200,2600,"(0.050000000745, 0.0, -180.0, 0.0, -0.050000000745, 70.0, 0.0, 0.0, 1.0)",,float32
https://data.chc.ucsb.edu/experimental/CHIRTS-ERA5/tmax/tifs/monthly/CHIRTS-ERA5.monthly_Tmax.2000.06.tif,LOCAL,,,4cffad9fee631e77438a297ce05a40fb537966e366afade7ec087b9d456a224b,data\raw\climate\chirts_era5\tmax\monthly\CHIRTS-ERA5.monthly_Tmax.2000.06.tif,CHIRTS_ERA5_TMAX,TMAX,2000,6,,VALIDATED_LOCAL,EPSG:4326,7200,2600,"(0.050000000745, 0.0, -180.0, 0.0, -0.050000000745, 70.0, 0.0, 0.0, 1.0)",,float32
https://data.chc.ucsb.edu/experimental/CHIRTS-ERA5/tmax/tifs/monthly/CHIRTS-ERA5.monthly_Tmax.2000.07.tif,LOCAL,,,016210e250102c641db6739776e5d72cdd2ff1129934b5eeb0cb784c85a2c7dd,data\raw\climate\chirts_era5\tmax\monthly\CHIRTS-ERA5.monthly_Tmax.2000.07.tif,CHIRTS_ERA5_TMAX,TMAX,2000,7,,VALIDATED_LOCAL,EPSG:4326,7200,2600,"(0.050000000745, 0.0, -180.0, 0.0, -0.050000000745, 70.0, 0.0, 0.0, 1.0)",,float32
https://data.chc.ucsb.edu/experimental/CHIRTS-ERA5/tmax/tifs/monthly/CHIRTS-ERA5.monthly_Tmax.2000.08.tif,LOCAL,,,3f479dc4d4ddb60376a161adaf3d68bde4aac6930e9435ea3583899d0bbb66ee,data\raw\climate\chirts_era5\tmax\monthly\CHIRTS-ERA5.monthly_Tmax.2000.08.tif,CHIRTS_ERA5_TMAX,TMAX,2000,8,,VALIDATED_LOCAL,EPSG:4326,7200,2600,"(0.050000000745, 0.0, -180.0, 0.0, -0.050000000745, 70.0, 0.0, 0.0, 1.0)",,float32
https://data.chc.ucsb.edu/experimental/CHIRTS-ERA5/tmax/tifs/monthly/CHIRTS-ERA5.monthly_Tmax.2000.09.tif,LOCAL,,,7b029f1ce01976fa47b35f5d026e707f4b6819cab362007e68d6770f928100b1,data\raw\climate\chirts_era5\tmax\monthly\CHIRTS-ERA5.monthly_Tmax.2000.09.tif,CHIRTS_ERA5_TMAX,TMAX,2000,9,,VALIDATED_LOCAL,EPSG:4326,7200,2600,"(0.050000000745, 0.0, -180.0, 0.0, -0.050000000745, 70.0, 0.0, 0.0, 1.0)",,float32
https://data.chc.ucsb.edu/experimental/CHIRTS-ERA5/tmax/tifs/monthly/CHIRTS-ERA5.monthly_Tmax.2000.10.tif,LOCAL,,,81d15258d960a1eecc120a929208e64e210a0168aebd64b41452d4e8752a18d1,data\raw\climate\chirts_era5\tmax\monthly\CHIRTS-ERA5.monthly_Tmax.2000.10.tif,CHIRTS_ERA5_TMAX,TMAX,2000,10,,VALIDATED_LOCAL,EPSG:4326,7200,2600,"(0.050000000745, 0.0, -180.0, 0.0, -0.050000000745, 70.0, 0.0, 0.0, 1.0)",,float32
https://data.chc.ucsb.edu/experimental/CHIRTS-ERA5/tmax/tifs/monthly/CHIRTS-ERA5.monthly_Tmax.2000.11.tif,LOCAL,,,83ac569fbc6eb1d346c36458ad15989a2d248c5c58b2970c3da97ed62e7be02a,data\raw\climate\chirts_era5\tmax\monthly\CHIRTS-ERA5.monthly_Tmax.2000.11.tif,CHIRTS_ERA5_TMAX,TMAX,2000,11,,VALIDATED_LOCAL,EPSG:4326,7200,2600,"(0.050000000745, 0.0, -180.0, 0.0, -0.050000000745, 70.0, 0.0, 0.0, 1.0)",,float32
https://data.chc.ucsb.edu/experimental/CHIRTS-ERA5/tmax/tifs/monthly/CHIRTS-ERA5.monthly_Tmax.2000.12.tif,LOCAL,,,67707540de50801e90b14b356ff628f90a120fcaa274d9982c1f495fd504a66f,data\raw\climate\chirts_era5\tmax\monthly\CHIRTS-ERA5.monthly_Tmax.2000.12.tif,CHIRTS_ERA5_TMAX,TMAX,2000,12,,VALIDATED_LOCAL,EPSG:4326,7200,2600,"(0.050000000745, 0.0, -180.0, 0.0, -0.050000000745, 70.0, 0.0, 0.0, 1.0)",,float32
https://data.chc.ucsb.edu/experimental/CHIRTS-ERA5/tmax/tifs/monthly/CHIRTS-ERA5.monthly_Tmax.2001.01.tif,LOCAL,,,9409e800ba6c8444bc8ac2a34c7effeebc16c3a708f99f06fa8032e8eb3645b9,data\raw\climate\chirts_era5\tmax\monthly\CHIRTS-ERA5.monthly_Tmax.2001.01.tif,CHIRTS_ERA5_TMAX,TMAX,2001,1,,VALIDATED_LOCAL,EPSG:4326,7200,2600,"(0.050000000745, 0.0, -180.0, 0.0, -0.050000000745, 70.0, 0.0, 0.0, 1.0)",,float32
https://data.chc.ucsb.edu/experimental/CHIRTS-ERA5/tmax/tifs/monthly/CHIRTS-ERA5.monthly_Tmax.2001.02.tif,LOCAL,,,8626b1b25e19a4af8007349e05b8626577538ca6fff8372e7b7df062eb946820,data\raw\climate\chirts_era5\tmax\monthly\CHIRTS-ERA5.monthly_Tmax.2001.02.tif,CHIRTS_ERA5_TMAX,TMAX,2001,2,,VALIDATED_LOCAL,EPSG:4326,7200,2600,"(0.050000000745, 0.0, -180.0, 0.0, -0.050000000745, 70.0, 0.0, 0.0, 1.0)",,float32
https://data.chc.ucsb.edu/experimental/CHIRTS-ERA5/tmax/tifs/monthly/CHIRTS-ERA5.monthly_Tmax.2001.03.tif,LOCAL,,,7a03727611f9bb839f19dcf361629559027bcc5ede9d79ae0fd0f6c0304525a7,data\raw\climate\chirts_era5\tmax\monthly\CHIRTS-ERA5.monthly_Tmax.2001.03.tif,CHIRTS_ERA5_TMAX,TMAX,2001,3,,VALIDATED_LOCAL,EPSG:4326,7200,2600,"(0.050000000745, 0.0, -180.0, 0.0, -0.050000000745, 70.0, 0.0, 0.0, 1.0)",,float32
https://data.chc.ucsb.edu/experimental/CHIRTS-ERA5/tmax/tifs/monthly/CHIRTS-ERA5.monthly_Tmax.2001.04.tif,LOCAL,,,c95d3dd6a3a05c0bf8d5375a270adf71c9c97ffa7c68978cb775800f90cc91c7,data\raw\climate\chirts_era5\tmax\monthly\CHIRTS-ERA5.monthly_Tmax.2001.04.tif,CHIRTS_ERA5_TMAX,TMAX,2001,4,,VALIDATED_LOCAL,EPSG:4326,7200,2600,"(0.050000000745, 0.0, -180.0, 0.0, -0.050000000745, 70.0, 0.0, 0.0, 1.0)",,float32
https://data.chc.ucsb.edu/experimental/CHIRTS-ERA5/tmax/tifs/monthly/CHIRTS-ERA5.monthly_Tmax.2001.05.tif,LOCAL,,,56f0b780aa0c01b3273befc27ff05099337e4f28e001b4463a447373338c1d89,data\raw\climate\chirts_era5\tmax\monthly\CHIRTS-ERA5.monthly_Tmax.2001.05.tif,CHIRTS_ERA5_TMAX,TMAX,2001,5,,VALIDATED_LOCAL,EPSG:4326,7200,2600,"(0.050000000745, 0.0, -180.0, 0.0, -0.050000000745, 70.0, 0.0, 0.0, 1.0)",,float32
https://data.chc.ucsb.edu/experimental/CHIRTS-ERA5/tmax/tifs/monthly/CHIRTS-ERA5.monthly_Tmax.2001.06.tif,LOCAL,,,d51a525f65e30c6a69eb93b8c6f41759a84230414e172f466f8a147bf054f055,data\raw\climate\chirts_era5\tmax\monthly\CHIRTS-ERA5.monthly_Tmax.2001.06.tif,CHIRTS_ERA5_TMAX,TMAX,2001,6,,VALIDATED_LOCAL,EPSG:4326,7200,2600,"(0.050000000745, 0.0, -180.0, 0.0, -0.050000000745, 70.0, 0.0, 0.0, 1.0)",,float32
https://data.chc.ucsb.edu/experimental/CHIRTS-ERA5/tmax/tifs/monthly/CHIRTS-ERA5.monthly_Tmax.2001.07.tif,LOCAL,,,137e0b70cbb98d2fa468cf5a3394bd8f3d217cf05752b90568d999fe3a4e51f4,data\raw\climate\chirts_era5\tmax\monthly\CHIRTS-ERA5.monthly_Tmax.2001.07.tif,CHIRTS_ERA5_TMAX,TMAX,2001,7,,VALIDATED_LOCAL,EPSG:4326,7200,2600,"(0.050000000745, 0.0, -180.0, 0.0, -0.050000000745, 70.0, 0.0, 0.0, 1.0)",,float32
https://data.chc.ucsb.edu/experimental/CHIRTS-ERA5/tmax/tifs/monthly/CHIRTS-ERA5.monthly_Tmax.2001.08.tif,LOCAL,,,d15e690e807bbc9dee212764c1a0d77cd5d53bafdd410f02c14310e3ac9853bb,data\raw\climate\chirts_era5\tmax\monthly\CHIRTS-ERA5.monthly_Tmax.2001.08.tif,CHIRTS_ERA5_TMAX,TMAX,2001,8,,VALIDATED_LOCAL,EPSG:4326,7200,2600,"(0.050000000745, 0.0, -180.0, 0.0, -0.050000000745, 70.0, 0.0, 0.0, 1.0)",,float32
https://data.chc.ucsb.edu/experimental/CHIRTS-ERA5/tmax/tifs/monthly/CHIRTS-ERA5.monthly_Tmax.2001.09.tif,LOCAL,,,32497a502d18309b68e9c3fe3326906f9fd6b84a951ef2a78654e36f2090b589,data\raw\climate\chirts_era5\tmax\monthly\CHIRTS-ERA5.monthly_Tmax.2001.09.tif,CHIRTS_ERA5_TMAX,TMAX,2001,9,,VALIDATED_LOCAL,EPSG:4326,7200,2600,"(0.050000000745, 0.0, -180.0, 0.0, -0.050000000745, 70.0, 0.0, 0.0, 1.0)",,float32
https://data.chc.ucsb.edu/experimental/CHIRTS-ERA5/tmax/tifs/monthly/CHIRTS-ERA5.monthly_Tmax.2001.10.tif,LOCAL,,,7035bff65a264d21eca664aca274b77e0c706a5139223ecee66eefa7f9c1a27f,data\raw\climate\chirts_era5\tmax\monthly\CHIRTS-ERA5.monthly_Tmax.2001.10.tif,CHIRTS_ERA5_TMAX,TMAX,2001,10,,VALIDATED_LOCAL,EPSG:4326,7200,2600,"(0.050000000745, 0.0, -180.0, 0.0, -0.050000000745, 70.0, 0.0, 0.0, 1.0)",,float32
https://data.chc.ucsb.edu/experimental/CHIRTS-ERA5/tmax/tifs/monthly/CHIRTS-ERA5.monthly_Tmax.2001.11.tif,LOCAL,,,ea59f81ad609f833aeba7952700304c5142681ba9d204d2036d65b2069020382,data\raw\climate\chirts_era5\tmax\monthly\CHIRTS-ERA5.monthly_Tmax.2001.11.tif,CHIRTS_ERA5_TMAX,TMAX,2001,11,,VALIDATED_LOCAL,EPSG:4326,7200,2600,"(0.050000000745, 0.0, -180.0, 0.0, -0.050000000745, 70.0, 0.0, 0.0, 1.0)",,float32
https://data.chc.ucsb.edu/experimental/CHIRTS-ERA5/tmax/tifs/monthly/CHIRTS-ERA5.monthly_Tmax.2001.12.tif,LOCAL,,,513186499a4ab52509d88d2acd30ae1bb255a5f1dc4ec632e20f019c8e26d09f,data\raw\climate\chirts_era5\tmax\monthly\CHIRTS-ERA5.monthly_Tmax.2001.12.tif,CHIRTS_ERA5_TMAX,TMAX,2001,12,,VALIDATED_LOCAL,EPSG:4326,7200,2600,"(0.050000000745, 0.0, -180.0, 0.0, -0.050000000745, 70.0, 0.0, 0.0, 1.0)",,float32
https://data.chc.ucsb.edu/experimental/CHIRTS-ERA5/tmax/tifs/monthly/CHIRTS-ERA5.monthly_Tmax.2002.01.tif,LOCAL,,,c70a4adc031cc1044f2fa7161115c646e5532075f904728caea2275a4cd7c5e5,data\raw\climate\chirts_era5\tmax\monthly\CHIRTS-ERA5.monthly_Tmax.2002.01.tif,CHIRTS_ERA5_TMAX,TMAX,2002,1,,VALIDATED_LOCAL,EPSG:4326,7200,2600,"(0.050000000745, 0.0, -180.0, 0.0, -0.050000000745, 70.0, 0.0, 0.0, 1.0)",,float32
https://data.chc.ucsb.edu/experimental/CHIRTS-ERA5/tmax/tifs/monthly/CHIRTS-ERA5.monthly_Tmax.2002.02.tif,LOCAL,,,43b769f60369dfb84e09587cf1582914d0063d658f71bd8396a4210b63b07713,data\raw\climate\chirts_era5\tmax\monthly\CHIRTS-ERA5.monthly_Tmax.2002.02.tif,CHIRTS_ERA5_TMAX,TMAX,2002,2,,VALIDATED_LOCAL,EPSG:4326,7200,2600,"(0.050000000745, 0.0, -180.0, 0.0, -0.050000000745, 70.0, 0.0, 0.0, 1.0)",,float32
https://data.chc.ucsb.edu/experimental/CHIRTS-ERA5/tmax/tifs/monthly/CHIRTS-ERA5.monthly_Tmax.2002.03.tif,LOCAL,,,e6ea11bfd49e2522d31dde8562701b681da501b598b276fec1f9892702914348,data\raw\climate\chirts_era5\tmax\monthly\CHIRTS-ERA5.monthly_Tmax.2002.03.tif,CHIRTS_ERA5_TMAX,TMAX,2002,3,,VALIDATED_LOCAL,EPSG:4326,7200,2600,"(0.050000000745, 0.0, -180.0, 0.0, -0.050000000745, 70.0, 0.0, 0.0, 1.0)",,float32
https://data.chc.ucsb.edu/experimental/CHIRTS-ERA5/tmax/tifs/monthly/CHIRTS-ERA5.monthly_Tmax.2002.04.tif,LOCAL,,,2d7a680fa074ece6f03f58d67e30a824ae5243583fe612066458831efae8a102,data\raw\climate\chirts_era5\tmax\monthly\CHIRTS-ERA5.monthly_Tmax.2002.04.tif,CHIRTS_ERA5_TMAX,TMAX,2002,4,,VALIDATED_LOCAL,EPSG:4326,7200,2600,"(0.050000000745, 0.0, -180.0, 0.0, -0.050000000745, 70.0, 0.0, 0.0, 1.0)",,float32
https://data.chc.ucsb.edu/experimental/CHIRTS-ERA5/tmax/tifs/monthly/CHIRTS-ERA5.monthly_Tmax.2002.05.tif,LOCAL,,,8a0e8c4c2db9e389ae0dfe267aaa3d51f5b7872a642fa2ae2069dc39ae1e8cd3,data\raw\climate\chirts_era5\tmax\monthly\CHIRTS-ERA5.monthly_Tmax.2002.05.tif,CHIRTS_ERA5_TMAX,TMAX,2002,5,,VALIDATED_LOCAL,EPSG:4326,7200,2600,"(0.050000000745, 0.0, -180.0, 0.0, -0.050000000745, 70.0, 0.0, 0.0, 1.0)",,float32
https://data.chc.ucsb.edu/experimental/CHIRTS-ERA5/tmax/tifs/monthly/CHIRTS-ERA5.monthly_Tmax.2002.06.tif,LOCAL,,,2c011024f8202054a9e1fb1e27812cdb146916e3e677dcd8ffde6be178efe23b,data\raw\climate\chirts_era5\tmax\monthly\CHIRTS-ERA5.monthly_Tmax.2002.06.tif,CHIRTS_ERA5_TMAX,TMAX,2002,6,,VALIDATED_LOCAL,EPSG:4326,7200,2600,"(0.050000000745, 0.0, -180.0, 0.0, -0.050000000745, 70.0, 0.0, 0.0, 1.0)",,float32
https://data.chc.ucsb.edu/experimental/CHIRTS-ERA5/tmax/tifs/monthly/CHIRTS-ERA5.monthly_Tmax.2002.07.tif,LOCAL,,,edafe85108241337a03961c40adbd5b41f493a9f82b890056bb55feb4dd97200,data\raw\climate\chirts_era5\tmax\monthly\CHIRTS-ERA5.monthly_Tmax.2002.07.tif,CHIRTS_ERA5_TMAX,TMAX,2002,7,,VALIDATED_LOCAL,EPSG:4326,7200,2600,"(0.050000000745, 0.0, -180.0, 0.0, -0.050000000745, 70.0, 0.0, 0.0, 1.0)",,float32
https://data.chc.ucsb.edu/experimental/CHIRTS-ERA5/tmax/tifs/monthly/CHIRTS-ERA5.monthly_Tmax.2002.08.tif,LOCAL,,,4158e9dd07c4f8874a6a9fba76ce34519473ad175897d23e8a7264b8448b195f,data\raw\climate\chirts_era5\tmax\monthly\CHIRTS-ERA5.monthly_Tmax.2002.08.tif,CHIRTS_ERA5_TMAX,TMAX,2002,8,,VALIDATED_LOCAL,EPSG:4326,7200,2600,"(0.050000000745, 0.0, -180.0, 0.0, -0.050000000745, 70.0, 0.0, 0.0, 1.0)",,float32
https://data.chc.ucsb.edu/experimental/CHIRTS-ERA5/tmax/tifs/monthly/CHIRTS-ERA5.monthly_Tmax.2002.09.tif,LOCAL,,,6b6723941f7c08de2388ab2fbfdd89c8880293dcdbe8176f009babfb04f03dc7,data\raw\climate\chirts_era5\tmax\monthly\CHIRTS-ERA5.monthly_Tmax.2002.09.tif,CHIRTS_ERA5_TMAX,TMAX,2002,9,,VALIDATED_LOCAL,EPSG:4326,7200,2600,"(0.050000000745, 0.0, -180.0, 0.0, -0.050000000745, 70.0, 0.0, 0.0, 1.0)",,float32
https://data.chc.ucsb.edu/experimental/CHIRTS-ERA5/tmax/tifs/monthly/CHIRTS-ERA5.monthly_Tmax.2002.10.tif,LOCAL,,,deb755b05e84b807bcb858208740a786524ec798a624be642bbe00489465c1bf,data\raw\climate\chirts_era5\tmax\monthly\CHIRTS-ERA5.monthly_Tmax.2002.10.tif,CHIRTS_ERA5_TMAX,TMAX,2002,10,,VALIDATED_LOCAL,EPSG:4326,7200,2600,"(0.050000000745, 0.0, -180.0, 0.0, -0.050000000745, 70.0, 0.0, 0.0, 1.0)",,float32
https://data.chc.ucsb.edu/experimental/CHIRTS-ERA5/tmax/tifs/monthly/CHIRTS-ERA5.monthly_Tmax.2002.11.tif,LOCAL,,,d940d2f38039a87952867a59adad6ca96162f05fa28ee627a118dd36a0d538d0,data\raw\climate\chirts_era5\tmax\monthly\CHIRTS-ERA5.monthly_Tmax.2002.11.tif,CHIRTS_ERA5_TMAX,TMAX,2002,11,,VALIDATED_LOCAL,EPSG:4326,7200,2600,"(0.050000000745, 0.0, -180.0, 0.0, -0.050000000745, 70.0, 0.0, 0.0, 1.0)",,float32
https://data.chc.ucsb.edu/experimental/CHIRTS-ERA5/tmax/tifs/monthly/CHIRTS-ERA5.monthly_Tmax.2002.12.tif,LOCAL,,,3009d44f07efc70adda4c20a8a7abc187dcb629ee14c9fb6b857c6757c653043,data\raw\climate\chirts_era5\tmax\monthly\CHIRTS-ERA5.monthly_Tmax.2002.12.tif,CHIRTS_ERA5_TMAX,TMAX,2002,12,,VALIDATED_LOCAL,EPSG:4326,7200,2600,"(0.050000000745, 0.0, -180.0, 0.0, -0.050000000745, 70.0, 0.0, 0.0, 1.0)",,float32
https://data.chc.ucsb.edu/experimental/CHIRTS-ERA5/tmax/tifs/monthly/CHIRTS-ERA5.monthly_Tmax.2003.01.tif,LOCAL,,,130f2ac18da157a1fc6b95b51857aabe01908cee03304d1e9bbb017097fd40f0,data\raw\climate\chirts_era5\tmax\monthly\CHIRTS-ERA5.monthly_Tmax.2003.01.tif,CHIRTS_ERA5_TMAX,TMAX,2003,1,,VALIDATED_LOCAL,EPSG:4326,7200,2600,"(0.050000000745, 0.0, -180.0, 0.0, -0.050000000745, 70.0, 0.0, 0.0, 1.0)",,float32
https://data.chc.ucsb.edu/experimental/CHIRTS-ERA5/tmax/tifs/monthly/CHIRTS-ERA5.monthly_Tmax.2003.02.tif,LOCAL,,,0c4cd6e63686e8238f07c9719ea756387777dc5a532bfdbdc62f474e846a5b10,data\raw\climate\chirts_era5\tmax\monthly\CHIRTS-ERA5.monthly_Tmax.2003.02.tif,CHIRTS_ERA5_TMAX,TMAX,2003,2,,VALIDATED_LOCAL,EPSG:4326,7200,2600,"(0.050000000745, 0.0, -180.0, 0.0, -0.050000000745, 70.0, 0.0, 0.0, 1.0)",,float32
https://data.chc.ucsb.edu/experimental/CHIRTS-ERA5/tmax/tifs/monthly/CHIRTS-ERA5.monthly_Tmax.2003.03.tif,LOCAL,,,5da23619ce2b0a4c4eff748b2f769123b40e970d1688f260a68b13b1279ab98f,data\raw\climate\chirts_era5\tmax\monthly\CHIRTS-ERA5.monthly_Tmax.2003.03.tif,CHIRTS_ERA5_TMAX,TMAX,2003,3,,VALIDATED_LOCAL,EPSG:4326,7200,2600,"(0.050000000745, 0.0, -180.0, 0.0, -0.050000000745, 70.0, 0.0, 0.0, 1.0)",,float32
https://data.chc.ucsb.edu/experimental/CHIRTS-ERA5/tmax/tifs/monthly/CHIRTS-ERA5.monthly_Tmax.2003.04.tif,LOCAL,,,f9c437096ff872c21b9d463c5954db721a1407cf0220f9cc7e233ebefca76ad2,data\raw\climate\chirts_era5\tmax\monthly\CHIRTS-ERA5.monthly_Tmax.2003.04.tif,CHIRTS_ERA5_TMAX,TMAX,2003,4,,VALIDATED_LOCAL,EPSG:4326,7200,2600,"(0.050000000745, 0.0, -180.0, 0.0, -0.050000000745, 70.0, 0.0, 0.0, 1.0)",,float32
https://data.chc.ucsb.edu/experimental/CHIRTS-ERA5/tmax/tifs/monthly/CHIRTS-ERA5.monthly_Tmax.2003.05.tif,LOCAL,,,c4c9d35efd48f59f63419117586aa584e0b4ce04f69f4666575468d6e233de1e,data\raw\climate\chirts_era5\tmax\monthly\CHIRTS-ERA5.monthly_Tmax.2003.05.tif,CHIRTS_ERA5_TMAX,TMAX,2003,5,,VALIDATED_LOCAL,EPSG:4326,7200,2600,"(0.050000000745, 0.0, -180.0, 0.0, -0.050000000745, 70.0, 0.0, 0.0, 1.0)",,float32
https://data.chc.ucsb.edu/experimental/CHIRTS-ERA5/tmax/tifs/monthly/CHIRTS-ERA5.monthly_Tmax.2003.06.tif,LOCAL,,,01bf2de3c4d1cbd3d61988bd506695323218b44cae3060c1002d6e04f4ad6403,data\raw\climate\chirts_era5\tmax\monthly\CHIRTS-ERA5.monthly_Tmax.2003.06.tif,CHIRTS_ERA5_TMAX,TMAX,2003,6,,VALIDATED_LOCAL,EPSG:4326,7200,2600,"(0.050000000745, 0.0, -180.0, 0.0, -0.050000000745, 70.0, 0.0, 0.0, 1.0)",,float32
https://data.chc.ucsb.edu/experimental/CHIRTS-ERA5/tmax/tifs/monthly/CHIRTS-ERA5.monthly_Tmax.2003.07.tif,LOCAL,,,b923821ceb99908671e1c2542a623571e7e73319ebfc62a53894b02eec433b09,data\raw\climate\chirts_era5\tmax\monthly\CHIRTS-ERA5.monthly_Tmax.2003.07.tif,CHIRTS_ERA5_TMAX,TMAX,2003,7,,VALIDATED_LOCAL,EPSG:4326,7200,2600,"(0.050000000745, 0.0, -180.0, 0.0, -0.050000000745, 70.0, 0.0, 0.0, 1.0)",,float32
https://data.chc.ucsb.edu/experimental/CHIRTS-ERA5/tmax/tifs/monthly/CHIRTS-ERA5.monthly_Tmax.2003.08.tif,LOCAL,,,72c42e23dcd5c08682c61421b147ecebd4f8ee75a499a8622a5fcde769a39c5d,data\raw\climate\chirts_era5\tmax\monthly\CHIRTS-ERA5.monthly_Tmax.2003.08.tif,CHIRTS_ERA5_TMAX,TMAX,2003,8,,VALIDATED_LOCAL,EPSG:4326,7200,2600,"(0.050000000745, 0.0, -180.0, 0.0, -0.050000000745, 70.0, 0.0, 0.0, 1.0)",,float32
https://data.chc.ucsb.edu/experimental/CHIRTS-ERA5/tmax/tifs/monthly/CHIRTS-ERA5.monthly_Tmax.2003.09.tif,LOCAL,,,8dd69e867499e298aa45ff29c67a295189f78cddac7be21434ddf2775f885f6a,data\raw\climate\chirts_era5\tmax\monthly\CHIRTS-ERA5.monthly_Tmax.2003.09.tif,CHIRTS_ERA5_TMAX,TMAX,2003,9,,VALIDATED_LOCAL,EPSG:4326,7200,2600,"(0.050000000745, 0.0, -180.0, 0.0, -0.050000000745, 70.0, 0.0, 0.0, 1.0)",,float32
https://data.chc.ucsb.edu/experimental/CHIRTS-ERA5/tmax/tifs/monthly/CHIRTS-ERA5.monthly_Tmax.2003.10.tif,LOCAL,,,4d3453aa905a10a1f65002de77003c9ac165cb1d1c803fb27398d730b19fffbd,data\raw\climate\chirts_era5\tmax\monthly\CHIRTS-ERA5.monthly_Tmax.2003.10.tif,CHIRTS_ERA5_TMAX,TMAX,2003,10,,VALIDATED_LOCAL,EPSG:4326,7200,2600,"(0.050000000745, 0.0, -180.0, 0.0, -0.050000000745, 70.0, 0.0, 0.0, 1.0)",,float32
https://data.chc.ucsb.edu/experimental/CHIRTS-ERA5/tmax/tifs/monthly/CHIRTS-ERA5.monthly_Tmax.2003.11.tif,LOCAL,,,e74041b8934d666b5f24838bedb181108fa323dc6a8624e8ebb048f919bc60c7,data\raw\climate\chirts_era5\tmax\monthly\CHIRTS-ERA5.monthly_Tmax.2003.11.tif,CHIRTS_ERA5_TMAX,TMAX,2003,11,,VALIDATED_LOCAL,EPSG:4326,7200,2600,"(0.050000000745, 0.0, -180.0, 0.0, -0.050000000745, 70.0, 0.0, 0.0, 1.0)",,float32
https://data.chc.ucsb.edu/experimental/CHIRTS-ERA5/tmax/tifs/monthly/CHIRTS-ERA5.monthly_Tmax.2003.12.tif,LOCAL,,,20434d0dcbcb43a13ae1ed53311c7a831d4a5db5440504008f0178b8be3a1f1d,data\raw\climate\chirts_era5\tmax\monthly\CHIRTS-ERA5.monthly_Tmax.2003.12.tif,CHIRTS_ERA5_TMAX,TMAX,2003,12,,VALIDATED_LOCAL,EPSG:4326,7200,2600,"(0.050000000745, 0.0, -180.0, 0.0, -0.050000000745, 70.0, 0.0, 0.0, 1.0)",,float32
https://data.chc.ucsb.edu/experimental/CHIRTS-ERA5/tmax/tifs/monthly/CHIRTS-ERA5.monthly_Tmax.2004.01.tif,LOCAL,,,5e38c27c51cf86b205dcadbbe2c5a8c6eb37abcec982fbec36ef402b44d52d68,data\raw\climate\chirts_era5\tmax\monthly\CHIRTS-ERA5.monthly_Tmax.2004.01.tif,CHIRTS_ERA5_TMAX,TMAX,2004,1,,VALIDATED_LOCAL,EPSG:4326,7200,2600,"(0.050000000745, 0.0, -180.0, 0.0, -0.050000000745, 70.0, 0.0, 0.0, 1.0)",,float32
https://data.chc.ucsb.edu/experimental/CHIRTS-ERA5/tmax/tifs/monthly/CHIRTS-ERA5.monthly_Tmax.2004.02.tif,LOCAL,,,215e7fbbc973d40035ae55fe79b61444bd601fc3cef46a47e7e772da18382906,data\raw\climate\chirts_era5\tmax\monthly\CHIRTS-ERA5.monthly_Tmax.2004.02.tif,CHIRTS_ERA5_TMAX,TMAX,2004,2,,VALIDATED_LOCAL,EPSG:4326,7200,2600,"(0.050000000745, 0.0, -180.0, 0.0, -0.050000000745, 70.0, 0.0, 0.0, 1.0)",,float32
https://data.chc.ucsb.edu/experimental/CHIRTS-ERA5/tmax/tifs/monthly/CHIRTS-ERA5.monthly_Tmax.2004.03.tif,LOCAL,,,fa4363e46e552cb24e558594994927ffa5ebae304f58142b6df0712c11b86b8e,data\raw\climate\chirts_era5\tmax\monthly\CHIRTS-ERA5.monthly_Tmax.2004.03.tif,CHIRTS_ERA5_TMAX,TMAX,2004,3,,VALIDATED_LOCAL,EPSG:4326,7200,2600,"(0.050000000745, 0.0, -180.0, 0.0, -0.050000000745, 70.0, 0.0, 0.0, 1.0)",,float32
https://data.chc.ucsb.edu/experimental/CHIRTS-ERA5/tmax/tifs/monthly/CHIRTS-ERA5.monthly_Tmax.2004.04.tif,LOCAL,,,46611a48667921ca5b439fd538a09a6cfb91da054388c1547086552ef123fc72,data\raw\climate\chirts_era5\tmax\monthly\CHIRTS-ERA5.monthly_Tmax.2004.04.tif,CHIRTS_ERA5_TMAX,TMAX,2004,4,,VALIDATED_LOCAL,EPSG:4326,7200,2600,"(0.050000000745, 0.0, -180.0, 0.0, -0.050000000745, 70.0, 0.0, 0.0, 1.0)",,float32
https://data.chc.ucsb.edu/experimental/CHIRTS-ERA5/tmax/tifs/monthly/CHIRTS-ERA5.monthly_Tmax.2004.05.tif,LOCAL,,,02bb7bed01fabbc0b5b576339ae73419ab80c3d51a15f3a63f5a8c2d9f5e37e1,data\raw\climate\chirts_era5\tmax\monthly\CHIRTS-ERA5.monthly_Tmax.2004.05.tif,CHIRTS_ERA5_TMAX,TMAX,2004,5,,VALIDATED_LOCAL,EPSG:4326,7200,2600,"(0.050000000745, 0.0, -180.0, 0.0, -0.050000000745, 70.0, 0.0, 0.0, 1.0)",,float32
https://data.chc.ucsb.edu/experimental/CHIRTS-ERA5/tmax/tifs/monthly/CHIRTS-ERA5.monthly_Tmax.2004.06.tif,LOCAL,,,a708a75515a63c1ffec81050479e6b41b61857d36fc0a432b3af57a6d883c87a,data\raw\climate\chirts_era5\tmax\monthly\CHIRTS-ERA5.monthly_Tmax.2004.06.tif,CHIRTS_ERA5_TMAX,TMAX,2004,6,,VALIDATED_LOCAL,EPSG:4326,7200,2600,"(0.050000000745, 0.0, -180.0, 0.0, -0.050000000745, 70.0, 0.0, 0.0, 1.0)",,float32
https://data.chc.ucsb.edu/experimental/CHIRTS-ERA5/tmax/tifs/monthly/CHIRTS-ERA5.monthly_Tmax.2004.07.tif,LOCAL,,,6e9503df5a68dab394e5ec58f1aed4ab6dad26639120c60fd27019dce470c3be,data\raw\climate\chirts_era5\tmax\monthly\CHIRTS-ERA5.monthly_Tmax.2004.07.tif,CHIRTS_ERA5_TMAX,TMAX,2004,7,,VALIDATED_LOCAL,EPSG:4326,7200,2600,"(0.050000000745, 0.0, -180.0, 0.0, -0.050000000745, 70.0, 0.0, 0.0, 1.0)",,float32
https://data.chc.ucsb.edu/experimental/CHIRTS-ERA5/tmax/tifs/monthly/CHIRTS-ERA5.monthly_Tmax.2004.08.tif,LOCAL,,,e3db53436533af400fab293007897a82d51d3bb62294db36fed0ba601bd6042d,data\raw\climate\chirts_era5\tmax\monthly\CHIRTS-ERA5.monthly_Tmax.2004.08.tif,CHIRTS_ERA5_TMAX,TMAX,2004,8,,VALIDATED_LOCAL,EPSG:4326,7200,2600,"(0.050000000745, 0.0, -180.0, 0.0, -0.050000000745, 70.0, 0.0, 0.0, 1.0)",,float32
https://data.chc.ucsb.edu/experimental/CHIRTS-ERA5/tmax/tifs/monthly/CHIRTS-ERA5.monthly_Tmax.2004.09.tif,LOCAL,,,027352def3a23735ae4678a23d9d06da6ffc1909ec32fb15f3601ccadd6082b3,data\raw\climate\chirts_era5\tmax\monthly\CHIRTS-ERA5.monthly_Tmax.2004.09.tif,CHIRTS_ERA5_TMAX,TMAX,2004,9,,VALIDATED_LOCAL,EPSG:4326,7200,2600,"(0.050000000745, 0.0, -180.0, 0.0, -0.050000000745, 70.0, 0.0, 0.0, 1.0)",,float32
https://data.chc.ucsb.edu/experimental/CHIRTS-ERA5/tmax/tifs/monthly/CHIRTS-ERA5.monthly_Tmax.2004.10.tif,LOCAL,,,befa1d9eca5fe22733f926394a3c11ae6ead413e5b74225821ee556d44a92e18,data\raw\climate\chirts_era5\tmax\monthly\CHIRTS-ERA5.monthly_Tmax.2004.10.tif,CHIRTS_ERA5_TMAX,TMAX,2004,10,,VALIDATED_LOCAL,EPSG:4326,7200,2600,"(0.050000000745, 0.0, -180.0, 0.0, -0.050000000745, 70.0, 0.0, 0.0, 1.0)",,float32
https://data.chc.ucsb.edu/experimental/CHIRTS-ERA5/tmax/tifs/monthly/CHIRTS-ERA5.monthly_Tmax.2004.11.tif,LOCAL,,,091385faa368594ad6745fa5906bda100394c92e0d9b1365178de2697bed0abf,data\raw\climate\chirts_era5\tmax\monthly\CHIRTS-ERA5.monthly_Tmax.2004.11.tif,CHIRTS_ERA5_TMAX,TMAX,2004,11,,VALIDATED_LOCAL,EPSG:4326,7200,2600,"(0.050000000745, 0.0, -180.0, 0.0, -0.050000000745, 70.0, 0.0, 0.0, 1.0)",,float32
https://data.chc.ucsb.edu/experimental/CHIRTS-ERA5/tmax/tifs/monthly/CHIRTS-ERA5.monthly_Tmax.2004.12.tif,LOCAL,,,d8f512340a67522cf433c72e6ac640e5ff9bebdbd7c607feca35552989086a8c,data\raw\climate\chirts_era5\tmax\monthly\CHIRTS-ERA5.monthly_Tmax.2004.12.tif,CHIRTS_ERA5_TMAX,TMAX,2004,12,,VALIDATED_LOCAL,EPSG:4326,7200,2600,"(0.050000000745, 0.0, -180.0, 0.0, -0.050000000745, 70.0, 0.0, 0.0, 1.0)",,float32
https://data.chc.ucsb.edu/experimental/CHIRTS-ERA5/tmax/tifs/monthly/CHIRTS-ERA5.monthly_Tmax.2005.01.tif,LOCAL,,,98a8d280062b97f4a7887c8d120988f15cd773c96ed59c5b0640992d0f8e9646,data\raw\climate\chirts_era5\tmax\monthly\CHIRTS-ERA5.monthly_Tmax.2005.01.tif,CHIRTS_ERA5_TMAX,TMAX,2005,1,,VALIDATED_LOCAL,EPSG:4326,7200,2600,"(0.050000000745, 0.0, -180.0, 0.0, -0.050000000745, 70.0, 0.0, 0.0, 1.0)",,float32
https://data.chc.ucsb.edu/experimental/CHIRTS-ERA5/tmax/tifs/monthly/CHIRTS-ERA5.monthly_Tmax.2005.02.tif,LOCAL,,,42483d1e12a8107ff32fa5b5fa1bf931b7f4a4e1919ee2864681e49bb9176dd3,data\raw\climate\chirts_era5\tmax\monthly\CHIRTS-ERA5.monthly_Tmax.2005.02.tif,CHIRTS_ERA5_TMAX,TMAX,2005,2,,VALIDATED_LOCAL,EPSG:4326,7200,2600,"(0.050000000745, 0.0, -180.0, 0.0, -0.050000000745, 70.0, 0.0, 0.0, 1.0)",,float32
https://data.chc.ucsb.edu/experimental/CHIRTS-ERA5/tmax/tifs/monthly/CHIRTS-ERA5.monthly_Tmax.2005.03.tif,LOCAL,,,9b9f9b81f26c3c8c17e1c7fda4f184028650566f57346a2fa996b2ff3eb881bd,data\raw\climate\chirts_era5\tmax\monthly\CHIRTS-ERA5.monthly_Tmax.2005.03.tif,CHIRTS_ERA5_TMAX,TMAX,2005,3,,VALIDATED_LOCAL,EPSG:4326,7200,2600,"(0.050000000745, 0.0, -180.0, 0.0, -0.050000000745, 70.0, 0.0, 0.0, 1.0)",,float32
https://data.chc.ucsb.edu/experimental/CHIRTS-ERA5/tmax/tifs/monthly/CHIRTS-ERA5.monthly_Tmax.2005.04.tif,LOCAL,,,7792ea6eb6227cb40837010f061c682c0de01c5963075f00b28e2d5d74c9db1e,data\raw\climate\chirts_era5\tmax\monthly\CHIRTS-ERA5.monthly_Tmax.2005.04.tif,CHIRTS_ERA5_TMAX,TMAX,2005,4,,VALIDATED_LOCAL,EPSG:4326,7200,2600,"(0.050000000745, 0.0, -180.0, 0.0, -0.050000000745, 70.0, 0.0, 0.0, 1.0)",,float32
https://data.chc.ucsb.edu/experimental/CHIRTS-ERA5/tmax/tifs/monthly/CHIRTS-ERA5.monthly_Tmax.2005.05.tif,LOCAL,,,ae55207f4ba5eb54a1cacf990b51598cd433d37e79a8052fd08ce096c144e343,data\raw\climate\chirts_era5\tmax\monthly\CHIRTS-ERA5.monthly_Tmax.2005.05.tif,CHIRTS_ERA5_TMAX,TMAX,2005,5,,VALIDATED_LOCAL,EPSG:4326,7200,2600,"(0.050000000745, 0.0, -180.0, 0.0, -0.050000000745, 70.0, 0.0, 0.0, 1.0)",,float32
https://data.chc.ucsb.edu/experimental/CHIRTS-ERA5/tmax/tifs/monthly/CHIRTS-ERA5.monthly_Tmax.2005.06.tif,LOCAL,,,a5858be6ce09bd079b0ca166d1488093e94966fde42c0bcb620607ea99c50e9e,data\raw\climate\chirts_era5\tmax\monthly\CHIRTS-ERA5.monthly_Tmax.2005.06.tif,CHIRTS_ERA5_TMAX,TMAX,2005,6,,VALIDATED_LOCAL,EPSG:4326,7200,2600,"(0.050000000745, 0.0, -180.0, 0.0, -0.050000000745, 70.0, 0.0, 0.0, 1.0)",,float32
https://data.chc.ucsb.edu/experimental/CHIRTS-ERA5/tmax/tifs/monthly/CHIRTS-ERA5.monthly_Tmax.2005.07.tif,LOCAL,,,7075aa75dfe13d88c687cc424e2782ad4e2e664b5b2c2caba730236c56f44524,data\raw\climate\chirts_era5\tmax\monthly\CHIRTS-ERA5.monthly_Tmax.2005.07.tif,CHIRTS_ERA5_TMAX,TMAX,2005,7,,VALIDATED_LOCAL,EPSG:4326,7200,2600,"(0.050000000745, 0.0, -180.0, 0.0, -0.050000000745, 70.0, 0.0, 0.0, 1.0)",,float32
https://data.chc.ucsb.edu/experimental/CHIRTS-ERA5/tmax/tifs/monthly/CHIRTS-ERA5.monthly_Tmax.2005.08.tif,LOCAL,,,a2bf4d4d98cb71146f4f9ec1579e97734f7f18be97f696ce7c1d02643a633d91,data\raw\climate\chirts_era5\tmax\monthly\CHIRTS-ERA5.monthly_Tmax.2005.08.tif,CHIRTS_ERA5_TMAX,TMAX,2005,8,,VALIDATED_LOCAL,EPSG:4326,7200,2600,"(0.050000000745, 0.0, -180.0, 0.0, -0.050000000745, 70.0, 0.0, 0.0, 1.0)",,float32
https://data.chc.ucsb.edu/experimental/CHIRTS-ERA5/tmax/tifs/monthly/CHIRTS-ERA5.monthly_Tmax.2005.09.tif,LOCAL,,,8a479eb3451c621b83e649f1917f57bafc8fe92451cdd9151c1b91c0366f6225,data\raw\climate\chirts_era5\tmax\monthly\CHIRTS-ERA5.monthly_Tmax.2005.09.tif,CHIRTS_ERA5_TMAX,TMAX,2005,9,,VALIDATED_LOCAL,EPSG:4326,7200,2600,"(0.050000000745, 0.0, -180.0, 0.0, -0.050000000745, 70.0, 0.0, 0.0, 1.0)",,float32
https://data.chc.ucsb.edu/experimental/CHIRTS-ERA5/tmax/tifs/monthly/CHIRTS-ERA5.monthly_Tmax.2005.10.tif,LOCAL,,,74fd4b59e2d748530b8665618ccc46d580b71e65417888866a6efd8afbba32fe,data\raw\climate\chirts_era5\tmax\monthly\CHIRTS-ERA5.monthly_Tmax.2005.10.tif,CHIRTS_ERA5_TMAX,TMAX,2005,10,,VALIDATED_LOCAL,EPSG:4326,7200,2600,"(0.050000000745, 0.0, -180.0, 0.0, -0.050000000745, 70.0, 0.0, 0.0, 1.0)",,float32
https://data.chc.ucsb.edu/experimental/CHIRTS-ERA5/tmax/tifs/monthly/CHIRTS-ERA5.monthly_Tmax.2005.11.tif,LOCAL,,,abff696a8d9a0aad10fda4ae69ecf85240bbbcc5aeee1723b7a1c19c2eaa828a,data\raw\climate\chirts_era5\tmax\monthly\CHIRTS-ERA5.monthly_Tmax.2005.11.tif,CHIRTS_ERA5_TMAX,TMAX,2005,11,,VALIDATED_LOCAL,EPSG:4326,7200,2600,"(0.050000000745, 0.0, -180.0, 0.0, -0.050000000745, 70.0, 0.0, 0.0, 1.0)",,float32
https://data.chc.ucsb.edu/experimental/CHIRTS-ERA5/tmax/tifs/monthly/CHIRTS-ERA5.monthly_Tmax.2005.12.tif,LOCAL,,,576c51afe96441cba3d4a7585e54f90b6a2c4305f3cc79a0e098d0767d3c1df2,data\raw\climate\chirts_era5\tmax\monthly\CHIRTS-ERA5.monthly_Tmax.2005.12.tif,CHIRTS_ERA5_TMAX,TMAX,2005,12,,VALIDATED_LOCAL,EPSG:4326,7200,2600,"(0.050000000745, 0.0, -180.0, 0.0, -0.050000000745, 70.0, 0.0, 0.0, 1.0)",,float32
https://data.chc.ucsb.edu/experimental/CHIRTS-ERA5/tmax/tifs/monthly/CHIRTS-ERA5.monthly_Tmax.2006.01.tif,LOCAL,,,e702aa528a5d9eca864e131351e2c7ecb14b504ea90ccc039dea3fb3bf7959dc,data\raw\climate\chirts_era5\tmax\monthly\CHIRTS-ERA5.monthly_Tmax.2006.01.tif,CHIRTS_ERA5_TMAX,TMAX,2006,1,,VALIDATED_LOCAL,EPSG:4326,7200,2600,"(0.050000000745, 0.0, -180.0, 0.0, -0.050000000745, 70.0, 0.0, 0.0, 1.0)",,float32
https://data.chc.ucsb.edu/experimental/CHIRTS-ERA5/tmax/tifs/monthly/CHIRTS-ERA5.monthly_Tmax.2006.02.tif,LOCAL,,,b4bfd46cdd47d2cafd943fddbf2a0bba527660e067c04723ad02bce3f5ff39d9,data\raw\climate\chirts_era5\tmax\monthly\CHIRTS-ERA5.monthly_Tmax.2006.02.tif,CHIRTS_ERA5_TMAX,TMAX,2006,2,,VALIDATED_LOCAL,EPSG:4326,7200,2600,"(0.050000000745, 0.0, -180.0, 0.0, -0.050000000745, 70.0, 0.0, 0.0, 1.0)",,float32
https://data.chc.ucsb.edu/experimental/CHIRTS-ERA5/tmax/tifs/monthly/CHIRTS-ERA5.monthly_Tmax.2006.03.tif,LOCAL,,,876a4decaf33c5529ff1a67b964b1107d2200c4cdfcee2b108be42339d83a2ab,data\raw\climate\chirts_era5\tmax\monthly\CHIRTS-ERA5.monthly_Tmax.2006.03.tif,CHIRTS_ERA5_TMAX,TMAX,2006,3,,VALIDATED_LOCAL,EPSG:4326,7200,2600,"(0.050000000745, 0.0, -180.0, 0.0, -0.050000000745, 70.0, 0.0, 0.0, 1.0)",,float32
https://data.chc.ucsb.edu/experimental/CHIRTS-ERA5/tmax/tifs/monthly/CHIRTS-ERA5.monthly_Tmax.2006.04.tif,LOCAL,,,2d209ac0adadc7fe2b524d2f2bbb304d76496ef7ee3cf473fc4fbd07c0627df4,data\raw\climate\chirts_era5\tmax\monthly\CHIRTS-ERA5.monthly_Tmax.2006.04.tif,CHIRTS_ERA5_TMAX,TMAX,2006,4,,VALIDATED_LOCAL,EPSG:4326,7200,2600,"(0.050000000745, 0.0, -180.0, 0.0, -0.050000000745, 70.0, 0.0, 0.0, 1.0)",,float32
https://data.chc.ucsb.edu/experimental/CHIRTS-ERA5/tmax/tifs/monthly/CHIRTS-ERA5.monthly_Tmax.2006.05.tif,LOCAL,,,2d7d5dba04aa92e8b1b38dcbca0a6391aebd9887ffa87ca9c3667de935467e81,data\raw\climate\chirts_era5\tmax\monthly\CHIRTS-ERA5.monthly_Tmax.2006.05.tif,CHIRTS_ERA5_TMAX,TMAX,2006,5,,VALIDATED_LOCAL,EPSG:4326,7200,2600,"(0.050000000745, 0.0, -180.0, 0.0, -0.050000000745, 70.0, 0.0, 0.0, 1.0)",,float32
https://data.chc.ucsb.edu/experimental/CHIRTS-ERA5/tmax/tifs/monthly/CHIRTS-ERA5.monthly_Tmax.2006.06.tif,LOCAL,,,3ee500e3369fd2332ae79aeca020472ee374dc5413d8107a593f5ac674c44daa,data\raw\climate\chirts_era5\tmax\monthly\CHIRTS-ERA5.monthly_Tmax.2006.06.tif,CHIRTS_ERA5_TMAX,TMAX,2006,6,,VALIDATED_LOCAL,EPSG:4326,7200,2600,"(0.050000000745, 0.0, -180.0, 0.0, -0.050000000745, 70.0, 0.0, 0.0, 1.0)",,float32
https://data.chc.ucsb.edu/experimental/CHIRTS-ERA5/tmax/tifs/monthly/CHIRTS-ERA5.monthly_Tmax.2006.07.tif,LOCAL,,,2ca13535f20ca5202d533a8f5c0758fb1a992afc8e48fad7823bcce432731ce0,data\raw\climate\chirts_era5\tmax\monthly\CHIRTS-ERA5.monthly_Tmax.2006.07.tif,CHIRTS_ERA5_TMAX,TMAX,2006,7,,VALIDATED_LOCAL,EPSG:4326,7200,2600,"(0.050000000745, 0.0, -180.0, 0.0, -0.050000000745, 70.0, 0.0, 0.0, 1.0)",,float32
https://data.chc.ucsb.edu/experimental/CHIRTS-ERA5/tmax/tifs/monthly/CHIRTS-ERA5.monthly_Tmax.2006.08.tif,LOCAL,,,d29a03fba70e8d884bcacd18880b43b95ec8e81290453185507bb0579012a634,data\raw\climate\chirts_era5\tmax\monthly\CHIRTS-ERA5.monthly_Tmax.2006.08.tif,CHIRTS_ERA5_TMAX,TMAX,2006,8,,VALIDATED_LOCAL,EPSG:4326,7200,2600,"(0.050000000745, 0.0, -180.0, 0.0, -0.050000000745, 70.0, 0.0, 0.0, 1.0)",,float32
https://data.chc.ucsb.edu/experimental/CHIRTS-ERA5/tmax/tifs/monthly/CHIRTS-ERA5.monthly_Tmax.2006.09.tif,LOCAL,,,1219a1eba78b09a7834c704118dcded47b110bbf68e83ec9a2a7d4329568b8a2,data\raw\climate\chirts_era5\tmax\monthly\CHIRTS-ERA5.monthly_Tmax.2006.09.tif,CHIRTS_ERA5_TMAX,TMAX,2006,9,,VALIDATED_LOCAL,EPSG:4326,7200,2600,"(0.050000000745, 0.0, -180.0, 0.0, -0.050000000745, 70.0, 0.0, 0.0, 1.0)",,float32
https://data.chc.ucsb.edu/experimental/CHIRTS-ERA5/tmax/tifs/monthly/CHIRTS-ERA5.monthly_Tmax.2006.10.tif,LOCAL,,,8154030a2e05d3c4e16217218dc85c181a5251055d1a8b9e0f3ebe4dd65fe161,data\raw\climate\chirts_era5\tmax\monthly\CHIRTS-ERA5.monthly_Tmax.2006.10.tif,CHIRTS_ERA5_TMAX,TMAX,2006,10,,VALIDATED_LOCAL,EPSG:4326,7200,2600,"(0.050000000745, 0.0, -180.0, 0.0, -0.050000000745, 70.0, 0.0, 0.0, 1.0)",,float32
https://data.chc.ucsb.edu/experimental/CHIRTS-ERA5/tmax/tifs/monthly/CHIRTS-ERA5.monthly_Tmax.2006.11.tif,LOCAL,,,5ebff0c189b29730320a3fdeb3794cb338ba4b02143f676e0a7f4f06eca0e5d4,data\raw\climate\chirts_era5\tmax\monthly\CHIRTS-ERA5.monthly_Tmax.2006.11.tif,CHIRTS_ERA5_TMAX,TMAX,2006,11,,VALIDATED_LOCAL,EPSG:4326,7200,2600,"(0.050000000745, 0.0, -180.0, 0.0, -0.050000000745, 70.0, 0.0, 0.0, 1.0)",,float32
https://data.chc.ucsb.edu/experimental/CHIRTS-ERA5/tmax/tifs/monthly/CHIRTS-ERA5.monthly_Tmax.2006.12.tif,LOCAL,,,8c2588377420777b46fdf1b892751227bfc8700e080898c42dcde2b377703663,data\raw\climate\chirts_era5\tmax\monthly\CHIRTS-ERA5.monthly_Tmax.2006.12.tif,CHIRTS_ERA5_TMAX,TMAX,2006,12,,VALIDATED_LOCAL,EPSG:4326,7200,2600,"(0.050000000745, 0.0, -180.0, 0.0, -0.050000000745, 70.0, 0.0, 0.0, 1.0)",,float32
https://data.chc.ucsb.edu/experimental/CHIRTS-ERA5/tmax/tifs/monthly/CHIRTS-ERA5.monthly_Tmax.2007.01.tif,LOCAL,,,335a71b5c522300dfee2ce756b81227dc19ae96956972530b4c833b5b2ed5d62,data\raw\climate\chirts_era5\tmax\monthly\CHIRTS-ERA5.monthly_Tmax.2007.01.tif,CHIRTS_ERA5_TMAX,TMAX,2007,1,,VALIDATED_LOCAL,EPSG:4326,7200,2600,"(0.050000000745, 0.0, -180.0, 0.0, -0.050000000745, 70.0, 0.0, 0.0, 1.0)",,float32
https://data.chc.ucsb.edu/experimental/CHIRTS-ERA5/tmax/tifs/monthly/CHIRTS-ERA5.monthly_Tmax.2007.02.tif,LOCAL,,,c9e030ab9adf42b497ee92bd40cd862ec834841f1e8eae2ef1e7d4dd45b9871f,data\raw\climate\chirts_era5\tmax\monthly\CHIRTS-ERA5.monthly_Tmax.2007.02.tif,CHIRTS_ERA5_TMAX,TMAX,2007,2,,VALIDATED_LOCAL,EPSG:4326,7200,2600,"(0.050000000745, 0.0, -180.0, 0.0, -0.050000000745, 70.0, 0.0, 0.0, 1.0)",,float32
https://data.chc.ucsb.edu/experimental/CHIRTS-ERA5/tmax/tifs/monthly/CHIRTS-ERA5.monthly_Tmax.2007.03.tif,LOCAL,,,dbe6b54cb88e26e07e405668a27a92bab8f19df7da090b9624b000cdad401457,data\raw\climate\chirts_era5\tmax\monthly\CHIRTS-ERA5.monthly_Tmax.2007.03.tif,CHIRTS_ERA5_TMAX,TMAX,2007,3,,VALIDATED_LOCAL,EPSG:4326,7200,2600,"(0.050000000745, 0.0, -180.0, 0.0, -0.050000000745, 70.0, 0.0, 0.0, 1.0)",,float32
https://data.chc.ucsb.edu/experimental/CHIRTS-ERA5/tmax/tifs/monthly/CHIRTS-ERA5.monthly_Tmax.2007.04.tif,LOCAL,,,9053408909348720109f9ab48cc9e9570ea8f3b0326d2a1c6d9dd4532ee0eea3,data\raw\climate\chirts_era5\tmax\monthly\CHIRTS-ERA5.monthly_Tmax.2007.04.tif,CHIRTS_ERA5_TMAX,TMAX,2007,4,,VALIDATED_LOCAL,EPSG:4326,7200,2600,"(0.050000000745, 0.0, -180.0, 0.0, -0.050000000745, 70.0, 0.0, 0.0, 1.0)",,float32
https://data.chc.ucsb.edu/experimental/CHIRTS-ERA5/tmax/tifs/monthly/CHIRTS-ERA5.monthly_Tmax.2007.05.tif,LOCAL,,,d843c67e173fabdaf0e8c3658172ffbf84b5a2f5355d7645d48a4a95969c0d8c,data\raw\climate\chirts_era5\tmax\monthly\CHIRTS-ERA5.monthly_Tmax.2007.05.tif,CHIRTS_ERA5_TMAX,TMAX,2007,5,,VALIDATED_LOCAL,EPSG:4326,7200,2600,"(0.050000000745, 0.0, -180.0, 0.0, -0.050000000745, 70.0, 0.0, 0.0, 1.0)",,float32
https://data.chc.ucsb.edu/experimental/CHIRTS-ERA5/tmax/tifs/monthly/CHIRTS-ERA5.monthly_Tmax.2007.06.tif,LOCAL,,,b70c988e989e80d904d10b6d8938da78b13747cbfae678aca162d01e23033633,data\raw\climate\chirts_era5\tmax\monthly\CHIRTS-ERA5.monthly_Tmax.2007.06.tif,CHIRTS_ERA5_TMAX,TMAX,2007,6,,VALIDATED_LOCAL,EPSG:4326,7200,2600,"(0.050000000745, 0.0, -180.0, 0.0, -0.050000000745, 70.0, 0.0, 0.0, 1.0)",,float32
https://data.chc.ucsb.edu/experimental/CHIRTS-ERA5/tmax/tifs/monthly/CHIRTS-ERA5.monthly_Tmax.2007.07.tif,LOCAL,,,e38734f2a23eb0c12d7abd6308f48499762968da93e090084a8b68f5278074c9,data\raw\climate\chirts_era5\tmax\monthly\CHIRTS-ERA5.monthly_Tmax.2007.07.tif,CHIRTS_ERA5_TMAX,TMAX,2007,7,,VALIDATED_LOCAL,EPSG:4326,7200,2600,"(0.050000000745, 0.0, -180.0, 0.0, -0.050000000745, 70.0, 0.0, 0.0, 1.0)",,float32
https://data.chc.ucsb.edu/experimental/CHIRTS-ERA5/tmax/tifs/monthly/CHIRTS-ERA5.monthly_Tmax.2007.08.tif,LOCAL,,,e724126a7ce80367ee95ca7b0c0c4e5750162164549b9bbbe02bea059ed50477,data\raw\climate\chirts_era5\tmax\monthly\CHIRTS-ERA5.monthly_Tmax.2007.08.tif,CHIRTS_ERA5_TMAX,TMAX,2007,8,,VALIDATED_LOCAL,EPSG:4326,7200,2600,"(0.050000000745, 0.0, -180.0, 0.0, -0.050000000745, 70.0, 0.0, 0.0, 1.0)",,float32
https://data.chc.ucsb.edu/experimental/CHIRTS-ERA5/tmax/tifs/monthly/CHIRTS-ERA5.monthly_Tmax.2007.09.tif,LOCAL,,,bfcd745e7fa195d007bf215de073aaaa33f8d6712bdc01be7d481ae1c7955967,data\raw\climate\chirts_era5\tmax\monthly\CHIRTS-ERA5.monthly_Tmax.2007.09.tif,CHIRTS_ERA5_TMAX,TMAX,2007,9,,VALIDATED_LOCAL,EPSG:4326,7200,2600,"(0.050000000745, 0.0, -180.0, 0.0, -0.050000000745, 70.0, 0.0, 0.0, 1.0)",,float32
https://data.chc.ucsb.edu/experimental/CHIRTS-ERA5/tmax/tifs/monthly/CHIRTS-ERA5.monthly_Tmax.2007.10.tif,LOCAL,,,c4ee023526b43bd51dce020c0227efdd12983da7f3bfd887e4064c07fef827cc,data\raw\climate\chirts_era5\tmax\monthly\CHIRTS-ERA5.monthly_Tmax.2007.10.tif,CHIRTS_ERA5_TMAX,TMAX,2007,10,,VALIDATED_LOCAL,EPSG:4326,7200,2600,"(0.050000000745, 0.0, -180.0, 0.0, -0.050000000745, 70.0, 0.0, 0.0, 1.0)",,float32
https://data.chc.ucsb.edu/experimental/CHIRTS-ERA5/tmax/tifs/monthly/CHIRTS-ERA5.monthly_Tmax.2007.11.tif,LOCAL,,,11e3887b6ba68fe8251d4c119730b1d481697ef3052b6e9081851d2ab3b0fca2,data\raw\climate\chirts_era5\tmax\monthly\CHIRTS-ERA5.monthly_Tmax.2007.11.tif,CHIRTS_ERA5_TMAX,TMAX,2007,11,,VALIDATED_LOCAL,EPSG:4326,7200,2600,"(0.050000000745, 0.0, -180.0, 0.0, -0.050000000745, 70.0, 0.0, 0.0, 1.0)",,float32
https://data.chc.ucsb.edu/experimental/CHIRTS-ERA5/tmax/tifs/monthly/CHIRTS-ERA5.monthly_Tmax.2007.12.tif,LOCAL,,,7663314d45c767f7573624b7380ad23a66baff4688dce1fc6593db66879c7263,data\raw\climate\chirts_era5\tmax\monthly\CHIRTS-ERA5.monthly_Tmax.2007.12.tif,CHIRTS_ERA5_TMAX,TMAX,2007,12,,VALIDATED_LOCAL,EPSG:4326,7200,2600,"(0.050000000745, 0.0, -180.0, 0.0, -0.050000000745, 70.0, 0.0, 0.0, 1.0)",,float32
https://data.chc.ucsb.edu/experimental/CHIRTS-ERA5/tmax/tifs/monthly/CHIRTS-ERA5.monthly_Tmax.2008.01.tif,LOCAL,,,cf760b0b906c771b7328cf9765ad779804e275fb1e7bd3bb20bbc0a5749e7bde,data\raw\climate\chirts_era5\tmax\monthly\CHIRTS-ERA5.monthly_Tmax.2008.01.tif,CHIRTS_ERA5_TMAX,TMAX,2008,1,,VALIDATED_LOCAL,EPSG:4326,7200,2600,"(0.050000000745, 0.0, -180.0, 0.0, -0.050000000745, 70.0, 0.0, 0.0, 1.0)",,float32
https://data.chc.ucsb.edu/experimental/CHIRTS-ERA5/tmax/tifs/monthly/CHIRTS-ERA5.monthly_Tmax.2008.02.tif,LOCAL,,,e7924d540a7428bb60e22afd87702eaa95cdb3eff46f5b1e9a8a638bf2fc2ffb,data\raw\climate\chirts_era5\tmax\monthly\CHIRTS-ERA5.monthly_Tmax.2008.02.tif,CHIRTS_ERA5_TMAX,TMAX,2008,2,,VALIDATED_LOCAL,EPSG:4326,7200,2600,"(0.050000000745, 0.0, -180.0, 0.0, -0.050000000745, 70.0, 0.0, 0.0, 1.0)",,float32
https://data.chc.ucsb.edu/experimental/CHIRTS-ERA5/tmax/tifs/monthly/CHIRTS-ERA5.monthly_Tmax.2008.03.tif,LOCAL,,,6004f559e831a37ba4558a5292aa339fee3663869dcd1fc744515168c84c6db4,data\raw\climate\chirts_era5\tmax\monthly\CHIRTS-ERA5.monthly_Tmax.2008.03.tif,CHIRTS_ERA5_TMAX,TMAX,2008,3,,VALIDATED_LOCAL,EPSG:4326,7200,2600,"(0.050000000745, 0.0, -180.0, 0.0, -0.050000000745, 70.0, 0.0, 0.0, 1.0)",,float32
https://data.chc.ucsb.edu/experimental/CHIRTS-ERA5/tmax/tifs/monthly/CHIRTS-ERA5.monthly_Tmax.2008.04.tif,LOCAL,,,74b7bbe5ff0c00ea606ada02e220020d7ccf60497080c83cecf8e3170fd8609e,data\raw\climate\chirts_era5\tmax\monthly\CHIRTS-ERA5.monthly_Tmax.2008.04.tif,CHIRTS_ERA5_TMAX,TMAX,2008,4,,VALIDATED_LOCAL,EPSG:4326,7200,2600,"(0.050000000745, 0.0, -180.0, 0.0, -0.050000000745, 70.0, 0.0, 0.0, 1.0)",,float32
https://data.chc.ucsb.edu/experimental/CHIRTS-ERA5/tmax/tifs/monthly/CHIRTS-ERA5.monthly_Tmax.2008.05.tif,LOCAL,,,04e29146c9263af20e7f26f2213cb4241297a63290bd279ad1288f1de10ea341,data\raw\climate\chirts_era5\tmax\monthly\CHIRTS-ERA5.monthly_Tmax.2008.05.tif,CHIRTS_ERA5_TMAX,TMAX,2008,5,,VALIDATED_LOCAL,EPSG:4326,7200,2600,"(0.050000000745, 0.0, -180.0, 0.0, -0.050000000745, 70.0, 0.0, 0.0, 1.0)",,float32
https://data.chc.ucsb.edu/experimental/CHIRTS-ERA5/tmax/tifs/monthly/CHIRTS-ERA5.monthly_Tmax.2008.06.tif,LOCAL,,,b132366eb1d6e2b882dd36794c857cd3a381e724d72e282f66c107b374452733,data\raw\climate\chirts_era5\tmax\monthly\CHIRTS-ERA5.monthly_Tmax.2008.06.tif,CHIRTS_ERA5_TMAX,TMAX,2008,6,,VALIDATED_LOCAL,EPSG:4326,7200,2600,"(0.050000000745, 0.0, -180.0, 0.0, -0.050000000745, 70.0, 0.0, 0.0, 1.0)",,float32
https://data.chc.ucsb.edu/experimental/CHIRTS-ERA5/tmax/tifs/monthly/CHIRTS-ERA5.monthly_Tmax.2008.07.tif,LOCAL,,,93670a4fa7d23075e1c937e79891459e5f90aa49fca05b324ae840e19ddf2ce6,data\raw\climate\chirts_era5\tmax\monthly\CHIRTS-ERA5.monthly_Tmax.2008.07.tif,CHIRTS_ERA5_TMAX,TMAX,2008,7,,VALIDATED_LOCAL,EPSG:4326,7200,2600,"(0.050000000745, 0.0, -180.0, 0.0, -0.050000000745, 70.0, 0.0, 0.0, 1.0)",,float32
https://data.chc.ucsb.edu/experimental/CHIRTS-ERA5/tmax/tifs/monthly/CHIRTS-ERA5.monthly_Tmax.2008.08.tif,LOCAL,,,6b6ee4d910b3d584a5302b6419397c3c3d10ecc8ae02a7e9cda9244ecb542f16,data\raw\climate\chirts_era5\tmax\monthly\CHIRTS-ERA5.monthly_Tmax.2008.08.tif,CHIRTS_ERA5_TMAX,TMAX,2008,8,,VALIDATED_LOCAL,EPSG:4326,7200,2600,"(0.050000000745, 0.0, -180.0, 0.0, -0.050000000745, 70.0, 0.0, 0.0, 1.0)",,float32
https://data.chc.ucsb.edu/experimental/CHIRTS-ERA5/tmax/tifs/monthly/CHIRTS-ERA5.monthly_Tmax.2008.09.tif,LOCAL,,,f3dba0f570c3d6944cf0557b3c12e3add9cb70fcde4a2e66f9a94609762c02f6,data\raw\climate\chirts_era5\tmax\monthly\CHIRTS-ERA5.monthly_Tmax.2008.09.tif,CHIRTS_ERA5_TMAX,TMAX,2008,9,,VALIDATED_LOCAL,EPSG:4326,7200,2600,"(0.050000000745, 0.0, -180.0, 0.0, -0.050000000745, 70.0, 0.0, 0.0, 1.0)",,float32
https://data.chc.ucsb.edu/experimental/CHIRTS-ERA5/tmax/tifs/monthly/CHIRTS-ERA5.monthly_Tmax.2008.10.tif,LOCAL,,,ffbe91d655fec3f0f8948399cb9e18c776822a9978e4b4ca95cc06284c6dd222,data\raw\climate\chirts_era5\tmax\monthly\CHIRTS-ERA5.monthly_Tmax.2008.10.tif,CHIRTS_ERA5_TMAX,TMAX,2008,10,,VALIDATED_LOCAL,EPSG:4326,7200,2600,"(0.050000000745, 0.0, -180.0, 0.0, -0.050000000745, 70.0, 0.0, 0.0, 1.0)",,float32
https://data.chc.ucsb.edu/experimental/CHIRTS-ERA5/tmax/tifs/monthly/CHIRTS-ERA5.monthly_Tmax.2008.11.tif,LOCAL,,,d7234af787ed3c6e659b6ffca32c7f39d044322d7565cae03c8e2bff0cc6a3a4,data\raw\climate\chirts_era5\tmax\monthly\CHIRTS-ERA5.monthly_Tmax.2008.11.tif,CHIRTS_ERA5_TMAX,TMAX,2008,11,,VALIDATED_LOCAL,EPSG:4326,7200,2600,"(0.050000000745, 0.0, -180.0, 0.0, -0.050000000745, 70.0, 0.0, 0.0, 1.0)",,float32
https://data.chc.ucsb.edu/experimental/CHIRTS-ERA5/tmax/tifs/monthly/CHIRTS-ERA5.monthly_Tmax.2008.12.tif,LOCAL,,,66609decc52f09767a9afd58e4803c4d294ec7b8c29f9f36ec6cb59a0966b9a5,data\raw\climate\chirts_era5\tmax\monthly\CHIRTS-ERA5.monthly_Tmax.2008.12.tif,CHIRTS_ERA5_TMAX,TMAX,2008,12,,VALIDATED_LOCAL,EPSG:4326,7200,2600,"(0.050000000745, 0.0, -180.0, 0.0, -0.050000000745, 70.0, 0.0, 0.0, 1.0)",,float32
https://data.chc.ucsb.edu/experimental/CHIRTS-ERA5/tmax/tifs/monthly/CHIRTS-ERA5.monthly_Tmax.2009.01.tif,LOCAL,,,4d0371c9791314894519f9e3376b0cd10f0eb64ebce7aee35be98ca6b124e1a0,data\raw\climate\chirts_era5\tmax\monthly\CHIRTS-ERA5.monthly_Tmax.2009.01.tif,CHIRTS_ERA5_TMAX,TMAX,2009,1,,VALIDATED_LOCAL,EPSG:4326,7200,2600,"(0.050000000745, 0.0, -180.0, 0.0, -0.050000000745, 70.0, 0.0, 0.0, 1.0)",,float32
https://data.chc.ucsb.edu/experimental/CHIRTS-ERA5/tmax/tifs/monthly/CHIRTS-ERA5.monthly_Tmax.2009.02.tif,LOCAL,,,0ae02aabffc33efacbff3170f6dca34d2cc03f771130d4c2daaf19f0ad623eab,data\raw\climate\chirts_era5\tmax\monthly\CHIRTS-ERA5.monthly_Tmax.2009.02.tif,CHIRTS_ERA5_TMAX,TMAX,2009,2,,VALIDATED_LOCAL,EPSG:4326,7200,2600,"(0.050000000745, 0.0, -180.0, 0.0, -0.050000000745, 70.0, 0.0, 0.0, 1.0)",,float32
https://data.chc.ucsb.edu/experimental/CHIRTS-ERA5/tmax/tifs/monthly/CHIRTS-ERA5.monthly_Tmax.2009.03.tif,LOCAL,,,ee18ba960fbe5a2c4c0952840e29ef41923702c71f7462db72b10d09ea4a9f72,data\raw\climate\chirts_era5\tmax\monthly\CHIRTS-ERA5.monthly_Tmax.2009.03.tif,CHIRTS_ERA5_TMAX,TMAX,2009,3,,VALIDATED_LOCAL,EPSG:4326,7200,2600,"(0.050000000745, 0.0, -180.0, 0.0, -0.050000000745, 70.0, 0.0, 0.0, 1.0)",,float32
https://data.chc.ucsb.edu/experimental/CHIRTS-ERA5/tmax/tifs/monthly/CHIRTS-ERA5.monthly_Tmax.2009.04.tif,LOCAL,,,f54f1d12af2f4c3fd42181d6e31072063f07b2528190964af97e6ccd2a35e7eb,data\raw\climate\chirts_era5\tmax\monthly\CHIRTS-ERA5.monthly_Tmax.2009.04.tif,CHIRTS_ERA5_TMAX,TMAX,2009,4,,VALIDATED_LOCAL,EPSG:4326,7200,2600,"(0.050000000745, 0.0, -180.0, 0.0, -0.050000000745, 70.0, 0.0, 0.0, 1.0)",,float32
https://data.chc.ucsb.edu/experimental/CHIRTS-ERA5/tmax/tifs/monthly/CHIRTS-ERA5.monthly_Tmax.2009.05.tif,LOCAL,,,0a5bab167dd09ce7962c29c6d24ea2fbcad92b3a2826c6a969d09b38091fcb7b,data\raw\climate\chirts_era5\tmax\monthly\CHIRTS-ERA5.monthly_Tmax.2009.05.tif,CHIRTS_ERA5_TMAX,TMAX,2009,5,,VALIDATED_LOCAL,EPSG:4326,7200,2600,"(0.050000000745, 0.0, -180.0, 0.0, -0.050000000745, 70.0, 0.0, 0.0, 1.0)",,float32
https://data.chc.ucsb.edu/experimental/CHIRTS-ERA5/tmax/tifs/monthly/CHIRTS-ERA5.monthly_Tmax.2009.06.tif,LOCAL,,,5225c027a9bb7c2faf2b3f81e01cb2e3235d9fbc6f9959a0ba651cce8ba36d76,data\raw\climate\chirts_era5\tmax\monthly\CHIRTS-ERA5.monthly_Tmax.2009.06.tif,CHIRTS_ERA5_TMAX,TMAX,2009,6,,VALIDATED_LOCAL,EPSG:4326,7200,2600,"(0.050000000745, 0.0, -180.0, 0.0, -0.050000000745, 70.0, 0.0, 0.0, 1.0)",,float32
https://data.chc.ucsb.edu/experimental/CHIRTS-ERA5/tmax/tifs/monthly/CHIRTS-ERA5.monthly_Tmax.2009.07.tif,LOCAL,,,76296f1660bc2fbc5c71376926c69f11d8ffb3af122c4801d6a1b57d872d3cd5,data\raw\climate\chirts_era5\tmax\monthly\CHIRTS-ERA5.monthly_Tmax.2009.07.tif,CHIRTS_ERA5_TMAX,TMAX,2009,7,,VALIDATED_LOCAL,EPSG:4326,7200,2600,"(0.050000000745, 0.0, -180.0, 0.0, -0.050000000745, 70.0, 0.0, 0.0, 1.0)",,float32
https://data.chc.ucsb.edu/experimental/CHIRTS-ERA5/tmax/tifs/monthly/CHIRTS-ERA5.monthly_Tmax.2009.08.tif,LOCAL,,,99c0dc733baff460eaab4962d74b7f93b1fb9ce447e1cf9b2f44def5e64a2262,data\raw\climate\chirts_era5\tmax\monthly\CHIRTS-ERA5.monthly_Tmax.2009.08.tif,CHIRTS_ERA5_TMAX,TMAX,2009,8,,VALIDATED_LOCAL,EPSG:4326,7200,2600,"(0.050000000745, 0.0, -180.0, 0.0, -0.050000000745, 70.0, 0.0, 0.0, 1.0)",,float32
https://data.chc.ucsb.edu/experimental/CHIRTS-ERA5/tmax/tifs/monthly/CHIRTS-ERA5.monthly_Tmax.2009.09.tif,LOCAL,,,970c2d4e9f03adadfc79387ae475df8cad5934e6e547839f1bb4e93b9f5e97df,data\raw\climate\chirts_era5\tmax\monthly\CHIRTS-ERA5.monthly_Tmax.2009.09.tif,CHIRTS_ERA5_TMAX,TMAX,2009,9,,VALIDATED_LOCAL,EPSG:4326,7200,2600,"(0.050000000745, 0.0, -180.0, 0.0, -0.050000000745, 70.0, 0.0, 0.0, 1.0)",,float32
https://data.chc.ucsb.edu/experimental/CHIRTS-ERA5/tmax/tifs/monthly/CHIRTS-ERA5.monthly_Tmax.2009.10.tif,LOCAL,,,2360f018802ac196e92cb77c4bee62007aad919c6955bb6f3b78df58f192d79a,data\raw\climate\chirts_era5\tmax\monthly\CHIRTS-ERA5.monthly_Tmax.2009.10.tif,CHIRTS_ERA5_TMAX,TMAX,2009,10,,VALIDATED_LOCAL,EPSG:4326,7200,2600,"(0.050000000745, 0.0, -180.0, 0.0, -0.050000000745, 70.0, 0.0, 0.0, 1.0)",,float32
https://data.chc.ucsb.edu/experimental/CHIRTS-ERA5/tmax/tifs/monthly/CHIRTS-ERA5.monthly_Tmax.2009.11.tif,LOCAL,,,6a76f2fb6aaf23abd363c2a3165c896fad45d25bec3fbd57852916aae4a16019,data\raw\climate\chirts_era5\tmax\monthly\CHIRTS-ERA5.monthly_Tmax.2009.11.tif,CHIRTS_ERA5_TMAX,TMAX,2009,11,,VALIDATED_LOCAL,EPSG:4326,7200,2600,"(0.050000000745, 0.0, -180.0, 0.0, -0.050000000745, 70.0, 0.0, 0.0, 1.0)",,float32
https://data.chc.ucsb.edu/experimental/CHIRTS-ERA5/tmax/tifs/monthly/CHIRTS-ERA5.monthly_Tmax.2009.12.tif,LOCAL,,,fc2fa7df46f0ce7849d4a793549d287dc926b2e6e476ba4309cc2468bd841706,data\raw\climate\chirts_era5\tmax\monthly\CHIRTS-ERA5.monthly_Tmax.2009.12.tif,CHIRTS_ERA5_TMAX,TMAX,2009,12,,VALIDATED_LOCAL,EPSG:4326,7200,2600,"(0.050000000745, 0.0, -180.0, 0.0, -0.050000000745, 70.0, 0.0, 0.0, 1.0)",,float32
https://data.chc.ucsb.edu/experimental/CHIRTS-ERA5/tmax/tifs/monthly/CHIRTS-ERA5.monthly_Tmax.2010.01.tif,LOCAL,,,e3474a98640893bd01cad8c6962d86b4b5b7b7353aacc47c1a472f335acac4bb,data\raw\climate\chirts_era5\tmax\monthly\CHIRTS-ERA5.monthly_Tmax.2010.01.tif,CHIRTS_ERA5_TMAX,TMAX,2010,1,,VALIDATED_LOCAL,EPSG:4326,7200,2600,"(0.050000000745, 0.0, -180.0, 0.0, -0.050000000745, 70.0, 0.0, 0.0, 1.0)",,float32
https://data.chc.ucsb.edu/experimental/CHIRTS-ERA5/tmax/tifs/monthly/CHIRTS-ERA5.monthly_Tmax.2010.02.tif,LOCAL,,,d5c65560e662e946d174539147af77cae30bd0935d96f7fec29ec80fbcf7519a,data\raw\climate\chirts_era5\tmax\monthly\CHIRTS-ERA5.monthly_Tmax.2010.02.tif,CHIRTS_ERA5_TMAX,TMAX,2010,2,,VALIDATED_LOCAL,EPSG:4326,7200,2600,"(0.050000000745, 0.0, -180.0, 0.0, -0.050000000745, 70.0, 0.0, 0.0, 1.0)",,float32
https://data.chc.ucsb.edu/experimental/CHIRTS-ERA5/tmax/tifs/monthly/CHIRTS-ERA5.monthly_Tmax.2010.03.tif,LOCAL,,,1310dbddf7af2d929586a76bf263d38fce332914e5b1ccaeb7ba98fc263fcff4,data\raw\climate\chirts_era5\tmax\monthly\CHIRTS-ERA5.monthly_Tmax.2010.03.tif,CHIRTS_ERA5_TMAX,TMAX,2010,3,,VALIDATED_LOCAL,EPSG:4326,7200,2600,"(0.050000000745, 0.0, -180.0, 0.0, -0.050000000745, 70.0, 0.0, 0.0, 1.0)",,float32
https://data.chc.ucsb.edu/experimental/CHIRTS-ERA5/tmax/tifs/monthly/CHIRTS-ERA5.monthly_Tmax.2010.04.tif,LOCAL,,,952c803bf126e4a5f9c1bde1ac8bfddbd335a0743c0e38ce17617a13d042cfef,data\raw\climate\chirts_era5\tmax\monthly\CHIRTS-ERA5.monthly_Tmax.2010.04.tif,CHIRTS_ERA5_TMAX,TMAX,2010,4,,VALIDATED_LOCAL,EPSG:4326,7200,2600,"(0.050000000745, 0.0, -180.0, 0.0, -0.050000000745, 70.0, 0.0, 0.0, 1.0)",,float32
https://data.chc.ucsb.edu/experimental/CHIRTS-ERA5/tmax/tifs/monthly/CHIRTS-ERA5.monthly_Tmax.2010.05.tif,LOCAL,,,70336af029a5a93a041a262663bf833020b970f92e06191e33d9aff9b8b176a1,data\raw\climate\chirts_era5\tmax\monthly\CHIRTS-ERA5.monthly_Tmax.2010.05.tif,CHIRTS_ERA5_TMAX,TMAX,2010,5,,VALIDATED_LOCAL,EPSG:4326,7200,2600,"(0.050000000745, 0.0, -180.0, 0.0, -0.050000000745, 70.0, 0.0, 0.0, 1.0)",,float32
https://data.chc.ucsb.edu/experimental/CHIRTS-ERA5/tmax/tifs/monthly/CHIRTS-ERA5.monthly_Tmax.2010.06.tif,LOCAL,,,c00cf833c0d678bdae23320b3b276f46d1c2a5dcdc8ca7ad71a3af6fd0c4f216,data\raw\climate\chirts_era5\tmax\monthly\CHIRTS-ERA5.monthly_Tmax.2010.06.tif,CHIRTS_ERA5_TMAX,TMAX,2010,6,,VALIDATED_LOCAL,EPSG:4326,7200,2600,"(0.050000000745, 0.0, -180.0, 0.0, -0.050000000745, 70.0, 0.0, 0.0, 1.0)",,float32
https://data.chc.ucsb.edu/experimental/CHIRTS-ERA5/tmax/tifs/monthly/CHIRTS-ERA5.monthly_Tmax.2010.07.tif,LOCAL,,,9dbd286c276ac86857991722aca0137c23bb7baa8286db0cb67981103545e85d,data\raw\climate\chirts_era5\tmax\monthly\CHIRTS-ERA5.monthly_Tmax.2010.07.tif,CHIRTS_ERA5_TMAX,TMAX,2010,7,,VALIDATED_LOCAL,EPSG:4326,7200,2600,"(0.050000000745, 0.0, -180.0, 0.0, -0.050000000745, 70.0, 0.0, 0.0, 1.0)",,float32
https://data.chc.ucsb.edu/experimental/CHIRTS-ERA5/tmax/tifs/monthly/CHIRTS-ERA5.monthly_Tmax.2010.08.tif,LOCAL,,,a2aba88b2be0c39929f1194694bbe97621e54c834d05b57b234f50f517ade75b,data\raw\climate\chirts_era5\tmax\monthly\CHIRTS-ERA5.monthly_Tmax.2010.08.tif,CHIRTS_ERA5_TMAX,TMAX,2010,8,,VALIDATED_LOCAL,EPSG:4326,7200,2600,"(0.050000000745, 0.0, -180.0, 0.0, -0.050000000745, 70.0, 0.0, 0.0, 1.0)",,float32
https://data.chc.ucsb.edu/experimental/CHIRTS-ERA5/tmax/tifs/monthly/CHIRTS-ERA5.monthly_Tmax.2010.09.tif,LOCAL,,,965fadc4d8d019ac46f2777ed34b2736cbe3f47df76ecbe193f4a5f5eb8e16e2,data\raw\climate\chirts_era5\tmax\monthly\CHIRTS-ERA5.monthly_Tmax.2010.09.tif,CHIRTS_ERA5_TMAX,TMAX,2010,9,,VALIDATED_LOCAL,EPSG:4326,7200,2600,"(0.050000000745, 0.0, -180.0, 0.0, -0.050000000745, 70.0, 0.0, 0.0, 1.0)",,float32
https://data.chc.ucsb.edu/experimental/CHIRTS-ERA5/tmax/tifs/monthly/CHIRTS-ERA5.monthly_Tmax.2010.10.tif,LOCAL,,,2c8b7bf1c17a74e6203a292a3c0cfabd34aab68f6d9df07f68cd8adafee008f4,data\raw\climate\chirts_era5\tmax\monthly\CHIRTS-ERA5.monthly_Tmax.2010.10.tif,CHIRTS_ERA5_TMAX,TMAX,2010,10,,VALIDATED_LOCAL,EPSG:4326,7200,2600,"(0.050000000745, 0.0, -180.0, 0.0, -0.050000000745, 70.0, 0.0, 0.0, 1.0)",,float32
https://data.chc.ucsb.edu/experimental/CHIRTS-ERA5/tmax/tifs/monthly/CHIRTS-ERA5.monthly_Tmax.2010.11.tif,LOCAL,,,25d12b7843ea68b8720d3cdbeb61a61d49d296d8bb691c01b71b447a8f8efc0f,data\raw\climate\chirts_era5\tmax\monthly\CHIRTS-ERA5.monthly_Tmax.2010.11.tif,CHIRTS_ERA5_TMAX,TMAX,2010,11,,VALIDATED_LOCAL,EPSG:4326,7200,2600,"(0.050000000745, 0.0, -180.0, 0.0, -0.050000000745, 70.0, 0.0, 0.0, 1.0)",,float32
https://data.chc.ucsb.edu/experimental/CHIRTS-ERA5/tmax/tifs/monthly/CHIRTS-ERA5.monthly_Tmax.2010.12.tif,LOCAL,,,cbc3bdd90845854181911b7f90b268c8c07734ec7f2648750ec32a1819cfc3d4,data\raw\climate\chirts_era5\tmax\monthly\CHIRTS-ERA5.monthly_Tmax.2010.12.tif,CHIRTS_ERA5_TMAX,TMAX,2010,12,,VALIDATED_LOCAL,EPSG:4326,7200,2600,"(0.050000000745, 0.0, -180.0, 0.0, -0.050000000745, 70.0, 0.0, 0.0, 1.0)",,float32
https://data.chc.ucsb.edu/experimental/CHIRTS-ERA5/tmax/tifs/monthly/CHIRTS-ERA5.monthly_Tmax.2011.01.tif,LOCAL,,,77374a5f08d8202e39c0add8f5500556371fbd20e11dc18789ee278c0808e9d3,data\raw\climate\chirts_era5\tmax\monthly\CHIRTS-ERA5.monthly_Tmax.2011.01.tif,CHIRTS_ERA5_TMAX,TMAX,2011,1,,VALIDATED_LOCAL,EPSG:4326,7200,2600,"(0.050000000745, 0.0, -180.0, 0.0, -0.050000000745, 70.0, 0.0, 0.0, 1.0)",,float32
https://data.chc.ucsb.edu/experimental/CHIRTS-ERA5/tmax/tifs/monthly/CHIRTS-ERA5.monthly_Tmax.2011.02.tif,LOCAL,,,cc858e71e625f4a5deb5ed55c58d0571df5e83bbe77ced40c37eb443668a8e13,data\raw\climate\chirts_era5\tmax\monthly\CHIRTS-ERA5.monthly_Tmax.2011.02.tif,CHIRTS_ERA5_TMAX,TMAX,2011,2,,VALIDATED_LOCAL,EPSG:4326,7200,2600,"(0.050000000745, 0.0, -180.0, 0.0, -0.050000000745, 70.0, 0.0, 0.0, 1.0)",,float32
https://data.chc.ucsb.edu/experimental/CHIRTS-ERA5/tmax/tifs/monthly/CHIRTS-ERA5.monthly_Tmax.2011.03.tif,LOCAL,,,baa69c6d3c5b3579042212288e31438bdaec53c3233fb5228d177a4ee88bf4be,data\raw\climate\chirts_era5\tmax\monthly\CHIRTS-ERA5.monthly_Tmax.2011.03.tif,CHIRTS_ERA5_TMAX,TMAX,2011,3,,VALIDATED_LOCAL,EPSG:4326,7200,2600,"(0.050000000745, 0.0, -180.0, 0.0, -0.050000000745, 70.0, 0.0, 0.0, 1.0)",,float32
https://data.chc.ucsb.edu/experimental/CHIRTS-ERA5/tmax/tifs/monthly/CHIRTS-ERA5.monthly_Tmax.2011.04.tif,LOCAL,,,8e9e0e69eb300a5292dc32fd280b6be89285697a7914710bc3534ac21cb01a5b,data\raw\climate\chirts_era5\tmax\monthly\CHIRTS-ERA5.monthly_Tmax.2011.04.tif,CHIRTS_ERA5_TMAX,TMAX,2011,4,,VALIDATED_LOCAL,EPSG:4326,7200,2600,"(0.050000000745, 0.0, -180.0, 0.0, -0.050000000745, 70.0, 0.0, 0.0, 1.0)",,float32
https://data.chc.ucsb.edu/experimental/CHIRTS-ERA5/tmax/tifs/monthly/CHIRTS-ERA5.monthly_Tmax.2011.05.tif,LOCAL,,,79e74152cb57a1660b4949a150ea36095de84fd9b5648699638210cb4dbaf781,data\raw\climate\chirts_era5\tmax\monthly\CHIRTS-ERA5.monthly_Tmax.2011.05.tif,CHIRTS_ERA5_TMAX,TMAX,2011,5,,VALIDATED_LOCAL,EPSG:4326,7200,2600,"(0.050000000745, 0.0, -180.0, 0.0, -0.050000000745, 70.0, 0.0, 0.0, 1.0)",,float32
https://data.chc.ucsb.edu/experimental/CHIRTS-ERA5/tmax/tifs/monthly/CHIRTS-ERA5.monthly_Tmax.2011.06.tif,LOCAL,,,0da576aa1fb9a03e52c0a0190e93cbd8cd6754e3f94e773447c416c833308410,data\raw\climate\chirts_era5\tmax\monthly\CHIRTS-ERA5.monthly_Tmax.2011.06.tif,CHIRTS_ERA5_TMAX,TMAX,2011,6,,VALIDATED_LOCAL,EPSG:4326,7200,2600,"(0.050000000745, 0.0, -180.0, 0.0, -0.050000000745, 70.0, 0.0, 0.0, 1.0)",,float32
https://data.chc.ucsb.edu/experimental/CHIRTS-ERA5/tmax/tifs/monthly/CHIRTS-ERA5.monthly_Tmax.2011.07.tif,LOCAL,,,3b72ed4c59305d3deac5b0b0eff5826a64e453951d04ceb7727517c73391723c,data\raw\climate\chirts_era5\tmax\monthly\CHIRTS-ERA5.monthly_Tmax.2011.07.tif,CHIRTS_ERA5_TMAX,TMAX,2011,7,,VALIDATED_LOCAL,EPSG:4326,7200,2600,"(0.050000000745, 0.0, -180.0, 0.0, -0.050000000745, 70.0, 0.0, 0.0, 1.0)",,float32
https://data.chc.ucsb.edu/experimental/CHIRTS-ERA5/tmax/tifs/monthly/CHIRTS-ERA5.monthly_Tmax.2011.08.tif,LOCAL,,,36c3f9e4b9a573efb4e76eb26ab2ec03dac0aefe8a402c6a2f9138faa0293472,data\raw\climate\chirts_era5\tmax\monthly\CHIRTS-ERA5.monthly_Tmax.2011.08.tif,CHIRTS_ERA5_TMAX,TMAX,2011,8,,VALIDATED_LOCAL,EPSG:4326,7200,2600,"(0.050000000745, 0.0, -180.0, 0.0, -0.050000000745, 70.0, 0.0, 0.0, 1.0)",,float32
https://data.chc.ucsb.edu/experimental/CHIRTS-ERA5/tmax/tifs/monthly/CHIRTS-ERA5.monthly_Tmax.2011.09.tif,LOCAL,,,b75d95597f86b96899940177296b1c248736030f97320955af16fa5f2241ba49,data\raw\climate\chirts_era5\tmax\monthly\CHIRTS-ERA5.monthly_Tmax.2011.09.tif,CHIRTS_ERA5_TMAX,TMAX,2011,9,,VALIDATED_LOCAL,EPSG:4326,7200,2600,"(0.050000000745, 0.0, -180.0, 0.0, -0.050000000745, 70.0, 0.0, 0.0, 1.0)",,float32
https://data.chc.ucsb.edu/experimental/CHIRTS-ERA5/tmax/tifs/monthly/CHIRTS-ERA5.monthly_Tmax.2011.10.tif,LOCAL,,,8d1a7749e391ce57f42394ab1e8454d3c2dac15946b8f1fa8faef4d6110cc0ea,data\raw\climate\chirts_era5\tmax\monthly\CHIRTS-ERA5.monthly_Tmax.2011.10.tif,CHIRTS_ERA5_TMAX,TMAX,2011,10,,VALIDATED_LOCAL,EPSG:4326,7200,2600,"(0.050000000745, 0.0, -180.0, 0.0, -0.050000000745, 70.0, 0.0, 0.0, 1.0)",,float32
https://data.chc.ucsb.edu/experimental/CHIRTS-ERA5/tmax/tifs/monthly/CHIRTS-ERA5.monthly_Tmax.2011.11.tif,LOCAL,,,7306a25de350c8c68eb3809cb9ab70f38fcd1a7211ec9541807b998797a36b8a,data\raw\climate\chirts_era5\tmax\monthly\CHIRTS-ERA5.monthly_Tmax.2011.11.tif,CHIRTS_ERA5_TMAX,TMAX,2011,11,,VALIDATED_LOCAL,EPSG:4326,7200,2600,"(0.050000000745, 0.0, -180.0, 0.0, -0.050000000745, 70.0, 0.0, 0.0, 1.0)",,float32
https://data.chc.ucsb.edu/experimental/CHIRTS-ERA5/tmax/tifs/monthly/CHIRTS-ERA5.monthly_Tmax.2011.12.tif,LOCAL,,,6a0776895cb92cabf838868e6ce402d15249552202a3e6c6689993e1ba06c777,data\raw\climate\chirts_era5\tmax\monthly\CHIRTS-ERA5.monthly_Tmax.2011.12.tif,CHIRTS_ERA5_TMAX,TMAX,2011,12,,VALIDATED_LOCAL,EPSG:4326,7200,2600,"(0.050000000745, 0.0, -180.0, 0.0, -0.050000000745, 70.0, 0.0, 0.0, 1.0)",,float32
https://data.chc.ucsb.edu/experimental/CHIRTS-ERA5/tmax/tifs/monthly/CHIRTS-ERA5.monthly_Tmax.2012.01.tif,LOCAL,,,7010827f3eb0cb5d8183c4d83d18f2f3273327c3a6ea769dc9604b13c3d4f852,data\raw\climate\chirts_era5\tmax\monthly\CHIRTS-ERA5.monthly_Tmax.2012.01.tif,CHIRTS_ERA5_TMAX,TMAX,2012,1,,VALIDATED_LOCAL,EPSG:4326,7200,2600,"(0.050000000745, 0.0, -180.0, 0.0, -0.050000000745, 70.0, 0.0, 0.0, 1.0)",,float32
https://data.chc.ucsb.edu/experimental/CHIRTS-ERA5/tmax/tifs/monthly/CHIRTS-ERA5.monthly_Tmax.2012.02.tif,LOCAL,,,5600562b347152d8faff097ef9ed847179e07978617fc5e80fa8d37a4a0dd661,data\raw\climate\chirts_era5\tmax\monthly\CHIRTS-ERA5.monthly_Tmax.2012.02.tif,CHIRTS_ERA5_TMAX,TMAX,2012,2,,VALIDATED_LOCAL,EPSG:4326,7200,2600,"(0.050000000745, 0.0, -180.0, 0.0, -0.050000000745, 70.0, 0.0, 0.0, 1.0)",,float32
https://data.chc.ucsb.edu/experimental/CHIRTS-ERA5/tmax/tifs/monthly/CHIRTS-ERA5.monthly_Tmax.2012.03.tif,LOCAL,,,77f676d9f4cb317212062fe7baf60af7ac18f9fa784a4f349707acd18380bbe2,data\raw\climate\chirts_era5\tmax\monthly\CHIRTS-ERA5.monthly_Tmax.2012.03.tif,CHIRTS_ERA5_TMAX,TMAX,2012,3,,VALIDATED_LOCAL,EPSG:4326,7200,2600,"(0.050000000745, 0.0, -180.0, 0.0, -0.050000000745, 70.0, 0.0, 0.0, 1.0)",,float32
https://data.chc.ucsb.edu/experimental/CHIRTS-ERA5/tmax/tifs/monthly/CHIRTS-ERA5.monthly_Tmax.2012.04.tif,LOCAL,,,a65db5206df82fc27a39a8872be4482e165cccc63bf1d2d9b9a41963fe4046d0,data\raw\climate\chirts_era5\tmax\monthly\CHIRTS-ERA5.monthly_Tmax.2012.04.tif,CHIRTS_ERA5_TMAX,TMAX,2012,4,,VALIDATED_LOCAL,EPSG:4326,7200,2600,"(0.050000000745, 0.0, -180.0, 0.0, -0.050000000745, 70.0, 0.0, 0.0, 1.0)",,float32
https://data.chc.ucsb.edu/experimental/CHIRTS-ERA5/tmax/tifs/monthly/CHIRTS-ERA5.monthly_Tmax.2012.05.tif,LOCAL,,,e4af4bb130d6f9228fb9c401692506c6c1a892494a198da9e763bfb4949e060a,data\raw\climate\chirts_era5\tmax\monthly\CHIRTS-ERA5.monthly_Tmax.2012.05.tif,CHIRTS_ERA5_TMAX,TMAX,2012,5,,VALIDATED_LOCAL,EPSG:4326,7200,2600,"(0.050000000745, 0.0, -180.0, 0.0, -0.050000000745, 70.0, 0.0, 0.0, 1.0)",,float32
https://data.chc.ucsb.edu/experimental/CHIRTS-ERA5/tmax/tifs/monthly/CHIRTS-ERA5.monthly_Tmax.2012.06.tif,LOCAL,,,ca53cb000ee58e3ab07c0ecc8cab2f8d31e19d00620df82a119f0d51100d3a04,data\raw\climate\chirts_era5\tmax\monthly\CHIRTS-ERA5.monthly_Tmax.2012.06.tif,CHIRTS_ERA5_TMAX,TMAX,2012,6,,VALIDATED_LOCAL,EPSG:4326,7200,2600,"(0.050000000745, 0.0, -180.0, 0.0, -0.050000000745, 70.0, 0.0, 0.0, 1.0)",,float32
https://data.chc.ucsb.edu/experimental/CHIRTS-ERA5/tmax/tifs/monthly/CHIRTS-ERA5.monthly_Tmax.2012.07.tif,LOCAL,,,15237cbcf888e77a846239c2faccf24fc9ad26e45e8d421656680d624b3bd30d,data\raw\climate\chirts_era5\tmax\monthly\CHIRTS-ERA5.monthly_Tmax.2012.07.tif,CHIRTS_ERA5_TMAX,TMAX,2012,7,,VALIDATED_LOCAL,EPSG:4326,7200,2600,"(0.050000000745, 0.0, -180.0, 0.0, -0.050000000745, 70.0, 0.0, 0.0, 1.0)",,float32
https://data.chc.ucsb.edu/experimental/CHIRTS-ERA5/tmax/tifs/monthly/CHIRTS-ERA5.monthly_Tmax.2012.08.tif,LOCAL,,,1390f7b80d7b3af84abac7dd57095f52158af908edc33b4403123fabaefce072,data\raw\climate\chirts_era5\tmax\monthly\CHIRTS-ERA5.monthly_Tmax.2012.08.tif,CHIRTS_ERA5_TMAX,TMAX,2012,8,,VALIDATED_LOCAL,EPSG:4326,7200,2600,"(0.050000000745, 0.0, -180.0, 0.0, -0.050000000745, 70.0, 0.0, 0.0, 1.0)",,float32
https://data.chc.ucsb.edu/experimental/CHIRTS-ERA5/tmax/tifs/monthly/CHIRTS-ERA5.monthly_Tmax.2012.09.tif,LOCAL,,,1e2ac6c3582ffec83e08f36606a6baf6a69dcc69817cc64ef95d9ec982298a4f,data\raw\climate\chirts_era5\tmax\monthly\CHIRTS-ERA5.monthly_Tmax.2012.09.tif,CHIRTS_ERA5_TMAX,TMAX,2012,9,,VALIDATED_LOCAL,EPSG:4326,7200,2600,"(0.050000000745, 0.0, -180.0, 0.0, -0.050000000745, 70.0, 0.0, 0.0, 1.0)",,float32
https://data.chc.ucsb.edu/experimental/CHIRTS-ERA5/tmax/tifs/monthly/CHIRTS-ERA5.monthly_Tmax.2012.10.tif,LOCAL,,,60de0969e2418c2a41ee12bd885f6c85fc2466ca15ebf3866e970b28dd952497,data\raw\climate\chirts_era5\tmax\monthly\CHIRTS-ERA5.monthly_Tmax.2012.10.tif,CHIRTS_ERA5_TMAX,TMAX,2012,10,,VALIDATED_LOCAL,EPSG:4326,7200,2600,"(0.050000000745, 0.0, -180.0, 0.0, -0.050000000745, 70.0, 0.0, 0.0, 1.0)",,float32
https://data.chc.ucsb.edu/experimental/CHIRTS-ERA5/tmax/tifs/monthly/CHIRTS-ERA5.monthly_Tmax.2012.11.tif,LOCAL,,,7684496b46fc31d155db4a7b0703212d234e99e91cbbe8f10fc6fdd6b8b06dd0,data\raw\climate\chirts_era5\tmax\monthly\CHIRTS-ERA5.monthly_Tmax.2012.11.tif,CHIRTS_ERA5_TMAX,TMAX,2012,11,,VALIDATED_LOCAL,EPSG:4326,7200,2600,"(0.050000000745, 0.0, -180.0, 0.0, -0.050000000745, 70.0, 0.0, 0.0, 1.0)",,float32
https://data.chc.ucsb.edu/experimental/CHIRTS-ERA5/tmax/tifs/monthly/CHIRTS-ERA5.monthly_Tmax.2012.12.tif,LOCAL,,,7f96bf4e2edf45bfd2c36122327b05cdc0364c0b2e90a2580f0faf544c9c955e,data\raw\climate\chirts_era5\tmax\monthly\CHIRTS-ERA5.monthly_Tmax.2012.12.tif,CHIRTS_ERA5_TMAX,TMAX,2012,12,,VALIDATED_LOCAL,EPSG:4326,7200,2600,"(0.050000000745, 0.0, -180.0, 0.0, -0.050000000745, 70.0, 0.0, 0.0, 1.0)",,float32
https://data.chc.ucsb.edu/experimental/CHIRTS-ERA5/tmax/tifs/monthly/CHIRTS-ERA5.monthly_Tmax.2013.01.tif,LOCAL,,,8c8f42dc5a947b21d1b685f330314c46f2784424e1a607433b06d305256928a9,data\raw\climate\chirts_era5\tmax\monthly\CHIRTS-ERA5.monthly_Tmax.2013.01.tif,CHIRTS_ERA5_TMAX,TMAX,2013,1,,VALIDATED_LOCAL,EPSG:4326,7200,2600,"(0.050000000745, 0.0, -180.0, 0.0, -0.050000000745, 70.0, 0.0, 0.0, 1.0)",,float32
https://data.chc.ucsb.edu/experimental/CHIRTS-ERA5/tmax/tifs/monthly/CHIRTS-ERA5.monthly_Tmax.2013.02.tif,LOCAL,,,e5bec41b3b532b7b24cf15bcea5ba6e521f23e36a7a298ca48510791f241c61a,data\raw\climate\chirts_era5\tmax\monthly\CHIRTS-ERA5.monthly_Tmax.2013.02.tif,CHIRTS_ERA5_TMAX,TMAX,2013,2,,VALIDATED_LOCAL,EPSG:4326,7200,2600,"(0.050000000745, 0.0, -180.0, 0.0, -0.050000000745, 70.0, 0.0, 0.0, 1.0)",,float32
https://data.chc.ucsb.edu/experimental/CHIRTS-ERA5/tmax/tifs/monthly/CHIRTS-ERA5.monthly_Tmax.2013.03.tif,LOCAL,,,cb29cd9756be14b9cb7fea34fc20e09b26a6f40f5a12d3598a0a3d88f8410e96,data\raw\climate\chirts_era5\tmax\monthly\CHIRTS-ERA5.monthly_Tmax.2013.03.tif,CHIRTS_ERA5_TMAX,TMAX,2013,3,,VALIDATED_LOCAL,EPSG:4326,7200,2600,"(0.050000000745, 0.0, -180.0, 0.0, -0.050000000745, 70.0, 0.0, 0.0, 1.0)",,float32
https://data.chc.ucsb.edu/experimental/CHIRTS-ERA5/tmax/tifs/monthly/CHIRTS-ERA5.monthly_Tmax.2013.04.tif,LOCAL,,,be2cc013a71cb12360062d98b38e815e86739daf6d1bcfdf28ef756f33fc5223,data\raw\climate\chirts_era5\tmax\monthly\CHIRTS-ERA5.monthly_Tmax.2013.04.tif,CHIRTS_ERA5_TMAX,TMAX,2013,4,,VALIDATED_LOCAL,EPSG:4326,7200,2600,"(0.050000000745, 0.0, -180.0, 0.0, -0.050000000745, 70.0, 0.0, 0.0, 1.0)",,float32
https://data.chc.ucsb.edu/experimental/CHIRTS-ERA5/tmax/tifs/monthly/CHIRTS-ERA5.monthly_Tmax.2013.05.tif,LOCAL,,,a4aae09148cd3f1d058e5318e6aa3b00b4bc70b380a4269a9c6e34d387327a09,data\raw\climate\chirts_era5\tmax\monthly\CHIRTS-ERA5.monthly_Tmax.2013.05.tif,CHIRTS_ERA5_TMAX,TMAX,2013,5,,VALIDATED_LOCAL,EPSG:4326,7200,2600,"(0.050000000745, 0.0, -180.0, 0.0, -0.050000000745, 70.0, 0.0, 0.0, 1.0)",,float32
https://data.chc.ucsb.edu/experimental/CHIRTS-ERA5/tmax/tifs/monthly/CHIRTS-ERA5.monthly_Tmax.2013.06.tif,LOCAL,,,fe9cfd912f63869171a92dd624ee5225e57fe343ae6461da6d122610f303ff3b,data\raw\climate\chirts_era5\tmax\monthly\CHIRTS-ERA5.monthly_Tmax.2013.06.tif,CHIRTS_ERA5_TMAX,TMAX,2013,6,,VALIDATED_LOCAL,EPSG:4326,7200,2600,"(0.050000000745, 0.0, -180.0, 0.0, -0.050000000745, 70.0, 0.0, 0.0, 1.0)",,float32
https://data.chc.ucsb.edu/experimental/CHIRTS-ERA5/tmax/tifs/monthly/CHIRTS-ERA5.monthly_Tmax.2013.07.tif,LOCAL,,,47e927b7fd1307b53a1c47d53e6d079838eaaa91e8db7d309dc3d50ba48f7f4c,data\raw\climate\chirts_era5\tmax\monthly\CHIRTS-ERA5.monthly_Tmax.2013.07.tif,CHIRTS_ERA5_TMAX,TMAX,2013,7,,VALIDATED_LOCAL,EPSG:4326,7200,2600,"(0.050000000745, 0.0, -180.0, 0.0, -0.050000000745, 70.0, 0.0, 0.0, 1.0)",,float32
https://data.chc.ucsb.edu/experimental/CHIRTS-ERA5/tmax/tifs/monthly/CHIRTS-ERA5.monthly_Tmax.2013.08.tif,LOCAL,,,4a69893a0dd9811bc0889c44888c4aea7d0037795d4b05b78dcf515b966a634e,data\raw\climate\chirts_era5\tmax\monthly\CHIRTS-ERA5.monthly_Tmax.2013.08.tif,CHIRTS_ERA5_TMAX,TMAX,2013,8,,VALIDATED_LOCAL,EPSG:4326,7200,2600,"(0.050000000745, 0.0, -180.0, 0.0, -0.050000000745, 70.0, 0.0, 0.0, 1.0)",,float32
https://data.chc.ucsb.edu/experimental/CHIRTS-ERA5/tmax/tifs/monthly/CHIRTS-ERA5.monthly_Tmax.2013.09.tif,LOCAL,,,c7ad3d2f91b2ef9575a36654e2aa7abea4e3b224bc7f95a9105d4d07b5a0705a,data\raw\climate\chirts_era5\tmax\monthly\CHIRTS-ERA5.monthly_Tmax.2013.09.tif,CHIRTS_ERA5_TMAX,TMAX,2013,9,,VALIDATED_LOCAL,EPSG:4326,7200,2600,"(0.050000000745, 0.0, -180.0, 0.0, -0.050000000745, 70.0, 0.0, 0.0, 1.0)",,float32
https://data.chc.ucsb.edu/experimental/CHIRTS-ERA5/tmax/tifs/monthly/CHIRTS-ERA5.monthly_Tmax.2013.10.tif,LOCAL,,,511bd26fc1f29a27535ff969bc0052797d78942a5a923f82ac4d2cf641aeada3,data\raw\climate\chirts_era5\tmax\monthly\CHIRTS-ERA5.monthly_Tmax.2013.10.tif,CHIRTS_ERA5_TMAX,TMAX,2013,10,,VALIDATED_LOCAL,EPSG:4326,7200,2600,"(0.050000000745, 0.0, -180.0, 0.0, -0.050000000745, 70.0, 0.0, 0.0, 1.0)",,float32
https://data.chc.ucsb.edu/experimental/CHIRTS-ERA5/tmax/tifs/monthly/CHIRTS-ERA5.monthly_Tmax.2013.11.tif,LOCAL,,,9bfcc351c20f9b6dec08f5722b2b0e1a56018196d005b3cd92957f6dd39c1771,data\raw\climate\chirts_era5\tmax\monthly\CHIRTS-ERA5.monthly_Tmax.2013.11.tif,CHIRTS_ERA5_TMAX,TMAX,2013,11,,VALIDATED_LOCAL,EPSG:4326,7200,2600,"(0.050000000745, 0.0, -180.0, 0.0, -0.050000000745, 70.0, 0.0, 0.0, 1.0)",,float32
https://data.chc.ucsb.edu/experimental/CHIRTS-ERA5/tmax/tifs/monthly/CHIRTS-ERA5.monthly_Tmax.2013.12.tif,LOCAL,,,4bd64f6f34a416aa6816d021891f2f78bb8f9bd1422a03be28af02e6c0fa9eb3,data\raw\climate\chirts_era5\tmax\monthly\CHIRTS-ERA5.monthly_Tmax.2013.12.tif,CHIRTS_ERA5_TMAX,TMAX,2013,12,,VALIDATED_LOCAL,EPSG:4326,7200,2600,"(0.050000000745, 0.0, -180.0, 0.0, -0.050000000745, 70.0, 0.0, 0.0, 1.0)",,float32
https://data.chc.ucsb.edu/experimental/CHIRTS-ERA5/tmax/tifs/monthly/CHIRTS-ERA5.monthly_Tmax.2014.01.tif,LOCAL,,,07dd49d2928d035fbe2b52eeda47479627a519b48605db84195b59731552acd5,data\raw\climate\chirts_era5\tmax\monthly\CHIRTS-ERA5.monthly_Tmax.2014.01.tif,CHIRTS_ERA5_TMAX,TMAX,2014,1,,VALIDATED_LOCAL,EPSG:4326,7200,2600,"(0.050000000745, 0.0, -180.0, 0.0, -0.050000000745, 70.0, 0.0, 0.0, 1.0)",,float32
https://data.chc.ucsb.edu/experimental/CHIRTS-ERA5/tmax/tifs/monthly/CHIRTS-ERA5.monthly_Tmax.2014.02.tif,LOCAL,,,c8a3ad3273216c35c3f66fe9976b41c034877c4af7c44610907633276ca49de4,data\raw\climate\chirts_era5\tmax\monthly\CHIRTS-ERA5.monthly_Tmax.2014.02.tif,CHIRTS_ERA5_TMAX,TMAX,2014,2,,VALIDATED_LOCAL,EPSG:4326,7200,2600,"(0.050000000745, 0.0, -180.0, 0.0, -0.050000000745, 70.0, 0.0, 0.0, 1.0)",,float32
https://data.chc.ucsb.edu/experimental/CHIRTS-ERA5/tmax/tifs/monthly/CHIRTS-ERA5.monthly_Tmax.2014.03.tif,LOCAL,,,3af7ec02bea36f7f3ca85cc561c8eef5d30be3d2dfe3b19bc32e98fdff9a99df,data\raw\climate\chirts_era5\tmax\monthly\CHIRTS-ERA5.monthly_Tmax.2014.03.tif,CHIRTS_ERA5_TMAX,TMAX,2014,3,,VALIDATED_LOCAL,EPSG:4326,7200,2600,"(0.050000000745, 0.0, -180.0, 0.0, -0.050000000745, 70.0, 0.0, 0.0, 1.0)",,float32
https://data.chc.ucsb.edu/experimental/CHIRTS-ERA5/tmax/tifs/monthly/CHIRTS-ERA5.monthly_Tmax.2014.04.tif,LOCAL,,,9a27f75a5cf414a84c2dea2d476dbf0c72982d04ae12d415fac2ecf9d76e4ed1,data\raw\climate\chirts_era5\tmax\monthly\CHIRTS-ERA5.monthly_Tmax.2014.04.tif,CHIRTS_ERA5_TMAX,TMAX,2014,4,,VALIDATED_LOCAL,EPSG:4326,7200,2600,"(0.050000000745, 0.0, -180.0, 0.0, -0.050000000745, 70.0, 0.0, 0.0, 1.0)",,float32
https://data.chc.ucsb.edu/experimental/CHIRTS-ERA5/tmax/tifs/monthly/CHIRTS-ERA5.monthly_Tmax.2014.05.tif,LOCAL,,,109c948131a949210cff777951addf879c47482ef5e64488b2ed9496bc102e6d,data\raw\climate\chirts_era5\tmax\monthly\CHIRTS-ERA5.monthly_Tmax.2014.05.tif,CHIRTS_ERA5_TMAX,TMAX,2014,5,,VALIDATED_LOCAL,EPSG:4326,7200,2600,"(0.050000000745, 0.0, -180.0, 0.0, -0.050000000745, 70.0, 0.0, 0.0, 1.0)",,float32
https://data.chc.ucsb.edu/experimental/CHIRTS-ERA5/tmax/tifs/monthly/CHIRTS-ERA5.monthly_Tmax.2014.06.tif,LOCAL,,,81357b36d4904ab22e1df53c80159f1b9cba3c3d4e5ec1f1b6d119b253be5806,data\raw\climate\chirts_era5\tmax\monthly\CHIRTS-ERA5.monthly_Tmax.2014.06.tif,CHIRTS_ERA5_TMAX,TMAX,2014,6,,VALIDATED_LOCAL,EPSG:4326,7200,2600,"(0.050000000745, 0.0, -180.0, 0.0, -0.050000000745, 70.0, 0.0, 0.0, 1.0)",,float32
https://data.chc.ucsb.edu/experimental/CHIRTS-ERA5/tmax/tifs/monthly/CHIRTS-ERA5.monthly_Tmax.2014.07.tif,LOCAL,,,b37573dd9b9dc4c07d4255020452ea6bf63eb2a66f078174523f6fedf0ba9c81,data\raw\climate\chirts_era5\tmax\monthly\CHIRTS-ERA5.monthly_Tmax.2014.07.tif,CHIRTS_ERA5_TMAX,TMAX,2014,7,,VALIDATED_LOCAL,EPSG:4326,7200,2600,"(0.050000000745, 0.0, -180.0, 0.0, -0.050000000745, 70.0, 0.0, 0.0, 1.0)",,float32
https://data.chc.ucsb.edu/experimental/CHIRTS-ERA5/tmax/tifs/monthly/CHIRTS-ERA5.monthly_Tmax.2014.08.tif,LOCAL,,,c57b14b01ff6ff9c8931cb2d27fd2323c525eabb8e2d9bd6e35c438b47ecd3aa,data\raw\climate\chirts_era5\tmax\monthly\CHIRTS-ERA5.monthly_Tmax.2014.08.tif,CHIRTS_ERA5_TMAX,TMAX,2014,8,,VALIDATED_LOCAL,EPSG:4326,7200,2600,"(0.050000000745, 0.0, -180.0, 0.0, -0.050000000745, 70.0, 0.0, 0.0, 1.0)",,float32
https://data.chc.ucsb.edu/experimental/CHIRTS-ERA5/tmax/tifs/monthly/CHIRTS-ERA5.monthly_Tmax.2014.09.tif,LOCAL,,,3da1919479b9c6c15e4e6528a4e7d54c5dfa845be563afb79e4711dde6429e01,data\raw\climate\chirts_era5\tmax\monthly\CHIRTS-ERA5.monthly_Tmax.2014.09.tif,CHIRTS_ERA5_TMAX,TMAX,2014,9,,VALIDATED_LOCAL,EPSG:4326,7200,2600,"(0.050000000745, 0.0, -180.0, 0.0, -0.050000000745, 70.0, 0.0, 0.0, 1.0)",,float32
https://data.chc.ucsb.edu/experimental/CHIRTS-ERA5/tmax/tifs/monthly/CHIRTS-ERA5.monthly_Tmax.2014.10.tif,LOCAL,,,530422a0eec07bb2e073ac293c7b9d40a946a4d053a023d9d2ba4fd152f1983d,data\raw\climate\chirts_era5\tmax\monthly\CHIRTS-ERA5.monthly_Tmax.2014.10.tif,CHIRTS_ERA5_TMAX,TMAX,2014,10,,VALIDATED_LOCAL,EPSG:4326,7200,2600,"(0.050000000745, 0.0, -180.0, 0.0, -0.050000000745, 70.0, 0.0, 0.0, 1.0)",,float32
https://data.chc.ucsb.edu/experimental/CHIRTS-ERA5/tmax/tifs/monthly/CHIRTS-ERA5.monthly_Tmax.2014.11.tif,LOCAL,,,4dd27aa853de6514f7748b43cacfb237a341adc35fe419f41d08121bdd031687,data\raw\climate\chirts_era5\tmax\monthly\CHIRTS-ERA5.monthly_Tmax.2014.11.tif,CHIRTS_ERA5_TMAX,TMAX,2014,11,,VALIDATED_LOCAL,EPSG:4326,7200,2600,"(0.050000000745, 0.0, -180.0, 0.0, -0.050000000745, 70.0, 0.0, 0.0, 1.0)",,float32
https://data.chc.ucsb.edu/experimental/CHIRTS-ERA5/tmax/tifs/monthly/CHIRTS-ERA5.monthly_Tmax.2014.12.tif,LOCAL,,,ae070de96f1c41cb0766aed1ddfcb5c061fc0356b7e8e8d0089c22345ff1b879,data\raw\climate\chirts_era5\tmax\monthly\CHIRTS-ERA5.monthly_Tmax.2014.12.tif,CHIRTS_ERA5_TMAX,TMAX,2014,12,,VALIDATED_LOCAL,EPSG:4326,7200,2600,"(0.050000000745, 0.0, -180.0, 0.0, -0.050000000745, 70.0, 0.0, 0.0, 1.0)",,float32
https://data.chc.ucsb.edu/experimental/CHIRTS-ERA5/tmax/tifs/monthly/CHIRTS-ERA5.monthly_Tmax.2015.01.tif,LOCAL,,,0b8e54b81ece34b6d661e0644dc6071f7efb444514ddf4cc2b0bc0cf688237e9,data\raw\climate\chirts_era5\tmax\monthly\CHIRTS-ERA5.monthly_Tmax.2015.01.tif,CHIRTS_ERA5_TMAX,TMAX,2015,1,,VALIDATED_LOCAL,EPSG:4326,7200,2600,"(0.050000000745, 0.0, -180.0, 0.0, -0.050000000745, 70.0, 0.0, 0.0, 1.0)",,float32
https://data.chc.ucsb.edu/experimental/CHIRTS-ERA5/tmax/tifs/monthly/CHIRTS-ERA5.monthly_Tmax.2015.02.tif,LOCAL,,,08114e52870f0d4b835103a9a277633b87d5561804b67f39bdfa33b7abf5349b,data\raw\climate\chirts_era5\tmax\monthly\CHIRTS-ERA5.monthly_Tmax.2015.02.tif,CHIRTS_ERA5_TMAX,TMAX,2015,2,,VALIDATED_LOCAL,EPSG:4326,7200,2600,"(0.050000000745, 0.0, -180.0, 0.0, -0.050000000745, 70.0, 0.0, 0.0, 1.0)",,float32
https://data.chc.ucsb.edu/experimental/CHIRTS-ERA5/tmax/tifs/monthly/CHIRTS-ERA5.monthly_Tmax.2015.03.tif,LOCAL,,,75bce54e50d4ca0b1c0168d0128cf617b2e1313f8eadd50d22ad3e4f2c17838a,data\raw\climate\chirts_era5\tmax\monthly\CHIRTS-ERA5.monthly_Tmax.2015.03.tif,CHIRTS_ERA5_TMAX,TMAX,2015,3,,VALIDATED_LOCAL,EPSG:4326,7200,2600,"(0.050000000745, 0.0, -180.0, 0.0, -0.050000000745, 70.0, 0.0, 0.0, 1.0)",,float32
https://data.chc.ucsb.edu/experimental/CHIRTS-ERA5/tmax/tifs/monthly/CHIRTS-ERA5.monthly_Tmax.2015.04.tif,LOCAL,,,9960e67cdb4cfbc64708329a9f47dc173e268a1e78c960699b167a0feb7fa6b4,data\raw\climate\chirts_era5\tmax\monthly\CHIRTS-ERA5.monthly_Tmax.2015.04.tif,CHIRTS_ERA5_TMAX,TMAX,2015,4,,VALIDATED_LOCAL,EPSG:4326,7200,2600,"(0.050000000745, 0.0, -180.0, 0.0, -0.050000000745, 70.0, 0.0, 0.0, 1.0)",,float32
https://data.chc.ucsb.edu/experimental/CHIRTS-ERA5/tmax/tifs/monthly/CHIRTS-ERA5.monthly_Tmax.2015.05.tif,LOCAL,,,9b852f51c34c8f78665e6ff9d84d471a726a93d8cc0aad40e3b6be5ab3cb72da,data\raw\climate\chirts_era5\tmax\monthly\CHIRTS-ERA5.monthly_Tmax.2015.05.tif,CHIRTS_ERA5_TMAX,TMAX,2015,5,,VALIDATED_LOCAL,EPSG:4326,7200,2600,"(0.050000000745, 0.0, -180.0, 0.0, -0.050000000745, 70.0, 0.0, 0.0, 1.0)",,float32
https://data.chc.ucsb.edu/experimental/CHIRTS-ERA5/tmax/tifs/monthly/CHIRTS-ERA5.monthly_Tmax.2015.06.tif,LOCAL,,,bda91d0339a07aeae98302e2d3cd62a78c00cbeb26db39b3390b9abf3654ec18,data\raw\climate\chirts_era5\tmax\monthly\CHIRTS-ERA5.monthly_Tmax.2015.06.tif,CHIRTS_ERA5_TMAX,TMAX,2015,6,,VALIDATED_LOCAL,EPSG:4326,7200,2600,"(0.050000000745, 0.0, -180.0, 0.0, -0.050000000745, 70.0, 0.0, 0.0, 1.0)",,float32
https://data.chc.ucsb.edu/experimental/CHIRTS-ERA5/tmax/tifs/monthly/CHIRTS-ERA5.monthly_Tmax.2015.07.tif,LOCAL,,,d8acc563b1cfc3d698c7486a8bfdcfb4290efbd23a73a71261b05d58bef4093c,data\raw\climate\chirts_era5\tmax\monthly\CHIRTS-ERA5.monthly_Tmax.2015.07.tif,CHIRTS_ERA5_TMAX,TMAX,2015,7,,VALIDATED_LOCAL,EPSG:4326,7200,2600,"(0.050000000745, 0.0, -180.0, 0.0, -0.050000000745, 70.0, 0.0, 0.0, 1.0)",,float32
https://data.chc.ucsb.edu/experimental/CHIRTS-ERA5/tmax/tifs/monthly/CHIRTS-ERA5.monthly_Tmax.2015.08.tif,LOCAL,,,b2e3fef342a91da897328fc7a75dd9c41827bd82778747095a364017734ad421,data\raw\climate\chirts_era5\tmax\monthly\CHIRTS-ERA5.monthly_Tmax.2015.08.tif,CHIRTS_ERA5_TMAX,TMAX,2015,8,,VALIDATED_LOCAL,EPSG:4326,7200,2600,"(0.050000000745, 0.0, -180.0, 0.0, -0.050000000745, 70.0, 0.0, 0.0, 1.0)",,float32
https://data.chc.ucsb.edu/experimental/CHIRTS-ERA5/tmax/tifs/monthly/CHIRTS-ERA5.monthly_Tmax.2015.09.tif,LOCAL,,,f61be6e22197836755a1d475e21cf637969ee7e84ef343fcc7f32ba86e6a3fa4,data\raw\climate\chirts_era5\tmax\monthly\CHIRTS-ERA5.monthly_Tmax.2015.09.tif,CHIRTS_ERA5_TMAX,TMAX,2015,9,,VALIDATED_LOCAL,EPSG:4326,7200,2600,"(0.050000000745, 0.0, -180.0, 0.0, -0.050000000745, 70.0, 0.0, 0.0, 1.0)",,float32
https://data.chc.ucsb.edu/experimental/CHIRTS-ERA5/tmax/tifs/monthly/CHIRTS-ERA5.monthly_Tmax.2015.10.tif,LOCAL,,,ea6231b4b355a2545b0f6803d6e0e43fbb252d243d3272bbe6f9a4c9be9e4648,data\raw\climate\chirts_era5\tmax\monthly\CHIRTS-ERA5.monthly_Tmax.2015.10.tif,CHIRTS_ERA5_TMAX,TMAX,2015,10,,VALIDATED_LOCAL,EPSG:4326,7200,2600,"(0.050000000745, 0.0, -180.0, 0.0, -0.050000000745, 70.0, 0.0, 0.0, 1.0)",,float32
https://data.chc.ucsb.edu/experimental/CHIRTS-ERA5/tmax/tifs/monthly/CHIRTS-ERA5.monthly_Tmax.2015.11.tif,LOCAL,,,285d69acc6b85c29151c1f54d6ba4f070b060d24469209fe338c0dcaa1b70d07,data\raw\climate\chirts_era5\tmax\monthly\CHIRTS-ERA5.monthly_Tmax.2015.11.tif,CHIRTS_ERA5_TMAX,TMAX,2015,11,,VALIDATED_LOCAL,EPSG:4326,7200,2600,"(0.050000000745, 0.0, -180.0, 0.0, -0.050000000745, 70.0, 0.0, 0.0, 1.0)",,float32
https://data.chc.ucsb.edu/experimental/CHIRTS-ERA5/tmax/tifs/monthly/CHIRTS-ERA5.monthly_Tmax.2015.12.tif,LOCAL,,,901b9b8a4616bf6a41df9e25bbefe82a64ea35b775359eeab96d1bd084df4cb3,data\raw\climate\chirts_era5\tmax\monthly\CHIRTS-ERA5.monthly_Tmax.2015.12.tif,CHIRTS_ERA5_TMAX,TMAX,2015,12,,VALIDATED_LOCAL,EPSG:4326,7200,2600,"(0.050000000745, 0.0, -180.0, 0.0, -0.050000000745, 70.0, 0.0, 0.0, 1.0)",,float32
https://data.chc.ucsb.edu/experimental/CHIRTS-ERA5/tmax/tifs/monthly/CHIRTS-ERA5.monthly_Tmax.2016.01.tif,LOCAL,,,6dcf3dd119e000b8ed5722ca566bb22d3ff22096a487912153c7e5e7e0f39cd6,data\raw\climate\chirts_era5\tmax\monthly\CHIRTS-ERA5.monthly_Tmax.2016.01.tif,CHIRTS_ERA5_TMAX,TMAX,2016,1,,VALIDATED_LOCAL,EPSG:4326,7200,2600,"(0.050000000745, 0.0, -180.0, 0.0, -0.050000000745, 70.0, 0.0, 0.0, 1.0)",,float32
https://data.chc.ucsb.edu/experimental/CHIRTS-ERA5/tmax/tifs/monthly/CHIRTS-ERA5.monthly_Tmax.2016.02.tif,LOCAL,,,4f958e8dd3787cd5ebda2c90c5ebe16b880ac0da7c16528f246167992ced0b5f,data\raw\climate\chirts_era5\tmax\monthly\CHIRTS-ERA5.monthly_Tmax.2016.02.tif,CHIRTS_ERA5_TMAX,TMAX,2016,2,,VALIDATED_LOCAL,EPSG:4326,7200,2600,"(0.050000000745, 0.0, -180.0, 0.0, -0.050000000745, 70.0, 0.0, 0.0, 1.0)",,float32
https://data.chc.ucsb.edu/experimental/CHIRTS-ERA5/tmax/tifs/monthly/CHIRTS-ERA5.monthly_Tmax.2016.03.tif,LOCAL,,,4e85e81a8424d44b7dbfba6f47571f9bbc550536cdb7d68072f584217d1d8293,data\raw\climate\chirts_era5\tmax\monthly\CHIRTS-ERA5.monthly_Tmax.2016.03.tif,CHIRTS_ERA5_TMAX,TMAX,2016,3,,VALIDATED_LOCAL,EPSG:4326,7200,2600,"(0.050000000745, 0.0, -180.0, 0.0, -0.050000000745, 70.0, 0.0, 0.0, 1.0)",,float32
https://data.chc.ucsb.edu/experimental/CHIRTS-ERA5/tmax/tifs/monthly/CHIRTS-ERA5.monthly_Tmax.2016.04.tif,LOCAL,,,302198d38ded2814c94552a8aed914b0378558285e196f93ba4fb84a60b1b3d8,data\raw\climate\chirts_era5\tmax\monthly\CHIRTS-ERA5.monthly_Tmax.2016.04.tif,CHIRTS_ERA5_TMAX,TMAX,2016,4,,VALIDATED_LOCAL,EPSG:4326,7200,2600,"(0.050000000745, 0.0, -180.0, 0.0, -0.050000000745, 70.0, 0.0, 0.0, 1.0)",,float32
https://data.chc.ucsb.edu/experimental/CHIRTS-ERA5/tmax/tifs/monthly/CHIRTS-ERA5.monthly_Tmax.2016.05.tif,LOCAL,,,e9602d1f271f2e6172c994620793b2aed505075b7396c8a42ff394a707db9d40,data\raw\climate\chirts_era5\tmax\monthly\CHIRTS-ERA5.monthly_Tmax.2016.05.tif,CHIRTS_ERA5_TMAX,TMAX,2016,5,,VALIDATED_LOCAL,EPSG:4326,7200,2600,"(0.050000000745, 0.0, -180.0, 0.0, -0.050000000745, 70.0, 0.0, 0.0, 1.0)",,float32
https://data.chc.ucsb.edu/experimental/CHIRTS-ERA5/tmax/tifs/monthly/CHIRTS-ERA5.monthly_Tmax.2016.06.tif,LOCAL,,,f44fbc89eb9ebd83f3eb2940283c5905eac850285aa7ae0a7bf098b8a06dd644,data\raw\climate\chirts_era5\tmax\monthly\CHIRTS-ERA5.monthly_Tmax.2016.06.tif,CHIRTS_ERA5_TMAX,TMAX,2016,6,,VALIDATED_LOCAL,EPSG:4326,7200,2600,"(0.050000000745, 0.0, -180.0, 0.0, -0.050000000745, 70.0, 0.0, 0.0, 1.0)",,float32
https://data.chc.ucsb.edu/experimental/CHIRTS-ERA5/tmax/tifs/monthly/CHIRTS-ERA5.monthly_Tmax.2016.07.tif,LOCAL,,,9d3898b6ceacd3a6b0c201838184f8e8aa7fd452db1a7bda8052e4920159f914,data\raw\climate\chirts_era5\tmax\monthly\CHIRTS-ERA5.monthly_Tmax.2016.07.tif,CHIRTS_ERA5_TMAX,TMAX,2016,7,,VALIDATED_LOCAL,EPSG:4326,7200,2600,"(0.050000000745, 0.0, -180.0, 0.0, -0.050000000745, 70.0, 0.0, 0.0, 1.0)",,float32
https://data.chc.ucsb.edu/experimental/CHIRTS-ERA5/tmax/tifs/monthly/CHIRTS-ERA5.monthly_Tmax.2016.08.tif,LOCAL,,,36776773bda014818aa44e71aeeec950b81159288b50285844572698c6229c40,data\raw\climate\chirts_era5\tmax\monthly\CHIRTS-ERA5.monthly_Tmax.2016.08.tif,CHIRTS_ERA5_TMAX,TMAX,2016,8,,VALIDATED_LOCAL,EPSG:4326,7200,2600,"(0.050000000745, 0.0, -180.0, 0.0, -0.050000000745, 70.0, 0.0, 0.0, 1.0)",,float32
https://data.chc.ucsb.edu/experimental/CHIRTS-ERA5/tmax/tifs/monthly/CHIRTS-ERA5.monthly_Tmax.2016.09.tif,LOCAL,,,7666235cf9d7212daffa65b1b067b9be0e9408184ef9949e17cc62bcea5d11f3,data\raw\climate\chirts_era5\tmax\monthly\CHIRTS-ERA5.monthly_Tmax.2016.09.tif,CHIRTS_ERA5_TMAX,TMAX,2016,9,,VALIDATED_LOCAL,EPSG:4326,7200,2600,"(0.050000000745, 0.0, -180.0, 0.0, -0.050000000745, 70.0, 0.0, 0.0, 1.0)",,float32
https://data.chc.ucsb.edu/experimental/CHIRTS-ERA5/tmax/tifs/monthly/CHIRTS-ERA5.monthly_Tmax.2016.10.tif,LOCAL,,,556428ce08711a5f0a47b2784e98370bd0a48a5f9f7f9a24afc25d3599a98019,data\raw\climate\chirts_era5\tmax\monthly\CHIRTS-ERA5.monthly_Tmax.2016.10.tif,CHIRTS_ERA5_TMAX,TMAX,2016,10,,VALIDATED_LOCAL,EPSG:4326,7200,2600,"(0.050000000745, 0.0, -180.0, 0.0, -0.050000000745, 70.0, 0.0, 0.0, 1.0)",,float32
https://data.chc.ucsb.edu/experimental/CHIRTS-ERA5/tmax/tifs/monthly/CHIRTS-ERA5.monthly_Tmax.2016.11.tif,LOCAL,,,7f1483e288d9963715928b5f3c2649ca28b08146b4499e1b5d537deb90ef6472,data\raw\climate\chirts_era5\tmax\monthly\CHIRTS-ERA5.monthly_Tmax.2016.11.tif,CHIRTS_ERA5_TMAX,TMAX,2016,11,,VALIDATED_LOCAL,EPSG:4326,7200,2600,"(0.050000000745, 0.0, -180.0, 0.0, -0.050000000745, 70.0, 0.0, 0.0, 1.0)",,float32
https://data.chc.ucsb.edu/experimental/CHIRTS-ERA5/tmax/tifs/monthly/CHIRTS-ERA5.monthly_Tmax.2016.12.tif,LOCAL,,,6758cc080bd9040e33c60f7c48ea019b0c11e4dd125fe9f7e1f86365eb284de6,data\raw\climate\chirts_era5\tmax\monthly\CHIRTS-ERA5.monthly_Tmax.2016.12.tif,CHIRTS_ERA5_TMAX,TMAX,2016,12,,VALIDATED_LOCAL,EPSG:4326,7200,2600,"(0.050000000745, 0.0, -180.0, 0.0, -0.050000000745, 70.0, 0.0, 0.0, 1.0)",,float32
https://data.chc.ucsb.edu/experimental/CHIRTS-ERA5/tmax/tifs/monthly/CHIRTS-ERA5.monthly_Tmax.2017.01.tif,LOCAL,,,b756fa06bcf037b6b4b4492daf22cc85763d0b340c74549f335cd4f2724d87a2,data\raw\climate\chirts_era5\tmax\monthly\CHIRTS-ERA5.monthly_Tmax.2017.01.tif,CHIRTS_ERA5_TMAX,TMAX,2017,1,,VALIDATED_LOCAL,EPSG:4326,7200,2600,"(0.050000000745, 0.0, -180.0, 0.0, -0.050000000745, 70.0, 0.0, 0.0, 1.0)",,float32
https://data.chc.ucsb.edu/experimental/CHIRTS-ERA5/tmax/tifs/monthly/CHIRTS-ERA5.monthly_Tmax.2017.02.tif,LOCAL,,,6776012c5b7ba696179efb98f061d20e9f9bf98884ab80f6d60b109e031cdfac,data\raw\climate\chirts_era5\tmax\monthly\CHIRTS-ERA5.monthly_Tmax.2017.02.tif,CHIRTS_ERA5_TMAX,TMAX,2017,2,,VALIDATED_LOCAL,EPSG:4326,7200,2600,"(0.050000000745, 0.0, -180.0, 0.0, -0.050000000745, 70.0, 0.0, 0.0, 1.0)",,float32
https://data.chc.ucsb.edu/experimental/CHIRTS-ERA5/tmax/tifs/monthly/CHIRTS-ERA5.monthly_Tmax.2017.03.tif,LOCAL,,,c74691ca72234d05022470b84798a954ebbdf652a5423ca7d0631960dd7abd9e,data\raw\climate\chirts_era5\tmax\monthly\CHIRTS-ERA5.monthly_Tmax.2017.03.tif,CHIRTS_ERA5_TMAX,TMAX,2017,3,,VALIDATED_LOCAL,EPSG:4326,7200,2600,"(0.050000000745, 0.0, -180.0, 0.0, -0.050000000745, 70.0, 0.0, 0.0, 1.0)",,float32
https://data.chc.ucsb.edu/experimental/CHIRTS-ERA5/tmax/tifs/monthly/CHIRTS-ERA5.monthly_Tmax.2017.04.tif,LOCAL,,,e1c166bbb108c7c0feb17795cf61112625fe1dd1c71f8ea75bf367707a1fa54d,data\raw\climate\chirts_era5\tmax\monthly\CHIRTS-ERA5.monthly_Tmax.2017.04.tif,CHIRTS_ERA5_TMAX,TMAX,2017,4,,VALIDATED_LOCAL,EPSG:4326,7200,2600,"(0.050000000745, 0.0, -180.0, 0.0, -0.050000000745, 70.0, 0.0, 0.0, 1.0)",,float32
https://data.chc.ucsb.edu/experimental/CHIRTS-ERA5/tmax/tifs/monthly/CHIRTS-ERA5.monthly_Tmax.2017.05.tif,LOCAL,,,fc57327b538678709a0c2494ecd6be139e887ac82e09e3ec45c5feb7594c8f96,data\raw\climate\chirts_era5\tmax\monthly\CHIRTS-ERA5.monthly_Tmax.2017.05.tif,CHIRTS_ERA5_TMAX,TMAX,2017,5,,VALIDATED_LOCAL,EPSG:4326,7200,2600,"(0.050000000745, 0.0, -180.0, 0.0, -0.050000000745, 70.0, 0.0, 0.0, 1.0)",,float32
https://data.chc.ucsb.edu/experimental/CHIRTS-ERA5/tmax/tifs/monthly/CHIRTS-ERA5.monthly_Tmax.2017.06.tif,LOCAL,,,1aa976d52893097a2013d4182165e89338b8301adaacfb39370e5a3476aee043,data\raw\climate\chirts_era5\tmax\monthly\CHIRTS-ERA5.monthly_Tmax.2017.06.tif,CHIRTS_ERA5_TMAX,TMAX,2017,6,,VALIDATED_LOCAL,EPSG:4326,7200,2600,"(0.050000000745, 0.0, -180.0, 0.0, -0.050000000745, 70.0, 0.0, 0.0, 1.0)",,float32
https://data.chc.ucsb.edu/experimental/CHIRTS-ERA5/tmax/tifs/monthly/CHIRTS-ERA5.monthly_Tmax.2017.07.tif,LOCAL,,,21096ee8c2ea3eb00598a18523ac05d82e41c4feb76a7b217b61286e91e41afd,data\raw\climate\chirts_era5\tmax\monthly\CHIRTS-ERA5.monthly_Tmax.2017.07.tif,CHIRTS_ERA5_TMAX,TMAX,2017,7,,VALIDATED_LOCAL,EPSG:4326,7200,2600,"(0.050000000745, 0.0, -180.0, 0.0, -0.050000000745, 70.0, 0.0, 0.0, 1.0)",,float32
https://data.chc.ucsb.edu/experimental/CHIRTS-ERA5/tmax/tifs/monthly/CHIRTS-ERA5.monthly_Tmax.2017.08.tif,LOCAL,,,02b0423809602d4640a0d149cf036f9876203e15efdaba39ca743888b81971b7,data\raw\climate\chirts_era5\tmax\monthly\CHIRTS-ERA5.monthly_Tmax.2017.08.tif,CHIRTS_ERA5_TMAX,TMAX,2017,8,,VALIDATED_LOCAL,EPSG:4326,7200,2600,"(0.050000000745, 0.0, -180.0, 0.0, -0.050000000745, 70.0, 0.0, 0.0, 1.0)",,float32
https://data.chc.ucsb.edu/experimental/CHIRTS-ERA5/tmax/tifs/monthly/CHIRTS-ERA5.monthly_Tmax.2017.09.tif,LOCAL,,,8fe50e980d9a16c480f3f9c5e27595f7bed3dcef5fd0f702a09ad0a557892233,data\raw\climate\chirts_era5\tmax\monthly\CHIRTS-ERA5.monthly_Tmax.2017.09.tif,CHIRTS_ERA5_TMAX,TMAX,2017,9,,VALIDATED_LOCAL,EPSG:4326,7200,2600,"(0.050000000745, 0.0, -180.0, 0.0, -0.050000000745, 70.0, 0.0, 0.0, 1.0)",,float32
https://data.chc.ucsb.edu/experimental/CHIRTS-ERA5/tmax/tifs/monthly/CHIRTS-ERA5.monthly_Tmax.2017.10.tif,LOCAL,,,68154be9409289cb9a60de1a731d9969a59322e2ef0bf9a07998abb98f4bd7dd,data\raw\climate\chirts_era5\tmax\monthly\CHIRTS-ERA5.monthly_Tmax.2017.10.tif,CHIRTS_ERA5_TMAX,TMAX,2017,10,,VALIDATED_LOCAL,EPSG:4326,7200,2600,"(0.050000000745, 0.0, -180.0, 0.0, -0.050000000745, 70.0, 0.0, 0.0, 1.0)",,float32
https://data.chc.ucsb.edu/experimental/CHIRTS-ERA5/tmax/tifs/monthly/CHIRTS-ERA5.monthly_Tmax.2017.11.tif,LOCAL,,,1f1d20272824ae44ac4a3658668345246a2a2d68f684bfa26a22d7a92fa3a3c0,data\raw\climate\chirts_era5\tmax\monthly\CHIRTS-ERA5.monthly_Tmax.2017.11.tif,CHIRTS_ERA5_TMAX,TMAX,2017,11,,VALIDATED_LOCAL,EPSG:4326,7200,2600,"(0.050000000745, 0.0, -180.0, 0.0, -0.050000000745, 70.0, 0.0, 0.0, 1.0)",,float32
https://data.chc.ucsb.edu/experimental/CHIRTS-ERA5/tmax/tifs/monthly/CHIRTS-ERA5.monthly_Tmax.2017.12.tif,LOCAL,,,d3bcd658c8e0d4bc8ba26a40a03d7767a8a84765b77d9c3dd029bbcb3be21f94,data\raw\climate\chirts_era5\tmax\monthly\CHIRTS-ERA5.monthly_Tmax.2017.12.tif,CHIRTS_ERA5_TMAX,TMAX,2017,12,,VALIDATED_LOCAL,EPSG:4326,7200,2600,"(0.050000000745, 0.0, -180.0, 0.0, -0.050000000745, 70.0, 0.0, 0.0, 1.0)",,float32
https://data.chc.ucsb.edu/experimental/CHIRTS-ERA5/tmax/tifs/monthly/CHIRTS-ERA5.monthly_Tmax.2018.01.tif,LOCAL,,,59f9e389d430a225a7a1831efc3626469dea01c1c996a6b430ca123b082d173e,data\raw\climate\chirts_era5\tmax\monthly\CHIRTS-ERA5.monthly_Tmax.2018.01.tif,CHIRTS_ERA5_TMAX,TMAX,2018,1,,VALIDATED_LOCAL,EPSG:4326,7200,2600,"(0.050000000745, 0.0, -180.0, 0.0, -0.050000000745, 70.0, 0.0, 0.0, 1.0)",,float32
https://data.chc.ucsb.edu/experimental/CHIRTS-ERA5/tmax/tifs/monthly/CHIRTS-ERA5.monthly_Tmax.2018.02.tif,LOCAL,,,23d77081110a4d9eefd06ef5832e364644f0b1828e33c41f9f92263722089ecd,data\raw\climate\chirts_era5\tmax\monthly\CHIRTS-ERA5.monthly_Tmax.2018.02.tif,CHIRTS_ERA5_TMAX,TMAX,2018,2,,VALIDATED_LOCAL,EPSG:4326,7200,2600,"(0.050000000745, 0.0, -180.0, 0.0, -0.050000000745, 70.0, 0.0, 0.0, 1.0)",,float32
https://data.chc.ucsb.edu/experimental/CHIRTS-ERA5/tmax/tifs/monthly/CHIRTS-ERA5.monthly_Tmax.2018.03.tif,LOCAL,,,759a1df853dadde37272b6d70790c8f2dcd2867a8e5c04b728f1e872927fa5aa,data\raw\climate\chirts_era5\tmax\monthly\CHIRTS-ERA5.monthly_Tmax.2018.03.tif,CHIRTS_ERA5_TMAX,TMAX,2018,3,,VALIDATED_LOCAL,EPSG:4326,7200,2600,"(0.050000000745, 0.0, -180.0, 0.0, -0.050000000745, 70.0, 0.0, 0.0, 1.0)",,float32
https://data.chc.ucsb.edu/experimental/CHIRTS-ERA5/tmax/tifs/monthly/CHIRTS-ERA5.monthly_Tmax.2018.04.tif,LOCAL,,,8586672db8e2c1f482b2b76d0dedf01bcfba3b2a9fb84f4674e2102580d38ea7,data\raw\climate\chirts_era5\tmax\monthly\CHIRTS-ERA5.monthly_Tmax.2018.04.tif,CHIRTS_ERA5_TMAX,TMAX,2018,4,,VALIDATED_LOCAL,EPSG:4326,7200,2600,"(0.050000000745, 0.0, -180.0, 0.0, -0.050000000745, 70.0, 0.0, 0.0, 1.0)",,float32
https://data.chc.ucsb.edu/experimental/CHIRTS-ERA5/tmax/tifs/monthly/CHIRTS-ERA5.monthly_Tmax.2018.05.tif,LOCAL,,,38a19fe33973828efca7c71bfbe079d2bd722f1638524537062084a5b70d25e1,data\raw\climate\chirts_era5\tmax\monthly\CHIRTS-ERA5.monthly_Tmax.2018.05.tif,CHIRTS_ERA5_TMAX,TMAX,2018,5,,VALIDATED_LOCAL,EPSG:4326,7200,2600,"(0.050000000745, 0.0, -180.0, 0.0, -0.050000000745, 70.0, 0.0, 0.0, 1.0)",,float32
https://data.chc.ucsb.edu/experimental/CHIRTS-ERA5/tmax/tifs/monthly/CHIRTS-ERA5.monthly_Tmax.2018.06.tif,LOCAL,,,9821f8b4a59d7931df9b5049ff246e2d165ef3f62f5ae0e7c03d1ed60e1cf336,data\raw\climate\chirts_era5\tmax\monthly\CHIRTS-ERA5.monthly_Tmax.2018.06.tif,CHIRTS_ERA5_TMAX,TMAX,2018,6,,VALIDATED_LOCAL,EPSG:4326,7200,2600,"(0.050000000745, 0.0, -180.0, 0.0, -0.050000000745, 70.0, 0.0, 0.0, 1.0)",,float32
https://data.chc.ucsb.edu/experimental/CHIRTS-ERA5/tmax/tifs/monthly/CHIRTS-ERA5.monthly_Tmax.2018.07.tif,LOCAL,,,c271f60ae75d8ee88aae61856acf5feea8271d9da15b1e399ef3f2d2e49a20fd,data\raw\climate\chirts_era5\tmax\monthly\CHIRTS-ERA5.monthly_Tmax.2018.07.tif,CHIRTS_ERA5_TMAX,TMAX,2018,7,,VALIDATED_LOCAL,EPSG:4326,7200,2600,"(0.050000000745, 0.0, -180.0, 0.0, -0.050000000745, 70.0, 0.0, 0.0, 1.0)",,float32
https://data.chc.ucsb.edu/experimental/CHIRTS-ERA5/tmax/tifs/monthly/CHIRTS-ERA5.monthly_Tmax.2018.08.tif,LOCAL,,,78081c2b20637a30ce9e5ad78fd42ade574136ee919102d738ff3182b0c68239,data\raw\climate\chirts_era5\tmax\monthly\CHIRTS-ERA5.monthly_Tmax.2018.08.tif,CHIRTS_ERA5_TMAX,TMAX,2018,8,,VALIDATED_LOCAL,EPSG:4326,7200,2600,"(0.050000000745, 0.0, -180.0, 0.0, -0.050000000745, 70.0, 0.0, 0.0, 1.0)",,float32
https://data.chc.ucsb.edu/experimental/CHIRTS-ERA5/tmax/tifs/monthly/CHIRTS-ERA5.monthly_Tmax.2018.09.tif,LOCAL,,,78d46690da800e5a46db0ccda75dfb9c913d3669b929ae07ce3ff21fc4751abc,data\raw\climate\chirts_era5\tmax\monthly\CHIRTS-ERA5.monthly_Tmax.2018.09.tif,CHIRTS_ERA5_TMAX,TMAX,2018,9,,VALIDATED_LOCAL,EPSG:4326,7200,2600,"(0.050000000745, 0.0, -180.0, 0.0, -0.050000000745, 70.0, 0.0, 0.0, 1.0)",,float32
https://data.chc.ucsb.edu/experimental/CHIRTS-ERA5/tmax/tifs/monthly/CHIRTS-ERA5.monthly_Tmax.2018.10.tif,LOCAL,,,1fdcb2405c72cd3b68dd16d99f9e9fb015a7b9762fca0996c27e420461740e32,data\raw\climate\chirts_era5\tmax\monthly\CHIRTS-ERA5.monthly_Tmax.2018.10.tif,CHIRTS_ERA5_TMAX,TMAX,2018,10,,VALIDATED_LOCAL,EPSG:4326,7200,2600,"(0.050000000745, 0.0, -180.0, 0.0, -0.050000000745, 70.0, 0.0, 0.0, 1.0)",,float32
https://data.chc.ucsb.edu/experimental/CHIRTS-ERA5/tmax/tifs/monthly/CHIRTS-ERA5.monthly_Tmax.2018.11.tif,LOCAL,,,abdb9844f5d6478651bdd36cebba2924cff17bba185947a2f9033c0449199b41,data\raw\climate\chirts_era5\tmax\monthly\CHIRTS-ERA5.monthly_Tmax.2018.11.tif,CHIRTS_ERA5_TMAX,TMAX,2018,11,,VALIDATED_LOCAL,EPSG:4326,7200,2600,"(0.050000000745, 0.0, -180.0, 0.0, -0.050000000745, 70.0, 0.0, 0.0, 1.0)",,float32
https://data.chc.ucsb.edu/experimental/CHIRTS-ERA5/tmax/tifs/monthly/CHIRTS-ERA5.monthly_Tmax.2018.12.tif,LOCAL,,,78903cdb4ec2d978bd064a30338a0b526b665a76733f516ae93955ab16a41989,data\raw\climate\chirts_era5\tmax\monthly\CHIRTS-ERA5.monthly_Tmax.2018.12.tif,CHIRTS_ERA5_TMAX,TMAX,2018,12,,VALIDATED_LOCAL,EPSG:4326,7200,2600,"(0.050000000745, 0.0, -180.0, 0.0, -0.050000000745, 70.0, 0.0, 0.0, 1.0)",,float32
https://data.chc.ucsb.edu/experimental/CHIRTS-ERA5/tmax/tifs/monthly/CHIRTS-ERA5.monthly_Tmax.2019.01.tif,LOCAL,,,0af87a4f23f0642cf1400396cd822742d09789c30fc60770fc2082e579c7d4d0,data\raw\climate\chirts_era5\tmax\monthly\CHIRTS-ERA5.monthly_Tmax.2019.01.tif,CHIRTS_ERA5_TMAX,TMAX,2019,1,,VALIDATED_LOCAL,EPSG:4326,7200,2600,"(0.050000000745, 0.0, -180.0, 0.0, -0.050000000745, 70.0, 0.0, 0.0, 1.0)",,float32
https://data.chc.ucsb.edu/experimental/CHIRTS-ERA5/tmax/tifs/monthly/CHIRTS-ERA5.monthly_Tmax.2019.02.tif,LOCAL,,,478609b0e53113ffaf48e42d3870e748a78dcc3875f5d4b855c496a657ce1ce6,data\raw\climate\chirts_era5\tmax\monthly\CHIRTS-ERA5.monthly_Tmax.2019.02.tif,CHIRTS_ERA5_TMAX,TMAX,2019,2,,VALIDATED_LOCAL,EPSG:4326,7200,2600,"(0.050000000745, 0.0, -180.0, 0.0, -0.050000000745, 70.0, 0.0, 0.0, 1.0)",,float32
https://data.chc.ucsb.edu/experimental/CHIRTS-ERA5/tmax/tifs/monthly/CHIRTS-ERA5.monthly_Tmax.2019.03.tif,LOCAL,,,8469b4ed9f586818fd6dfedced900a673052e6a1fe6e992ad7447ef8245ff07d,data\raw\climate\chirts_era5\tmax\monthly\CHIRTS-ERA5.monthly_Tmax.2019.03.tif,CHIRTS_ERA5_TMAX,TMAX,2019,3,,VALIDATED_LOCAL,EPSG:4326,7200,2600,"(0.050000000745, 0.0, -180.0, 0.0, -0.050000000745, 70.0, 0.0, 0.0, 1.0)",,float32
https://data.chc.ucsb.edu/experimental/CHIRTS-ERA5/tmax/tifs/monthly/CHIRTS-ERA5.monthly_Tmax.2019.04.tif,LOCAL,,,ed7d3f67be007fba6917fe96d1506585b241bb8d7206c15f49f408477a969ab2,data\raw\climate\chirts_era5\tmax\monthly\CHIRTS-ERA5.monthly_Tmax.2019.04.tif,CHIRTS_ERA5_TMAX,TMAX,2019,4,,VALIDATED_LOCAL,EPSG:4326,7200,2600,"(0.050000000745, 0.0, -180.0, 0.0, -0.050000000745, 70.0, 0.0, 0.0, 1.0)",,float32
https://data.chc.ucsb.edu/experimental/CHIRTS-ERA5/tmax/tifs/monthly/CHIRTS-ERA5.monthly_Tmax.2019.05.tif,LOCAL,,,a1cd580ac49f38746c27609b18e1c9f3029acda93edbc16f1baa7f9228e0a059,data\raw\climate\chirts_era5\tmax\monthly\CHIRTS-ERA5.monthly_Tmax.2019.05.tif,CHIRTS_ERA5_TMAX,TMAX,2019,5,,VALIDATED_LOCAL,EPSG:4326,7200,2600,"(0.050000000745, 0.0, -180.0, 0.0, -0.050000000745, 70.0, 0.0, 0.0, 1.0)",,float32
https://data.chc.ucsb.edu/experimental/CHIRTS-ERA5/tmax/tifs/monthly/CHIRTS-ERA5.monthly_Tmax.2019.06.tif,LOCAL,,,a8598c02f8cb1f4452bc910c7a3cc2762ce2ae018f9683f8572ae033753c87ce,data\raw\climate\chirts_era5\tmax\monthly\CHIRTS-ERA5.monthly_Tmax.2019.06.tif,CHIRTS_ERA5_TMAX,TMAX,2019,6,,VALIDATED_LOCAL,EPSG:4326,7200,2600,"(0.050000000745, 0.0, -180.0, 0.0, -0.050000000745, 70.0, 0.0, 0.0, 1.0)",,float32
https://data.chc.ucsb.edu/experimental/CHIRTS-ERA5/tmax/tifs/monthly/CHIRTS-ERA5.monthly_Tmax.2019.07.tif,LOCAL,,,6275ca028c9320cad6405671eea5d5de5aa5e3125b9e86ee75821a59e33de436,data\raw\climate\chirts_era5\tmax\monthly\CHIRTS-ERA5.monthly_Tmax.2019.07.tif,CHIRTS_ERA5_TMAX,TMAX,2019,7,,VALIDATED_LOCAL,EPSG:4326,7200,2600,"(0.050000000745, 0.0, -180.0, 0.0, -0.050000000745, 70.0, 0.0, 0.0, 1.0)",,float32
https://data.chc.ucsb.edu/experimental/CHIRTS-ERA5/tmax/tifs/monthly/CHIRTS-ERA5.monthly_Tmax.2019.08.tif,LOCAL,,,ea24398f991836e55af178d5a36fb2bd78a2db9d1740e2e0ffd6c4b78b6f1435,data\raw\climate\chirts_era5\tmax\monthly\CHIRTS-ERA5.monthly_Tmax.2019.08.tif,CHIRTS_ERA5_TMAX,TMAX,2019,8,,VALIDATED_LOCAL,EPSG:4326,7200,2600,"(0.050000000745, 0.0, -180.0, 0.0, -0.050000000745, 70.0, 0.0, 0.0, 1.0)",,float32
https://data.chc.ucsb.edu/experimental/CHIRTS-ERA5/tmax/tifs/monthly/CHIRTS-ERA5.monthly_Tmax.2019.09.tif,LOCAL,,,c49a897b9cbb86f4895f8d74a0f8d663f68f75ded3e8f0ba342dc24e5fab1c29,data\raw\climate\chirts_era5\tmax\monthly\CHIRTS-ERA5.monthly_Tmax.2019.09.tif,CHIRTS_ERA5_TMAX,TMAX,2019,9,,VALIDATED_LOCAL,EPSG:4326,7200,2600,"(0.050000000745, 0.0, -180.0, 0.0, -0.050000000745, 70.0, 0.0, 0.0, 1.0)",,float32
https://data.chc.ucsb.edu/experimental/CHIRTS-ERA5/tmax/tifs/monthly/CHIRTS-ERA5.monthly_Tmax.2019.10.tif,LOCAL,,,758232c5b0fb2ad4387745af6e7803b99e8a97e7a6065a3ea7386d9a77bb93cc,data\raw\climate\chirts_era5\tmax\monthly\CHIRTS-ERA5.monthly_Tmax.2019.10.tif,CHIRTS_ERA5_TMAX,TMAX,2019,10,,VALIDATED_LOCAL,EPSG:4326,7200,2600,"(0.050000000745, 0.0, -180.0, 0.0, -0.050000000745, 70.0, 0.0, 0.0, 1.0)",,float32
https://data.chc.ucsb.edu/experimental/CHIRTS-ERA5/tmax/tifs/monthly/CHIRTS-ERA5.monthly_Tmax.2019.11.tif,LOCAL,,,ae4f715df6d615fbb245670a1feded4c101e39431414fe2ad578ae114d4ae8dd,data\raw\climate\chirts_era5\tmax\monthly\CHIRTS-ERA5.monthly_Tmax.2019.11.tif,CHIRTS_ERA5_TMAX,TMAX,2019,11,,VALIDATED_LOCAL,EPSG:4326,7200,2600,"(0.050000000745, 0.0, -180.0, 0.0, -0.050000000745, 70.0, 0.0, 0.0, 1.0)",,float32
https://data.chc.ucsb.edu/experimental/CHIRTS-ERA5/tmax/tifs/monthly/CHIRTS-ERA5.monthly_Tmax.2019.12.tif,LOCAL,,,36755ae9978b90178fbc3b2403b37dc7c382b0c13622fe926a3ad0438abf9407,data\raw\climate\chirts_era5\tmax\monthly\CHIRTS-ERA5.monthly_Tmax.2019.12.tif,CHIRTS_ERA5_TMAX,TMAX,2019,12,,VALIDATED_LOCAL,EPSG:4326,7200,2600,"(0.050000000745, 0.0, -180.0, 0.0, -0.050000000745, 70.0, 0.0, 0.0, 1.0)",,float32
https://data.chc.ucsb.edu/experimental/CHIRTS-ERA5/tmax/tifs/monthly/CHIRTS-ERA5.monthly_Tmax.2020.01.tif,LOCAL,,,24c788a0cad16b3c53e895314b684421d3050ad8fd6aca31e8472bda214e099a,data\raw\climate\chirts_era5\tmax\monthly\CHIRTS-ERA5.monthly_Tmax.2020.01.tif,CHIRTS_ERA5_TMAX,TMAX,2020,1,,VALIDATED_LOCAL,EPSG:4326,7200,2600,"(0.050000000745, 0.0, -180.0, 0.0, -0.050000000745, 70.0, 0.0, 0.0, 1.0)",,float32
https://data.chc.ucsb.edu/experimental/CHIRTS-ERA5/tmax/tifs/monthly/CHIRTS-ERA5.monthly_Tmax.2020.02.tif,LOCAL,,,4cb9668488bc86a89258e0e258c0671056d84dfa0cb3f0a44666e354544a427c,data\raw\climate\chirts_era5\tmax\monthly\CHIRTS-ERA5.monthly_Tmax.2020.02.tif,CHIRTS_ERA5_TMAX,TMAX,2020,2,,VALIDATED_LOCAL,EPSG:4326,7200,2600,"(0.050000000745, 0.0, -180.0, 0.0, -0.050000000745, 70.0, 0.0, 0.0, 1.0)",,float32
https://data.chc.ucsb.edu/experimental/CHIRTS-ERA5/tmax/tifs/monthly/CHIRTS-ERA5.monthly_Tmax.2020.03.tif,LOCAL,,,262abd347bf5ea56cb1bc1967eeb264603d62836198e2fab11cb9280b5c966e3,data\raw\climate\chirts_era5\tmax\monthly\CHIRTS-ERA5.monthly_Tmax.2020.03.tif,CHIRTS_ERA5_TMAX,TMAX,2020,3,,VALIDATED_LOCAL,EPSG:4326,7200,2600,"(0.050000000745, 0.0, -180.0, 0.0, -0.050000000745, 70.0, 0.0, 0.0, 1.0)",,float32
https://data.chc.ucsb.edu/experimental/CHIRTS-ERA5/tmax/tifs/monthly/CHIRTS-ERA5.monthly_Tmax.2020.04.tif,LOCAL,,,84a03a3a626bdbaaca20d82a3f7708005da33ae5d7ddd2a22cb22262871ba31f,data\raw\climate\chirts_era5\tmax\monthly\CHIRTS-ERA5.monthly_Tmax.2020.04.tif,CHIRTS_ERA5_TMAX,TMAX,2020,4,,VALIDATED_LOCAL,EPSG:4326,7200,2600,"(0.050000000745, 0.0, -180.0, 0.0, -0.050000000745, 70.0, 0.0, 0.0, 1.0)",,float32
https://data.chc.ucsb.edu/experimental/CHIRTS-ERA5/tmax/tifs/monthly/CHIRTS-ERA5.monthly_Tmax.2020.05.tif,LOCAL,,,2b1763054cfc4cfc987f53eb0c50ce6941f2e05e183b1bef530e653c3a7d3a0f,data\raw\climate\chirts_era5\tmax\monthly\CHIRTS-ERA5.monthly_Tmax.2020.05.tif,CHIRTS_ERA5_TMAX,TMAX,2020,5,,VALIDATED_LOCAL,EPSG:4326,7200,2600,"(0.050000000745, 0.0, -180.0, 0.0, -0.050000000745, 70.0, 0.0, 0.0, 1.0)",,float32
https://data.chc.ucsb.edu/experimental/CHIRTS-ERA5/tmax/tifs/monthly/CHIRTS-ERA5.monthly_Tmax.2020.06.tif,LOCAL,,,ab9ee701f9206d4bd24b8a827de12b8086552f31402942c841bf3fdfe78c4c58,data\raw\climate\chirts_era5\tmax\monthly\CHIRTS-ERA5.monthly_Tmax.2020.06.tif,CHIRTS_ERA5_TMAX,TMAX,2020,6,,VALIDATED_LOCAL,EPSG:4326,7200,2600,"(0.050000000745, 0.0, -180.0, 0.0, -0.050000000745, 70.0, 0.0, 0.0, 1.0)",,float32
https://data.chc.ucsb.edu/experimental/CHIRTS-ERA5/tmax/tifs/monthly/CHIRTS-ERA5.monthly_Tmax.2020.07.tif,LOCAL,,,178f511ca2159142cac832e8f4282336e86af5eb5daf0518ccf92b11697ee692,data\raw\climate\chirts_era5\tmax\monthly\CHIRTS-ERA5.monthly_Tmax.2020.07.tif,CHIRTS_ERA5_TMAX,TMAX,2020,7,,VALIDATED_LOCAL,EPSG:4326,7200,2600,"(0.050000000745, 0.0, -180.0, 0.0, -0.050000000745, 70.0, 0.0, 0.0, 1.0)",,float32
https://data.chc.ucsb.edu/experimental/CHIRTS-ERA5/tmax/tifs/monthly/CHIRTS-ERA5.monthly_Tmax.2020.08.tif,LOCAL,,,eb0ccff1dbc6a2d3b81aec4288945aa8a0d2f7b3f715b7776f0b13a17f784b29,data\raw\climate\chirts_era5\tmax\monthly\CHIRTS-ERA5.monthly_Tmax.2020.08.tif,CHIRTS_ERA5_TMAX,TMAX,2020,8,,VALIDATED_LOCAL,EPSG:4326,7200,2600,"(0.050000000745, 0.0, -180.0, 0.0, -0.050000000745, 70.0, 0.0, 0.0, 1.0)",,float32
https://data.chc.ucsb.edu/experimental/CHIRTS-ERA5/tmax/tifs/monthly/CHIRTS-ERA5.monthly_Tmax.2020.09.tif,LOCAL,,,7d55da1afd213765be60dcb4a4fcb12cc00be7a04ccb82f8bf778058d1036ee9,data\raw\climate\chirts_era5\tmax\monthly\CHIRTS-ERA5.monthly_Tmax.2020.09.tif,CHIRTS_ERA5_TMAX,TMAX,2020,9,,VALIDATED_LOCAL,EPSG:4326,7200,2600,"(0.050000000745, 0.0, -180.0, 0.0, -0.050000000745, 70.0, 0.0, 0.0, 1.0)",,float32
https://data.chc.ucsb.edu/experimental/CHIRTS-ERA5/tmax/tifs/monthly/CHIRTS-ERA5.monthly_Tmax.2020.10.tif,LOCAL,,,ba6925f10efe64ea0375c5c124d24b97cee34e7aec3cab522d9efc6160654907,data\raw\climate\chirts_era5\tmax\monthly\CHIRTS-ERA5.monthly_Tmax.2020.10.tif,CHIRTS_ERA5_TMAX,TMAX,2020,10,,VALIDATED_LOCAL,EPSG:4326,7200,2600,"(0.050000000745, 0.0, -180.0, 0.0, -0.050000000745, 70.0, 0.0, 0.0, 1.0)",,float32
https://data.chc.ucsb.edu/experimental/CHIRTS-ERA5/tmax/tifs/monthly/CHIRTS-ERA5.monthly_Tmax.2020.11.tif,LOCAL,,,d8f4aa86290bf37e61bc085def819be6703666fc1e4e818ef2842bfb86639f7e,data\raw\climate\chirts_era5\tmax\monthly\CHIRTS-ERA5.monthly_Tmax.2020.11.tif,CHIRTS_ERA5_TMAX,TMAX,2020,11,,VALIDATED_LOCAL,EPSG:4326,7200,2600,"(0.050000000745, 0.0, -180.0, 0.0, -0.050000000745, 70.0, 0.0, 0.0, 1.0)",,float32
https://data.chc.ucsb.edu/experimental/CHIRTS-ERA5/tmax/tifs/monthly/CHIRTS-ERA5.monthly_Tmax.2020.12.tif,LOCAL,,,4531dd6bc719601a46a7efa94a785e04b3afcb529ed0f83f38dc13ceb08f9afd,data\raw\climate\chirts_era5\tmax\monthly\CHIRTS-ERA5.monthly_Tmax.2020.12.tif,CHIRTS_ERA5_TMAX,TMAX,2020,12,,VALIDATED_LOCAL,EPSG:4326,7200,2600,"(0.050000000745, 0.0, -180.0, 0.0, -0.050000000745, 70.0, 0.0, 0.0, 1.0)",,float32
https://data.chc.ucsb.edu/experimental/CHIRTS-ERA5/tmax/tifs/monthly/CHIRTS-ERA5.monthly_Tmax.2021.01.tif,LOCAL,,,4afaffc52bcbc8e9998db5b7d3375a94a1e0705e17e60cd7e5ed33fa000d6ad1,data\raw\climate\chirts_era5\tmax\monthly\CHIRTS-ERA5.monthly_Tmax.2021.01.tif,CHIRTS_ERA5_TMAX,TMAX,2021,1,,VALIDATED_LOCAL,EPSG:4326,7200,2600,"(0.050000000745, 0.0, -180.0, 0.0, -0.050000000745, 70.0, 0.0, 0.0, 1.0)",,float32
https://data.chc.ucsb.edu/experimental/CHIRTS-ERA5/tmax/tifs/monthly/CHIRTS-ERA5.monthly_Tmax.2021.02.tif,LOCAL,,,ba60fd3eac47f6f9ee1ce6e653f3be23667c5a5290b1794bc397d8ffdf44a3b3,data\raw\climate\chirts_era5\tmax\monthly\CHIRTS-ERA5.monthly_Tmax.2021.02.tif,CHIRTS_ERA5_TMAX,TMAX,2021,2,,VALIDATED_LOCAL,EPSG:4326,7200,2600,"(0.050000000745, 0.0, -180.0, 0.0, -0.050000000745, 70.0, 0.0, 0.0, 1.0)",,float32
https://data.chc.ucsb.edu/experimental/CHIRTS-ERA5/tmax/tifs/monthly/CHIRTS-ERA5.monthly_Tmax.2021.03.tif,LOCAL,,,0cc9e6971d0f77243afa590e47a136abb3a5e31eac60666048cbd60db603ffe8,data\raw\climate\chirts_era5\tmax\monthly\CHIRTS-ERA5.monthly_Tmax.2021.03.tif,CHIRTS_ERA5_TMAX,TMAX,2021,3,,VALIDATED_LOCAL,EPSG:4326,7200,2600,"(0.050000000745, 0.0, -180.0, 0.0, -0.050000000745, 70.0, 0.0, 0.0, 1.0)",,float32
https://data.chc.ucsb.edu/experimental/CHIRTS-ERA5/tmax/tifs/monthly/CHIRTS-ERA5.monthly_Tmax.2021.04.tif,LOCAL,,,795ca55770780b1317f1885460215be357be575ccf7d362843b6cd55eb6a7c78,data\raw\climate\chirts_era5\tmax\monthly\CHIRTS-ERA5.monthly_Tmax.2021.04.tif,CHIRTS_ERA5_TMAX,TMAX,2021,4,,VALIDATED_LOCAL,EPSG:4326,7200,2600,"(0.050000000745, 0.0, -180.0, 0.0, -0.050000000745, 70.0, 0.0, 0.0, 1.0)",,float32
https://data.chc.ucsb.edu/experimental/CHIRTS-ERA5/tmax/tifs/monthly/CHIRTS-ERA5.monthly_Tmax.2021.05.tif,LOCAL,,,554cce61fd046164c4294c78ad5612db9355e1f57830d4d6a41f676e0dedb538,data\raw\climate\chirts_era5\tmax\monthly\CHIRTS-ERA5.monthly_Tmax.2021.05.tif,CHIRTS_ERA5_TMAX,TMAX,2021,5,,VALIDATED_LOCAL,EPSG:4326,7200,2600,"(0.050000000745, 0.0, -180.0, 0.0, -0.050000000745, 70.0, 0.0, 0.0, 1.0)",,float32
https://data.chc.ucsb.edu/experimental/CHIRTS-ERA5/tmax/tifs/monthly/CHIRTS-ERA5.monthly_Tmax.2021.06.tif,LOCAL,,,fe12c711fa93bc1db59eca0d937febddb660deb179611d84de9f354db1a76477,data\raw\climate\chirts_era5\tmax\monthly\CHIRTS-ERA5.monthly_Tmax.2021.06.tif,CHIRTS_ERA5_TMAX,TMAX,2021,6,,VALIDATED_LOCAL,EPSG:4326,7200,2600,"(0.050000000745, 0.0, -180.0, 0.0, -0.050000000745, 70.0, 0.0, 0.0, 1.0)",,float32
https://data.chc.ucsb.edu/experimental/CHIRTS-ERA5/tmax/tifs/monthly/CHIRTS-ERA5.monthly_Tmax.2021.07.tif,LOCAL,,,667686c759e74301fc363ce046b4788bc4a940c18b954a82e8d7e45e3d694e80,data\raw\climate\chirts_era5\tmax\monthly\CHIRTS-ERA5.monthly_Tmax.2021.07.tif,CHIRTS_ERA5_TMAX,TMAX,2021,7,,VALIDATED_LOCAL,EPSG:4326,7200,2600,"(0.050000000745, 0.0, -180.0, 0.0, -0.050000000745, 70.0, 0.0, 0.0, 1.0)",,float32
https://data.chc.ucsb.edu/experimental/CHIRTS-ERA5/tmax/tifs/monthly/CHIRTS-ERA5.monthly_Tmax.2021.08.tif,LOCAL,,,bdbde98f442c4a4ac3e95ff09a284ee14b865334d0c2366c63709222ec5c79f0,data\raw\climate\chirts_era5\tmax\monthly\CHIRTS-ERA5.monthly_Tmax.2021.08.tif,CHIRTS_ERA5_TMAX,TMAX,2021,8,,VALIDATED_LOCAL,EPSG:4326,7200,2600,"(0.050000000745, 0.0, -180.0, 0.0, -0.050000000745, 70.0, 0.0, 0.0, 1.0)",,float32
https://data.chc.ucsb.edu/experimental/CHIRTS-ERA5/tmax/tifs/monthly/CHIRTS-ERA5.monthly_Tmax.2021.09.tif,LOCAL,,,27a53d95e43c7a991bf39a19b592a93de2edb32fdf64c5ba68645e11e98e56fe,data\raw\climate\chirts_era5\tmax\monthly\CHIRTS-ERA5.monthly_Tmax.2021.09.tif,CHIRTS_ERA5_TMAX,TMAX,2021,9,,VALIDATED_LOCAL,EPSG:4326,7200,2600,"(0.050000000745, 0.0, -180.0, 0.0, -0.050000000745, 70.0, 0.0, 0.0, 1.0)",,float32
https://data.chc.ucsb.edu/experimental/CHIRTS-ERA5/tmax/tifs/monthly/CHIRTS-ERA5.monthly_Tmax.2021.10.tif,LOCAL,,,21e9248981935d9b6fad62023e0ebda2cd439df7dd7b9e872687da186268ccb5,data\raw\climate\chirts_era5\tmax\monthly\CHIRTS-ERA5.monthly_Tmax.2021.10.tif,CHIRTS_ERA5_TMAX,TMAX,2021,10,,VALIDATED_LOCAL,EPSG:4326,7200,2600,"(0.050000000745, 0.0, -180.0, 0.0, -0.050000000745, 70.0, 0.0, 0.0, 1.0)",,float32
https://data.chc.ucsb.edu/experimental/CHIRTS-ERA5/tmax/tifs/monthly/CHIRTS-ERA5.monthly_Tmax.2021.11.tif,LOCAL,,,636ddfc942cdfc9c1f8871374b1367ba7092ccd97b8a2502f001c6b8d4160e13,data\raw\climate\chirts_era5\tmax\monthly\CHIRTS-ERA5.monthly_Tmax.2021.11.tif,CHIRTS_ERA5_TMAX,TMAX,2021,11,,VALIDATED_LOCAL,EPSG:4326,7200,2600,"(0.050000000745, 0.0, -180.0, 0.0, -0.050000000745, 70.0, 0.0, 0.0, 1.0)",,float32
https://data.chc.ucsb.edu/experimental/CHIRTS-ERA5/tmax/tifs/monthly/CHIRTS-ERA5.monthly_Tmax.2021.12.tif,LOCAL,,,d40fef304396889033177ea704b661b0f1b3a97ce941fc7601b4fb14c4c7b052,data\raw\climate\chirts_era5\tmax\monthly\CHIRTS-ERA5.monthly_Tmax.2021.12.tif,CHIRTS_ERA5_TMAX,TMAX,2021,12,,VALIDATED_LOCAL,EPSG:4326,7200,2600,"(0.050000000745, 0.0, -180.0, 0.0, -0.050000000745, 70.0, 0.0, 0.0, 1.0)",,float32
https://data.chc.ucsb.edu/experimental/CHIRTS-ERA5/tmax/tifs/monthly/CHIRTS-ERA5.monthly_Tmax.2022.01.tif,LOCAL,,,41d951db9e4511adfc03a412b8730b23c297fbf379b70cb1be32955361a3506d,data\raw\climate\chirts_era5\tmax\monthly\CHIRTS-ERA5.monthly_Tmax.2022.01.tif,CHIRTS_ERA5_TMAX,TMAX,2022,1,,VALIDATED_LOCAL,EPSG:4326,7200,2600,"(0.050000000745, 0.0, -180.0, 0.0, -0.050000000745, 70.0, 0.0, 0.0, 1.0)",,float32
https://data.chc.ucsb.edu/experimental/CHIRTS-ERA5/tmax/tifs/monthly/CHIRTS-ERA5.monthly_Tmax.2022.02.tif,LOCAL,,,312e628fc3162e59a9c1d4544514b4fdeca2bcb4556265c321690910e7060288,data\raw\climate\chirts_era5\tmax\monthly\CHIRTS-ERA5.monthly_Tmax.2022.02.tif,CHIRTS_ERA5_TMAX,TMAX,2022,2,,VALIDATED_LOCAL,EPSG:4326,7200,2600,"(0.050000000745, 0.0, -180.0, 0.0, -0.050000000745, 70.0, 0.0, 0.0, 1.0)",,float32
https://data.chc.ucsb.edu/experimental/CHIRTS-ERA5/tmax/tifs/monthly/CHIRTS-ERA5.monthly_Tmax.2022.03.tif,LOCAL,,,eaa9e61dc7752acaa10d178854482ed9eb8a12c586a65d8b4ef28b1fbdbd68f2,data\raw\climate\chirts_era5\tmax\monthly\CHIRTS-ERA5.monthly_Tmax.2022.03.tif,CHIRTS_ERA5_TMAX,TMAX,2022,3,,VALIDATED_LOCAL,EPSG:4326,7200,2600,"(0.050000000745, 0.0, -180.0, 0.0, -0.050000000745, 70.0, 0.0, 0.0, 1.0)",,float32
https://data.chc.ucsb.edu/experimental/CHIRTS-ERA5/tmax/tifs/monthly/CHIRTS-ERA5.monthly_Tmax.2022.04.tif,LOCAL,,,e81804edbab47e95d41e91cf6fa6b946cf888452537d8ffc6953dab3b71157e0,data\raw\climate\chirts_era5\tmax\monthly\CHIRTS-ERA5.monthly_Tmax.2022.04.tif,CHIRTS_ERA5_TMAX,TMAX,2022,4,,VALIDATED_LOCAL,EPSG:4326,7200,2600,"(0.050000000745, 0.0, -180.0, 0.0, -0.050000000745, 70.0, 0.0, 0.0, 1.0)",,float32
https://data.chc.ucsb.edu/experimental/CHIRTS-ERA5/tmax/tifs/monthly/CHIRTS-ERA5.monthly_Tmax.2022.05.tif,LOCAL,,,54d2bdaa653afdaa860b0fa33c4121727a98c2a3204150ec377af2da6fc45564,data\raw\climate\chirts_era5\tmax\monthly\CHIRTS-ERA5.monthly_Tmax.2022.05.tif,CHIRTS_ERA5_TMAX,TMAX,2022,5,,VALIDATED_LOCAL,EPSG:4326,7200,2600,"(0.050000000745, 0.0, -180.0, 0.0, -0.050000000745, 70.0, 0.0, 0.0, 1.0)",,float32
https://data.chc.ucsb.edu/experimental/CHIRTS-ERA5/tmax/tifs/monthly/CHIRTS-ERA5.monthly_Tmax.2022.06.tif,LOCAL,,,05f7c0d133afd08fc2b6b40356b8de97d048096fddd22d9aabf377232a5d38a0,data\raw\climate\chirts_era5\tmax\monthly\CHIRTS-ERA5.monthly_Tmax.2022.06.tif,CHIRTS_ERA5_TMAX,TMAX,2022,6,,VALIDATED_LOCAL,EPSG:4326,7200,2600,"(0.050000000745, 0.0, -180.0, 0.0, -0.050000000745, 70.0, 0.0, 0.0, 1.0)",,float32
https://data.chc.ucsb.edu/experimental/CHIRTS-ERA5/tmax/tifs/monthly/CHIRTS-ERA5.monthly_Tmax.2022.07.tif,LOCAL,,,a0ffa0ef1809190c2eded497420161514d8c87118ef2b8740c0ad1948f7ae869,data\raw\climate\chirts_era5\tmax\monthly\CHIRTS-ERA5.monthly_Tmax.2022.07.tif,CHIRTS_ERA5_TMAX,TMAX,2022,7,,VALIDATED_LOCAL,EPSG:4326,7200,2600,"(0.050000000745, 0.0, -180.0, 0.0, -0.050000000745, 70.0, 0.0, 0.0, 1.0)",,float32
https://data.chc.ucsb.edu/experimental/CHIRTS-ERA5/tmax/tifs/monthly/CHIRTS-ERA5.monthly_Tmax.2022.08.tif,LOCAL,,,22e14d786d5e92d410ec6932d0625ead31d03033c7d7a854c565da51c14d7276,data\raw\climate\chirts_era5\tmax\monthly\CHIRTS-ERA5.monthly_Tmax.2022.08.tif,CHIRTS_ERA5_TMAX,TMAX,2022,8,,VALIDATED_LOCAL,EPSG:4326,7200,2600,"(0.050000000745, 0.0, -180.0, 0.0, -0.050000000745, 70.0, 0.0, 0.0, 1.0)",,float32
https://data.chc.ucsb.edu/experimental/CHIRTS-ERA5/tmax/tifs/monthly/CHIRTS-ERA5.monthly_Tmax.2022.09.tif,LOCAL,,,55c8e1f5a49497e375a4e58dc9eb03e0698db38b5e4edd3d0ef932f699cc46c9,data\raw\climate\chirts_era5\tmax\monthly\CHIRTS-ERA5.monthly_Tmax.2022.09.tif,CHIRTS_ERA5_TMAX,TMAX,2022,9,,VALIDATED_LOCAL,EPSG:4326,7200,2600,"(0.050000000745, 0.0, -180.0, 0.0, -0.050000000745, 70.0, 0.0, 0.0, 1.0)",,float32
https://data.chc.ucsb.edu/experimental/CHIRTS-ERA5/tmax/tifs/monthly/CHIRTS-ERA5.monthly_Tmax.2022.10.tif,LOCAL,,,30d65759d59132ce3cd0a45bb555d5d949ffcc1332046c5d2abb2c6245008a26,data\raw\climate\chirts_era5\tmax\monthly\CHIRTS-ERA5.monthly_Tmax.2022.10.tif,CHIRTS_ERA5_TMAX,TMAX,2022,10,,VALIDATED_LOCAL,EPSG:4326,7200,2600,"(0.050000000745, 0.0, -180.0, 0.0, -0.050000000745, 70.0, 0.0, 0.0, 1.0)",,float32
https://data.chc.ucsb.edu/experimental/CHIRTS-ERA5/tmax/tifs/monthly/CHIRTS-ERA5.monthly_Tmax.2022.11.tif,LOCAL,,,515c252cdec63dd3dcb626d5c7b05c2f0e31762cdc746c7ac900ca143095f1c7,data\raw\climate\chirts_era5\tmax\monthly\CHIRTS-ERA5.monthly_Tmax.2022.11.tif,CHIRTS_ERA5_TMAX,TMAX,2022,11,,VALIDATED_LOCAL,EPSG:4326,7200,2600,"(0.050000000745, 0.0, -180.0, 0.0, -0.050000000745, 70.0, 0.0, 0.0, 1.0)",,float32
https://data.chc.ucsb.edu/experimental/CHIRTS-ERA5/tmax/tifs/monthly/CHIRTS-ERA5.monthly_Tmax.2022.12.tif,LOCAL,,,594d6693fd3c0ed1a896f0a34448ffae6bd2287bd130ef39b18c485c4fdee1d8,data\raw\climate\chirts_era5\tmax\monthly\CHIRTS-ERA5.monthly_Tmax.2022.12.tif,CHIRTS_ERA5_TMAX,TMAX,2022,12,,VALIDATED_LOCAL,EPSG:4326,7200,2600,"(0.050000000745, 0.0, -180.0, 0.0, -0.050000000745, 70.0, 0.0, 0.0, 1.0)",,float32
https://data.chc.ucsb.edu/experimental/CHIRTS-ERA5/tmax/tifs/monthly/CHIRTS-ERA5.monthly_Tmax.2023.01.tif,LOCAL,,,fc4f5e332217d498fd307c0e9d6af05eb88a471980448dcf379db7b0c1e19b86,data\raw\climate\chirts_era5\tmax\monthly\CHIRTS-ERA5.monthly_Tmax.2023.01.tif,CHIRTS_ERA5_TMAX,TMAX,2023,1,,VALIDATED_LOCAL,EPSG:4326,7200,2600,"(0.050000000745, 0.0, -180.0, 0.0, -0.050000000745, 70.0, 0.0, 0.0, 1.0)",,float32
https://data.chc.ucsb.edu/experimental/CHIRTS-ERA5/tmax/tifs/monthly/CHIRTS-ERA5.monthly_Tmax.2023.02.tif,LOCAL,,,36367abb7a77698c476d3adec2c7a7f38a6968bf0319d7099108968def5d5ad8,data\raw\climate\chirts_era5\tmax\monthly\CHIRTS-ERA5.monthly_Tmax.2023.02.tif,CHIRTS_ERA5_TMAX,TMAX,2023,2,,VALIDATED_LOCAL,EPSG:4326,7200,2600,"(0.050000000745, 0.0, -180.0, 0.0, -0.050000000745, 70.0, 0.0, 0.0, 1.0)",,float32
https://data.chc.ucsb.edu/experimental/CHIRTS-ERA5/tmax/tifs/monthly/CHIRTS-ERA5.monthly_Tmax.2023.03.tif,LOCAL,,,409f78c9a941647144d9d6ea4a67e3ea9504cd26fcfbf5f819cf5ecce4c20aa4,data\raw\climate\chirts_era5\tmax\monthly\CHIRTS-ERA5.monthly_Tmax.2023.03.tif,CHIRTS_ERA5_TMAX,TMAX,2023,3,,VALIDATED_LOCAL,EPSG:4326,7200,2600,"(0.050000000745, 0.0, -180.0, 0.0, -0.050000000745, 70.0, 0.0, 0.0, 1.0)",,float32
https://data.chc.ucsb.edu/experimental/CHIRTS-ERA5/tmax/tifs/monthly/CHIRTS-ERA5.monthly_Tmax.2023.04.tif,LOCAL,,,67112fd08fe65c0893e16e4f3bff1fab2665ade42267a1ef58a325c040ff265c,data\raw\climate\chirts_era5\tmax\monthly\CHIRTS-ERA5.monthly_Tmax.2023.04.tif,CHIRTS_ERA5_TMAX,TMAX,2023,4,,VALIDATED_LOCAL,EPSG:4326,7200,2600,"(0.050000000745, 0.0, -180.0, 0.0, -0.050000000745, 70.0, 0.0, 0.0, 1.0)",,float32
https://data.chc.ucsb.edu/experimental/CHIRTS-ERA5/tmax/tifs/monthly/CHIRTS-ERA5.monthly_Tmax.2023.05.tif,LOCAL,,,a6be8cce866d487cb292c5b7b541089ef6e02dd0bdf144033b14f91900a36a90,data\raw\climate\chirts_era5\tmax\monthly\CHIRTS-ERA5.monthly_Tmax.2023.05.tif,CHIRTS_ERA5_TMAX,TMAX,2023,5,,VALIDATED_LOCAL,EPSG:4326,7200,2600,"(0.050000000745, 0.0, -180.0, 0.0, -0.050000000745, 70.0, 0.0, 0.0, 1.0)",,float32
https://data.chc.ucsb.edu/experimental/CHIRTS-ERA5/tmax/tifs/monthly/CHIRTS-ERA5.monthly_Tmax.2023.06.tif,LOCAL,,,b04801ee0c38d7a46ce62e967913b6b1ae8d1f803e5ffa4935a3449062167b09,data\raw\climate\chirts_era5\tmax\monthly\CHIRTS-ERA5.monthly_Tmax.2023.06.tif,CHIRTS_ERA5_TMAX,TMAX,2023,6,,VALIDATED_LOCAL,EPSG:4326,7200,2600,"(0.050000000745, 0.0, -180.0, 0.0, -0.050000000745, 70.0, 0.0, 0.0, 1.0)",,float32
https://data.chc.ucsb.edu/experimental/CHIRTS-ERA5/tmax/tifs/monthly/CHIRTS-ERA5.monthly_Tmax.2023.07.tif,LOCAL,,,066417c0153b79a9945b8c05543b76c8f58193c45e1f008a77e916186e4908a8,data\raw\climate\chirts_era5\tmax\monthly\CHIRTS-ERA5.monthly_Tmax.2023.07.tif,CHIRTS_ERA5_TMAX,TMAX,2023,7,,VALIDATED_LOCAL,EPSG:4326,7200,2600,"(0.050000000745, 0.0, -180.0, 0.0, -0.050000000745, 70.0, 0.0, 0.0, 1.0)",,float32
https://data.chc.ucsb.edu/experimental/CHIRTS-ERA5/tmax/tifs/monthly/CHIRTS-ERA5.monthly_Tmax.2023.08.tif,LOCAL,,,ad1ef1f97c0ef9d9951af576c3194fd29a0c4644032dee5645ab684122b51fa4,data\raw\climate\chirts_era5\tmax\monthly\CHIRTS-ERA5.monthly_Tmax.2023.08.tif,CHIRTS_ERA5_TMAX,TMAX,2023,8,,VALIDATED_LOCAL,EPSG:4326,7200,2600,"(0.050000000745, 0.0, -180.0, 0.0, -0.050000000745, 70.0, 0.0, 0.0, 1.0)",,float32
https://data.chc.ucsb.edu/experimental/CHIRTS-ERA5/tmax/tifs/monthly/CHIRTS-ERA5.monthly_Tmax.2023.09.tif,LOCAL,,,27169766d94e599460f67ec9f056906978a9efe52394f588e5aa7beb8f588c02,data\raw\climate\chirts_era5\tmax\monthly\CHIRTS-ERA5.monthly_Tmax.2023.09.tif,CHIRTS_ERA5_TMAX,TMAX,2023,9,,VALIDATED_LOCAL,EPSG:4326,7200,2600,"(0.050000000745, 0.0, -180.0, 0.0, -0.050000000745, 70.0, 0.0, 0.0, 1.0)",,float32
https://data.chc.ucsb.edu/experimental/CHIRTS-ERA5/tmax/tifs/monthly/CHIRTS-ERA5.monthly_Tmax.2023.10.tif,LOCAL,,,5697e2bb7fee297ddb8478df5c4297ead438aa47b142c6581b51341249a10f15,data\raw\climate\chirts_era5\tmax\monthly\CHIRTS-ERA5.monthly_Tmax.2023.10.tif,CHIRTS_ERA5_TMAX,TMAX,2023,10,,VALIDATED_LOCAL,EPSG:4326,7200,2600,"(0.050000000745, 0.0, -180.0, 0.0, -0.050000000745, 70.0, 0.0, 0.0, 1.0)",,float32
https://data.chc.ucsb.edu/experimental/CHIRTS-ERA5/tmax/tifs/monthly/CHIRTS-ERA5.monthly_Tmax.2023.11.tif,LOCAL,,,80862a8556c08998a56ceabece31b0036aeb98b1febf39b8e840e110d810da6d,data\raw\climate\chirts_era5\tmax\monthly\CHIRTS-ERA5.monthly_Tmax.2023.11.tif,CHIRTS_ERA5_TMAX,TMAX,2023,11,,VALIDATED_LOCAL,EPSG:4326,7200,2600,"(0.050000000745, 0.0, -180.0, 0.0, -0.050000000745, 70.0, 0.0, 0.0, 1.0)",,float32
https://data.chc.ucsb.edu/experimental/CHIRTS-ERA5/tmax/tifs/monthly/CHIRTS-ERA5.monthly_Tmax.2023.12.tif,LOCAL,,,70208bbcf3cc83239b5a0f2bbb1c13d64719f831c369e2e6d104250b8462dccd,data\raw\climate\chirts_era5\tmax\monthly\CHIRTS-ERA5.monthly_Tmax.2023.12.tif,CHIRTS_ERA5_TMAX,TMAX,2023,12,,VALIDATED_LOCAL,EPSG:4326,7200,2600,"(0.050000000745, 0.0, -180.0, 0.0, -0.050000000745, 70.0, 0.0, 0.0, 1.0)",,float32
https://data.chc.ucsb.edu/experimental/CHIRTS-ERA5/tmax/tifs/monthly/CHIRTS-ERA5.monthly_Tmax.2024.01.tif,LOCAL,,,47885f62b9e98872a7a8c7eba51086c1550126b91bfd232dd8ee595155350533,data\raw\climate\chirts_era5\tmax\monthly\CHIRTS-ERA5.monthly_Tmax.2024.01.tif,CHIRTS_ERA5_TMAX,TMAX,2024,1,,VALIDATED_LOCAL,EPSG:4326,7200,2600,"(0.050000000745, 0.0, -180.0, 0.0, -0.050000000745, 70.0, 0.0, 0.0, 1.0)",,float32
https://data.chc.ucsb.edu/experimental/CHIRTS-ERA5/tmax/tifs/monthly/CHIRTS-ERA5.monthly_Tmax.2024.02.tif,LOCAL,,,74bdfb6414ca91530eb6fdee6f7ed05812ea85f2bd8f6803e8c7938dfa605b13,data\raw\climate\chirts_era5\tmax\monthly\CHIRTS-ERA5.monthly_Tmax.2024.02.tif,CHIRTS_ERA5_TMAX,TMAX,2024,2,,VALIDATED_LOCAL,EPSG:4326,7200,2600,"(0.050000000745, 0.0, -180.0, 0.0, -0.050000000745, 70.0, 0.0, 0.0, 1.0)",,float32
https://data.chc.ucsb.edu/experimental/CHIRTS-ERA5/tmax/tifs/monthly/CHIRTS-ERA5.monthly_Tmax.2024.03.tif,LOCAL,,,bda23bfc28b2f1036696215ec8af5852eeedab3fd69065ae50009f60b9ea5bdd,data\raw\climate\chirts_era5\tmax\monthly\CHIRTS-ERA5.monthly_Tmax.2024.03.tif,CHIRTS_ERA5_TMAX,TMAX,2024,3,,VALIDATED_LOCAL,EPSG:4326,7200,2600,"(0.050000000745, 0.0, -180.0, 0.0, -0.050000000745, 70.0, 0.0, 0.0, 1.0)",,float32
https://data.chc.ucsb.edu/experimental/CHIRTS-ERA5/tmax/tifs/monthly/CHIRTS-ERA5.monthly_Tmax.2024.04.tif,LOCAL,,,e70529013b46b2713d54f7009aef19256e07c429c85b3a0f393aa8a3ea7cb17b,data\raw\climate\chirts_era5\tmax\monthly\CHIRTS-ERA5.monthly_Tmax.2024.04.tif,CHIRTS_ERA5_TMAX,TMAX,2024,4,,VALIDATED_LOCAL,EPSG:4326,7200,2600,"(0.050000000745, 0.0, -180.0, 0.0, -0.050000000745, 70.0, 0.0, 0.0, 1.0)",,float32
https://data.chc.ucsb.edu/experimental/CHIRTS-ERA5/tmax/tifs/monthly/CHIRTS-ERA5.monthly_Tmax.2024.05.tif,LOCAL,,,5a5bbd68ce4f7fea0b8affff6f12bb7400f95cb4668b59e42a941020e0bc2c83,data\raw\climate\chirts_era5\tmax\monthly\CHIRTS-ERA5.monthly_Tmax.2024.05.tif,CHIRTS_ERA5_TMAX,TMAX,2024,5,,VALIDATED_LOCAL,EPSG:4326,7200,2600,"(0.050000000745, 0.0, -180.0, 0.0, -0.050000000745, 70.0, 0.0, 0.0, 1.0)",,float32
https://data.chc.ucsb.edu/experimental/CHIRTS-ERA5/tmax/tifs/monthly/CHIRTS-ERA5.monthly_Tmax.2024.06.tif,LOCAL,,,0c74a5e80338cf0a57e48d837148dcb40c6b922418e31715938888ca4bd51693,data\raw\climate\chirts_era5\tmax\monthly\CHIRTS-ERA5.monthly_Tmax.2024.06.tif,CHIRTS_ERA5_TMAX,TMAX,2024,6,,VALIDATED_LOCAL,EPSG:4326,7200,2600,"(0.050000000745, 0.0, -180.0, 0.0, -0.050000000745, 70.0, 0.0, 0.0, 1.0)",,float32
https://data.chc.ucsb.edu/experimental/CHIRTS-ERA5/tmax/tifs/monthly/CHIRTS-ERA5.monthly_Tmax.2024.07.tif,LOCAL,,,5e4556f979dd18886725c89d218ef4b3bf61b3a0e3a80fe121594ab51599505d,data\raw\climate\chirts_era5\tmax\monthly\CHIRTS-ERA5.monthly_Tmax.2024.07.tif,CHIRTS_ERA5_TMAX,TMAX,2024,7,,VALIDATED_LOCAL,EPSG:4326,7200,2600,"(0.050000000745, 0.0, -180.0, 0.0, -0.050000000745, 70.0, 0.0, 0.0, 1.0)",,float32
https://data.chc.ucsb.edu/experimental/CHIRTS-ERA5/tmax/tifs/monthly/CHIRTS-ERA5.monthly_Tmax.2024.08.tif,LOCAL,,,bfbe7fd53faba77cee9f2d267d885eb2d4cf6e26f972bb1367992b06f26d2d25,data\raw\climate\chirts_era5\tmax\monthly\CHIRTS-ERA5.monthly_Tmax.2024.08.tif,CHIRTS_ERA5_TMAX,TMAX,2024,8,,VALIDATED_LOCAL,EPSG:4326,7200,2600,"(0.050000000745, 0.0, -180.0, 0.0, -0.050000000745, 70.0, 0.0, 0.0, 1.0)",,float32
https://data.chc.ucsb.edu/experimental/CHIRTS-ERA5/tmax/tifs/monthly/CHIRTS-ERA5.monthly_Tmax.2024.09.tif,LOCAL,,,347f17cbbf7b9281e5802b84d80d8db1e0bc0be7d17f02f7b0da7bcbd9c8f094,data\raw\climate\chirts_era5\tmax\monthly\CHIRTS-ERA5.monthly_Tmax.2024.09.tif,CHIRTS_ERA5_TMAX,TMAX,2024,9,,VALIDATED_LOCAL,EPSG:4326,7200,2600,"(0.050000000745, 0.0, -180.0, 0.0, -0.050000000745, 70.0, 0.0, 0.0, 1.0)",,float32
https://data.chc.ucsb.edu/experimental/CHIRTS-ERA5/tmax/tifs/monthly/CHIRTS-ERA5.monthly_Tmax.2024.10.tif,LOCAL,,,a51cc8d143fc805212189b0066d052063e317b2596c3825e9084a6fd6cd9faa5,data\raw\climate\chirts_era5\tmax\monthly\CHIRTS-ERA5.monthly_Tmax.2024.10.tif,CHIRTS_ERA5_TMAX,TMAX,2024,10,,VALIDATED_LOCAL,EPSG:4326,7200,2600,"(0.050000000745, 0.0, -180.0, 0.0, -0.050000000745, 70.0, 0.0, 0.0, 1.0)",,float32
https://data.chc.ucsb.edu/experimental/CHIRTS-ERA5/tmax/tifs/monthly/CHIRTS-ERA5.monthly_Tmax.2024.11.tif,LOCAL,,,086ac6059d72a1c8553e4e5d56a3e8105f906ac35d24dde6e135211e9cd6b92f,data\raw\climate\chirts_era5\tmax\monthly\CHIRTS-ERA5.monthly_Tmax.2024.11.tif,CHIRTS_ERA5_TMAX,TMAX,2024,11,,VALIDATED_LOCAL,EPSG:4326,7200,2600,"(0.050000000745, 0.0, -180.0, 0.0, -0.050000000745, 70.0, 0.0, 0.0, 1.0)",,float32
https://data.chc.ucsb.edu/experimental/CHIRTS-ERA5/tmax/tifs/monthly/CHIRTS-ERA5.monthly_Tmax.2024.12.tif,LOCAL,,,33caf7d8105a1c278230a1d86f414d4f2cab09f2661f4344c50db78fc35d3099,data\raw\climate\chirts_era5\tmax\monthly\CHIRTS-ERA5.monthly_Tmax.2024.12.tif,CHIRTS_ERA5_TMAX,TMAX,2024,12,,VALIDATED_LOCAL,EPSG:4326,7200,2600,"(0.050000000745, 0.0, -180.0, 0.0, -0.050000000745, 70.0, 0.0, 0.0, 1.0)",,float32
https://data.chc.ucsb.edu/experimental/CHIRTS-ERA5/tmin/tifs/monthly/CHIRTS-ERA5.monthly_Tmin.1991.01.tif,LOCAL,,,b8bf596b2ab17950a62b5ba723c6d798214c50e36787d3ea4140c197a276859b,data\raw\climate\chirts_era5\tmin\monthly\CHIRTS-ERA5.monthly_Tmin.1991.01.tif,CHIRTS_ERA5_TMIN,TMIN,1991,1,,VALIDATED_LOCAL,EPSG:4326,7200,2600,"(0.050000000745, 0.0, -180.0, 0.0, -0.050000000745, 70.0, 0.0, 0.0, 1.0)",,float32
https://data.chc.ucsb.edu/experimental/CHIRTS-ERA5/tmin/tifs/monthly/CHIRTS-ERA5.monthly_Tmin.1991.02.tif,LOCAL,,,a1219218822086a52cd3dd81b1449c4e7025583b588e3072710263007c24dde8,data\raw\climate\chirts_era5\tmin\monthly\CHIRTS-ERA5.monthly_Tmin.1991.02.tif,CHIRTS_ERA5_TMIN,TMIN,1991,2,,VALIDATED_LOCAL,EPSG:4326,7200,2600,"(0.050000000745, 0.0, -180.0, 0.0, -0.050000000745, 70.0, 0.0, 0.0, 1.0)",,float32
https://data.chc.ucsb.edu/experimental/CHIRTS-ERA5/tmin/tifs/monthly/CHIRTS-ERA5.monthly_Tmin.1991.03.tif,LOCAL,,,79f83459cebbfab710a4f92b947e3f2539c14760b17cd226243cf2b0ffacb97a,data\raw\climate\chirts_era5\tmin\monthly\CHIRTS-ERA5.monthly_Tmin.1991.03.tif,CHIRTS_ERA5_TMIN,TMIN,1991,3,,VALIDATED_LOCAL,EPSG:4326,7200,2600,"(0.050000000745, 0.0, -180.0, 0.0, -0.050000000745, 70.0, 0.0, 0.0, 1.0)",,float32
https://data.chc.ucsb.edu/experimental/CHIRTS-ERA5/tmin/tifs/monthly/CHIRTS-ERA5.monthly_Tmin.1991.04.tif,LOCAL,,,ea3f02edfc9bc2dcd130f141e080c194627128a913e8ee24715b35f5b0be3829,data\raw\climate\chirts_era5\tmin\monthly\CHIRTS-ERA5.monthly_Tmin.1991.04.tif,CHIRTS_ERA5_TMIN,TMIN,1991,4,,VALIDATED_LOCAL,EPSG:4326,7200,2600,"(0.050000000745, 0.0, -180.0, 0.0, -0.050000000745, 70.0, 0.0, 0.0, 1.0)",,float32
https://data.chc.ucsb.edu/experimental/CHIRTS-ERA5/tmin/tifs/monthly/CHIRTS-ERA5.monthly_Tmin.1991.05.tif,LOCAL,,,e8bf90de914bab8764b944b1e376774131c9a73d36618ecc77cb4fb7fc59b20c,data\raw\climate\chirts_era5\tmin\monthly\CHIRTS-ERA5.monthly_Tmin.1991.05.tif,CHIRTS_ERA5_TMIN,TMIN,1991,5,,VALIDATED_LOCAL,EPSG:4326,7200,2600,"(0.050000000745, 0.0, -180.0, 0.0, -0.050000000745, 70.0, 0.0, 0.0, 1.0)",,float32
https://data.chc.ucsb.edu/experimental/CHIRTS-ERA5/tmin/tifs/monthly/CHIRTS-ERA5.monthly_Tmin.1991.06.tif,LOCAL,,,fff52790111f02cccfd866c3cbf314779342f02f67acd77a1b796bbda0a2888e,data\raw\climate\chirts_era5\tmin\monthly\CHIRTS-ERA5.monthly_Tmin.1991.06.tif,CHIRTS_ERA5_TMIN,TMIN,1991,6,,VALIDATED_LOCAL,EPSG:4326,7200,2600,"(0.050000000745, 0.0, -180.0, 0.0, -0.050000000745, 70.0, 0.0, 0.0, 1.0)",,float32
https://data.chc.ucsb.edu/experimental/CHIRTS-ERA5/tmin/tifs/monthly/CHIRTS-ERA5.monthly_Tmin.1991.07.tif,LOCAL,,,2fb700d11df4beca4a3895c07fcd9d4e4c56fe88e1fef0dee5476d1c9baaf35a,data\raw\climate\chirts_era5\tmin\monthly\CHIRTS-ERA5.monthly_Tmin.1991.07.tif,CHIRTS_ERA5_TMIN,TMIN,1991,7,,VALIDATED_LOCAL,EPSG:4326,7200,2600,"(0.050000000745, 0.0, -180.0, 0.0, -0.050000000745, 70.0, 0.0, 0.0, 1.0)",,float32
https://data.chc.ucsb.edu/experimental/CHIRTS-ERA5/tmin/tifs/monthly/CHIRTS-ERA5.monthly_Tmin.1991.08.tif,LOCAL,,,219a0416665b3e61709484073685239f128a9a797786a654ecbb30c5945c9cf8,data\raw\climate\chirts_era5\tmin\monthly\CHIRTS-ERA5.monthly_Tmin.1991.08.tif,CHIRTS_ERA5_TMIN,TMIN,1991,8,,VALIDATED_LOCAL,EPSG:4326,7200,2600,"(0.050000000745, 0.0, -180.0, 0.0, -0.050000000745, 70.0, 0.0, 0.0, 1.0)",,float32
https://data.chc.ucsb.edu/experimental/CHIRTS-ERA5/tmin/tifs/monthly/CHIRTS-ERA5.monthly_Tmin.1991.09.tif,LOCAL,,,99a37e69ba9b568256e819eef56f391b3b9196cda9d046bcd4a7aeaad473a2f4,data\raw\climate\chirts_era5\tmin\monthly\CHIRTS-ERA5.monthly_Tmin.1991.09.tif,CHIRTS_ERA5_TMIN,TMIN,1991,9,,VALIDATED_LOCAL,EPSG:4326,7200,2600,"(0.050000000745, 0.0, -180.0, 0.0, -0.050000000745, 70.0, 0.0, 0.0, 1.0)",,float32
https://data.chc.ucsb.edu/experimental/CHIRTS-ERA5/tmin/tifs/monthly/CHIRTS-ERA5.monthly_Tmin.1991.10.tif,LOCAL,,,13e2c38597552c9f70859ec02a9bb182d8c5dc91d0f61710cf195c60d6b8b7cd,data\raw\climate\chirts_era5\tmin\monthly\CHIRTS-ERA5.monthly_Tmin.1991.10.tif,CHIRTS_ERA5_TMIN,TMIN,1991,10,,VALIDATED_LOCAL,EPSG:4326,7200,2600,"(0.050000000745, 0.0, -180.0, 0.0, -0.050000000745, 70.0, 0.0, 0.0, 1.0)",,float32
https://data.chc.ucsb.edu/experimental/CHIRTS-ERA5/tmin/tifs/monthly/CHIRTS-ERA5.monthly_Tmin.1991.11.tif,LOCAL,,,63ff70796688fcd50543c69808f7782b70d0cced23fecc8b0254addc3271b99b,data\raw\climate\chirts_era5\tmin\monthly\CHIRTS-ERA5.monthly_Tmin.1991.11.tif,CHIRTS_ERA5_TMIN,TMIN,1991,11,,VALIDATED_LOCAL,EPSG:4326,7200,2600,"(0.050000000745, 0.0, -180.0, 0.0, -0.050000000745, 70.0, 0.0, 0.0, 1.0)",,float32
https://data.chc.ucsb.edu/experimental/CHIRTS-ERA5/tmin/tifs/monthly/CHIRTS-ERA5.monthly_Tmin.1991.12.tif,LOCAL,,,459c36f078d4b210a57732a96422be72ef6c7be416ffef64a1360f313408d07c,data\raw\climate\chirts_era5\tmin\monthly\CHIRTS-ERA5.monthly_Tmin.1991.12.tif,CHIRTS_ERA5_TMIN,TMIN,1991,12,,VALIDATED_LOCAL,EPSG:4326,7200,2600,"(0.050000000745, 0.0, -180.0, 0.0, -0.050000000745, 70.0, 0.0, 0.0, 1.0)",,float32
https://data.chc.ucsb.edu/experimental/CHIRTS-ERA5/tmin/tifs/monthly/CHIRTS-ERA5.monthly_Tmin.1992.01.tif,LOCAL,,,cfb0e88c76e8bad797f1b69c25818a91c65aaead607a29c69668cb17e934b6c1,data\raw\climate\chirts_era5\tmin\monthly\CHIRTS-ERA5.monthly_Tmin.1992.01.tif,CHIRTS_ERA5_TMIN,TMIN,1992,1,,VALIDATED_LOCAL,EPSG:4326,7200,2600,"(0.050000000745, 0.0, -180.0, 0.0, -0.050000000745, 70.0, 0.0, 0.0, 1.0)",,float32
https://data.chc.ucsb.edu/experimental/CHIRTS-ERA5/tmin/tifs/monthly/CHIRTS-ERA5.monthly_Tmin.1992.02.tif,LOCAL,,,40622251089065d20f03f33e5446fc2735a70c640d2f2381568bbd85197550b8,data\raw\climate\chirts_era5\tmin\monthly\CHIRTS-ERA5.monthly_Tmin.1992.02.tif,CHIRTS_ERA5_TMIN,TMIN,1992,2,,VALIDATED_LOCAL,EPSG:4326,7200,2600,"(0.050000000745, 0.0, -180.0, 0.0, -0.050000000745, 70.0, 0.0, 0.0, 1.0)",,float32
https://data.chc.ucsb.edu/experimental/CHIRTS-ERA5/tmin/tifs/monthly/CHIRTS-ERA5.monthly_Tmin.1992.03.tif,LOCAL,,,c5ce0a1b02596e2673b50bdc7bfc9d6731c3738d6643ce2a5e3d82b09f912064,data\raw\climate\chirts_era5\tmin\monthly\CHIRTS-ERA5.monthly_Tmin.1992.03.tif,CHIRTS_ERA5_TMIN,TMIN,1992,3,,VALIDATED_LOCAL,EPSG:4326,7200,2600,"(0.050000000745, 0.0, -180.0, 0.0, -0.050000000745, 70.0, 0.0, 0.0, 1.0)",,float32
https://data.chc.ucsb.edu/experimental/CHIRTS-ERA5/tmin/tifs/monthly/CHIRTS-ERA5.monthly_Tmin.1992.04.tif,LOCAL,,,ee9fea74104b247cc7212fdbc2c0057aa18c544d90f805bc753fa496024dc6bf,data\raw\climate\chirts_era5\tmin\monthly\CHIRTS-ERA5.monthly_Tmin.1992.04.tif,CHIRTS_ERA5_TMIN,TMIN,1992,4,,VALIDATED_LOCAL,EPSG:4326,7200,2600,"(0.050000000745, 0.0, -180.0, 0.0, -0.050000000745, 70.0, 0.0, 0.0, 1.0)",,float32
https://data.chc.ucsb.edu/experimental/CHIRTS-ERA5/tmin/tifs/monthly/CHIRTS-ERA5.monthly_Tmin.1992.05.tif,LOCAL,,,f46560d2dfcfc18def7d90c014028bf8b4512e2b13be111f503963b310862397,data\raw\climate\chirts_era5\tmin\monthly\CHIRTS-ERA5.monthly_Tmin.1992.05.tif,CHIRTS_ERA5_TMIN,TMIN,1992,5,,VALIDATED_LOCAL,EPSG:4326,7200,2600,"(0.050000000745, 0.0, -180.0, 0.0, -0.050000000745, 70.0, 0.0, 0.0, 1.0)",,float32
https://data.chc.ucsb.edu/experimental/CHIRTS-ERA5/tmin/tifs/monthly/CHIRTS-ERA5.monthly_Tmin.1992.06.tif,LOCAL,,,4911ddc2b3998237a9cb16ade18d91e3f8d312486dee9a97795f8625ccaba0fd,data\raw\climate\chirts_era5\tmin\monthly\CHIRTS-ERA5.monthly_Tmin.1992.06.tif,CHIRTS_ERA5_TMIN,TMIN,1992,6,,VALIDATED_LOCAL,EPSG:4326,7200,2600,"(0.050000000745, 0.0, -180.0, 0.0, -0.050000000745, 70.0, 0.0, 0.0, 1.0)",,float32
https://data.chc.ucsb.edu/experimental/CHIRTS-ERA5/tmin/tifs/monthly/CHIRTS-ERA5.monthly_Tmin.1992.07.tif,LOCAL,,,e63de303ff90c0d44cc93ce5a12ec4ba3ef6dfa865ce410d3282a27201042daf,data\raw\climate\chirts_era5\tmin\monthly\CHIRTS-ERA5.monthly_Tmin.1992.07.tif,CHIRTS_ERA5_TMIN,TMIN,1992,7,,VALIDATED_LOCAL,EPSG:4326,7200,2600,"(0.050000000745, 0.0, -180.0, 0.0, -0.050000000745, 70.0, 0.0, 0.0, 1.0)",,float32
https://data.chc.ucsb.edu/experimental/CHIRTS-ERA5/tmin/tifs/monthly/CHIRTS-ERA5.monthly_Tmin.1992.08.tif,LOCAL,,,7945e89e481616ca402fbfda489ed94ee9ad9597503b96ee4d39ba3d32107fe7,data\raw\climate\chirts_era5\tmin\monthly\CHIRTS-ERA5.monthly_Tmin.1992.08.tif,CHIRTS_ERA5_TMIN,TMIN,1992,8,,VALIDATED_LOCAL,EPSG:4326,7200,2600,"(0.050000000745, 0.0, -180.0, 0.0, -0.050000000745, 70.0, 0.0, 0.0, 1.0)",,float32
https://data.chc.ucsb.edu/experimental/CHIRTS-ERA5/tmin/tifs/monthly/CHIRTS-ERA5.monthly_Tmin.1992.09.tif,LOCAL,,,ff7df214278c46007de839d72da6da38bd259290818c847736bab7e0923eb2ae,data\raw\climate\chirts_era5\tmin\monthly\CHIRTS-ERA5.monthly_Tmin.1992.09.tif,CHIRTS_ERA5_TMIN,TMIN,1992,9,,VALIDATED_LOCAL,EPSG:4326,7200,2600,"(0.050000000745, 0.0, -180.0, 0.0, -0.050000000745, 70.0, 0.0, 0.0, 1.0)",,float32
https://data.chc.ucsb.edu/experimental/CHIRTS-ERA5/tmin/tifs/monthly/CHIRTS-ERA5.monthly_Tmin.1992.10.tif,LOCAL,,,a0cb3c93b3aa0e7892c66bd113bc8e9adb2314f2d8b381009c66c1e02f5f365a,data\raw\climate\chirts_era5\tmin\monthly\CHIRTS-ERA5.monthly_Tmin.1992.10.tif,CHIRTS_ERA5_TMIN,TMIN,1992,10,,VALIDATED_LOCAL,EPSG:4326,7200,2600,"(0.050000000745, 0.0, -180.0, 0.0, -0.050000000745, 70.0, 0.0, 0.0, 1.0)",,float32
https://data.chc.ucsb.edu/experimental/CHIRTS-ERA5/tmin/tifs/monthly/CHIRTS-ERA5.monthly_Tmin.1992.11.tif,LOCAL,,,5d4425509a579be7fd7029d5987f22a243f051480d8fa18c1b31e8f77eb68ba0,data\raw\climate\chirts_era5\tmin\monthly\CHIRTS-ERA5.monthly_Tmin.1992.11.tif,CHIRTS_ERA5_TMIN,TMIN,1992,11,,VALIDATED_LOCAL,EPSG:4326,7200,2600,"(0.050000000745, 0.0, -180.0, 0.0, -0.050000000745, 70.0, 0.0, 0.0, 1.0)",,float32
https://data.chc.ucsb.edu/experimental/CHIRTS-ERA5/tmin/tifs/monthly/CHIRTS-ERA5.monthly_Tmin.1992.12.tif,LOCAL,,,a708dcb808397d5e1d81e3a7cc284a56bb5a1f901d95c6ffa1a423ccee6c1d1e,data\raw\climate\chirts_era5\tmin\monthly\CHIRTS-ERA5.monthly_Tmin.1992.12.tif,CHIRTS_ERA5_TMIN,TMIN,1992,12,,VALIDATED_LOCAL,EPSG:4326,7200,2600,"(0.050000000745, 0.0, -180.0, 0.0, -0.050000000745, 70.0, 0.0, 0.0, 1.0)",,float32
https://data.chc.ucsb.edu/experimental/CHIRTS-ERA5/tmin/tifs/monthly/CHIRTS-ERA5.monthly_Tmin.1993.01.tif,LOCAL,,,160875c201ce310efb2c0885d316f76744b0dd8c2cefaa0c3b7be4c8f86f563d,data\raw\climate\chirts_era5\tmin\monthly\CHIRTS-ERA5.monthly_Tmin.1993.01.tif,CHIRTS_ERA5_TMIN,TMIN,1993,1,,VALIDATED_LOCAL,EPSG:4326,7200,2600,"(0.050000000745, 0.0, -180.0, 0.0, -0.050000000745, 70.0, 0.0, 0.0, 1.0)",,float32
https://data.chc.ucsb.edu/experimental/CHIRTS-ERA5/tmin/tifs/monthly/CHIRTS-ERA5.monthly_Tmin.1993.02.tif,LOCAL,,,aa24d178a9eacc0c034eb22e7713fae02a661620c4277e4e5c6f0d94abdab314,data\raw\climate\chirts_era5\tmin\monthly\CHIRTS-ERA5.monthly_Tmin.1993.02.tif,CHIRTS_ERA5_TMIN,TMIN,1993,2,,VALIDATED_LOCAL,EPSG:4326,7200,2600,"(0.050000000745, 0.0, -180.0, 0.0, -0.050000000745, 70.0, 0.0, 0.0, 1.0)",,float32
https://data.chc.ucsb.edu/experimental/CHIRTS-ERA5/tmin/tifs/monthly/CHIRTS-ERA5.monthly_Tmin.1993.03.tif,LOCAL,,,e65ed1eee05ee171085ede08e1b9e9cf00725e08b2dbb00620d7050200f90d5b,data\raw\climate\chirts_era5\tmin\monthly\CHIRTS-ERA5.monthly_Tmin.1993.03.tif,CHIRTS_ERA5_TMIN,TMIN,1993,3,,VALIDATED_LOCAL,EPSG:4326,7200,2600,"(0.050000000745, 0.0, -180.0, 0.0, -0.050000000745, 70.0, 0.0, 0.0, 1.0)",,float32
https://data.chc.ucsb.edu/experimental/CHIRTS-ERA5/tmin/tifs/monthly/CHIRTS-ERA5.monthly_Tmin.1993.04.tif,LOCAL,,,be6e4cccbca248a0351c42b248e77a8f160d589d2fd214914183285ec6902caa,data\raw\climate\chirts_era5\tmin\monthly\CHIRTS-ERA5.monthly_Tmin.1993.04.tif,CHIRTS_ERA5_TMIN,TMIN,1993,4,,VALIDATED_LOCAL,EPSG:4326,7200,2600,"(0.050000000745, 0.0, -180.0, 0.0, -0.050000000745, 70.0, 0.0, 0.0, 1.0)",,float32
https://data.chc.ucsb.edu/experimental/CHIRTS-ERA5/tmin/tifs/monthly/CHIRTS-ERA5.monthly_Tmin.1993.05.tif,LOCAL,,,6abe7509ed250ab1868ff08fab882b39152cd3b27c0e321e7221bc510b656f85,data\raw\climate\chirts_era5\tmin\monthly\CHIRTS-ERA5.monthly_Tmin.1993.05.tif,CHIRTS_ERA5_TMIN,TMIN,1993,5,,VALIDATED_LOCAL,EPSG:4326,7200,2600,"(0.050000000745, 0.0, -180.0, 0.0, -0.050000000745, 70.0, 0.0, 0.0, 1.0)",,float32
https://data.chc.ucsb.edu/experimental/CHIRTS-ERA5/tmin/tifs/monthly/CHIRTS-ERA5.monthly_Tmin.1993.06.tif,LOCAL,,,8b575fe614508fcd913a16ccf0576421a9caf2a2c87e86d733e9ce3ec79a2e5e,data\raw\climate\chirts_era5\tmin\monthly\CHIRTS-ERA5.monthly_Tmin.1993.06.tif,CHIRTS_ERA5_TMIN,TMIN,1993,6,,VALIDATED_LOCAL,EPSG:4326,7200,2600,"(0.050000000745, 0.0, -180.0, 0.0, -0.050000000745, 70.0, 0.0, 0.0, 1.0)",,float32
https://data.chc.ucsb.edu/experimental/CHIRTS-ERA5/tmin/tifs/monthly/CHIRTS-ERA5.monthly_Tmin.1993.07.tif,LOCAL,,,a08f8ec1375665978e4124f4ec251312f2fa4e06760fa12926f10bd70d9a41a7,data\raw\climate\chirts_era5\tmin\monthly\CHIRTS-ERA5.monthly_Tmin.1993.07.tif,CHIRTS_ERA5_TMIN,TMIN,1993,7,,VALIDATED_LOCAL,EPSG:4326,7200,2600,"(0.050000000745, 0.0, -180.0, 0.0, -0.050000000745, 70.0, 0.0, 0.0, 1.0)",,float32
https://data.chc.ucsb.edu/experimental/CHIRTS-ERA5/tmin/tifs/monthly/CHIRTS-ERA5.monthly_Tmin.1993.08.tif,LOCAL,,,01c2a851838b9e06905e6ca01e79589d0353d39254d408d444fcebf5c2d6f81d,data\raw\climate\chirts_era5\tmin\monthly\CHIRTS-ERA5.monthly_Tmin.1993.08.tif,CHIRTS_ERA5_TMIN,TMIN,1993,8,,VALIDATED_LOCAL,EPSG:4326,7200,2600,"(0.050000000745, 0.0, -180.0, 0.0, -0.050000000745, 70.0, 0.0, 0.0, 1.0)",,float32
https://data.chc.ucsb.edu/experimental/CHIRTS-ERA5/tmin/tifs/monthly/CHIRTS-ERA5.monthly_Tmin.1993.09.tif,LOCAL,,,3b330d85ad78502dce816c1d2014851870d13cfeaf3d904125898450d4a2b5ff,data\raw\climate\chirts_era5\tmin\monthly\CHIRTS-ERA5.monthly_Tmin.1993.09.tif,CHIRTS_ERA5_TMIN,TMIN,1993,9,,VALIDATED_LOCAL,EPSG:4326,7200,2600,"(0.050000000745, 0.0, -180.0, 0.0, -0.050000000745, 70.0, 0.0, 0.0, 1.0)",,float32
https://data.chc.ucsb.edu/experimental/CHIRTS-ERA5/tmin/tifs/monthly/CHIRTS-ERA5.monthly_Tmin.1993.10.tif,LOCAL,,,ba57efaa66ba22a11ec3c038693229814c7a1180dc6c135668cf7ca7baf2a18d,data\raw\climate\chirts_era5\tmin\monthly\CHIRTS-ERA5.monthly_Tmin.1993.10.tif,CHIRTS_ERA5_TMIN,TMIN,1993,10,,VALIDATED_LOCAL,EPSG:4326,7200,2600,"(0.050000000745, 0.0, -180.0, 0.0, -0.050000000745, 70.0, 0.0, 0.0, 1.0)",,float32
https://data.chc.ucsb.edu/experimental/CHIRTS-ERA5/tmin/tifs/monthly/CHIRTS-ERA5.monthly_Tmin.1993.11.tif,LOCAL,,,63eac6318669cd0644d1f651cf0b29b29ca4e81ca4ae1ce0f045f0790b7a3c55,data\raw\climate\chirts_era5\tmin\monthly\CHIRTS-ERA5.monthly_Tmin.1993.11.tif,CHIRTS_ERA5_TMIN,TMIN,1993,11,,VALIDATED_LOCAL,EPSG:4326,7200,2600,"(0.050000000745, 0.0, -180.0, 0.0, -0.050000000745, 70.0, 0.0, 0.0, 1.0)",,float32
https://data.chc.ucsb.edu/experimental/CHIRTS-ERA5/tmin/tifs/monthly/CHIRTS-ERA5.monthly_Tmin.1993.12.tif,LOCAL,,,7e3dc64ff2228facdd6d89f4034e610a90ea32bf3631b033841f5e041806aaf8,data\raw\climate\chirts_era5\tmin\monthly\CHIRTS-ERA5.monthly_Tmin.1993.12.tif,CHIRTS_ERA5_TMIN,TMIN,1993,12,,VALIDATED_LOCAL,EPSG:4326,7200,2600,"(0.050000000745, 0.0, -180.0, 0.0, -0.050000000745, 70.0, 0.0, 0.0, 1.0)",,float32
https://data.chc.ucsb.edu/experimental/CHIRTS-ERA5/tmin/tifs/monthly/CHIRTS-ERA5.monthly_Tmin.1994.01.tif,LOCAL,,,29012f8bc697d3ee75f422e91699cfe06b3efff7653375b4c65b97e83a2a2ed4,data\raw\climate\chirts_era5\tmin\monthly\CHIRTS-ERA5.monthly_Tmin.1994.01.tif,CHIRTS_ERA5_TMIN,TMIN,1994,1,,VALIDATED_LOCAL,EPSG:4326,7200,2600,"(0.050000000745, 0.0, -180.0, 0.0, -0.050000000745, 70.0, 0.0, 0.0, 1.0)",,float32
https://data.chc.ucsb.edu/experimental/CHIRTS-ERA5/tmin/tifs/monthly/CHIRTS-ERA5.monthly_Tmin.1994.02.tif,LOCAL,,,9de7be6cc2324adc9f6220ab0d37fd2e319d0483e11f7c32b4d8f63c4b8dab11,data\raw\climate\chirts_era5\tmin\monthly\CHIRTS-ERA5.monthly_Tmin.1994.02.tif,CHIRTS_ERA5_TMIN,TMIN,1994,2,,VALIDATED_LOCAL,EPSG:4326,7200,2600,"(0.050000000745, 0.0, -180.0, 0.0, -0.050000000745, 70.0, 0.0, 0.0, 1.0)",,float32
https://data.chc.ucsb.edu/experimental/CHIRTS-ERA5/tmin/tifs/monthly/CHIRTS-ERA5.monthly_Tmin.1994.03.tif,LOCAL,,,709e874f10193b298ec3088a9180a834994163914d482d74dd7f30777b87abc5,data\raw\climate\chirts_era5\tmin\monthly\CHIRTS-ERA5.monthly_Tmin.1994.03.tif,CHIRTS_ERA5_TMIN,TMIN,1994,3,,VALIDATED_LOCAL,EPSG:4326,7200,2600,"(0.050000000745, 0.0, -180.0, 0.0, -0.050000000745, 70.0, 0.0, 0.0, 1.0)",,float32
https://data.chc.ucsb.edu/experimental/CHIRTS-ERA5/tmin/tifs/monthly/CHIRTS-ERA5.monthly_Tmin.1994.04.tif,LOCAL,,,61abb04c272a23c9e2c2dc3441e390b624b07d5ba2fc35be2d73d56815066036,data\raw\climate\chirts_era5\tmin\monthly\CHIRTS-ERA5.monthly_Tmin.1994.04.tif,CHIRTS_ERA5_TMIN,TMIN,1994,4,,VALIDATED_LOCAL,EPSG:4326,7200,2600,"(0.050000000745, 0.0, -180.0, 0.0, -0.050000000745, 70.0, 0.0, 0.0, 1.0)",,float32
https://data.chc.ucsb.edu/experimental/CHIRTS-ERA5/tmin/tifs/monthly/CHIRTS-ERA5.monthly_Tmin.1994.05.tif,LOCAL,,,400b47bf10b481e6e87c7cc18bd6cc6195134d97d0c0f9679c9fef65fed7495e,data\raw\climate\chirts_era5\tmin\monthly\CHIRTS-ERA5.monthly_Tmin.1994.05.tif,CHIRTS_ERA5_TMIN,TMIN,1994,5,,VALIDATED_LOCAL,EPSG:4326,7200,2600,"(0.050000000745, 0.0, -180.0, 0.0, -0.050000000745, 70.0, 0.0, 0.0, 1.0)",,float32
https://data.chc.ucsb.edu/experimental/CHIRTS-ERA5/tmin/tifs/monthly/CHIRTS-ERA5.monthly_Tmin.1994.06.tif,LOCAL,,,c21155ec9e0b1b8d52b426ab5828978c2987628c0791165b7d80c0c609f984c5,data\raw\climate\chirts_era5\tmin\monthly\CHIRTS-ERA5.monthly_Tmin.1994.06.tif,CHIRTS_ERA5_TMIN,TMIN,1994,6,,VALIDATED_LOCAL,EPSG:4326,7200,2600,"(0.050000000745, 0.0, -180.0, 0.0, -0.050000000745, 70.0, 0.0, 0.0, 1.0)",,float32
https://data.chc.ucsb.edu/experimental/CHIRTS-ERA5/tmin/tifs/monthly/CHIRTS-ERA5.monthly_Tmin.1994.07.tif,LOCAL,,,52b9ee40a2c67dd514d1bcf05fd88fda10ff66d5e8cdb543e0fe46fea9673d3f,data\raw\climate\chirts_era5\tmin\monthly\CHIRTS-ERA5.monthly_Tmin.1994.07.tif,CHIRTS_ERA5_TMIN,TMIN,1994,7,,VALIDATED_LOCAL,EPSG:4326,7200,2600,"(0.050000000745, 0.0, -180.0, 0.0, -0.050000000745, 70.0, 0.0, 0.0, 1.0)",,float32
https://data.chc.ucsb.edu/experimental/CHIRTS-ERA5/tmin/tifs/monthly/CHIRTS-ERA5.monthly_Tmin.1994.08.tif,LOCAL,,,ea39943c63b21088129965596986041d27110de040e0c086ba7fafa90b6889d3,data\raw\climate\chirts_era5\tmin\monthly\CHIRTS-ERA5.monthly_Tmin.1994.08.tif,CHIRTS_ERA5_TMIN,TMIN,1994,8,,VALIDATED_LOCAL,EPSG:4326,7200,2600,"(0.050000000745, 0.0, -180.0, 0.0, -0.050000000745, 70.0, 0.0, 0.0, 1.0)",,float32
https://data.chc.ucsb.edu/experimental/CHIRTS-ERA5/tmin/tifs/monthly/CHIRTS-ERA5.monthly_Tmin.1994.09.tif,LOCAL,,,4e71ba2bd2fcf092068f63da08ae76058c6d3788701592c2a8fd2435bc7fc79b,data\raw\climate\chirts_era5\tmin\monthly\CHIRTS-ERA5.monthly_Tmin.1994.09.tif,CHIRTS_ERA5_TMIN,TMIN,1994,9,,VALIDATED_LOCAL,EPSG:4326,7200,2600,"(0.050000000745, 0.0, -180.0, 0.0, -0.050000000745, 70.0, 0.0, 0.0, 1.0)",,float32
https://data.chc.ucsb.edu/experimental/CHIRTS-ERA5/tmin/tifs/monthly/CHIRTS-ERA5.monthly_Tmin.1994.10.tif,LOCAL,,,80efd674337a5949c7acea1f917a82bd1483f895e6d6a6f07dbadc602f6071a0,data\raw\climate\chirts_era5\tmin\monthly\CHIRTS-ERA5.monthly_Tmin.1994.10.tif,CHIRTS_ERA5_TMIN,TMIN,1994,10,,VALIDATED_LOCAL,EPSG:4326,7200,2600,"(0.050000000745, 0.0, -180.0, 0.0, -0.050000000745, 70.0, 0.0, 0.0, 1.0)",,float32
https://data.chc.ucsb.edu/experimental/CHIRTS-ERA5/tmin/tifs/monthly/CHIRTS-ERA5.monthly_Tmin.1994.11.tif,LOCAL,,,43220a6a8a5559bb73f20a8dd804bfdf6efb5b7064b7c5172a6fcc0b29774ca0,data\raw\climate\chirts_era5\tmin\monthly\CHIRTS-ERA5.monthly_Tmin.1994.11.tif,CHIRTS_ERA5_TMIN,TMIN,1994,11,,VALIDATED_LOCAL,EPSG:4326,7200,2600,"(0.050000000745, 0.0, -180.0, 0.0, -0.050000000745, 70.0, 0.0, 0.0, 1.0)",,float32
https://data.chc.ucsb.edu/experimental/CHIRTS-ERA5/tmin/tifs/monthly/CHIRTS-ERA5.monthly_Tmin.1994.12.tif,LOCAL,,,3e7a23e9ffad0816611bf323a64cce8ea11b7a8d207aab702db5812e72ae34b0,data\raw\climate\chirts_era5\tmin\monthly\CHIRTS-ERA5.monthly_Tmin.1994.12.tif,CHIRTS_ERA5_TMIN,TMIN,1994,12,,VALIDATED_LOCAL,EPSG:4326,7200,2600,"(0.050000000745, 0.0, -180.0, 0.0, -0.050000000745, 70.0, 0.0, 0.0, 1.0)",,float32
https://data.chc.ucsb.edu/experimental/CHIRTS-ERA5/tmin/tifs/monthly/CHIRTS-ERA5.monthly_Tmin.1995.01.tif,LOCAL,,,d21759474c6fb8af94dfafda81a58151b69899d1c56ed4d44a093a71344c443d,data\raw\climate\chirts_era5\tmin\monthly\CHIRTS-ERA5.monthly_Tmin.1995.01.tif,CHIRTS_ERA5_TMIN,TMIN,1995,1,,VALIDATED_LOCAL,EPSG:4326,7200,2600,"(0.050000000745, 0.0, -180.0, 0.0, -0.050000000745, 70.0, 0.0, 0.0, 1.0)",,float32
https://data.chc.ucsb.edu/experimental/CHIRTS-ERA5/tmin/tifs/monthly/CHIRTS-ERA5.monthly_Tmin.1995.02.tif,LOCAL,,,2baa0352cceef7407057af5d1ed28e7a536279e3a4fa7036baa94b3a1216b1d0,data\raw\climate\chirts_era5\tmin\monthly\CHIRTS-ERA5.monthly_Tmin.1995.02.tif,CHIRTS_ERA5_TMIN,TMIN,1995,2,,VALIDATED_LOCAL,EPSG:4326,7200,2600,"(0.050000000745, 0.0, -180.0, 0.0, -0.050000000745, 70.0, 0.0, 0.0, 1.0)",,float32
https://data.chc.ucsb.edu/experimental/CHIRTS-ERA5/tmin/tifs/monthly/CHIRTS-ERA5.monthly_Tmin.1995.03.tif,LOCAL,,,32266202f2ada21b264f33e343588664a22e8e7a72284a9e5b6ac8c6d8125179,data\raw\climate\chirts_era5\tmin\monthly\CHIRTS-ERA5.monthly_Tmin.1995.03.tif,CHIRTS_ERA5_TMIN,TMIN,1995,3,,VALIDATED_LOCAL,EPSG:4326,7200,2600,"(0.050000000745, 0.0, -180.0, 0.0, -0.050000000745, 70.0, 0.0, 0.0, 1.0)",,float32
https://data.chc.ucsb.edu/experimental/CHIRTS-ERA5/tmin/tifs/monthly/CHIRTS-ERA5.monthly_Tmin.1995.04.tif,LOCAL,,,fd51e6a2c6b55c17fe1d1eb9bc327ae82f037db2f61c5b78382985622a4488c4,data\raw\climate\chirts_era5\tmin\monthly\CHIRTS-ERA5.monthly_Tmin.1995.04.tif,CHIRTS_ERA5_TMIN,TMIN,1995,4,,VALIDATED_LOCAL,EPSG:4326,7200,2600,"(0.050000000745, 0.0, -180.0, 0.0, -0.050000000745, 70.0, 0.0, 0.0, 1.0)",,float32
https://data.chc.ucsb.edu/experimental/CHIRTS-ERA5/tmin/tifs/monthly/CHIRTS-ERA5.monthly_Tmin.1995.05.tif,LOCAL,,,ac8b7d0ec4b359b692efbbef9979a626b2a071065dc46ee29ca5bdb9f81fcfc1,data\raw\climate\chirts_era5\tmin\monthly\CHIRTS-ERA5.monthly_Tmin.1995.05.tif,CHIRTS_ERA5_TMIN,TMIN,1995,5,,VALIDATED_LOCAL,EPSG:4326,7200,2600,"(0.050000000745, 0.0, -180.0, 0.0, -0.050000000745, 70.0, 0.0, 0.0, 1.0)",,float32
https://data.chc.ucsb.edu/experimental/CHIRTS-ERA5/tmin/tifs/monthly/CHIRTS-ERA5.monthly_Tmin.1995.06.tif,LOCAL,,,572388857d9fa3f99ec367e61e16c17c5d4d04d24f7115ff9fb41894cf7c9d27,data\raw\climate\chirts_era5\tmin\monthly\CHIRTS-ERA5.monthly_Tmin.1995.06.tif,CHIRTS_ERA5_TMIN,TMIN,1995,6,,VALIDATED_LOCAL,EPSG:4326,7200,2600,"(0.050000000745, 0.0, -180.0, 0.0, -0.050000000745, 70.0, 0.0, 0.0, 1.0)",,float32
https://data.chc.ucsb.edu/experimental/CHIRTS-ERA5/tmin/tifs/monthly/CHIRTS-ERA5.monthly_Tmin.1995.07.tif,LOCAL,,,72b836e606d6928bd3ee7e97014b497b77f82f55a24b15ac03433694239da191,data\raw\climate\chirts_era5\tmin\monthly\CHIRTS-ERA5.monthly_Tmin.1995.07.tif,CHIRTS_ERA5_TMIN,TMIN,1995,7,,VALIDATED_LOCAL,EPSG:4326,7200,2600,"(0.050000000745, 0.0, -180.0, 0.0, -0.050000000745, 70.0, 0.0, 0.0, 1.0)",,float32
https://data.chc.ucsb.edu/experimental/CHIRTS-ERA5/tmin/tifs/monthly/CHIRTS-ERA5.monthly_Tmin.1995.08.tif,LOCAL,,,b4ea19b40fd835af83ee969a07c51d16606a0b6b1be1358a402f6482bf3f4368,data\raw\climate\chirts_era5\tmin\monthly\CHIRTS-ERA5.monthly_Tmin.1995.08.tif,CHIRTS_ERA5_TMIN,TMIN,1995,8,,VALIDATED_LOCAL,EPSG:4326,7200,2600,"(0.050000000745, 0.0, -180.0, 0.0, -0.050000000745, 70.0, 0.0, 0.0, 1.0)",,float32
https://data.chc.ucsb.edu/experimental/CHIRTS-ERA5/tmin/tifs/monthly/CHIRTS-ERA5.monthly_Tmin.1995.09.tif,LOCAL,,,0a30f6cec5a210b32126a61cc7749c52b3c5ef09b534aa0e1d0ae6929dfc26a1,data\raw\climate\chirts_era5\tmin\monthly\CHIRTS-ERA5.monthly_Tmin.1995.09.tif,CHIRTS_ERA5_TMIN,TMIN,1995,9,,VALIDATED_LOCAL,EPSG:4326,7200,2600,"(0.050000000745, 0.0, -180.0, 0.0, -0.050000000745, 70.0, 0.0, 0.0, 1.0)",,float32
https://data.chc.ucsb.edu/experimental/CHIRTS-ERA5/tmin/tifs/monthly/CHIRTS-ERA5.monthly_Tmin.1995.10.tif,LOCAL,,,bf7c56996e56b77ccb8c28b6c8ad97c72f2a30bca80fa0c6137f737b4ca512d5,data\raw\climate\chirts_era5\tmin\monthly\CHIRTS-ERA5.monthly_Tmin.1995.10.tif,CHIRTS_ERA5_TMIN,TMIN,1995,10,,VALIDATED_LOCAL,EPSG:4326,7200,2600,"(0.050000000745, 0.0, -180.0, 0.0, -0.050000000745, 70.0, 0.0, 0.0, 1.0)",,float32
https://data.chc.ucsb.edu/experimental/CHIRTS-ERA5/tmin/tifs/monthly/CHIRTS-ERA5.monthly_Tmin.1995.11.tif,LOCAL,,,18ed555e4d46a71c86743e9a12870539ac381c9350f7e5337c736c15fa6944d5,data\raw\climate\chirts_era5\tmin\monthly\CHIRTS-ERA5.monthly_Tmin.1995.11.tif,CHIRTS_ERA5_TMIN,TMIN,1995,11,,VALIDATED_LOCAL,EPSG:4326,7200,2600,"(0.050000000745, 0.0, -180.0, 0.0, -0.050000000745, 70.0, 0.0, 0.0, 1.0)",,float32
https://data.chc.ucsb.edu/experimental/CHIRTS-ERA5/tmin/tifs/monthly/CHIRTS-ERA5.monthly_Tmin.1995.12.tif,LOCAL,,,582df9f40e4f42449553ec17ff9e3f3218c0797748f1dd5b3c2a9787b02212f5,data\raw\climate\chirts_era5\tmin\monthly\CHIRTS-ERA5.monthly_Tmin.1995.12.tif,CHIRTS_ERA5_TMIN,TMIN,1995,12,,VALIDATED_LOCAL,EPSG:4326,7200,2600,"(0.050000000745, 0.0, -180.0, 0.0, -0.050000000745, 70.0, 0.0, 0.0, 1.0)",,float32
https://data.chc.ucsb.edu/experimental/CHIRTS-ERA5/tmin/tifs/monthly/CHIRTS-ERA5.monthly_Tmin.1996.01.tif,LOCAL,,,d8c4aefc4629d18161e60accc3fdf1e0569d34cfcb0da5922ac8cb5d2d05cd18,data\raw\climate\chirts_era5\tmin\monthly\CHIRTS-ERA5.monthly_Tmin.1996.01.tif,CHIRTS_ERA5_TMIN,TMIN,1996,1,,VALIDATED_LOCAL,EPSG:4326,7200,2600,"(0.050000000745, 0.0, -180.0, 0.0, -0.050000000745, 70.0, 0.0, 0.0, 1.0)",,float32
https://data.chc.ucsb.edu/experimental/CHIRTS-ERA5/tmin/tifs/monthly/CHIRTS-ERA5.monthly_Tmin.1996.02.tif,LOCAL,,,b2110c5c6b62d6a0e355ee07be8ec754760dca946e82e6dbc1894a4520fc80f2,data\raw\climate\chirts_era5\tmin\monthly\CHIRTS-ERA5.monthly_Tmin.1996.02.tif,CHIRTS_ERA5_TMIN,TMIN,1996,2,,VALIDATED_LOCAL,EPSG:4326,7200,2600,"(0.050000000745, 0.0, -180.0, 0.0, -0.050000000745, 70.0, 0.0, 0.0, 1.0)",,float32
https://data.chc.ucsb.edu/experimental/CHIRTS-ERA5/tmin/tifs/monthly/CHIRTS-ERA5.monthly_Tmin.1996.03.tif,LOCAL,,,44543cd8e292b4ceeb91e531b02bda7a78eb618657b1439c10c6d84c2d48c5e5,data\raw\climate\chirts_era5\tmin\monthly\CHIRTS-ERA5.monthly_Tmin.1996.03.tif,CHIRTS_ERA5_TMIN,TMIN,1996,3,,VALIDATED_LOCAL,EPSG:4326,7200,2600,"(0.050000000745, 0.0, -180.0, 0.0, -0.050000000745, 70.0, 0.0, 0.0, 1.0)",,float32
https://data.chc.ucsb.edu/experimental/CHIRTS-ERA5/tmin/tifs/monthly/CHIRTS-ERA5.monthly_Tmin.1996.04.tif,LOCAL,,,dc566f885db7abee8ecc95648c448a266d51031302eb2f1beb4690b6bfe4ea89,data\raw\climate\chirts_era5\tmin\monthly\CHIRTS-ERA5.monthly_Tmin.1996.04.tif,CHIRTS_ERA5_TMIN,TMIN,1996,4,,VALIDATED_LOCAL,EPSG:4326,7200,2600,"(0.050000000745, 0.0, -180.0, 0.0, -0.050000000745, 70.0, 0.0, 0.0, 1.0)",,float32
https://data.chc.ucsb.edu/experimental/CHIRTS-ERA5/tmin/tifs/monthly/CHIRTS-ERA5.monthly_Tmin.1996.05.tif,LOCAL,,,fef048be4e52995cbbf41c38bff45adfa61865f9bc2a3127b28a3385b01de397,data\raw\climate\chirts_era5\tmin\monthly\CHIRTS-ERA5.monthly_Tmin.1996.05.tif,CHIRTS_ERA5_TMIN,TMIN,1996,5,,VALIDATED_LOCAL,EPSG:4326,7200,2600,"(0.050000000745, 0.0, -180.0, 0.0, -0.050000000745, 70.0, 0.0, 0.0, 1.0)",,float32
https://data.chc.ucsb.edu/experimental/CHIRTS-ERA5/tmin/tifs/monthly/CHIRTS-ERA5.monthly_Tmin.1996.06.tif,LOCAL,,,fbbfc807d8f3e287f2f128a844e0e01599625b35548bb30b744d7444eba0f2f4,data\raw\climate\chirts_era5\tmin\monthly\CHIRTS-ERA5.monthly_Tmin.1996.06.tif,CHIRTS_ERA5_TMIN,TMIN,1996,6,,VALIDATED_LOCAL,EPSG:4326,7200,2600,"(0.050000000745, 0.0, -180.0, 0.0, -0.050000000745, 70.0, 0.0, 0.0, 1.0)",,float32
https://data.chc.ucsb.edu/experimental/CHIRTS-ERA5/tmin/tifs/monthly/CHIRTS-ERA5.monthly_Tmin.1996.07.tif,LOCAL,,,f7d351d8067a169c7a9878048e0cece202723c15ee2d0101cc2c3c3fdb8c711d,data\raw\climate\chirts_era5\tmin\monthly\CHIRTS-ERA5.monthly_Tmin.1996.07.tif,CHIRTS_ERA5_TMIN,TMIN,1996,7,,VALIDATED_LOCAL,EPSG:4326,7200,2600,"(0.050000000745, 0.0, -180.0, 0.0, -0.050000000745, 70.0, 0.0, 0.0, 1.0)",,float32
https://data.chc.ucsb.edu/experimental/CHIRTS-ERA5/tmin/tifs/monthly/CHIRTS-ERA5.monthly_Tmin.1996.08.tif,LOCAL,,,7ce5a779eee1e29cb275a14b8c65e7ee8f41b71ccaadc33375429b30365a1210,data\raw\climate\chirts_era5\tmin\monthly\CHIRTS-ERA5.monthly_Tmin.1996.08.tif,CHIRTS_ERA5_TMIN,TMIN,1996,8,,VALIDATED_LOCAL,EPSG:4326,7200,2600,"(0.050000000745, 0.0, -180.0, 0.0, -0.050000000745, 70.0, 0.0, 0.0, 1.0)",,float32
https://data.chc.ucsb.edu/experimental/CHIRTS-ERA5/tmin/tifs/monthly/CHIRTS-ERA5.monthly_Tmin.1996.09.tif,LOCAL,,,20040df4bdfd014248babec3e0049db604586185dd9862a5564fa3fc0dc840ae,data\raw\climate\chirts_era5\tmin\monthly\CHIRTS-ERA5.monthly_Tmin.1996.09.tif,CHIRTS_ERA5_TMIN,TMIN,1996,9,,VALIDATED_LOCAL,EPSG:4326,7200,2600,"(0.050000000745, 0.0, -180.0, 0.0, -0.050000000745, 70.0, 0.0, 0.0, 1.0)",,float32
https://data.chc.ucsb.edu/experimental/CHIRTS-ERA5/tmin/tifs/monthly/CHIRTS-ERA5.monthly_Tmin.1996.10.tif,LOCAL,,,5d1977838a9911444c88cd221bae4469d4f0e1c3c739dd772100c3aaa2030d1b,data\raw\climate\chirts_era5\tmin\monthly\CHIRTS-ERA5.monthly_Tmin.1996.10.tif,CHIRTS_ERA5_TMIN,TMIN,1996,10,,VALIDATED_LOCAL,EPSG:4326,7200,2600,"(0.050000000745, 0.0, -180.0, 0.0, -0.050000000745, 70.0, 0.0, 0.0, 1.0)",,float32
https://data.chc.ucsb.edu/experimental/CHIRTS-ERA5/tmin/tifs/monthly/CHIRTS-ERA5.monthly_Tmin.1996.11.tif,LOCAL,,,d42ce9f86848f54a3a0dc0ae646dbad9257c7c0bf7231031e840578c4caad382,data\raw\climate\chirts_era5\tmin\monthly\CHIRTS-ERA5.monthly_Tmin.1996.11.tif,CHIRTS_ERA5_TMIN,TMIN,1996,11,,VALIDATED_LOCAL,EPSG:4326,7200,2600,"(0.050000000745, 0.0, -180.0, 0.0, -0.050000000745, 70.0, 0.0, 0.0, 1.0)",,float32
https://data.chc.ucsb.edu/experimental/CHIRTS-ERA5/tmin/tifs/monthly/CHIRTS-ERA5.monthly_Tmin.1996.12.tif,LOCAL,,,0745c493eee41c5b30f2e973c372cdd08b8e5f47eafe29538ca6ac96c2086c4c,data\raw\climate\chirts_era5\tmin\monthly\CHIRTS-ERA5.monthly_Tmin.1996.12.tif,CHIRTS_ERA5_TMIN,TMIN,1996,12,,VALIDATED_LOCAL,EPSG:4326,7200,2600,"(0.050000000745, 0.0, -180.0, 0.0, -0.050000000745, 70.0, 0.0, 0.0, 1.0)",,float32
https://data.chc.ucsb.edu/experimental/CHIRTS-ERA5/tmin/tifs/monthly/CHIRTS-ERA5.monthly_Tmin.1997.01.tif,LOCAL,,,b856afbbf1c9c98add8bd7073ad542597613a315af62f22f91ddaba77557df5e,data\raw\climate\chirts_era5\tmin\monthly\CHIRTS-ERA5.monthly_Tmin.1997.01.tif,CHIRTS_ERA5_TMIN,TMIN,1997,1,,VALIDATED_LOCAL,EPSG:4326,7200,2600,"(0.050000000745, 0.0, -180.0, 0.0, -0.050000000745, 70.0, 0.0, 0.0, 1.0)",,float32
https://data.chc.ucsb.edu/experimental/CHIRTS-ERA5/tmin/tifs/monthly/CHIRTS-ERA5.monthly_Tmin.1997.02.tif,LOCAL,,,30c88899030733e0d5f77e85bc20f367b130feef432a4c35f6ec547c9e044468,data\raw\climate\chirts_era5\tmin\monthly\CHIRTS-ERA5.monthly_Tmin.1997.02.tif,CHIRTS_ERA5_TMIN,TMIN,1997,2,,VALIDATED_LOCAL,EPSG:4326,7200,2600,"(0.050000000745, 0.0, -180.0, 0.0, -0.050000000745, 70.0, 0.0, 0.0, 1.0)",,float32
https://data.chc.ucsb.edu/experimental/CHIRTS-ERA5/tmin/tifs/monthly/CHIRTS-ERA5.monthly_Tmin.1997.03.tif,LOCAL,,,cdfed8d61102f85f7cc3c7f1e96122efdb9c4a4a67d3f2df3165b1eb114f266b,data\raw\climate\chirts_era5\tmin\monthly\CHIRTS-ERA5.monthly_Tmin.1997.03.tif,CHIRTS_ERA5_TMIN,TMIN,1997,3,,VALIDATED_LOCAL,EPSG:4326,7200,2600,"(0.050000000745, 0.0, -180.0, 0.0, -0.050000000745, 70.0, 0.0, 0.0, 1.0)",,float32
https://data.chc.ucsb.edu/experimental/CHIRTS-ERA5/tmin/tifs/monthly/CHIRTS-ERA5.monthly_Tmin.1997.04.tif,LOCAL,,,806020c2915321026f446298daedcdfd0272c64ace9ab7959b489359a64a8eb1,data\raw\climate\chirts_era5\tmin\monthly\CHIRTS-ERA5.monthly_Tmin.1997.04.tif,CHIRTS_ERA5_TMIN,TMIN,1997,4,,VALIDATED_LOCAL,EPSG:4326,7200,2600,"(0.050000000745, 0.0, -180.0, 0.0, -0.050000000745, 70.0, 0.0, 0.0, 1.0)",,float32
https://data.chc.ucsb.edu/experimental/CHIRTS-ERA5/tmin/tifs/monthly/CHIRTS-ERA5.monthly_Tmin.1997.05.tif,LOCAL,,,fd787364656980732741aee983144d63cb9c07c1cb59ee91ac92a9ffe51b63ae,data\raw\climate\chirts_era5\tmin\monthly\CHIRTS-ERA5.monthly_Tmin.1997.05.tif,CHIRTS_ERA5_TMIN,TMIN,1997,5,,VALIDATED_LOCAL,EPSG:4326,7200,2600,"(0.050000000745, 0.0, -180.0, 0.0, -0.050000000745, 70.0, 0.0, 0.0, 1.0)",,float32
https://data.chc.ucsb.edu/experimental/CHIRTS-ERA5/tmin/tifs/monthly/CHIRTS-ERA5.monthly_Tmin.1997.06.tif,LOCAL,,,bfa8c6ccc7e7c19ca468da9f3ef5495f097d9f6bb1b3011a3157cc763b645acb,data\raw\climate\chirts_era5\tmin\monthly\CHIRTS-ERA5.monthly_Tmin.1997.06.tif,CHIRTS_ERA5_TMIN,TMIN,1997,6,,VALIDATED_LOCAL,EPSG:4326,7200,2600,"(0.050000000745, 0.0, -180.0, 0.0, -0.050000000745, 70.0, 0.0, 0.0, 1.0)",,float32
https://data.chc.ucsb.edu/experimental/CHIRTS-ERA5/tmin/tifs/monthly/CHIRTS-ERA5.monthly_Tmin.1997.07.tif,LOCAL,,,bbaf7090d2e4b7447137d52e2c1a2772a1495bce5143c373fc0c4139ddec8a51,data\raw\climate\chirts_era5\tmin\monthly\CHIRTS-ERA5.monthly_Tmin.1997.07.tif,CHIRTS_ERA5_TMIN,TMIN,1997,7,,VALIDATED_LOCAL,EPSG:4326,7200,2600,"(0.050000000745, 0.0, -180.0, 0.0, -0.050000000745, 70.0, 0.0, 0.0, 1.0)",,float32
https://data.chc.ucsb.edu/experimental/CHIRTS-ERA5/tmin/tifs/monthly/CHIRTS-ERA5.monthly_Tmin.1997.08.tif,LOCAL,,,53a60674587d04ad8bd19ecda6dca2e4b00f25cd51a9b9118f677ecd318ed340,data\raw\climate\chirts_era5\tmin\monthly\CHIRTS-ERA5.monthly_Tmin.1997.08.tif,CHIRTS_ERA5_TMIN,TMIN,1997,8,,VALIDATED_LOCAL,EPSG:4326,7200,2600,"(0.050000000745, 0.0, -180.0, 0.0, -0.050000000745, 70.0, 0.0, 0.0, 1.0)",,float32
https://data.chc.ucsb.edu/experimental/CHIRTS-ERA5/tmin/tifs/monthly/CHIRTS-ERA5.monthly_Tmin.1997.09.tif,LOCAL,,,5934f785ef3e0d48eb7c90cd23c9ac87e4e60b815ef8c1d95d63c369b41367e8,data\raw\climate\chirts_era5\tmin\monthly\CHIRTS-ERA5.monthly_Tmin.1997.09.tif,CHIRTS_ERA5_TMIN,TMIN,1997,9,,VALIDATED_LOCAL,EPSG:4326,7200,2600,"(0.050000000745, 0.0, -180.0, 0.0, -0.050000000745, 70.0, 0.0, 0.0, 1.0)",,float32
https://data.chc.ucsb.edu/experimental/CHIRTS-ERA5/tmin/tifs/monthly/CHIRTS-ERA5.monthly_Tmin.1997.10.tif,LOCAL,,,f804bffe3b0f4183c5f079f920f6a2cc0e11ef10a6b24822e4dccbf9677e4035,data\raw\climate\chirts_era5\tmin\monthly\CHIRTS-ERA5.monthly_Tmin.1997.10.tif,CHIRTS_ERA5_TMIN,TMIN,1997,10,,VALIDATED_LOCAL,EPSG:4326,7200,2600,"(0.050000000745, 0.0, -180.0, 0.0, -0.050000000745, 70.0, 0.0, 0.0, 1.0)",,float32
https://data.chc.ucsb.edu/experimental/CHIRTS-ERA5/tmin/tifs/monthly/CHIRTS-ERA5.monthly_Tmin.1997.11.tif,LOCAL,,,1bf408c64f0d7f5f8f95337d000b6272354b9547a72abf703358a84bddeb2a9d,data\raw\climate\chirts_era5\tmin\monthly\CHIRTS-ERA5.monthly_Tmin.1997.11.tif,CHIRTS_ERA5_TMIN,TMIN,1997,11,,VALIDATED_LOCAL,EPSG:4326,7200,2600,"(0.050000000745, 0.0, -180.0, 0.0, -0.050000000745, 70.0, 0.0, 0.0, 1.0)",,float32
https://data.chc.ucsb.edu/experimental/CHIRTS-ERA5/tmin/tifs/monthly/CHIRTS-ERA5.monthly_Tmin.1997.12.tif,LOCAL,,,8387c82680cca769d629d915391a34f178a9558424a5b71bbd2252471169ba48,data\raw\climate\chirts_era5\tmin\monthly\CHIRTS-ERA5.monthly_Tmin.1997.12.tif,CHIRTS_ERA5_TMIN,TMIN,1997,12,,VALIDATED_LOCAL,EPSG:4326,7200,2600,"(0.050000000745, 0.0, -180.0, 0.0, -0.050000000745, 70.0, 0.0, 0.0, 1.0)",,float32
https://data.chc.ucsb.edu/experimental/CHIRTS-ERA5/tmin/tifs/monthly/CHIRTS-ERA5.monthly_Tmin.1998.01.tif,LOCAL,,,901a774b7ce4f0543a9b4699d5d41e2710e42a6afe46f3fdc761a71d3624e219,data\raw\climate\chirts_era5\tmin\monthly\CHIRTS-ERA5.monthly_Tmin.1998.01.tif,CHIRTS_ERA5_TMIN,TMIN,1998,1,,VALIDATED_LOCAL,EPSG:4326,7200,2600,"(0.050000000745, 0.0, -180.0, 0.0, -0.050000000745, 70.0, 0.0, 0.0, 1.0)",,float32
https://data.chc.ucsb.edu/experimental/CHIRTS-ERA5/tmin/tifs/monthly/CHIRTS-ERA5.monthly_Tmin.1998.02.tif,LOCAL,,,22473e1b698faf4424cd112cb869f20661408451b546133151ca0d07077b5864,data\raw\climate\chirts_era5\tmin\monthly\CHIRTS-ERA5.monthly_Tmin.1998.02.tif,CHIRTS_ERA5_TMIN,TMIN,1998,2,,VALIDATED_LOCAL,EPSG:4326,7200,2600,"(0.050000000745, 0.0, -180.0, 0.0, -0.050000000745, 70.0, 0.0, 0.0, 1.0)",,float32
https://data.chc.ucsb.edu/experimental/CHIRTS-ERA5/tmin/tifs/monthly/CHIRTS-ERA5.monthly_Tmin.1998.03.tif,LOCAL,,,f05b48c9193150cd14827c83339068e45071e090655992e6cb29a40e50f44895,data\raw\climate\chirts_era5\tmin\monthly\CHIRTS-ERA5.monthly_Tmin.1998.03.tif,CHIRTS_ERA5_TMIN,TMIN,1998,3,,VALIDATED_LOCAL,EPSG:4326,7200,2600,"(0.050000000745, 0.0, -180.0, 0.0, -0.050000000745, 70.0, 0.0, 0.0, 1.0)",,float32
https://data.chc.ucsb.edu/experimental/CHIRTS-ERA5/tmin/tifs/monthly/CHIRTS-ERA5.monthly_Tmin.1998.04.tif,LOCAL,,,17672483a88b549b324c9750ec09c38a6dc6e02b62b6041af0630300d0a16506,data\raw\climate\chirts_era5\tmin\monthly\CHIRTS-ERA5.monthly_Tmin.1998.04.tif,CHIRTS_ERA5_TMIN,TMIN,1998,4,,VALIDATED_LOCAL,EPSG:4326,7200,2600,"(0.050000000745, 0.0, -180.0, 0.0, -0.050000000745, 70.0, 0.0, 0.0, 1.0)",,float32
https://data.chc.ucsb.edu/experimental/CHIRTS-ERA5/tmin/tifs/monthly/CHIRTS-ERA5.monthly_Tmin.1998.05.tif,LOCAL,,,70a847d8f9f81869b33e21722258329b4b2c1b23ef2f21feaeac26f58f42af3b,data\raw\climate\chirts_era5\tmin\monthly\CHIRTS-ERA5.monthly_Tmin.1998.05.tif,CHIRTS_ERA5_TMIN,TMIN,1998,5,,VALIDATED_LOCAL,EPSG:4326,7200,2600,"(0.050000000745, 0.0, -180.0, 0.0, -0.050000000745, 70.0, 0.0, 0.0, 1.0)",,float32
https://data.chc.ucsb.edu/experimental/CHIRTS-ERA5/tmin/tifs/monthly/CHIRTS-ERA5.monthly_Tmin.1998.06.tif,LOCAL,,,a42795f24b3f97c85df4fad6fe691d1aaea5e70ddd4c1a4df363bacfa198a290,data\raw\climate\chirts_era5\tmin\monthly\CHIRTS-ERA5.monthly_Tmin.1998.06.tif,CHIRTS_ERA5_TMIN,TMIN,1998,6,,VALIDATED_LOCAL,EPSG:4326,7200,2600,"(0.050000000745, 0.0, -180.0, 0.0, -0.050000000745, 70.0, 0.0, 0.0, 1.0)",,float32
https://data.chc.ucsb.edu/experimental/CHIRTS-ERA5/tmin/tifs/monthly/CHIRTS-ERA5.monthly_Tmin.1998.07.tif,LOCAL,,,2794cc6078e61385a6808bc6078727a327faa93ca4e4f91f2044c6891dd9144d,data\raw\climate\chirts_era5\tmin\monthly\CHIRTS-ERA5.monthly_Tmin.1998.07.tif,CHIRTS_ERA5_TMIN,TMIN,1998,7,,VALIDATED_LOCAL,EPSG:4326,7200,2600,"(0.050000000745, 0.0, -180.0, 0.0, -0.050000000745, 70.0, 0.0, 0.0, 1.0)",,float32
https://data.chc.ucsb.edu/experimental/CHIRTS-ERA5/tmin/tifs/monthly/CHIRTS-ERA5.monthly_Tmin.1998.08.tif,LOCAL,,,b719298637233d6efd7caa2c0a2c27801f0608be5866b7e7b8a00e69b9fd280b,data\raw\climate\chirts_era5\tmin\monthly\CHIRTS-ERA5.monthly_Tmin.1998.08.tif,CHIRTS_ERA5_TMIN,TMIN,1998,8,,VALIDATED_LOCAL,EPSG:4326,7200,2600,"(0.050000000745, 0.0, -180.0, 0.0, -0.050000000745, 70.0, 0.0, 0.0, 1.0)",,float32
https://data.chc.ucsb.edu/experimental/CHIRTS-ERA5/tmin/tifs/monthly/CHIRTS-ERA5.monthly_Tmin.1998.09.tif,LOCAL,,,73d06e3a4e8cd00b1d960675834904f91d7395fbde3f4d5bdbe52862359f2f54,data\raw\climate\chirts_era5\tmin\monthly\CHIRTS-ERA5.monthly_Tmin.1998.09.tif,CHIRTS_ERA5_TMIN,TMIN,1998,9,,VALIDATED_LOCAL,EPSG:4326,7200,2600,"(0.050000000745, 0.0, -180.0, 0.0, -0.050000000745, 70.0, 0.0, 0.0, 1.0)",,float32
https://data.chc.ucsb.edu/experimental/CHIRTS-ERA5/tmin/tifs/monthly/CHIRTS-ERA5.monthly_Tmin.1998.10.tif,LOCAL,,,2c43f00f06c7ce3cd4e1a780fe5310ee0e2d22f6c17cde5e4e89751192fc9848,data\raw\climate\chirts_era5\tmin\monthly\CHIRTS-ERA5.monthly_Tmin.1998.10.tif,CHIRTS_ERA5_TMIN,TMIN,1998,10,,VALIDATED_LOCAL,EPSG:4326,7200,2600,"(0.050000000745, 0.0, -180.0, 0.0, -0.050000000745, 70.0, 0.0, 0.0, 1.0)",,float32
https://data.chc.ucsb.edu/experimental/CHIRTS-ERA5/tmin/tifs/monthly/CHIRTS-ERA5.monthly_Tmin.1998.11.tif,LOCAL,,,95ac11ebbb6995e49a21865aee705495823358dbdd344287d9574bf82d993be7,data\raw\climate\chirts_era5\tmin\monthly\CHIRTS-ERA5.monthly_Tmin.1998.11.tif,CHIRTS_ERA5_TMIN,TMIN,1998,11,,VALIDATED_LOCAL,EPSG:4326,7200,2600,"(0.050000000745, 0.0, -180.0, 0.0, -0.050000000745, 70.0, 0.0, 0.0, 1.0)",,float32
https://data.chc.ucsb.edu/experimental/CHIRTS-ERA5/tmin/tifs/monthly/CHIRTS-ERA5.monthly_Tmin.1998.12.tif,LOCAL,,,9416bcb953d9c5dcb94aa1c46f4732376292e6c5caa48db8d36e7e64c4216cf7,data\raw\climate\chirts_era5\tmin\monthly\CHIRTS-ERA5.monthly_Tmin.1998.12.tif,CHIRTS_ERA5_TMIN,TMIN,1998,12,,VALIDATED_LOCAL,EPSG:4326,7200,2600,"(0.050000000745, 0.0, -180.0, 0.0, -0.050000000745, 70.0, 0.0, 0.0, 1.0)",,float32
https://data.chc.ucsb.edu/experimental/CHIRTS-ERA5/tmin/tifs/monthly/CHIRTS-ERA5.monthly_Tmin.1999.01.tif,LOCAL,,,848617574047da188f1fb5000d269f2c2c99d7e4800fec1e5a661159385977e8,data\raw\climate\chirts_era5\tmin\monthly\CHIRTS-ERA5.monthly_Tmin.1999.01.tif,CHIRTS_ERA5_TMIN,TMIN,1999,1,,VALIDATED_LOCAL,EPSG:4326,7200,2600,"(0.050000000745, 0.0, -180.0, 0.0, -0.050000000745, 70.0, 0.0, 0.0, 1.0)",,float32
https://data.chc.ucsb.edu/experimental/CHIRTS-ERA5/tmin/tifs/monthly/CHIRTS-ERA5.monthly_Tmin.1999.02.tif,LOCAL,,,8aa62e8f214435f87bb94dfead80a40cdfba4230c6344459586baa5c0ad1586c,data\raw\climate\chirts_era5\tmin\monthly\CHIRTS-ERA5.monthly_Tmin.1999.02.tif,CHIRTS_ERA5_TMIN,TMIN,1999,2,,VALIDATED_LOCAL,EPSG:4326,7200,2600,"(0.050000000745, 0.0, -180.0, 0.0, -0.050000000745, 70.0, 0.0, 0.0, 1.0)",,float32
https://data.chc.ucsb.edu/experimental/CHIRTS-ERA5/tmin/tifs/monthly/CHIRTS-ERA5.monthly_Tmin.1999.03.tif,LOCAL,,,1ac76f5ceee2c6ffcd8afa355682aad12374fd8198ba17aa071149a94aefccaa,data\raw\climate\chirts_era5\tmin\monthly\CHIRTS-ERA5.monthly_Tmin.1999.03.tif,CHIRTS_ERA5_TMIN,TMIN,1999,3,,VALIDATED_LOCAL,EPSG:4326,7200,2600,"(0.050000000745, 0.0, -180.0, 0.0, -0.050000000745, 70.0, 0.0, 0.0, 1.0)",,float32
https://data.chc.ucsb.edu/experimental/CHIRTS-ERA5/tmin/tifs/monthly/CHIRTS-ERA5.monthly_Tmin.1999.04.tif,LOCAL,,,8f12b7129f462091abc4ebf7dd181835d126687e9066c8186f4c49cf33516a3c,data\raw\climate\chirts_era5\tmin\monthly\CHIRTS-ERA5.monthly_Tmin.1999.04.tif,CHIRTS_ERA5_TMIN,TMIN,1999,4,,VALIDATED_LOCAL,EPSG:4326,7200,2600,"(0.050000000745, 0.0, -180.0, 0.0, -0.050000000745, 70.0, 0.0, 0.0, 1.0)",,float32
https://data.chc.ucsb.edu/experimental/CHIRTS-ERA5/tmin/tifs/monthly/CHIRTS-ERA5.monthly_Tmin.1999.05.tif,LOCAL,,,d47624d113ca6345e124cee48121bebb0ddf84b0760b5976643e72816c2d5523,data\raw\climate\chirts_era5\tmin\monthly\CHIRTS-ERA5.monthly_Tmin.1999.05.tif,CHIRTS_ERA5_TMIN,TMIN,1999,5,,VALIDATED_LOCAL,EPSG:4326,7200,2600,"(0.050000000745, 0.0, -180.0, 0.0, -0.050000000745, 70.0, 0.0, 0.0, 1.0)",,float32
https://data.chc.ucsb.edu/experimental/CHIRTS-ERA5/tmin/tifs/monthly/CHIRTS-ERA5.monthly_Tmin.1999.06.tif,LOCAL,,,d3b6e4f95e910dd884d1362d9ddcfb1934b36891cf2bac576bb67e01e6cdc62e,data\raw\climate\chirts_era5\tmin\monthly\CHIRTS-ERA5.monthly_Tmin.1999.06.tif,CHIRTS_ERA5_TMIN,TMIN,1999,6,,VALIDATED_LOCAL,EPSG:4326,7200,2600,"(0.050000000745, 0.0, -180.0, 0.0, -0.050000000745, 70.0, 0.0, 0.0, 1.0)",,float32
https://data.chc.ucsb.edu/experimental/CHIRTS-ERA5/tmin/tifs/monthly/CHIRTS-ERA5.monthly_Tmin.1999.07.tif,LOCAL,,,96de4abe3885853500256b0facd90606d32e1ff197a5f5c934803402d445998c,data\raw\climate\chirts_era5\tmin\monthly\CHIRTS-ERA5.monthly_Tmin.1999.07.tif,CHIRTS_ERA5_TMIN,TMIN,1999,7,,VALIDATED_LOCAL,EPSG:4326,7200,2600,"(0.050000000745, 0.0, -180.0, 0.0, -0.050000000745, 70.0, 0.0, 0.0, 1.0)",,float32
https://data.chc.ucsb.edu/experimental/CHIRTS-ERA5/tmin/tifs/monthly/CHIRTS-ERA5.monthly_Tmin.1999.08.tif,LOCAL,,,f8d8a500a3c249369cc71464be564d4e2caa5ccd5e6bc31db78eb66e12214b1b,data\raw\climate\chirts_era5\tmin\monthly\CHIRTS-ERA5.monthly_Tmin.1999.08.tif,CHIRTS_ERA5_TMIN,TMIN,1999,8,,VALIDATED_LOCAL,EPSG:4326,7200,2600,"(0.050000000745, 0.0, -180.0, 0.0, -0.050000000745, 70.0, 0.0, 0.0, 1.0)",,float32
https://data.chc.ucsb.edu/experimental/CHIRTS-ERA5/tmin/tifs/monthly/CHIRTS-ERA5.monthly_Tmin.1999.09.tif,LOCAL,,,6056eca12901d658b79bb42e2a637c8e6c9be8066c7f8626a5f6eafd66ad1a61,data\raw\climate\chirts_era5\tmin\monthly\CHIRTS-ERA5.monthly_Tmin.1999.09.tif,CHIRTS_ERA5_TMIN,TMIN,1999,9,,VALIDATED_LOCAL,EPSG:4326,7200,2600,"(0.050000000745, 0.0, -180.0, 0.0, -0.050000000745, 70.0, 0.0, 0.0, 1.0)",,float32
https://data.chc.ucsb.edu/experimental/CHIRTS-ERA5/tmin/tifs/monthly/CHIRTS-ERA5.monthly_Tmin.1999.10.tif,LOCAL,,,5d0fbe9171d040503319071988d43ddd6a92ca294e41e78557946bbef465dd97,data\raw\climate\chirts_era5\tmin\monthly\CHIRTS-ERA5.monthly_Tmin.1999.10.tif,CHIRTS_ERA5_TMIN,TMIN,1999,10,,VALIDATED_LOCAL,EPSG:4326,7200,2600,"(0.050000000745, 0.0, -180.0, 0.0, -0.050000000745, 70.0, 0.0, 0.0, 1.0)",,float32
https://data.chc.ucsb.edu/experimental/CHIRTS-ERA5/tmin/tifs/monthly/CHIRTS-ERA5.monthly_Tmin.1999.11.tif,LOCAL,,,92fcf63512e10d60f0e55c769617b56647ef6f4238c5115da76a1a164cc67579,data\raw\climate\chirts_era5\tmin\monthly\CHIRTS-ERA5.monthly_Tmin.1999.11.tif,CHIRTS_ERA5_TMIN,TMIN,1999,11,,VALIDATED_LOCAL,EPSG:4326,7200,2600,"(0.050000000745, 0.0, -180.0, 0.0, -0.050000000745, 70.0, 0.0, 0.0, 1.0)",,float32
https://data.chc.ucsb.edu/experimental/CHIRTS-ERA5/tmin/tifs/monthly/CHIRTS-ERA5.monthly_Tmin.1999.12.tif,LOCAL,,,d290477f2e425350622b0e2f4fa9e759829cd8329976a7bc01984bd133503392,data\raw\climate\chirts_era5\tmin\monthly\CHIRTS-ERA5.monthly_Tmin.1999.12.tif,CHIRTS_ERA5_TMIN,TMIN,1999,12,,VALIDATED_LOCAL,EPSG:4326,7200,2600,"(0.050000000745, 0.0, -180.0, 0.0, -0.050000000745, 70.0, 0.0, 0.0, 1.0)",,float32
https://data.chc.ucsb.edu/experimental/CHIRTS-ERA5/tmin/tifs/monthly/CHIRTS-ERA5.monthly_Tmin.2000.01.tif,LOCAL,,,f06ef5984ad9728d3e86b361f6ab72ebfc4da84a2b5fc9789071768af329120b,data\raw\climate\chirts_era5\tmin\monthly\CHIRTS-ERA5.monthly_Tmin.2000.01.tif,CHIRTS_ERA5_TMIN,TMIN,2000,1,,VALIDATED_LOCAL,EPSG:4326,7200,2600,"(0.050000000745, 0.0, -180.0, 0.0, -0.050000000745, 70.0, 0.0, 0.0, 1.0)",,float32
https://data.chc.ucsb.edu/experimental/CHIRTS-ERA5/tmin/tifs/monthly/CHIRTS-ERA5.monthly_Tmin.2000.02.tif,LOCAL,,,14a5e0c5db3de483fbd01597cda341afdf8c12da0039fd97b6ba496b37b27e34,data\raw\climate\chirts_era5\tmin\monthly\CHIRTS-ERA5.monthly_Tmin.2000.02.tif,CHIRTS_ERA5_TMIN,TMIN,2000,2,,VALIDATED_LOCAL,EPSG:4326,7200,2600,"(0.050000000745, 0.0, -180.0, 0.0, -0.050000000745, 70.0, 0.0, 0.0, 1.0)",,float32
https://data.chc.ucsb.edu/experimental/CHIRTS-ERA5/tmin/tifs/monthly/CHIRTS-ERA5.monthly_Tmin.2000.03.tif,LOCAL,,,25ed4cb8f81a8ecd3f848c4587066a7880a610e43081971f006dcdba95ec5287,data\raw\climate\chirts_era5\tmin\monthly\CHIRTS-ERA5.monthly_Tmin.2000.03.tif,CHIRTS_ERA5_TMIN,TMIN,2000,3,,VALIDATED_LOCAL,EPSG:4326,7200,2600,"(0.050000000745, 0.0, -180.0, 0.0, -0.050000000745, 70.0, 0.0, 0.0, 1.0)",,float32
https://data.chc.ucsb.edu/experimental/CHIRTS-ERA5/tmin/tifs/monthly/CHIRTS-ERA5.monthly_Tmin.2000.04.tif,LOCAL,,,4f10978d4a37ff52de581ffd91ffa59098edd7ef0fa8f3b4200483323902f982,data\raw\climate\chirts_era5\tmin\monthly\CHIRTS-ERA5.monthly_Tmin.2000.04.tif,CHIRTS_ERA5_TMIN,TMIN,2000,4,,VALIDATED_LOCAL,EPSG:4326,7200,2600,"(0.050000000745, 0.0, -180.0, 0.0, -0.050000000745, 70.0, 0.0, 0.0, 1.0)",,float32
https://data.chc.ucsb.edu/experimental/CHIRTS-ERA5/tmin/tifs/monthly/CHIRTS-ERA5.monthly_Tmin.2000.05.tif,LOCAL,,,db20d1312b4272cdf053cfc30d91c508b25ef7cbc5df4f4dc5c1969ba5820e38,data\raw\climate\chirts_era5\tmin\monthly\CHIRTS-ERA5.monthly_Tmin.2000.05.tif,CHIRTS_ERA5_TMIN,TMIN,2000,5,,VALIDATED_LOCAL,EPSG:4326,7200,2600,"(0.050000000745, 0.0, -180.0, 0.0, -0.050000000745, 70.0, 0.0, 0.0, 1.0)",,float32
https://data.chc.ucsb.edu/experimental/CHIRTS-ERA5/tmin/tifs/monthly/CHIRTS-ERA5.monthly_Tmin.2000.06.tif,LOCAL,,,0f41faf5fc23f525aa642feeb909bc267345dbf080a20ea5d93ae187d163f04e,data\raw\climate\chirts_era5\tmin\monthly\CHIRTS-ERA5.monthly_Tmin.2000.06.tif,CHIRTS_ERA5_TMIN,TMIN,2000,6,,VALIDATED_LOCAL,EPSG:4326,7200,2600,"(0.050000000745, 0.0, -180.0, 0.0, -0.050000000745, 70.0, 0.0, 0.0, 1.0)",,float32
https://data.chc.ucsb.edu/experimental/CHIRTS-ERA5/tmin/tifs/monthly/CHIRTS-ERA5.monthly_Tmin.2000.07.tif,LOCAL,,,47c9445d9f13f431fa28b2d5145a630d54115f08cdc2d3f36efa1849b486fbb3,data\raw\climate\chirts_era5\tmin\monthly\CHIRTS-ERA5.monthly_Tmin.2000.07.tif,CHIRTS_ERA5_TMIN,TMIN,2000,7,,VALIDATED_LOCAL,EPSG:4326,7200,2600,"(0.050000000745, 0.0, -180.0, 0.0, -0.050000000745, 70.0, 0.0, 0.0, 1.0)",,float32
https://data.chc.ucsb.edu/experimental/CHIRTS-ERA5/tmin/tifs/monthly/CHIRTS-ERA5.monthly_Tmin.2000.08.tif,LOCAL,,,3d3f777bdce04ba9ea352e9f92e864bc5748a633607d177435128148d860974a,data\raw\climate\chirts_era5\tmin\monthly\CHIRTS-ERA5.monthly_Tmin.2000.08.tif,CHIRTS_ERA5_TMIN,TMIN,2000,8,,VALIDATED_LOCAL,EPSG:4326,7200,2600,"(0.050000000745, 0.0, -180.0, 0.0, -0.050000000745, 70.0, 0.0, 0.0, 1.0)",,float32
https://data.chc.ucsb.edu/experimental/CHIRTS-ERA5/tmin/tifs/monthly/CHIRTS-ERA5.monthly_Tmin.2000.09.tif,LOCAL,,,0bd337c8d36e038eaa7b0427e2f0e7fc35e4eb2bd20f11a9aa033ac46a83acb8,data\raw\climate\chirts_era5\tmin\monthly\CHIRTS-ERA5.monthly_Tmin.2000.09.tif,CHIRTS_ERA5_TMIN,TMIN,2000,9,,VALIDATED_LOCAL,EPSG:4326,7200,2600,"(0.050000000745, 0.0, -180.0, 0.0, -0.050000000745, 70.0, 0.0, 0.0, 1.0)",,float32
https://data.chc.ucsb.edu/experimental/CHIRTS-ERA5/tmin/tifs/monthly/CHIRTS-ERA5.monthly_Tmin.2000.10.tif,LOCAL,,,ac1265fa58ce79365299861705aef6fc6d1183f4ea1615db3b65fc976b349b46,data\raw\climate\chirts_era5\tmin\monthly\CHIRTS-ERA5.monthly_Tmin.2000.10.tif,CHIRTS_ERA5_TMIN,TMIN,2000,10,,VALIDATED_LOCAL,EPSG:4326,7200,2600,"(0.050000000745, 0.0, -180.0, 0.0, -0.050000000745, 70.0, 0.0, 0.0, 1.0)",,float32
https://data.chc.ucsb.edu/experimental/CHIRTS-ERA5/tmin/tifs/monthly/CHIRTS-ERA5.monthly_Tmin.2000.11.tif,LOCAL,,,a4e48ec73a70e36d729f3cfd6385f548e3afb097abeb6431839daefde24735ae,data\raw\climate\chirts_era5\tmin\monthly\CHIRTS-ERA5.monthly_Tmin.2000.11.tif,CHIRTS_ERA5_TMIN,TMIN,2000,11,,VALIDATED_LOCAL,EPSG:4326,7200,2600,"(0.050000000745, 0.0, -180.0, 0.0, -0.050000000745, 70.0, 0.0, 0.0, 1.0)",,float32
https://data.chc.ucsb.edu/experimental/CHIRTS-ERA5/tmin/tifs/monthly/CHIRTS-ERA5.monthly_Tmin.2000.12.tif,LOCAL,,,214a68f673c4553c987b86db85b27e813c522222a418df4ca79b50866660bf98,data\raw\climate\chirts_era5\tmin\monthly\CHIRTS-ERA5.monthly_Tmin.2000.12.tif,CHIRTS_ERA5_TMIN,TMIN,2000,12,,VALIDATED_LOCAL,EPSG:4326,7200,2600,"(0.050000000745, 0.0, -180.0, 0.0, -0.050000000745, 70.0, 0.0, 0.0, 1.0)",,float32
https://data.chc.ucsb.edu/experimental/CHIRTS-ERA5/tmin/tifs/monthly/CHIRTS-ERA5.monthly_Tmin.2001.01.tif,LOCAL,,,13d3387cc9bd8a4a1181a87d1b7b100f717fac58c7c8ac8a818c9ab263c8ea6c,data\raw\climate\chirts_era5\tmin\monthly\CHIRTS-ERA5.monthly_Tmin.2001.01.tif,CHIRTS_ERA5_TMIN,TMIN,2001,1,,VALIDATED_LOCAL,EPSG:4326,7200,2600,"(0.050000000745, 0.0, -180.0, 0.0, -0.050000000745, 70.0, 0.0, 0.0, 1.0)",,float32
https://data.chc.ucsb.edu/experimental/CHIRTS-ERA5/tmin/tifs/monthly/CHIRTS-ERA5.monthly_Tmin.2001.02.tif,LOCAL,,,0985d00b63e453b11c6f3a4c5a7d97b8cbd334fc1747054d6815bebe5826141a,data\raw\climate\chirts_era5\tmin\monthly\CHIRTS-ERA5.monthly_Tmin.2001.02.tif,CHIRTS_ERA5_TMIN,TMIN,2001,2,,VALIDATED_LOCAL,EPSG:4326,7200,2600,"(0.050000000745, 0.0, -180.0, 0.0, -0.050000000745, 70.0, 0.0, 0.0, 1.0)",,float32
https://data.chc.ucsb.edu/experimental/CHIRTS-ERA5/tmin/tifs/monthly/CHIRTS-ERA5.monthly_Tmin.2001.03.tif,LOCAL,,,f0634174372bc8aecff17117c99b2bf885f804dda34148253e2d133cd6eef044,data\raw\climate\chirts_era5\tmin\monthly\CHIRTS-ERA5.monthly_Tmin.2001.03.tif,CHIRTS_ERA5_TMIN,TMIN,2001,3,,VALIDATED_LOCAL,EPSG:4326,7200,2600,"(0.050000000745, 0.0, -180.0, 0.0, -0.050000000745, 70.0, 0.0, 0.0, 1.0)",,float32
https://data.chc.ucsb.edu/experimental/CHIRTS-ERA5/tmin/tifs/monthly/CHIRTS-ERA5.monthly_Tmin.2001.04.tif,LOCAL,,,64cc2646c6b0ae8eb31e4af4b94c8a9a543acdadc0d87583fd19047a37229b5a,data\raw\climate\chirts_era5\tmin\monthly\CHIRTS-ERA5.monthly_Tmin.2001.04.tif,CHIRTS_ERA5_TMIN,TMIN,2001,4,,VALIDATED_LOCAL,EPSG:4326,7200,2600,"(0.050000000745, 0.0, -180.0, 0.0, -0.050000000745, 70.0, 0.0, 0.0, 1.0)",,float32
https://data.chc.ucsb.edu/experimental/CHIRTS-ERA5/tmin/tifs/monthly/CHIRTS-ERA5.monthly_Tmin.2001.05.tif,LOCAL,,,65e0ff763918e92dc7eff475c66acbe95c91909ce8b233f01c11e060ec4c1d9a,data\raw\climate\chirts_era5\tmin\monthly\CHIRTS-ERA5.monthly_Tmin.2001.05.tif,CHIRTS_ERA5_TMIN,TMIN,2001,5,,VALIDATED_LOCAL,EPSG:4326,7200,2600,"(0.050000000745, 0.0, -180.0, 0.0, -0.050000000745, 70.0, 0.0, 0.0, 1.0)",,float32
https://data.chc.ucsb.edu/experimental/CHIRTS-ERA5/tmin/tifs/monthly/CHIRTS-ERA5.monthly_Tmin.2001.06.tif,LOCAL,,,5a0017c34730b7593540964657dba7ddbf00f21a80b57b0b9961023e6487253a,data\raw\climate\chirts_era5\tmin\monthly\CHIRTS-ERA5.monthly_Tmin.2001.06.tif,CHIRTS_ERA5_TMIN,TMIN,2001,6,,VALIDATED_LOCAL,EPSG:4326,7200,2600,"(0.050000000745, 0.0, -180.0, 0.0, -0.050000000745, 70.0, 0.0, 0.0, 1.0)",,float32
https://data.chc.ucsb.edu/experimental/CHIRTS-ERA5/tmin/tifs/monthly/CHIRTS-ERA5.monthly_Tmin.2001.07.tif,LOCAL,,,fe04d15a107b2d722e6f98508d8e51c070e300c90afe40e5a3c452dea7c35063,data\raw\climate\chirts_era5\tmin\monthly\CHIRTS-ERA5.monthly_Tmin.2001.07.tif,CHIRTS_ERA5_TMIN,TMIN,2001,7,,VALIDATED_LOCAL,EPSG:4326,7200,2600,"(0.050000000745, 0.0, -180.0, 0.0, -0.050000000745, 70.0, 0.0, 0.0, 1.0)",,float32
https://data.chc.ucsb.edu/experimental/CHIRTS-ERA5/tmin/tifs/monthly/CHIRTS-ERA5.monthly_Tmin.2001.08.tif,LOCAL,,,2b0f076fb1cf864b82ef5b4f99b20cbd6fcbf87bfc00e33caef1904f71fecff3,data\raw\climate\chirts_era5\tmin\monthly\CHIRTS-ERA5.monthly_Tmin.2001.08.tif,CHIRTS_ERA5_TMIN,TMIN,2001,8,,VALIDATED_LOCAL,EPSG:4326,7200,2600,"(0.050000000745, 0.0, -180.0, 0.0, -0.050000000745, 70.0, 0.0, 0.0, 1.0)",,float32
https://data.chc.ucsb.edu/experimental/CHIRTS-ERA5/tmin/tifs/monthly/CHIRTS-ERA5.monthly_Tmin.2001.09.tif,LOCAL,,,a3706f6432d95d884dc2b3104671a8aa2c9713ffa9431fc74ebdd42af8f1ee67,data\raw\climate\chirts_era5\tmin\monthly\CHIRTS-ERA5.monthly_Tmin.2001.09.tif,CHIRTS_ERA5_TMIN,TMIN,2001,9,,VALIDATED_LOCAL,EPSG:4326,7200,2600,"(0.050000000745, 0.0, -180.0, 0.0, -0.050000000745, 70.0, 0.0, 0.0, 1.0)",,float32
https://data.chc.ucsb.edu/experimental/CHIRTS-ERA5/tmin/tifs/monthly/CHIRTS-ERA5.monthly_Tmin.2001.10.tif,LOCAL,,,3874a44448841f24caf4645b18d8241f269dd013eb4f870fb56ced1a6bee507d,data\raw\climate\chirts_era5\tmin\monthly\CHIRTS-ERA5.monthly_Tmin.2001.10.tif,CHIRTS_ERA5_TMIN,TMIN,2001,10,,VALIDATED_LOCAL,EPSG:4326,7200,2600,"(0.050000000745, 0.0, -180.0, 0.0, -0.050000000745, 70.0, 0.0, 0.0, 1.0)",,float32
https://data.chc.ucsb.edu/experimental/CHIRTS-ERA5/tmin/tifs/monthly/CHIRTS-ERA5.monthly_Tmin.2001.11.tif,LOCAL,,,9f07969595370bcaf0a2a81cfb5e6847ddf763dc1a52fa284a36fa0f9aab7cbd,data\raw\climate\chirts_era5\tmin\monthly\CHIRTS-ERA5.monthly_Tmin.2001.11.tif,CHIRTS_ERA5_TMIN,TMIN,2001,11,,VALIDATED_LOCAL,EPSG:4326,7200,2600,"(0.050000000745, 0.0, -180.0, 0.0, -0.050000000745, 70.0, 0.0, 0.0, 1.0)",,float32
https://data.chc.ucsb.edu/experimental/CHIRTS-ERA5/tmin/tifs/monthly/CHIRTS-ERA5.monthly_Tmin.2001.12.tif,LOCAL,,,e447cf9b8119a145c958dc22f50e2ab15d069bfaea86d603a5a322ccaf2e1c28,data\raw\climate\chirts_era5\tmin\monthly\CHIRTS-ERA5.monthly_Tmin.2001.12.tif,CHIRTS_ERA5_TMIN,TMIN,2001,12,,VALIDATED_LOCAL,EPSG:4326,7200,2600,"(0.050000000745, 0.0, -180.0, 0.0, -0.050000000745, 70.0, 0.0, 0.0, 1.0)",,float32
https://data.chc.ucsb.edu/experimental/CHIRTS-ERA5/tmin/tifs/monthly/CHIRTS-ERA5.monthly_Tmin.2002.01.tif,LOCAL,,,ee8d1fe3ace08f07ea68ab6fd5b583b7604dd597cda9037230d2221257aeca6a,data\raw\climate\chirts_era5\tmin\monthly\CHIRTS-ERA5.monthly_Tmin.2002.01.tif,CHIRTS_ERA5_TMIN,TMIN,2002,1,,VALIDATED_LOCAL,EPSG:4326,7200,2600,"(0.050000000745, 0.0, -180.0, 0.0, -0.050000000745, 70.0, 0.0, 0.0, 1.0)",,float32
https://data.chc.ucsb.edu/experimental/CHIRTS-ERA5/tmin/tifs/monthly/CHIRTS-ERA5.monthly_Tmin.2002.02.tif,LOCAL,,,48eac46d19775cb7875e7f1189960e4d5c1ac6c2db2595e544167ae022cb0bb8,data\raw\climate\chirts_era5\tmin\monthly\CHIRTS-ERA5.monthly_Tmin.2002.02.tif,CHIRTS_ERA5_TMIN,TMIN,2002,2,,VALIDATED_LOCAL,EPSG:4326,7200,2600,"(0.050000000745, 0.0, -180.0, 0.0, -0.050000000745, 70.0, 0.0, 0.0, 1.0)",,float32
https://data.chc.ucsb.edu/experimental/CHIRTS-ERA5/tmin/tifs/monthly/CHIRTS-ERA5.monthly_Tmin.2002.03.tif,LOCAL,,,1735609f2424757ae5ecb600cd5cc1d354b7d9c21a98c63cb89b25f81b825201,data\raw\climate\chirts_era5\tmin\monthly\CHIRTS-ERA5.monthly_Tmin.2002.03.tif,CHIRTS_ERA5_TMIN,TMIN,2002,3,,VALIDATED_LOCAL,EPSG:4326,7200,2600,"(0.050000000745, 0.0, -180.0, 0.0, -0.050000000745, 70.0, 0.0, 0.0, 1.0)",,float32
https://data.chc.ucsb.edu/experimental/CHIRTS-ERA5/tmin/tifs/monthly/CHIRTS-ERA5.monthly_Tmin.2002.04.tif,LOCAL,,,0e0950aadb1f57915565715e3401b8e943a17616c6182575deacba38e3a63387,data\raw\climate\chirts_era5\tmin\monthly\CHIRTS-ERA5.monthly_Tmin.2002.04.tif,CHIRTS_ERA5_TMIN,TMIN,2002,4,,VALIDATED_LOCAL,EPSG:4326,7200,2600,"(0.050000000745, 0.0, -180.0, 0.0, -0.050000000745, 70.0, 0.0, 0.0, 1.0)",,float32
https://data.chc.ucsb.edu/experimental/CHIRTS-ERA5/tmin/tifs/monthly/CHIRTS-ERA5.monthly_Tmin.2002.05.tif,LOCAL,,,35199fb7e4ad6b7ed200564f613b37854b76fdbec88b0a1aafa45c3c6f78008e,data\raw\climate\chirts_era5\tmin\monthly\CHIRTS-ERA5.monthly_Tmin.2002.05.tif,CHIRTS_ERA5_TMIN,TMIN,2002,5,,VALIDATED_LOCAL,EPSG:4326,7200,2600,"(0.050000000745, 0.0, -180.0, 0.0, -0.050000000745, 70.0, 0.0, 0.0, 1.0)",,float32
https://data.chc.ucsb.edu/experimental/CHIRTS-ERA5/tmin/tifs/monthly/CHIRTS-ERA5.monthly_Tmin.2002.06.tif,LOCAL,,,c3822f1ff70a97009677ecceabc725bc7e5b320ad77e38a1122051c18a321c2d,data\raw\climate\chirts_era5\tmin\monthly\CHIRTS-ERA5.monthly_Tmin.2002.06.tif,CHIRTS_ERA5_TMIN,TMIN,2002,6,,VALIDATED_LOCAL,EPSG:4326,7200,2600,"(0.050000000745, 0.0, -180.0, 0.0, -0.050000000745, 70.0, 0.0, 0.0, 1.0)",,float32
https://data.chc.ucsb.edu/experimental/CHIRTS-ERA5/tmin/tifs/monthly/CHIRTS-ERA5.monthly_Tmin.2002.07.tif,LOCAL,,,1bf5995dc1a1345cb7f4ac5af1ab8479834dda08a43088304b697bbca553d871,data\raw\climate\chirts_era5\tmin\monthly\CHIRTS-ERA5.monthly_Tmin.2002.07.tif,CHIRTS_ERA5_TMIN,TMIN,2002,7,,VALIDATED_LOCAL,EPSG:4326,7200,2600,"(0.050000000745, 0.0, -180.0, 0.0, -0.050000000745, 70.0, 0.0, 0.0, 1.0)",,float32
https://data.chc.ucsb.edu/experimental/CHIRTS-ERA5/tmin/tifs/monthly/CHIRTS-ERA5.monthly_Tmin.2002.08.tif,LOCAL,,,6c4a476dcac6d8833b99cb0935f5f9da277821afd7b1eac9f31411745ae6b02b,data\raw\climate\chirts_era5\tmin\monthly\CHIRTS-ERA5.monthly_Tmin.2002.08.tif,CHIRTS_ERA5_TMIN,TMIN,2002,8,,VALIDATED_LOCAL,EPSG:4326,7200,2600,"(0.050000000745, 0.0, -180.0, 0.0, -0.050000000745, 70.0, 0.0, 0.0, 1.0)",,float32
https://data.chc.ucsb.edu/experimental/CHIRTS-ERA5/tmin/tifs/monthly/CHIRTS-ERA5.monthly_Tmin.2002.09.tif,LOCAL,,,ae3834d196b75497be1060243709ca37623e6a44dc8737ff95ead42552de4dc1,data\raw\climate\chirts_era5\tmin\monthly\CHIRTS-ERA5.monthly_Tmin.2002.09.tif,CHIRTS_ERA5_TMIN,TMIN,2002,9,,VALIDATED_LOCAL,EPSG:4326,7200,2600,"(0.050000000745, 0.0, -180.0, 0.0, -0.050000000745, 70.0, 0.0, 0.0, 1.0)",,float32
https://data.chc.ucsb.edu/experimental/CHIRTS-ERA5/tmin/tifs/monthly/CHIRTS-ERA5.monthly_Tmin.2002.10.tif,LOCAL,,,f593f39db90e5d4b65552a38ccc066fa93e97d6fd80e668687e6e5a528047a77,data\raw\climate\chirts_era5\tmin\monthly\CHIRTS-ERA5.monthly_Tmin.2002.10.tif,CHIRTS_ERA5_TMIN,TMIN,2002,10,,VALIDATED_LOCAL,EPSG:4326,7200,2600,"(0.050000000745, 0.0, -180.0, 0.0, -0.050000000745, 70.0, 0.0, 0.0, 1.0)",,float32
https://data.chc.ucsb.edu/experimental/CHIRTS-ERA5/tmin/tifs/monthly/CHIRTS-ERA5.monthly_Tmin.2002.11.tif,LOCAL,,,b152bf4aecabce6ea741db57691284f5414f54ea1897ce343ff37fd9e828199e,data\raw\climate\chirts_era5\tmin\monthly\CHIRTS-ERA5.monthly_Tmin.2002.11.tif,CHIRTS_ERA5_TMIN,TMIN,2002,11,,VALIDATED_LOCAL,EPSG:4326,7200,2600,"(0.050000000745, 0.0, -180.0, 0.0, -0.050000000745, 70.0, 0.0, 0.0, 1.0)",,float32
https://data.chc.ucsb.edu/experimental/CHIRTS-ERA5/tmin/tifs/monthly/CHIRTS-ERA5.monthly_Tmin.2002.12.tif,LOCAL,,,4ec76dd5bffa6cf57636ef5163fdaf1264f74e7aec38238d175a3754f05ae5bd,data\raw\climate\chirts_era5\tmin\monthly\CHIRTS-ERA5.monthly_Tmin.2002.12.tif,CHIRTS_ERA5_TMIN,TMIN,2002,12,,VALIDATED_LOCAL,EPSG:4326,7200,2600,"(0.050000000745, 0.0, -180.0, 0.0, -0.050000000745, 70.0, 0.0, 0.0, 1.0)",,float32
https://data.chc.ucsb.edu/experimental/CHIRTS-ERA5/tmin/tifs/monthly/CHIRTS-ERA5.monthly_Tmin.2003.01.tif,LOCAL,,,d3a331736626e0bfed0feacbd78e0e890798e9700a1e627466030f9c53b62964,data\raw\climate\chirts_era5\tmin\monthly\CHIRTS-ERA5.monthly_Tmin.2003.01.tif,CHIRTS_ERA5_TMIN,TMIN,2003,1,,VALIDATED_LOCAL,EPSG:4326,7200,2600,"(0.050000000745, 0.0, -180.0, 0.0, -0.050000000745, 70.0, 0.0, 0.0, 1.0)",,float32
https://data.chc.ucsb.edu/experimental/CHIRTS-ERA5/tmin/tifs/monthly/CHIRTS-ERA5.monthly_Tmin.2003.02.tif,LOCAL,,,415c8650c102be9d6d543c8f7047cf02ebe6782760eacf07abafef23242aee67,data\raw\climate\chirts_era5\tmin\monthly\CHIRTS-ERA5.monthly_Tmin.2003.02.tif,CHIRTS_ERA5_TMIN,TMIN,2003,2,,VALIDATED_LOCAL,EPSG:4326,7200,2600,"(0.050000000745, 0.0, -180.0, 0.0, -0.050000000745, 70.0, 0.0, 0.0, 1.0)",,float32
https://data.chc.ucsb.edu/experimental/CHIRTS-ERA5/tmin/tifs/monthly/CHIRTS-ERA5.monthly_Tmin.2003.03.tif,LOCAL,,,8fcffe790153847518ac6ba7b746f43fb1cd1944f6f6d35eaa460242ea777765,data\raw\climate\chirts_era5\tmin\monthly\CHIRTS-ERA5.monthly_Tmin.2003.03.tif,CHIRTS_ERA5_TMIN,TMIN,2003,3,,VALIDATED_LOCAL,EPSG:4326,7200,2600,"(0.050000000745, 0.0, -180.0, 0.0, -0.050000000745, 70.0, 0.0, 0.0, 1.0)",,float32
https://data.chc.ucsb.edu/experimental/CHIRTS-ERA5/tmin/tifs/monthly/CHIRTS-ERA5.monthly_Tmin.2003.04.tif,LOCAL,,,c0c6f7fd4dd7f5921b68b3520b8d6cb53acacc8a8b8739f65018fd0d547f86ee,data\raw\climate\chirts_era5\tmin\monthly\CHIRTS-ERA5.monthly_Tmin.2003.04.tif,CHIRTS_ERA5_TMIN,TMIN,2003,4,,VALIDATED_LOCAL,EPSG:4326,7200,2600,"(0.050000000745, 0.0, -180.0, 0.0, -0.050000000745, 70.0, 0.0, 0.0, 1.0)",,float32
https://data.chc.ucsb.edu/experimental/CHIRTS-ERA5/tmin/tifs/monthly/CHIRTS-ERA5.monthly_Tmin.2003.05.tif,LOCAL,,,918e0a4812af27542646132ca1646159b9ce67d95579ca161f93945ef48eacf1,data\raw\climate\chirts_era5\tmin\monthly\CHIRTS-ERA5.monthly_Tmin.2003.05.tif,CHIRTS_ERA5_TMIN,TMIN,2003,5,,VALIDATED_LOCAL,EPSG:4326,7200,2600,"(0.050000000745, 0.0, -180.0, 0.0, -0.050000000745, 70.0, 0.0, 0.0, 1.0)",,float32
https://data.chc.ucsb.edu/experimental/CHIRTS-ERA5/tmin/tifs/monthly/CHIRTS-ERA5.monthly_Tmin.2003.06.tif,LOCAL,,,88dc93f4732baf0ae037c3b2f9340f8bbc35bac9529816a96b6e976b53fc1897,data\raw\climate\chirts_era5\tmin\monthly\CHIRTS-ERA5.monthly_Tmin.2003.06.tif,CHIRTS_ERA5_TMIN,TMIN,2003,6,,VALIDATED_LOCAL,EPSG:4326,7200,2600,"(0.050000000745, 0.0, -180.0, 0.0, -0.050000000745, 70.0, 0.0, 0.0, 1.0)",,float32
https://data.chc.ucsb.edu/experimental/CHIRTS-ERA5/tmin/tifs/monthly/CHIRTS-ERA5.monthly_Tmin.2003.07.tif,LOCAL,,,085d6cadfb82f3d5915e2656d143d6ab0bc3433193c81f6e7e0a815cf870c8d4,data\raw\climate\chirts_era5\tmin\monthly\CHIRTS-ERA5.monthly_Tmin.2003.07.tif,CHIRTS_ERA5_TMIN,TMIN,2003,7,,VALIDATED_LOCAL,EPSG:4326,7200,2600,"(0.050000000745, 0.0, -180.0, 0.0, -0.050000000745, 70.0, 0.0, 0.0, 1.0)",,float32
https://data.chc.ucsb.edu/experimental/CHIRTS-ERA5/tmin/tifs/monthly/CHIRTS-ERA5.monthly_Tmin.2003.08.tif,LOCAL,,,ae09725ba1f5a98d86c0578c97def0d866b90c609c8ca7fdb296edd8145b867d,data\raw\climate\chirts_era5\tmin\monthly\CHIRTS-ERA5.monthly_Tmin.2003.08.tif,CHIRTS_ERA5_TMIN,TMIN,2003,8,,VALIDATED_LOCAL,EPSG:4326,7200,2600,"(0.050000000745, 0.0, -180.0, 0.0, -0.050000000745, 70.0, 0.0, 0.0, 1.0)",,float32
https://data.chc.ucsb.edu/experimental/CHIRTS-ERA5/tmin/tifs/monthly/CHIRTS-ERA5.monthly_Tmin.2003.09.tif,LOCAL,,,42aa8d0836703f0b1efa9c6ce6d1c738b0dfbd5540d96bdc2b9ad0144458d218,data\raw\climate\chirts_era5\tmin\monthly\CHIRTS-ERA5.monthly_Tmin.2003.09.tif,CHIRTS_ERA5_TMIN,TMIN,2003,9,,VALIDATED_LOCAL,EPSG:4326,7200,2600,"(0.050000000745, 0.0, -180.0, 0.0, -0.050000000745, 70.0, 0.0, 0.0, 1.0)",,float32
https://data.chc.ucsb.edu/experimental/CHIRTS-ERA5/tmin/tifs/monthly/CHIRTS-ERA5.monthly_Tmin.2003.10.tif,LOCAL,,,60e03152c490bede854b92a1a067da82b50f09a82045c1db1618b9ead1731fb3,data\raw\climate\chirts_era5\tmin\monthly\CHIRTS-ERA5.monthly_Tmin.2003.10.tif,CHIRTS_ERA5_TMIN,TMIN,2003,10,,VALIDATED_LOCAL,EPSG:4326,7200,2600,"(0.050000000745, 0.0, -180.0, 0.0, -0.050000000745, 70.0, 0.0, 0.0, 1.0)",,float32
https://data.chc.ucsb.edu/experimental/CHIRTS-ERA5/tmin/tifs/monthly/CHIRTS-ERA5.monthly_Tmin.2003.11.tif,LOCAL,,,92ea829df1f1fec835a403e39cf00695d70d6538978bf306cd79b1406af287aa,data\raw\climate\chirts_era5\tmin\monthly\CHIRTS-ERA5.monthly_Tmin.2003.11.tif,CHIRTS_ERA5_TMIN,TMIN,2003,11,,VALIDATED_LOCAL,EPSG:4326,7200,2600,"(0.050000000745, 0.0, -180.0, 0.0, -0.050000000745, 70.0, 0.0, 0.0, 1.0)",,float32
https://data.chc.ucsb.edu/experimental/CHIRTS-ERA5/tmin/tifs/monthly/CHIRTS-ERA5.monthly_Tmin.2003.12.tif,LOCAL,,,989e9ee22e26dd28327dabe9006c4aad71866344faaae112ed6010274908efdc,data\raw\climate\chirts_era5\tmin\monthly\CHIRTS-ERA5.monthly_Tmin.2003.12.tif,CHIRTS_ERA5_TMIN,TMIN,2003,12,,VALIDATED_LOCAL,EPSG:4326,7200,2600,"(0.050000000745, 0.0, -180.0, 0.0, -0.050000000745, 70.0, 0.0, 0.0, 1.0)",,float32
https://data.chc.ucsb.edu/experimental/CHIRTS-ERA5/tmin/tifs/monthly/CHIRTS-ERA5.monthly_Tmin.2004.01.tif,LOCAL,,,ff5850adc00337c89e25aa8ea806edf206399cd02061feda94577040f52406bf,data\raw\climate\chirts_era5\tmin\monthly\CHIRTS-ERA5.monthly_Tmin.2004.01.tif,CHIRTS_ERA5_TMIN,TMIN,2004,1,,VALIDATED_LOCAL,EPSG:4326,7200,2600,"(0.050000000745, 0.0, -180.0, 0.0, -0.050000000745, 70.0, 0.0, 0.0, 1.0)",,float32
https://data.chc.ucsb.edu/experimental/CHIRTS-ERA5/tmin/tifs/monthly/CHIRTS-ERA5.monthly_Tmin.2004.02.tif,LOCAL,,,438b122e79b3ca2ecfc2e27834ead5612b494c504ff1d62e8609f04cf8a02c46,data\raw\climate\chirts_era5\tmin\monthly\CHIRTS-ERA5.monthly_Tmin.2004.02.tif,CHIRTS_ERA5_TMIN,TMIN,2004,2,,VALIDATED_LOCAL,EPSG:4326,7200,2600,"(0.050000000745, 0.0, -180.0, 0.0, -0.050000000745, 70.0, 0.0, 0.0, 1.0)",,float32
https://data.chc.ucsb.edu/experimental/CHIRTS-ERA5/tmin/tifs/monthly/CHIRTS-ERA5.monthly_Tmin.2004.03.tif,LOCAL,,,2fcc23113623f4aa3372275bb7f5914b40ae6eb3c651ca57c862a5289fba164d,data\raw\climate\chirts_era5\tmin\monthly\CHIRTS-ERA5.monthly_Tmin.2004.03.tif,CHIRTS_ERA5_TMIN,TMIN,2004,3,,VALIDATED_LOCAL,EPSG:4326,7200,2600,"(0.050000000745, 0.0, -180.0, 0.0, -0.050000000745, 70.0, 0.0, 0.0, 1.0)",,float32
https://data.chc.ucsb.edu/experimental/CHIRTS-ERA5/tmin/tifs/monthly/CHIRTS-ERA5.monthly_Tmin.2004.04.tif,LOCAL,,,8a7949fe20597b0d2f47964e12574cb13414a78ad4da55748aad892adf23ccef,data\raw\climate\chirts_era5\tmin\monthly\CHIRTS-ERA5.monthly_Tmin.2004.04.tif,CHIRTS_ERA5_TMIN,TMIN,2004,4,,VALIDATED_LOCAL,EPSG:4326,7200,2600,"(0.050000000745, 0.0, -180.0, 0.0, -0.050000000745, 70.0, 0.0, 0.0, 1.0)",,float32
https://data.chc.ucsb.edu/experimental/CHIRTS-ERA5/tmin/tifs/monthly/CHIRTS-ERA5.monthly_Tmin.2004.05.tif,LOCAL,,,ac7e89eced695987c0e5cc5591c733ca19d5b737f28b0e5ed806be2bac0303b1,data\raw\climate\chirts_era5\tmin\monthly\CHIRTS-ERA5.monthly_Tmin.2004.05.tif,CHIRTS_ERA5_TMIN,TMIN,2004,5,,VALIDATED_LOCAL,EPSG:4326,7200,2600,"(0.050000000745, 0.0, -180.0, 0.0, -0.050000000745, 70.0, 0.0, 0.0, 1.0)",,float32
https://data.chc.ucsb.edu/experimental/CHIRTS-ERA5/tmin/tifs/monthly/CHIRTS-ERA5.monthly_Tmin.2004.06.tif,LOCAL,,,dd849370d4177b50ba255f670724e4095a8aefc821abd2193adcac13e7775d71,data\raw\climate\chirts_era5\tmin\monthly\CHIRTS-ERA5.monthly_Tmin.2004.06.tif,CHIRTS_ERA5_TMIN,TMIN,2004,6,,VALIDATED_LOCAL,EPSG:4326,7200,2600,"(0.050000000745, 0.0, -180.0, 0.0, -0.050000000745, 70.0, 0.0, 0.0, 1.0)",,float32
https://data.chc.ucsb.edu/experimental/CHIRTS-ERA5/tmin/tifs/monthly/CHIRTS-ERA5.monthly_Tmin.2004.07.tif,LOCAL,,,a2e2d5939cd9bc0ce9966212e708231da2b751a1b16a63d7368b72a35de117d0,data\raw\climate\chirts_era5\tmin\monthly\CHIRTS-ERA5.monthly_Tmin.2004.07.tif,CHIRTS_ERA5_TMIN,TMIN,2004,7,,VALIDATED_LOCAL,EPSG:4326,7200,2600,"(0.050000000745, 0.0, -180.0, 0.0, -0.050000000745, 70.0, 0.0, 0.0, 1.0)",,float32
https://data.chc.ucsb.edu/experimental/CHIRTS-ERA5/tmin/tifs/monthly/CHIRTS-ERA5.monthly_Tmin.2004.08.tif,LOCAL,,,079cbcb1bfd209a5e664abe4b0cf449ec6a78020a6af1165a9b990b092c457a0,data\raw\climate\chirts_era5\tmin\monthly\CHIRTS-ERA5.monthly_Tmin.2004.08.tif,CHIRTS_ERA5_TMIN,TMIN,2004,8,,VALIDATED_LOCAL,EPSG:4326,7200,2600,"(0.050000000745, 0.0, -180.0, 0.0, -0.050000000745, 70.0, 0.0, 0.0, 1.0)",,float32
https://data.chc.ucsb.edu/experimental/CHIRTS-ERA5/tmin/tifs/monthly/CHIRTS-ERA5.monthly_Tmin.2004.09.tif,LOCAL,,,2580572ddd578dacd5b645d6d45641c17fd67b7fdc3944fe50d29ea40004b77e,data\raw\climate\chirts_era5\tmin\monthly\CHIRTS-ERA5.monthly_Tmin.2004.09.tif,CHIRTS_ERA5_TMIN,TMIN,2004,9,,VALIDATED_LOCAL,EPSG:4326,7200,2600,"(0.050000000745, 0.0, -180.0, 0.0, -0.050000000745, 70.0, 0.0, 0.0, 1.0)",,float32
https://data.chc.ucsb.edu/experimental/CHIRTS-ERA5/tmin/tifs/monthly/CHIRTS-ERA5.monthly_Tmin.2004.10.tif,LOCAL,,,a4ccb1bca5842e664d7572e0ea33fcfa1cdb66ae9ed9b86b409c58f9781e7f11,data\raw\climate\chirts_era5\tmin\monthly\CHIRTS-ERA5.monthly_Tmin.2004.10.tif,CHIRTS_ERA5_TMIN,TMIN,2004,10,,VALIDATED_LOCAL,EPSG:4326,7200,2600,"(0.050000000745, 0.0, -180.0, 0.0, -0.050000000745, 70.0, 0.0, 0.0, 1.0)",,float32
https://data.chc.ucsb.edu/experimental/CHIRTS-ERA5/tmin/tifs/monthly/CHIRTS-ERA5.monthly_Tmin.2004.11.tif,LOCAL,,,93dc631a0580c69650c2cd0d194033febc9d87456d5ebae88fcf60658ef04901,data\raw\climate\chirts_era5\tmin\monthly\CHIRTS-ERA5.monthly_Tmin.2004.11.tif,CHIRTS_ERA5_TMIN,TMIN,2004,11,,VALIDATED_LOCAL,EPSG:4326,7200,2600,"(0.050000000745, 0.0, -180.0, 0.0, -0.050000000745, 70.0, 0.0, 0.0, 1.0)",,float32
https://data.chc.ucsb.edu/experimental/CHIRTS-ERA5/tmin/tifs/monthly/CHIRTS-ERA5.monthly_Tmin.2004.12.tif,LOCAL,,,402e734ea0730abd132b010697fd6937018e85a7d7498d09830ab2fecb450c11,data\raw\climate\chirts_era5\tmin\monthly\CHIRTS-ERA5.monthly_Tmin.2004.12.tif,CHIRTS_ERA5_TMIN,TMIN,2004,12,,VALIDATED_LOCAL,EPSG:4326,7200,2600,"(0.050000000745, 0.0, -180.0, 0.0, -0.050000000745, 70.0, 0.0, 0.0, 1.0)",,float32
https://data.chc.ucsb.edu/experimental/CHIRTS-ERA5/tmin/tifs/monthly/CHIRTS-ERA5.monthly_Tmin.2005.01.tif,LOCAL,,,aa9269914c9af6a8d1a0d9028fe30f00680c752fa3c93e95447d09e95988115b,data\raw\climate\chirts_era5\tmin\monthly\CHIRTS-ERA5.monthly_Tmin.2005.01.tif,CHIRTS_ERA5_TMIN,TMIN,2005,1,,VALIDATED_LOCAL,EPSG:4326,7200,2600,"(0.050000000745, 0.0, -180.0, 0.0, -0.050000000745, 70.0, 0.0, 0.0, 1.0)",,float32
https://data.chc.ucsb.edu/experimental/CHIRTS-ERA5/tmin/tifs/monthly/CHIRTS-ERA5.monthly_Tmin.2005.02.tif,LOCAL,,,3a1cc0a027f89dd0814d43fa7247f22250f42066ee0dcae260f1433fa5b212ba,data\raw\climate\chirts_era5\tmin\monthly\CHIRTS-ERA5.monthly_Tmin.2005.02.tif,CHIRTS_ERA5_TMIN,TMIN,2005,2,,VALIDATED_LOCAL,EPSG:4326,7200,2600,"(0.050000000745, 0.0, -180.0, 0.0, -0.050000000745, 70.0, 0.0, 0.0, 1.0)",,float32
https://data.chc.ucsb.edu/experimental/CHIRTS-ERA5/tmin/tifs/monthly/CHIRTS-ERA5.monthly_Tmin.2005.03.tif,LOCAL,,,c6eb813c03e9931d744b0e85b6a060415fe62eec85cb7f2d082ebc28c2162464,data\raw\climate\chirts_era5\tmin\monthly\CHIRTS-ERA5.monthly_Tmin.2005.03.tif,CHIRTS_ERA5_TMIN,TMIN,2005,3,,VALIDATED_LOCAL,EPSG:4326,7200,2600,"(0.050000000745, 0.0, -180.0, 0.0, -0.050000000745, 70.0, 0.0, 0.0, 1.0)",,float32
https://data.chc.ucsb.edu/experimental/CHIRTS-ERA5/tmin/tifs/monthly/CHIRTS-ERA5.monthly_Tmin.2005.04.tif,LOCAL,,,c9ed260e7260592e7e645e8e7838c963a27c388dc74e7e0c8b589e31a3947005,data\raw\climate\chirts_era5\tmin\monthly\CHIRTS-ERA5.monthly_Tmin.2005.04.tif,CHIRTS_ERA5_TMIN,TMIN,2005,4,,VALIDATED_LOCAL,EPSG:4326,7200,2600,"(0.050000000745, 0.0, -180.0, 0.0, -0.050000000745, 70.0, 0.0, 0.0, 1.0)",,float32
https://data.chc.ucsb.edu/experimental/CHIRTS-ERA5/tmin/tifs/monthly/CHIRTS-ERA5.monthly_Tmin.2005.05.tif,LOCAL,,,ebb51edbccf973efb48d391d819c84dd5012e90d0407adb0db932430a7fb9695,data\raw\climate\chirts_era5\tmin\monthly\CHIRTS-ERA5.monthly_Tmin.2005.05.tif,CHIRTS_ERA5_TMIN,TMIN,2005,5,,VALIDATED_LOCAL,EPSG:4326,7200,2600,"(0.050000000745, 0.0, -180.0, 0.0, -0.050000000745, 70.0, 0.0, 0.0, 1.0)",,float32
https://data.chc.ucsb.edu/experimental/CHIRTS-ERA5/tmin/tifs/monthly/CHIRTS-ERA5.monthly_Tmin.2005.06.tif,LOCAL,,,ea0407cbdd5b9a06ed55b4107fb80a3c74f3c75a2aa5b705dc85331f28102db1,data\raw\climate\chirts_era5\tmin\monthly\CHIRTS-ERA5.monthly_Tmin.2005.06.tif,CHIRTS_ERA5_TMIN,TMIN,2005,6,,VALIDATED_LOCAL,EPSG:4326,7200,2600,"(0.050000000745, 0.0, -180.0, 0.0, -0.050000000745, 70.0, 0.0, 0.0, 1.0)",,float32
https://data.chc.ucsb.edu/experimental/CHIRTS-ERA5/tmin/tifs/monthly/CHIRTS-ERA5.monthly_Tmin.2005.07.tif,LOCAL,,,469acd5fd4aac42b9c6611fdbfe96579d56c69b939d8cd6c17226cfe6664679b,data\raw\climate\chirts_era5\tmin\monthly\CHIRTS-ERA5.monthly_Tmin.2005.07.tif,CHIRTS_ERA5_TMIN,TMIN,2005,7,,VALIDATED_LOCAL,EPSG:4326,7200,2600,"(0.050000000745, 0.0, -180.0, 0.0, -0.050000000745, 70.0, 0.0, 0.0, 1.0)",,float32
https://data.chc.ucsb.edu/experimental/CHIRTS-ERA5/tmin/tifs/monthly/CHIRTS-ERA5.monthly_Tmin.2005.08.tif,LOCAL,,,b1a3cbcdb9161e5f646efa1419876a5824505a3554d09fec983f86b73ef9d945,data\raw\climate\chirts_era5\tmin\monthly\CHIRTS-ERA5.monthly_Tmin.2005.08.tif,CHIRTS_ERA5_TMIN,TMIN,2005,8,,VALIDATED_LOCAL,EPSG:4326,7200,2600,"(0.050000000745, 0.0, -180.0, 0.0, -0.050000000745, 70.0, 0.0, 0.0, 1.0)",,float32
https://data.chc.ucsb.edu/experimental/CHIRTS-ERA5/tmin/tifs/monthly/CHIRTS-ERA5.monthly_Tmin.2005.09.tif,LOCAL,,,0f6b62b9dcaaa6124ab9bb5e13f1e677bc9a7062faeaaa3f605bd423d18ebca2,data\raw\climate\chirts_era5\tmin\monthly\CHIRTS-ERA5.monthly_Tmin.2005.09.tif,CHIRTS_ERA5_TMIN,TMIN,2005,9,,VALIDATED_LOCAL,EPSG:4326,7200,2600,"(0.050000000745, 0.0, -180.0, 0.0, -0.050000000745, 70.0, 0.0, 0.0, 1.0)",,float32
https://data.chc.ucsb.edu/experimental/CHIRTS-ERA5/tmin/tifs/monthly/CHIRTS-ERA5.monthly_Tmin.2005.10.tif,LOCAL,,,d0d6f4ec44cc975cc38d03c9de5ecafd3e4cdd77b743ff03f02896165a2682d7,data\raw\climate\chirts_era5\tmin\monthly\CHIRTS-ERA5.monthly_Tmin.2005.10.tif,CHIRTS_ERA5_TMIN,TMIN,2005,10,,VALIDATED_LOCAL,EPSG:4326,7200,2600,"(0.050000000745, 0.0, -180.0, 0.0, -0.050000000745, 70.0, 0.0, 0.0, 1.0)",,float32
https://data.chc.ucsb.edu/experimental/CHIRTS-ERA5/tmin/tifs/monthly/CHIRTS-ERA5.monthly_Tmin.2005.11.tif,LOCAL,,,7ec43fee53b1e6d39c170d036342125a53fa17eca8afbebcaf7300aa18bd94b7,data\raw\climate\chirts_era5\tmin\monthly\CHIRTS-ERA5.monthly_Tmin.2005.11.tif,CHIRTS_ERA5_TMIN,TMIN,2005,11,,VALIDATED_LOCAL,EPSG:4326,7200,2600,"(0.050000000745, 0.0, -180.0, 0.0, -0.050000000745, 70.0, 0.0, 0.0, 1.0)",,float32
https://data.chc.ucsb.edu/experimental/CHIRTS-ERA5/tmin/tifs/monthly/CHIRTS-ERA5.monthly_Tmin.2005.12.tif,LOCAL,,,61e0a9422c3a8d740b6baec594693cd8483c55e7250ad184003fc5e7e88ca720,data\raw\climate\chirts_era5\tmin\monthly\CHIRTS-ERA5.monthly_Tmin.2005.12.tif,CHIRTS_ERA5_TMIN,TMIN,2005,12,,VALIDATED_LOCAL,EPSG:4326,7200,2600,"(0.050000000745, 0.0, -180.0, 0.0, -0.050000000745, 70.0, 0.0, 0.0, 1.0)",,float32
https://data.chc.ucsb.edu/experimental/CHIRTS-ERA5/tmin/tifs/monthly/CHIRTS-ERA5.monthly_Tmin.2006.01.tif,LOCAL,,,f2763de0765874b3fa6c9ab45caf47cf6fa174ada77d8c86c0c9f41848094bd8,data\raw\climate\chirts_era5\tmin\monthly\CHIRTS-ERA5.monthly_Tmin.2006.01.tif,CHIRTS_ERA5_TMIN,TMIN,2006,1,,VALIDATED_LOCAL,EPSG:4326,7200,2600,"(0.050000000745, 0.0, -180.0, 0.0, -0.050000000745, 70.0, 0.0, 0.0, 1.0)",,float32
https://data.chc.ucsb.edu/experimental/CHIRTS-ERA5/tmin/tifs/monthly/CHIRTS-ERA5.monthly_Tmin.2006.02.tif,LOCAL,,,55408b0b1912a1ce10ab565e6e3de07833a1ca79c96de2a076bf498366ebcf7c,data\raw\climate\chirts_era5\tmin\monthly\CHIRTS-ERA5.monthly_Tmin.2006.02.tif,CHIRTS_ERA5_TMIN,TMIN,2006,2,,VALIDATED_LOCAL,EPSG:4326,7200,2600,"(0.050000000745, 0.0, -180.0, 0.0, -0.050000000745, 70.0, 0.0, 0.0, 1.0)",,float32
https://data.chc.ucsb.edu/experimental/CHIRTS-ERA5/tmin/tifs/monthly/CHIRTS-ERA5.monthly_Tmin.2006.03.tif,LOCAL,,,b8f64abaef60b4951fe885a6981fa42006063b956385519533af897be4730ee7,data\raw\climate\chirts_era5\tmin\monthly\CHIRTS-ERA5.monthly_Tmin.2006.03.tif,CHIRTS_ERA5_TMIN,TMIN,2006,3,,VALIDATED_LOCAL,EPSG:4326,7200,2600,"(0.050000000745, 0.0, -180.0, 0.0, -0.050000000745, 70.0, 0.0, 0.0, 1.0)",,float32
https://data.chc.ucsb.edu/experimental/CHIRTS-ERA5/tmin/tifs/monthly/CHIRTS-ERA5.monthly_Tmin.2006.04.tif,LOCAL,,,a1c16342b852199082ef95675c49e0f6f89b30a95d838e8433e128ef96ddd63c,data\raw\climate\chirts_era5\tmin\monthly\CHIRTS-ERA5.monthly_Tmin.2006.04.tif,CHIRTS_ERA5_TMIN,TMIN,2006,4,,VALIDATED_LOCAL,EPSG:4326,7200,2600,"(0.050000000745, 0.0, -180.0, 0.0, -0.050000000745, 70.0, 0.0, 0.0, 1.0)",,float32
https://data.chc.ucsb.edu/experimental/CHIRTS-ERA5/tmin/tifs/monthly/CHIRTS-ERA5.monthly_Tmin.2006.05.tif,LOCAL,,,41444bbc9ecd328e67b00a27915b412b823633c25c56c4e138474020d25b88a4,data\raw\climate\chirts_era5\tmin\monthly\CHIRTS-ERA5.monthly_Tmin.2006.05.tif,CHIRTS_ERA5_TMIN,TMIN,2006,5,,VALIDATED_LOCAL,EPSG:4326,7200,2600,"(0.050000000745, 0.0, -180.0, 0.0, -0.050000000745, 70.0, 0.0, 0.0, 1.0)",,float32
https://data.chc.ucsb.edu/experimental/CHIRTS-ERA5/tmin/tifs/monthly/CHIRTS-ERA5.monthly_Tmin.2006.06.tif,LOCAL,,,7816147bfd5feb26b13872679b947cb331465e0901ec6bde3acf8f169408c234,data\raw\climate\chirts_era5\tmin\monthly\CHIRTS-ERA5.monthly_Tmin.2006.06.tif,CHIRTS_ERA5_TMIN,TMIN,2006,6,,VALIDATED_LOCAL,EPSG:4326,7200,2600,"(0.050000000745, 0.0, -180.0, 0.0, -0.050000000745, 70.0, 0.0, 0.0, 1.0)",,float32
https://data.chc.ucsb.edu/experimental/CHIRTS-ERA5/tmin/tifs/monthly/CHIRTS-ERA5.monthly_Tmin.2006.07.tif,LOCAL,,,a5f8c7e3f09112faa8006150e53573f437c3d55362593b7df6d0477fc702708d,data\raw\climate\chirts_era5\tmin\monthly\CHIRTS-ERA5.monthly_Tmin.2006.07.tif,CHIRTS_ERA5_TMIN,TMIN,2006,7,,VALIDATED_LOCAL,EPSG:4326,7200,2600,"(0.050000000745, 0.0, -180.0, 0.0, -0.050000000745, 70.0, 0.0, 0.0, 1.0)",,float32
https://data.chc.ucsb.edu/experimental/CHIRTS-ERA5/tmin/tifs/monthly/CHIRTS-ERA5.monthly_Tmin.2006.08.tif,LOCAL,,,eabd6662b43af90b19b4b314115979a0ea6739c355d2d7dc188173a908cfde40,data\raw\climate\chirts_era5\tmin\monthly\CHIRTS-ERA5.monthly_Tmin.2006.08.tif,CHIRTS_ERA5_TMIN,TMIN,2006,8,,VALIDATED_LOCAL,EPSG:4326,7200,2600,"(0.050000000745, 0.0, -180.0, 0.0, -0.050000000745, 70.0, 0.0, 0.0, 1.0)",,float32
https://data.chc.ucsb.edu/experimental/CHIRTS-ERA5/tmin/tifs/monthly/CHIRTS-ERA5.monthly_Tmin.2006.09.tif,LOCAL,,,9f9e02c139ce9231d63dc3322d518046b586d1f4ff81f875e04dd73746736380,data\raw\climate\chirts_era5\tmin\monthly\CHIRTS-ERA5.monthly_Tmin.2006.09.tif,CHIRTS_ERA5_TMIN,TMIN,2006,9,,VALIDATED_LOCAL,EPSG:4326,7200,2600,"(0.050000000745, 0.0, -180.0, 0.0, -0.050000000745, 70.0, 0.0, 0.0, 1.0)",,float32
https://data.chc.ucsb.edu/experimental/CHIRTS-ERA5/tmin/tifs/monthly/CHIRTS-ERA5.monthly_Tmin.2006.10.tif,LOCAL,,,c681efef9d30da98826230732d2786f8269c4e6d9d3b385d607f12ea4c656a2a,data\raw\climate\chirts_era5\tmin\monthly\CHIRTS-ERA5.monthly_Tmin.2006.10.tif,CHIRTS_ERA5_TMIN,TMIN,2006,10,,VALIDATED_LOCAL,EPSG:4326,7200,2600,"(0.050000000745, 0.0, -180.0, 0.0, -0.050000000745, 70.0, 0.0, 0.0, 1.0)",,float32
https://data.chc.ucsb.edu/experimental/CHIRTS-ERA5/tmin/tifs/monthly/CHIRTS-ERA5.monthly_Tmin.2006.11.tif,LOCAL,,,0e655e9fd3b86e8d8ba65bce7fbd1850df748580e274bd9c673cc0573d3046b5,data\raw\climate\chirts_era5\tmin\monthly\CHIRTS-ERA5.monthly_Tmin.2006.11.tif,CHIRTS_ERA5_TMIN,TMIN,2006,11,,VALIDATED_LOCAL,EPSG:4326,7200,2600,"(0.050000000745, 0.0, -180.0, 0.0, -0.050000000745, 70.0, 0.0, 0.0, 1.0)",,float32
https://data.chc.ucsb.edu/experimental/CHIRTS-ERA5/tmin/tifs/monthly/CHIRTS-ERA5.monthly_Tmin.2006.12.tif,LOCAL,,,ccb3e08b971358de4e5bf0dbb1fe190fa4bc3b1f4464875dba1a5a3428931aa1,data\raw\climate\chirts_era5\tmin\monthly\CHIRTS-ERA5.monthly_Tmin.2006.12.tif,CHIRTS_ERA5_TMIN,TMIN,2006,12,,VALIDATED_LOCAL,EPSG:4326,7200,2600,"(0.050000000745, 0.0, -180.0, 0.0, -0.050000000745, 70.0, 0.0, 0.0, 1.0)",,float32
https://data.chc.ucsb.edu/experimental/CHIRTS-ERA5/tmin/tifs/monthly/CHIRTS-ERA5.monthly_Tmin.2007.01.tif,LOCAL,,,a606059e2c822d10a7cbe96f255d334d708fdd5486ad6326fa3d61d635c3a6fd,data\raw\climate\chirts_era5\tmin\monthly\CHIRTS-ERA5.monthly_Tmin.2007.01.tif,CHIRTS_ERA5_TMIN,TMIN,2007,1,,VALIDATED_LOCAL,EPSG:4326,7200,2600,"(0.050000000745, 0.0, -180.0, 0.0, -0.050000000745, 70.0, 0.0, 0.0, 1.0)",,float32
https://data.chc.ucsb.edu/experimental/CHIRTS-ERA5/tmin/tifs/monthly/CHIRTS-ERA5.monthly_Tmin.2007.02.tif,LOCAL,,,ca59cb31a44fefc267c2478a33c94434854d36cf2fc5d2850157ba3c1c20f1c5,data\raw\climate\chirts_era5\tmin\monthly\CHIRTS-ERA5.monthly_Tmin.2007.02.tif,CHIRTS_ERA5_TMIN,TMIN,2007,2,,VALIDATED_LOCAL,EPSG:4326,7200,2600,"(0.050000000745, 0.0, -180.0, 0.0, -0.050000000745, 70.0, 0.0, 0.0, 1.0)",,float32
https://data.chc.ucsb.edu/experimental/CHIRTS-ERA5/tmin/tifs/monthly/CHIRTS-ERA5.monthly_Tmin.2007.03.tif,LOCAL,,,3464d17e6e59ea0bf96463fbd92e340aee47f12467ebae32054eaa4902d09458,data\raw\climate\chirts_era5\tmin\monthly\CHIRTS-ERA5.monthly_Tmin.2007.03.tif,CHIRTS_ERA5_TMIN,TMIN,2007,3,,VALIDATED_LOCAL,EPSG:4326,7200,2600,"(0.050000000745, 0.0, -180.0, 0.0, -0.050000000745, 70.0, 0.0, 0.0, 1.0)",,float32
https://data.chc.ucsb.edu/experimental/CHIRTS-ERA5/tmin/tifs/monthly/CHIRTS-ERA5.monthly_Tmin.2007.04.tif,LOCAL,,,09bb0408a274b0b81032936fc9329c212765b8c02ee94c72f2eb73b5dff621fb,data\raw\climate\chirts_era5\tmin\monthly\CHIRTS-ERA5.monthly_Tmin.2007.04.tif,CHIRTS_ERA5_TMIN,TMIN,2007,4,,VALIDATED_LOCAL,EPSG:4326,7200,2600,"(0.050000000745, 0.0, -180.0, 0.0, -0.050000000745, 70.0, 0.0, 0.0, 1.0)",,float32
https://data.chc.ucsb.edu/experimental/CHIRTS-ERA5/tmin/tifs/monthly/CHIRTS-ERA5.monthly_Tmin.2007.05.tif,LOCAL,,,547e8cff78ba8dfeefc7121d0fdb44c8488bb3e38c164473f76f62a9bdce28a3,data\raw\climate\chirts_era5\tmin\monthly\CHIRTS-ERA5.monthly_Tmin.2007.05.tif,CHIRTS_ERA5_TMIN,TMIN,2007,5,,VALIDATED_LOCAL,EPSG:4326,7200,2600,"(0.050000000745, 0.0, -180.0, 0.0, -0.050000000745, 70.0, 0.0, 0.0, 1.0)",,float32
https://data.chc.ucsb.edu/experimental/CHIRTS-ERA5/tmin/tifs/monthly/CHIRTS-ERA5.monthly_Tmin.2007.06.tif,LOCAL,,,e404f082dc8c3427ee78469979888e848e5c80107dd435aee6bfcef90dd8d3fb,data\raw\climate\chirts_era5\tmin\monthly\CHIRTS-ERA5.monthly_Tmin.2007.06.tif,CHIRTS_ERA5_TMIN,TMIN,2007,6,,VALIDATED_LOCAL,EPSG:4326,7200,2600,"(0.050000000745, 0.0, -180.0, 0.0, -0.050000000745, 70.0, 0.0, 0.0, 1.0)",,float32
https://data.chc.ucsb.edu/experimental/CHIRTS-ERA5/tmin/tifs/monthly/CHIRTS-ERA5.monthly_Tmin.2007.07.tif,LOCAL,,,a61daacd4faffadbf8fcad629d9fe72f43a215e606b0ed37881d220d4bad341b,data\raw\climate\chirts_era5\tmin\monthly\CHIRTS-ERA5.monthly_Tmin.2007.07.tif,CHIRTS_ERA5_TMIN,TMIN,2007,7,,VALIDATED_LOCAL,EPSG:4326,7200,2600,"(0.050000000745, 0.0, -180.0, 0.0, -0.050000000745, 70.0, 0.0, 0.0, 1.0)",,float32
https://data.chc.ucsb.edu/experimental/CHIRTS-ERA5/tmin/tifs/monthly/CHIRTS-ERA5.monthly_Tmin.2007.08.tif,LOCAL,,,59983bf081894a9fd20323baa131bcfe027e31226908091edef90a8384370e7e,data\raw\climate\chirts_era5\tmin\monthly\CHIRTS-ERA5.monthly_Tmin.2007.08.tif,CHIRTS_ERA5_TMIN,TMIN,2007,8,,VALIDATED_LOCAL,EPSG:4326,7200,2600,"(0.050000000745, 0.0, -180.0, 0.0, -0.050000000745, 70.0, 0.0, 0.0, 1.0)",,float32
https://data.chc.ucsb.edu/experimental/CHIRTS-ERA5/tmin/tifs/monthly/CHIRTS-ERA5.monthly_Tmin.2007.09.tif,LOCAL,,,256ad2c3b5bc7c8b598191ee393926505898d27c1ff89a3de37e78ceed1dfcc8,data\raw\climate\chirts_era5\tmin\monthly\CHIRTS-ERA5.monthly_Tmin.2007.09.tif,CHIRTS_ERA5_TMIN,TMIN,2007,9,,VALIDATED_LOCAL,EPSG:4326,7200,2600,"(0.050000000745, 0.0, -180.0, 0.0, -0.050000000745, 70.0, 0.0, 0.0, 1.0)",,float32
https://data.chc.ucsb.edu/experimental/CHIRTS-ERA5/tmin/tifs/monthly/CHIRTS-ERA5.monthly_Tmin.2007.10.tif,LOCAL,,,07fc0fdfb1db1c643434ef19ae50002790fff03ba3a8df0ed36025f605e6a956,data\raw\climate\chirts_era5\tmin\monthly\CHIRTS-ERA5.monthly_Tmin.2007.10.tif,CHIRTS_ERA5_TMIN,TMIN,2007,10,,VALIDATED_LOCAL,EPSG:4326,7200,2600,"(0.050000000745, 0.0, -180.0, 0.0, -0.050000000745, 70.0, 0.0, 0.0, 1.0)",,float32
https://data.chc.ucsb.edu/experimental/CHIRTS-ERA5/tmin/tifs/monthly/CHIRTS-ERA5.monthly_Tmin.2007.11.tif,LOCAL,,,56e0f42113e092ad5349fc99926bd877ae707141324d59d2a905562e9db08256,data\raw\climate\chirts_era5\tmin\monthly\CHIRTS-ERA5.monthly_Tmin.2007.11.tif,CHIRTS_ERA5_TMIN,TMIN,2007,11,,VALIDATED_LOCAL,EPSG:4326,7200,2600,"(0.050000000745, 0.0, -180.0, 0.0, -0.050000000745, 70.0, 0.0, 0.0, 1.0)",,float32
https://data.chc.ucsb.edu/experimental/CHIRTS-ERA5/tmin/tifs/monthly/CHIRTS-ERA5.monthly_Tmin.2007.12.tif,LOCAL,,,837c7ed51e73a7e287e68514105d2e68406ccde76e1d5ebc10bc14f9b7f067b2,data\raw\climate\chirts_era5\tmin\monthly\CHIRTS-ERA5.monthly_Tmin.2007.12.tif,CHIRTS_ERA5_TMIN,TMIN,2007,12,,VALIDATED_LOCAL,EPSG:4326,7200,2600,"(0.050000000745, 0.0, -180.0, 0.0, -0.050000000745, 70.0, 0.0, 0.0, 1.0)",,float32
https://data.chc.ucsb.edu/experimental/CHIRTS-ERA5/tmin/tifs/monthly/CHIRTS-ERA5.monthly_Tmin.2008.01.tif,LOCAL,,,2eee3b3a0cadd3d5196a1e6549cadecd48a44f7e602af9c86b07499d18c6e871,data\raw\climate\chirts_era5\tmin\monthly\CHIRTS-ERA5.monthly_Tmin.2008.01.tif,CHIRTS_ERA5_TMIN,TMIN,2008,1,,VALIDATED_LOCAL,EPSG:4326,7200,2600,"(0.050000000745, 0.0, -180.0, 0.0, -0.050000000745, 70.0, 0.0, 0.0, 1.0)",,float32
https://data.chc.ucsb.edu/experimental/CHIRTS-ERA5/tmin/tifs/monthly/CHIRTS-ERA5.monthly_Tmin.2008.02.tif,LOCAL,,,f4156d15eb381146f2d443f61c74fa4e8066b63b1e49c501d8c46f709162f298,data\raw\climate\chirts_era5\tmin\monthly\CHIRTS-ERA5.monthly_Tmin.2008.02.tif,CHIRTS_ERA5_TMIN,TMIN,2008,2,,VALIDATED_LOCAL,EPSG:4326,7200,2600,"(0.050000000745, 0.0, -180.0, 0.0, -0.050000000745, 70.0, 0.0, 0.0, 1.0)",,float32
https://data.chc.ucsb.edu/experimental/CHIRTS-ERA5/tmin/tifs/monthly/CHIRTS-ERA5.monthly_Tmin.2008.03.tif,LOCAL,,,d3f7f1b824b3cb34c35414f16f9bf717fab3c5b1c1b5052012e29f1386bc3e4f,data\raw\climate\chirts_era5\tmin\monthly\CHIRTS-ERA5.monthly_Tmin.2008.03.tif,CHIRTS_ERA5_TMIN,TMIN,2008,3,,VALIDATED_LOCAL,EPSG:4326,7200,2600,"(0.050000000745, 0.0, -180.0, 0.0, -0.050000000745, 70.0, 0.0, 0.0, 1.0)",,float32
https://data.chc.ucsb.edu/experimental/CHIRTS-ERA5/tmin/tifs/monthly/CHIRTS-ERA5.monthly_Tmin.2008.04.tif,LOCAL,,,3b69f495bdcbd48c98203daac5c67002eff6707b78955866ceb1113ffb6f69b8,data\raw\climate\chirts_era5\tmin\monthly\CHIRTS-ERA5.monthly_Tmin.2008.04.tif,CHIRTS_ERA5_TMIN,TMIN,2008,4,,VALIDATED_LOCAL,EPSG:4326,7200,2600,"(0.050000000745, 0.0, -180.0, 0.0, -0.050000000745, 70.0, 0.0, 0.0, 1.0)",,float32
https://data.chc.ucsb.edu/experimental/CHIRTS-ERA5/tmin/tifs/monthly/CHIRTS-ERA5.monthly_Tmin.2008.05.tif,LOCAL,,,4030e37c898ec0472b9b0f874455c868cba595247a1178680cb29d9912530745,data\raw\climate\chirts_era5\tmin\monthly\CHIRTS-ERA5.monthly_Tmin.2008.05.tif,CHIRTS_ERA5_TMIN,TMIN,2008,5,,VALIDATED_LOCAL,EPSG:4326,7200,2600,"(0.050000000745, 0.0, -180.0, 0.0, -0.050000000745, 70.0, 0.0, 0.0, 1.0)",,float32
https://data.chc.ucsb.edu/experimental/CHIRTS-ERA5/tmin/tifs/monthly/CHIRTS-ERA5.monthly_Tmin.2008.06.tif,LOCAL,,,85ec9656862fe14b40d03064cc646b6113ad410b95dcd37e3a5d3fccc42851ec,data\raw\climate\chirts_era5\tmin\monthly\CHIRTS-ERA5.monthly_Tmin.2008.06.tif,CHIRTS_ERA5_TMIN,TMIN,2008,6,,VALIDATED_LOCAL,EPSG:4326,7200,2600,"(0.050000000745, 0.0, -180.0, 0.0, -0.050000000745, 70.0, 0.0, 0.0, 1.0)",,float32
https://data.chc.ucsb.edu/experimental/CHIRTS-ERA5/tmin/tifs/monthly/CHIRTS-ERA5.monthly_Tmin.2008.07.tif,LOCAL,,,1caa31082add364f336d7a8b7d8c85cc696b8b989691d1db0f1f741453dd25ef,data\raw\climate\chirts_era5\tmin\monthly\CHIRTS-ERA5.monthly_Tmin.2008.07.tif,CHIRTS_ERA5_TMIN,TMIN,2008,7,,VALIDATED_LOCAL,EPSG:4326,7200,2600,"(0.050000000745, 0.0, -180.0, 0.0, -0.050000000745, 70.0, 0.0, 0.0, 1.0)",,float32
https://data.chc.ucsb.edu/experimental/CHIRTS-ERA5/tmin/tifs/monthly/CHIRTS-ERA5.monthly_Tmin.2008.08.tif,LOCAL,,,73fcfba64e10927f6cb07fca83d0b9d03117dc64e2bfc70eeb050d651bd8cd88,data\raw\climate\chirts_era5\tmin\monthly\CHIRTS-ERA5.monthly_Tmin.2008.08.tif,CHIRTS_ERA5_TMIN,TMIN,2008,8,,VALIDATED_LOCAL,EPSG:4326,7200,2600,"(0.050000000745, 0.0, -180.0, 0.0, -0.050000000745, 70.0, 0.0, 0.0, 1.0)",,float32
https://data.chc.ucsb.edu/experimental/CHIRTS-ERA5/tmin/tifs/monthly/CHIRTS-ERA5.monthly_Tmin.2008.09.tif,LOCAL,,,0b84f6154a65e7f01f62ae08e66dcecb4ceed70b88ae7f801b2de7cd3164b391,data\raw\climate\chirts_era5\tmin\monthly\CHIRTS-ERA5.monthly_Tmin.2008.09.tif,CHIRTS_ERA5_TMIN,TMIN,2008,9,,VALIDATED_LOCAL,EPSG:4326,7200,2600,"(0.050000000745, 0.0, -180.0, 0.0, -0.050000000745, 70.0, 0.0, 0.0, 1.0)",,float32
https://data.chc.ucsb.edu/experimental/CHIRTS-ERA5/tmin/tifs/monthly/CHIRTS-ERA5.monthly_Tmin.2008.10.tif,LOCAL,,,d13a7221d5ffdaab277668ace5844ab0b28793b9446b38eacfa03345c6d2a13b,data\raw\climate\chirts_era5\tmin\monthly\CHIRTS-ERA5.monthly_Tmin.2008.10.tif,CHIRTS_ERA5_TMIN,TMIN,2008,10,,VALIDATED_LOCAL,EPSG:4326,7200,2600,"(0.050000000745, 0.0, -180.0, 0.0, -0.050000000745, 70.0, 0.0, 0.0, 1.0)",,float32
https://data.chc.ucsb.edu/experimental/CHIRTS-ERA5/tmin/tifs/monthly/CHIRTS-ERA5.monthly_Tmin.2008.11.tif,LOCAL,,,052b354f43843667946f74fd678a6fe0e9b4f49e8f8b753d3d35e087cecae72a,data\raw\climate\chirts_era5\tmin\monthly\CHIRTS-ERA5.monthly_Tmin.2008.11.tif,CHIRTS_ERA5_TMIN,TMIN,2008,11,,VALIDATED_LOCAL,EPSG:4326,7200,2600,"(0.050000000745, 0.0, -180.0, 0.0, -0.050000000745, 70.0, 0.0, 0.0, 1.0)",,float32
https://data.chc.ucsb.edu/experimental/CHIRTS-ERA5/tmin/tifs/monthly/CHIRTS-ERA5.monthly_Tmin.2008.12.tif,LOCAL,,,0f5ce38431abfabd48eeb779820a1914acb3eace8d95c247193e844838ded174,data\raw\climate\chirts_era5\tmin\monthly\CHIRTS-ERA5.monthly_Tmin.2008.12.tif,CHIRTS_ERA5_TMIN,TMIN,2008,12,,VALIDATED_LOCAL,EPSG:4326,7200,2600,"(0.050000000745, 0.0, -180.0, 0.0, -0.050000000745, 70.0, 0.0, 0.0, 1.0)",,float32
https://data.chc.ucsb.edu/experimental/CHIRTS-ERA5/tmin/tifs/monthly/CHIRTS-ERA5.monthly_Tmin.2009.01.tif,LOCAL,,,f71dbe064148d0c60156d37dd8e862ddaf98df80d754edf76e33e6bd0665ea9e,data\raw\climate\chirts_era5\tmin\monthly\CHIRTS-ERA5.monthly_Tmin.2009.01.tif,CHIRTS_ERA5_TMIN,TMIN,2009,1,,VALIDATED_LOCAL,EPSG:4326,7200,2600,"(0.050000000745, 0.0, -180.0, 0.0, -0.050000000745, 70.0, 0.0, 0.0, 1.0)",,float32
https://data.chc.ucsb.edu/experimental/CHIRTS-ERA5/tmin/tifs/monthly/CHIRTS-ERA5.monthly_Tmin.2009.02.tif,LOCAL,,,4d48b9066222d91f95944f742c510b650eb97a831038cb5762c87801070bc172,data\raw\climate\chirts_era5\tmin\monthly\CHIRTS-ERA5.monthly_Tmin.2009.02.tif,CHIRTS_ERA5_TMIN,TMIN,2009,2,,VALIDATED_LOCAL,EPSG:4326,7200,2600,"(0.050000000745, 0.0, -180.0, 0.0, -0.050000000745, 70.0, 0.0, 0.0, 1.0)",,float32
https://data.chc.ucsb.edu/experimental/CHIRTS-ERA5/tmin/tifs/monthly/CHIRTS-ERA5.monthly_Tmin.2009.03.tif,LOCAL,,,2ae2308fefc68f9c59692e66c9dd0ddb8b05593454b08c99d9f64cc546adb253,data\raw\climate\chirts_era5\tmin\monthly\CHIRTS-ERA5.monthly_Tmin.2009.03.tif,CHIRTS_ERA5_TMIN,TMIN,2009,3,,VALIDATED_LOCAL,EPSG:4326,7200,2600,"(0.050000000745, 0.0, -180.0, 0.0, -0.050000000745, 70.0, 0.0, 0.0, 1.0)",,float32
https://data.chc.ucsb.edu/experimental/CHIRTS-ERA5/tmin/tifs/monthly/CHIRTS-ERA5.monthly_Tmin.2009.04.tif,LOCAL,,,2a382b4beb5667a9ab298041d4029f6eb3a3531934e2123b4bf3d76dfce2a840,data\raw\climate\chirts_era5\tmin\monthly\CHIRTS-ERA5.monthly_Tmin.2009.04.tif,CHIRTS_ERA5_TMIN,TMIN,2009,4,,VALIDATED_LOCAL,EPSG:4326,7200,2600,"(0.050000000745, 0.0, -180.0, 0.0, -0.050000000745, 70.0, 0.0, 0.0, 1.0)",,float32
https://data.chc.ucsb.edu/experimental/CHIRTS-ERA5/tmin/tifs/monthly/CHIRTS-ERA5.monthly_Tmin.2009.05.tif,LOCAL,,,c1f3ddea55dd017654239be487cb5b876e3aa70f5a8ff3e0235142e9374dbdce,data\raw\climate\chirts_era5\tmin\monthly\CHIRTS-ERA5.monthly_Tmin.2009.05.tif,CHIRTS_ERA5_TMIN,TMIN,2009,5,,VALIDATED_LOCAL,EPSG:4326,7200,2600,"(0.050000000745, 0.0, -180.0, 0.0, -0.050000000745, 70.0, 0.0, 0.0, 1.0)",,float32
https://data.chc.ucsb.edu/experimental/CHIRTS-ERA5/tmin/tifs/monthly/CHIRTS-ERA5.monthly_Tmin.2009.06.tif,LOCAL,,,26f726d95a57814551f163c16ccf0a6c1e1776380c322417399b3dc97646facb,data\raw\climate\chirts_era5\tmin\monthly\CHIRTS-ERA5.monthly_Tmin.2009.06.tif,CHIRTS_ERA5_TMIN,TMIN,2009,6,,VALIDATED_LOCAL,EPSG:4326,7200,2600,"(0.050000000745, 0.0, -180.0, 0.0, -0.050000000745, 70.0, 0.0, 0.0, 1.0)",,float32
https://data.chc.ucsb.edu/experimental/CHIRTS-ERA5/tmin/tifs/monthly/CHIRTS-ERA5.monthly_Tmin.2009.07.tif,LOCAL,,,ac1a25fcea53a905b6ea67c00efe161021f8d91d0e5d665d3f4ec324cf4d96b1,data\raw\climate\chirts_era5\tmin\monthly\CHIRTS-ERA5.monthly_Tmin.2009.07.tif,CHIRTS_ERA5_TMIN,TMIN,2009,7,,VALIDATED_LOCAL,EPSG:4326,7200,2600,"(0.050000000745, 0.0, -180.0, 0.0, -0.050000000745, 70.0, 0.0, 0.0, 1.0)",,float32
https://data.chc.ucsb.edu/experimental/CHIRTS-ERA5/tmin/tifs/monthly/CHIRTS-ERA5.monthly_Tmin.2009.08.tif,LOCAL,,,e54dcb1e1daa52e9ddb605c50fed694b93bd9dfec5f2ce1ae585ddb8280eb326,data\raw\climate\chirts_era5\tmin\monthly\CHIRTS-ERA5.monthly_Tmin.2009.08.tif,CHIRTS_ERA5_TMIN,TMIN,2009,8,,VALIDATED_LOCAL,EPSG:4326,7200,2600,"(0.050000000745, 0.0, -180.0, 0.0, -0.050000000745, 70.0, 0.0, 0.0, 1.0)",,float32
https://data.chc.ucsb.edu/experimental/CHIRTS-ERA5/tmin/tifs/monthly/CHIRTS-ERA5.monthly_Tmin.2009.09.tif,LOCAL,,,bc5da3b995c49083bfa0d9e5a460d8aeafaafce41dd72035f96576533e491e75,data\raw\climate\chirts_era5\tmin\monthly\CHIRTS-ERA5.monthly_Tmin.2009.09.tif,CHIRTS_ERA5_TMIN,TMIN,2009,9,,VALIDATED_LOCAL,EPSG:4326,7200,2600,"(0.050000000745, 0.0, -180.0, 0.0, -0.050000000745, 70.0, 0.0, 0.0, 1.0)",,float32
https://data.chc.ucsb.edu/experimental/CHIRTS-ERA5/tmin/tifs/monthly/CHIRTS-ERA5.monthly_Tmin.2009.10.tif,LOCAL,,,6b13fbf476e1955c86e27ffabbbbe4cbae12453bd0cde466b2ab5975576727a0,data\raw\climate\chirts_era5\tmin\monthly\CHIRTS-ERA5.monthly_Tmin.2009.10.tif,CHIRTS_ERA5_TMIN,TMIN,2009,10,,VALIDATED_LOCAL,EPSG:4326,7200,2600,"(0.050000000745, 0.0, -180.0, 0.0, -0.050000000745, 70.0, 0.0, 0.0, 1.0)",,float32
https://data.chc.ucsb.edu/experimental/CHIRTS-ERA5/tmin/tifs/monthly/CHIRTS-ERA5.monthly_Tmin.2009.11.tif,LOCAL,,,11724ee08ecbf29c21304539dfdc408b17354d8160915bbaa393e2565a602c35,data\raw\climate\chirts_era5\tmin\monthly\CHIRTS-ERA5.monthly_Tmin.2009.11.tif,CHIRTS_ERA5_TMIN,TMIN,2009,11,,VALIDATED_LOCAL,EPSG:4326,7200,2600,"(0.050000000745, 0.0, -180.0, 0.0, -0.050000000745, 70.0, 0.0, 0.0, 1.0)",,float32
https://data.chc.ucsb.edu/experimental/CHIRTS-ERA5/tmin/tifs/monthly/CHIRTS-ERA5.monthly_Tmin.2009.12.tif,LOCAL,,,3a5234abb26cb15b3e8f761acc07c54e46bff354e603efdba100bf9644a52031,data\raw\climate\chirts_era5\tmin\monthly\CHIRTS-ERA5.monthly_Tmin.2009.12.tif,CHIRTS_ERA5_TMIN,TMIN,2009,12,,VALIDATED_LOCAL,EPSG:4326,7200,2600,"(0.050000000745, 0.0, -180.0, 0.0, -0.050000000745, 70.0, 0.0, 0.0, 1.0)",,float32
https://data.chc.ucsb.edu/experimental/CHIRTS-ERA5/tmin/tifs/monthly/CHIRTS-ERA5.monthly_Tmin.2010.01.tif,LOCAL,,,e09af235cf4ae0dee52cc468428596f7fb88f650612cceaeeb9617458f43e5e6,data\raw\climate\chirts_era5\tmin\monthly\CHIRTS-ERA5.monthly_Tmin.2010.01.tif,CHIRTS_ERA5_TMIN,TMIN,2010,1,,VALIDATED_LOCAL,EPSG:4326,7200,2600,"(0.050000000745, 0.0, -180.0, 0.0, -0.050000000745, 70.0, 0.0, 0.0, 1.0)",,float32
https://data.chc.ucsb.edu/experimental/CHIRTS-ERA5/tmin/tifs/monthly/CHIRTS-ERA5.monthly_Tmin.2010.02.tif,LOCAL,,,4e309a492d405e77300c91dc45ed1bdf939190b460b689630fbf3855d216a587,data\raw\climate\chirts_era5\tmin\monthly\CHIRTS-ERA5.monthly_Tmin.2010.02.tif,CHIRTS_ERA5_TMIN,TMIN,2010,2,,VALIDATED_LOCAL,EPSG:4326,7200,2600,"(0.050000000745, 0.0, -180.0, 0.0, -0.050000000745, 70.0, 0.0, 0.0, 1.0)",,float32
https://data.chc.ucsb.edu/experimental/CHIRTS-ERA5/tmin/tifs/monthly/CHIRTS-ERA5.monthly_Tmin.2010.03.tif,LOCAL,,,6b90f9c6499ae5d2ca2380746126d6dcfc68826ece614653ada5ea594f3ffaaf,data\raw\climate\chirts_era5\tmin\monthly\CHIRTS-ERA5.monthly_Tmin.2010.03.tif,CHIRTS_ERA5_TMIN,TMIN,2010,3,,VALIDATED_LOCAL,EPSG:4326,7200,2600,"(0.050000000745, 0.0, -180.0, 0.0, -0.050000000745, 70.0, 0.0, 0.0, 1.0)",,float32
https://data.chc.ucsb.edu/experimental/CHIRTS-ERA5/tmin/tifs/monthly/CHIRTS-ERA5.monthly_Tmin.2010.04.tif,LOCAL,,,cee41c43b8d057e09e7a8293271ae146d336ad7ded76af318c0bd2bde03634ac,data\raw\climate\chirts_era5\tmin\monthly\CHIRTS-ERA5.monthly_Tmin.2010.04.tif,CHIRTS_ERA5_TMIN,TMIN,2010,4,,VALIDATED_LOCAL,EPSG:4326,7200,2600,"(0.050000000745, 0.0, -180.0, 0.0, -0.050000000745, 70.0, 0.0, 0.0, 1.0)",,float32
https://data.chc.ucsb.edu/experimental/CHIRTS-ERA5/tmin/tifs/monthly/CHIRTS-ERA5.monthly_Tmin.2010.05.tif,LOCAL,,,0afe62d6d2ef8e10ef5dc3d50d2118377d70ce9c67248f5ee570876b91977f43,data\raw\climate\chirts_era5\tmin\monthly\CHIRTS-ERA5.monthly_Tmin.2010.05.tif,CHIRTS_ERA5_TMIN,TMIN,2010,5,,VALIDATED_LOCAL,EPSG:4326,7200,2600,"(0.050000000745, 0.0, -180.0, 0.0, -0.050000000745, 70.0, 0.0, 0.0, 1.0)",,float32
https://data.chc.ucsb.edu/experimental/CHIRTS-ERA5/tmin/tifs/monthly/CHIRTS-ERA5.monthly_Tmin.2010.06.tif,LOCAL,,,479b71f382e2df319f7f1a73865ce76e46dc0b5ccadd339a25423223928902f7,data\raw\climate\chirts_era5\tmin\monthly\CHIRTS-ERA5.monthly_Tmin.2010.06.tif,CHIRTS_ERA5_TMIN,TMIN,2010,6,,VALIDATED_LOCAL,EPSG:4326,7200,2600,"(0.050000000745, 0.0, -180.0, 0.0, -0.050000000745, 70.0, 0.0, 0.0, 1.0)",,float32
https://data.chc.ucsb.edu/experimental/CHIRTS-ERA5/tmin/tifs/monthly/CHIRTS-ERA5.monthly_Tmin.2010.07.tif,LOCAL,,,3909fb1f7a02f552a7c2b13c9f93939460e4fc9b74b2f680a832729e76404c82,data\raw\climate\chirts_era5\tmin\monthly\CHIRTS-ERA5.monthly_Tmin.2010.07.tif,CHIRTS_ERA5_TMIN,TMIN,2010,7,,VALIDATED_LOCAL,EPSG:4326,7200,2600,"(0.050000000745, 0.0, -180.0, 0.0, -0.050000000745, 70.0, 0.0, 0.0, 1.0)",,float32
https://data.chc.ucsb.edu/experimental/CHIRTS-ERA5/tmin/tifs/monthly/CHIRTS-ERA5.monthly_Tmin.2010.08.tif,LOCAL,,,08fed7cec64d353a6f9b969f309534077fb2e3b2d577f2fcc1d5e7b0859da9bf,data\raw\climate\chirts_era5\tmin\monthly\CHIRTS-ERA5.monthly_Tmin.2010.08.tif,CHIRTS_ERA5_TMIN,TMIN,2010,8,,VALIDATED_LOCAL,EPSG:4326,7200,2600,"(0.050000000745, 0.0, -180.0, 0.0, -0.050000000745, 70.0, 0.0, 0.0, 1.0)",,float32
https://data.chc.ucsb.edu/experimental/CHIRTS-ERA5/tmin/tifs/monthly/CHIRTS-ERA5.monthly_Tmin.2010.09.tif,LOCAL,,,756a76f4eab860d536f0c4c188f1cecce1037a5aece0875b3419f6ec927c9206,data\raw\climate\chirts_era5\tmin\monthly\CHIRTS-ERA5.monthly_Tmin.2010.09.tif,CHIRTS_ERA5_TMIN,TMIN,2010,9,,VALIDATED_LOCAL,EPSG:4326,7200,2600,"(0.050000000745, 0.0, -180.0, 0.0, -0.050000000745, 70.0, 0.0, 0.0, 1.0)",,float32
https://data.chc.ucsb.edu/experimental/CHIRTS-ERA5/tmin/tifs/monthly/CHIRTS-ERA5.monthly_Tmin.2010.10.tif,LOCAL,,,f25a7555b97a7d77a73ac4208fa290b104d9dd803d1d1e9aa9dcfe0ff8737309,data\raw\climate\chirts_era5\tmin\monthly\CHIRTS-ERA5.monthly_Tmin.2010.10.tif,CHIRTS_ERA5_TMIN,TMIN,2010,10,,VALIDATED_LOCAL,EPSG:4326,7200,2600,"(0.050000000745, 0.0, -180.0, 0.0, -0.050000000745, 70.0, 0.0, 0.0, 1.0)",,float32
https://data.chc.ucsb.edu/experimental/CHIRTS-ERA5/tmin/tifs/monthly/CHIRTS-ERA5.monthly_Tmin.2010.11.tif,LOCAL,,,10df74e8aa29ee260d66d4f62dc87cebcf6f7b4262e6c19226b3a795d82b97bf,data\raw\climate\chirts_era5\tmin\monthly\CHIRTS-ERA5.monthly_Tmin.2010.11.tif,CHIRTS_ERA5_TMIN,TMIN,2010,11,,VALIDATED_LOCAL,EPSG:4326,7200,2600,"(0.050000000745, 0.0, -180.0, 0.0, -0.050000000745, 70.0, 0.0, 0.0, 1.0)",,float32
https://data.chc.ucsb.edu/experimental/CHIRTS-ERA5/tmin/tifs/monthly/CHIRTS-ERA5.monthly_Tmin.2010.12.tif,LOCAL,,,a5b6bd0f749f1f1b0034f274c5dedb7926b0b273ef7b212b6714ebeb58d4b0f9,data\raw\climate\chirts_era5\tmin\monthly\CHIRTS-ERA5.monthly_Tmin.2010.12.tif,CHIRTS_ERA5_TMIN,TMIN,2010,12,,VALIDATED_LOCAL,EPSG:4326,7200,2600,"(0.050000000745, 0.0, -180.0, 0.0, -0.050000000745, 70.0, 0.0, 0.0, 1.0)",,float32
https://data.chc.ucsb.edu/experimental/CHIRTS-ERA5/tmin/tifs/monthly/CHIRTS-ERA5.monthly_Tmin.2011.01.tif,LOCAL,,,35e0d2ca146a943ece1969c905530594f3f9e967b4ec0aadfe373f505327fa56,data\raw\climate\chirts_era5\tmin\monthly\CHIRTS-ERA5.monthly_Tmin.2011.01.tif,CHIRTS_ERA5_TMIN,TMIN,2011,1,,VALIDATED_LOCAL,EPSG:4326,7200,2600,"(0.050000000745, 0.0, -180.0, 0.0, -0.050000000745, 70.0, 0.0, 0.0, 1.0)",,float32
https://data.chc.ucsb.edu/experimental/CHIRTS-ERA5/tmin/tifs/monthly/CHIRTS-ERA5.monthly_Tmin.2011.02.tif,LOCAL,,,8eef42d5430ffbce1a9351c8185826eb87474ff4b406e76cfb806d77c35d2025,data\raw\climate\chirts_era5\tmin\monthly\CHIRTS-ERA5.monthly_Tmin.2011.02.tif,CHIRTS_ERA5_TMIN,TMIN,2011,2,,VALIDATED_LOCAL,EPSG:4326,7200,2600,"(0.050000000745, 0.0, -180.0, 0.0, -0.050000000745, 70.0, 0.0, 0.0, 1.0)",,float32
https://data.chc.ucsb.edu/experimental/CHIRTS-ERA5/tmin/tifs/monthly/CHIRTS-ERA5.monthly_Tmin.2011.03.tif,LOCAL,,,8037bcbf7d4b1f84d2e3e5de2d6e91a9dfed9752509bf4bcb0828bbcd37554a8,data\raw\climate\chirts_era5\tmin\monthly\CHIRTS-ERA5.monthly_Tmin.2011.03.tif,CHIRTS_ERA5_TMIN,TMIN,2011,3,,VALIDATED_LOCAL,EPSG:4326,7200,2600,"(0.050000000745, 0.0, -180.0, 0.0, -0.050000000745, 70.0, 0.0, 0.0, 1.0)",,float32
https://data.chc.ucsb.edu/experimental/CHIRTS-ERA5/tmin/tifs/monthly/CHIRTS-ERA5.monthly_Tmin.2011.04.tif,LOCAL,,,50c5bc545df7b7de58d28c67e20b82a8edb65c4767885ac59b32c2f5c613ea18,data\raw\climate\chirts_era5\tmin\monthly\CHIRTS-ERA5.monthly_Tmin.2011.04.tif,CHIRTS_ERA5_TMIN,TMIN,2011,4,,VALIDATED_LOCAL,EPSG:4326,7200,2600,"(0.050000000745, 0.0, -180.0, 0.0, -0.050000000745, 70.0, 0.0, 0.0, 1.0)",,float32
https://data.chc.ucsb.edu/experimental/CHIRTS-ERA5/tmin/tifs/monthly/CHIRTS-ERA5.monthly_Tmin.2011.05.tif,LOCAL,,,5b5553ac4e54fff2bf687fd37435082e8b0f5c280147485e7222419f163fb3ee,data\raw\climate\chirts_era5\tmin\monthly\CHIRTS-ERA5.monthly_Tmin.2011.05.tif,CHIRTS_ERA5_TMIN,TMIN,2011,5,,VALIDATED_LOCAL,EPSG:4326,7200,2600,"(0.050000000745, 0.0, -180.0, 0.0, -0.050000000745, 70.0, 0.0, 0.0, 1.0)",,float32
https://data.chc.ucsb.edu/experimental/CHIRTS-ERA5/tmin/tifs/monthly/CHIRTS-ERA5.monthly_Tmin.2011.06.tif,LOCAL,,,e86f0ceb688d0d9a7404905c1313f45aac7fad18151ebd20ca87175c242eb364,data\raw\climate\chirts_era5\tmin\monthly\CHIRTS-ERA5.monthly_Tmin.2011.06.tif,CHIRTS_ERA5_TMIN,TMIN,2011,6,,VALIDATED_LOCAL,EPSG:4326,7200,2600,"(0.050000000745, 0.0, -180.0, 0.0, -0.050000000745, 70.0, 0.0, 0.0, 1.0)",,float32
https://data.chc.ucsb.edu/experimental/CHIRTS-ERA5/tmin/tifs/monthly/CHIRTS-ERA5.monthly_Tmin.2011.07.tif,LOCAL,,,a5c594547791bcc2cbc12a389d28cd12164a1062571150e4994f04340a1cd826,data\raw\climate\chirts_era5\tmin\monthly\CHIRTS-ERA5.monthly_Tmin.2011.07.tif,CHIRTS_ERA5_TMIN,TMIN,2011,7,,VALIDATED_LOCAL,EPSG:4326,7200,2600,"(0.050000000745, 0.0, -180.0, 0.0, -0.050000000745, 70.0, 0.0, 0.0, 1.0)",,float32
https://data.chc.ucsb.edu/experimental/CHIRTS-ERA5/tmin/tifs/monthly/CHIRTS-ERA5.monthly_Tmin.2011.08.tif,LOCAL,,,6b2289f093e3c98a57d2f2dd2739c97c21c463ddcc5ed4e92162240cf5a145cd,data\raw\climate\chirts_era5\tmin\monthly\CHIRTS-ERA5.monthly_Tmin.2011.08.tif,CHIRTS_ERA5_TMIN,TMIN,2011,8,,VALIDATED_LOCAL,EPSG:4326,7200,2600,"(0.050000000745, 0.0, -180.0, 0.0, -0.050000000745, 70.0, 0.0, 0.0, 1.0)",,float32
https://data.chc.ucsb.edu/experimental/CHIRTS-ERA5/tmin/tifs/monthly/CHIRTS-ERA5.monthly_Tmin.2011.09.tif,LOCAL,,,152661cf303859b3220f121f7f0bffc84d89159c4515f9cfe05389ada9e62a30,data\raw\climate\chirts_era5\tmin\monthly\CHIRTS-ERA5.monthly_Tmin.2011.09.tif,CHIRTS_ERA5_TMIN,TMIN,2011,9,,VALIDATED_LOCAL,EPSG:4326,7200,2600,"(0.050000000745, 0.0, -180.0, 0.0, -0.050000000745, 70.0, 0.0, 0.0, 1.0)",,float32
https://data.chc.ucsb.edu/experimental/CHIRTS-ERA5/tmin/tifs/monthly/CHIRTS-ERA5.monthly_Tmin.2011.10.tif,LOCAL,,,b6b6d3ae85a327c02614141564e45b98f1350d78f8563e57fed14c91a59d13ee,data\raw\climate\chirts_era5\tmin\monthly\CHIRTS-ERA5.monthly_Tmin.2011.10.tif,CHIRTS_ERA5_TMIN,TMIN,2011,10,,VALIDATED_LOCAL,EPSG:4326,7200,2600,"(0.050000000745, 0.0, -180.0, 0.0, -0.050000000745, 70.0, 0.0, 0.0, 1.0)",,float32
https://data.chc.ucsb.edu/experimental/CHIRTS-ERA5/tmin/tifs/monthly/CHIRTS-ERA5.monthly_Tmin.2011.11.tif,LOCAL,,,0bd2ad16897734a21f33f19b8c04a6795fd40d473e579c08094ad0f37c232ef6,data\raw\climate\chirts_era5\tmin\monthly\CHIRTS-ERA5.monthly_Tmin.2011.11.tif,CHIRTS_ERA5_TMIN,TMIN,2011,11,,VALIDATED_LOCAL,EPSG:4326,7200,2600,"(0.050000000745, 0.0, -180.0, 0.0, -0.050000000745, 70.0, 0.0, 0.0, 1.0)",,float32
https://data.chc.ucsb.edu/experimental/CHIRTS-ERA5/tmin/tifs/monthly/CHIRTS-ERA5.monthly_Tmin.2011.12.tif,LOCAL,,,f2f3f08f7d6744318be789c1316d3bba05f7072b061c48dfe57880ab1d21226d,data\raw\climate\chirts_era5\tmin\monthly\CHIRTS-ERA5.monthly_Tmin.2011.12.tif,CHIRTS_ERA5_TMIN,TMIN,2011,12,,VALIDATED_LOCAL,EPSG:4326,7200,2600,"(0.050000000745, 0.0, -180.0, 0.0, -0.050000000745, 70.0, 0.0, 0.0, 1.0)",,float32
https://data.chc.ucsb.edu/experimental/CHIRTS-ERA5/tmin/tifs/monthly/CHIRTS-ERA5.monthly_Tmin.2012.01.tif,LOCAL,,,90be28b8f4308a02bb479ec50baff757c74f01e741387a24b211e2a219783ce0,data\raw\climate\chirts_era5\tmin\monthly\CHIRTS-ERA5.monthly_Tmin.2012.01.tif,CHIRTS_ERA5_TMIN,TMIN,2012,1,,VALIDATED_LOCAL,EPSG:4326,7200,2600,"(0.050000000745, 0.0, -180.0, 0.0, -0.050000000745, 70.0, 0.0, 0.0, 1.0)",,float32
https://data.chc.ucsb.edu/experimental/CHIRTS-ERA5/tmin/tifs/monthly/CHIRTS-ERA5.monthly_Tmin.2012.02.tif,LOCAL,,,2ee5f40e53ef02f76510d9b47353caecab11c4a2ee29d0625958f3b9f0d5a2dd,data\raw\climate\chirts_era5\tmin\monthly\CHIRTS-ERA5.monthly_Tmin.2012.02.tif,CHIRTS_ERA5_TMIN,TMIN,2012,2,,VALIDATED_LOCAL,EPSG:4326,7200,2600,"(0.050000000745, 0.0, -180.0, 0.0, -0.050000000745, 70.0, 0.0, 0.0, 1.0)",,float32
https://data.chc.ucsb.edu/experimental/CHIRTS-ERA5/tmin/tifs/monthly/CHIRTS-ERA5.monthly_Tmin.2012.03.tif,LOCAL,,,4042d2967ec6d32a17622189cf6e2dbb3c8f34aaa24bce9cf27525f12a41f4fb,data\raw\climate\chirts_era5\tmin\monthly\CHIRTS-ERA5.monthly_Tmin.2012.03.tif,CHIRTS_ERA5_TMIN,TMIN,2012,3,,VALIDATED_LOCAL,EPSG:4326,7200,2600,"(0.050000000745, 0.0, -180.0, 0.0, -0.050000000745, 70.0, 0.0, 0.0, 1.0)",,float32
https://data.chc.ucsb.edu/experimental/CHIRTS-ERA5/tmin/tifs/monthly/CHIRTS-ERA5.monthly_Tmin.2012.04.tif,LOCAL,,,44b3ea60268571d82f2da67408e1e5df27b16d2348e3bde9231e6d7f2f5a5661,data\raw\climate\chirts_era5\tmin\monthly\CHIRTS-ERA5.monthly_Tmin.2012.04.tif,CHIRTS_ERA5_TMIN,TMIN,2012,4,,VALIDATED_LOCAL,EPSG:4326,7200,2600,"(0.050000000745, 0.0, -180.0, 0.0, -0.050000000745, 70.0, 0.0, 0.0, 1.0)",,float32
https://data.chc.ucsb.edu/experimental/CHIRTS-ERA5/tmin/tifs/monthly/CHIRTS-ERA5.monthly_Tmin.2012.05.tif,LOCAL,,,bc729bcb0d2419ab619a4189c4a1e918ba1b351baf2d6decb76ee72f258afcbf,data\raw\climate\chirts_era5\tmin\monthly\CHIRTS-ERA5.monthly_Tmin.2012.05.tif,CHIRTS_ERA5_TMIN,TMIN,2012,5,,VALIDATED_LOCAL,EPSG:4326,7200,2600,"(0.050000000745, 0.0, -180.0, 0.0, -0.050000000745, 70.0, 0.0, 0.0, 1.0)",,float32
https://data.chc.ucsb.edu/experimental/CHIRTS-ERA5/tmin/tifs/monthly/CHIRTS-ERA5.monthly_Tmin.2012.06.tif,LOCAL,,,dd5c0cfd7609612a45ceba78e9f3b171e774e45ac2d5c060b85df293c8c5b333,data\raw\climate\chirts_era5\tmin\monthly\CHIRTS-ERA5.monthly_Tmin.2012.06.tif,CHIRTS_ERA5_TMIN,TMIN,2012,6,,VALIDATED_LOCAL,EPSG:4326,7200,2600,"(0.050000000745, 0.0, -180.0, 0.0, -0.050000000745, 70.0, 0.0, 0.0, 1.0)",,float32
https://data.chc.ucsb.edu/experimental/CHIRTS-ERA5/tmin/tifs/monthly/CHIRTS-ERA5.monthly_Tmin.2012.07.tif,LOCAL,,,f723e9d793e09f3533ccbd0fd1f3e8500911b655535f128198a170d460f573e4,data\raw\climate\chirts_era5\tmin\monthly\CHIRTS-ERA5.monthly_Tmin.2012.07.tif,CHIRTS_ERA5_TMIN,TMIN,2012,7,,VALIDATED_LOCAL,EPSG:4326,7200,2600,"(0.050000000745, 0.0, -180.0, 0.0, -0.050000000745, 70.0, 0.0, 0.0, 1.0)",,float32
https://data.chc.ucsb.edu/experimental/CHIRTS-ERA5/tmin/tifs/monthly/CHIRTS-ERA5.monthly_Tmin.2012.08.tif,LOCAL,,,4788ed36bc1dc66b134bb0a7721f498b73d977926017af08ae758d7527e37640,data\raw\climate\chirts_era5\tmin\monthly\CHIRTS-ERA5.monthly_Tmin.2012.08.tif,CHIRTS_ERA5_TMIN,TMIN,2012,8,,VALIDATED_LOCAL,EPSG:4326,7200,2600,"(0.050000000745, 0.0, -180.0, 0.0, -0.050000000745, 70.0, 0.0, 0.0, 1.0)",,float32
https://data.chc.ucsb.edu/experimental/CHIRTS-ERA5/tmin/tifs/monthly/CHIRTS-ERA5.monthly_Tmin.2012.09.tif,LOCAL,,,569d71bed6f585264a9278ca5091aeb0458eee4fdf370239f71aecfb6783ce0b,data\raw\climate\chirts_era5\tmin\monthly\CHIRTS-ERA5.monthly_Tmin.2012.09.tif,CHIRTS_ERA5_TMIN,TMIN,2012,9,,VALIDATED_LOCAL,EPSG:4326,7200,2600,"(0.050000000745, 0.0, -180.0, 0.0, -0.050000000745, 70.0, 0.0, 0.0, 1.0)",,float32
https://data.chc.ucsb.edu/experimental/CHIRTS-ERA5/tmin/tifs/monthly/CHIRTS-ERA5.monthly_Tmin.2012.10.tif,LOCAL,,,4c940c7795c01a7d3c96ac408c9675dc53587405d7ab0eb9442a548ed71ec06a,data\raw\climate\chirts_era5\tmin\monthly\CHIRTS-ERA5.monthly_Tmin.2012.10.tif,CHIRTS_ERA5_TMIN,TMIN,2012,10,,VALIDATED_LOCAL,EPSG:4326,7200,2600,"(0.050000000745, 0.0, -180.0, 0.0, -0.050000000745, 70.0, 0.0, 0.0, 1.0)",,float32
https://data.chc.ucsb.edu/experimental/CHIRTS-ERA5/tmin/tifs/monthly/CHIRTS-ERA5.monthly_Tmin.2012.11.tif,LOCAL,,,9f46b3485068ba92868cccf3fcbf7f73c3545a9c30f577d5cdb525a08b9105d7,data\raw\climate\chirts_era5\tmin\monthly\CHIRTS-ERA5.monthly_Tmin.2012.11.tif,CHIRTS_ERA5_TMIN,TMIN,2012,11,,VALIDATED_LOCAL,EPSG:4326,7200,2600,"(0.050000000745, 0.0, -180.0, 0.0, -0.050000000745, 70.0, 0.0, 0.0, 1.0)",,float32
https://data.chc.ucsb.edu/experimental/CHIRTS-ERA5/tmin/tifs/monthly/CHIRTS-ERA5.monthly_Tmin.2012.12.tif,LOCAL,,,87772f0bcf388e81509e55c5f76c350e32bee6717135af22165e7d62389bdaea,data\raw\climate\chirts_era5\tmin\monthly\CHIRTS-ERA5.monthly_Tmin.2012.12.tif,CHIRTS_ERA5_TMIN,TMIN,2012,12,,VALIDATED_LOCAL,EPSG:4326,7200,2600,"(0.050000000745, 0.0, -180.0, 0.0, -0.050000000745, 70.0, 0.0, 0.0, 1.0)",,float32
https://data.chc.ucsb.edu/experimental/CHIRTS-ERA5/tmin/tifs/monthly/CHIRTS-ERA5.monthly_Tmin.2013.01.tif,LOCAL,,,79191ff7a85d0201bbac97ddceaf7c402890bf0c867cf55d169dda56d563df7d,data\raw\climate\chirts_era5\tmin\monthly\CHIRTS-ERA5.monthly_Tmin.2013.01.tif,CHIRTS_ERA5_TMIN,TMIN,2013,1,,VALIDATED_LOCAL,EPSG:4326,7200,2600,"(0.050000000745, 0.0, -180.0, 0.0, -0.050000000745, 70.0, 0.0, 0.0, 1.0)",,float32
https://data.chc.ucsb.edu/experimental/CHIRTS-ERA5/tmin/tifs/monthly/CHIRTS-ERA5.monthly_Tmin.2013.02.tif,LOCAL,,,20ddb9259c96676f2a815e5b2407da3826d14cfa8c85215dc7728593547de293,data\raw\climate\chirts_era5\tmin\monthly\CHIRTS-ERA5.monthly_Tmin.2013.02.tif,CHIRTS_ERA5_TMIN,TMIN,2013,2,,VALIDATED_LOCAL,EPSG:4326,7200,2600,"(0.050000000745, 0.0, -180.0, 0.0, -0.050000000745, 70.0, 0.0, 0.0, 1.0)",,float32
https://data.chc.ucsb.edu/experimental/CHIRTS-ERA5/tmin/tifs/monthly/CHIRTS-ERA5.monthly_Tmin.2013.03.tif,LOCAL,,,60414e44f85f90488008a8e0c4f064354c53070e30f5dd1a67df45eed4ae7ddb,data\raw\climate\chirts_era5\tmin\monthly\CHIRTS-ERA5.monthly_Tmin.2013.03.tif,CHIRTS_ERA5_TMIN,TMIN,2013,3,,VALIDATED_LOCAL,EPSG:4326,7200,2600,"(0.050000000745, 0.0, -180.0, 0.0, -0.050000000745, 70.0, 0.0, 0.0, 1.0)",,float32
https://data.chc.ucsb.edu/experimental/CHIRTS-ERA5/tmin/tifs/monthly/CHIRTS-ERA5.monthly_Tmin.2013.04.tif,LOCAL,,,0e5e23812fe80e0a8d66d40a44f31a3b43cf075c0abb873d5a16d5a370102acd,data\raw\climate\chirts_era5\tmin\monthly\CHIRTS-ERA5.monthly_Tmin.2013.04.tif,CHIRTS_ERA5_TMIN,TMIN,2013,4,,VALIDATED_LOCAL,EPSG:4326,7200,2600,"(0.050000000745, 0.0, -180.0, 0.0, -0.050000000745, 70.0, 0.0, 0.0, 1.0)",,float32
https://data.chc.ucsb.edu/experimental/CHIRTS-ERA5/tmin/tifs/monthly/CHIRTS-ERA5.monthly_Tmin.2013.05.tif,LOCAL,,,8785635209aac5cf3c4feb093b52f8a5305d22e2aedcc37d19f23ab2208bdbb8,data\raw\climate\chirts_era5\tmin\monthly\CHIRTS-ERA5.monthly_Tmin.2013.05.tif,CHIRTS_ERA5_TMIN,TMIN,2013,5,,VALIDATED_LOCAL,EPSG:4326,7200,2600,"(0.050000000745, 0.0, -180.0, 0.0, -0.050000000745, 70.0, 0.0, 0.0, 1.0)",,float32
https://data.chc.ucsb.edu/experimental/CHIRTS-ERA5/tmin/tifs/monthly/CHIRTS-ERA5.monthly_Tmin.2013.06.tif,LOCAL,,,9b4a2eeae0c0a49a625a0e2457bc4834712e7ad5fa6be4d4dcfd36da3de5967a,data\raw\climate\chirts_era5\tmin\monthly\CHIRTS-ERA5.monthly_Tmin.2013.06.tif,CHIRTS_ERA5_TMIN,TMIN,2013,6,,VALIDATED_LOCAL,EPSG:4326,7200,2600,"(0.050000000745, 0.0, -180.0, 0.0, -0.050000000745, 70.0, 0.0, 0.0, 1.0)",,float32
https://data.chc.ucsb.edu/experimental/CHIRTS-ERA5/tmin/tifs/monthly/CHIRTS-ERA5.monthly_Tmin.2013.07.tif,LOCAL,,,a54245983f037712d323c1e7aa1d4ff72a7ac171aecaf9e5acbfb231eb0d40da,data\raw\climate\chirts_era5\tmin\monthly\CHIRTS-ERA5.monthly_Tmin.2013.07.tif,CHIRTS_ERA5_TMIN,TMIN,2013,7,,VALIDATED_LOCAL,EPSG:4326,7200,2600,"(0.050000000745, 0.0, -180.0, 0.0, -0.050000000745, 70.0, 0.0, 0.0, 1.0)",,float32
https://data.chc.ucsb.edu/experimental/CHIRTS-ERA5/tmin/tifs/monthly/CHIRTS-ERA5.monthly_Tmin.2013.08.tif,LOCAL,,,0f41d0f2e9ac8c6cd05d1731878b934017c61a688a25abc18cf68100ac34fd8c,data\raw\climate\chirts_era5\tmin\monthly\CHIRTS-ERA5.monthly_Tmin.2013.08.tif,CHIRTS_ERA5_TMIN,TMIN,2013,8,,VALIDATED_LOCAL,EPSG:4326,7200,2600,"(0.050000000745, 0.0, -180.0, 0.0, -0.050000000745, 70.0, 0.0, 0.0, 1.0)",,float32
https://data.chc.ucsb.edu/experimental/CHIRTS-ERA5/tmin/tifs/monthly/CHIRTS-ERA5.monthly_Tmin.2013.09.tif,LOCAL,,,de306b7fd6036184ae0fbd5ef6f32a6c4c84847068ff9539bccf3df1408c4470,data\raw\climate\chirts_era5\tmin\monthly\CHIRTS-ERA5.monthly_Tmin.2013.09.tif,CHIRTS_ERA5_TMIN,TMIN,2013,9,,VALIDATED_LOCAL,EPSG:4326,7200,2600,"(0.050000000745, 0.0, -180.0, 0.0, -0.050000000745, 70.0, 0.0, 0.0, 1.0)",,float32
https://data.chc.ucsb.edu/experimental/CHIRTS-ERA5/tmin/tifs/monthly/CHIRTS-ERA5.monthly_Tmin.2013.10.tif,LOCAL,,,a0f6991c88d2ddc81140602d543363559dedf7c2c368827be9ce8f79545b670b,data\raw\climate\chirts_era5\tmin\monthly\CHIRTS-ERA5.monthly_Tmin.2013.10.tif,CHIRTS_ERA5_TMIN,TMIN,2013,10,,VALIDATED_LOCAL,EPSG:4326,7200,2600,"(0.050000000745, 0.0, -180.0, 0.0, -0.050000000745, 70.0, 0.0, 0.0, 1.0)",,float32
https://data.chc.ucsb.edu/experimental/CHIRTS-ERA5/tmin/tifs/monthly/CHIRTS-ERA5.monthly_Tmin.2013.11.tif,LOCAL,,,2fc81693b65076ad0555b6479367ab180fd184e0e1d8a0aa0a8840d225171dba,data\raw\climate\chirts_era5\tmin\monthly\CHIRTS-ERA5.monthly_Tmin.2013.11.tif,CHIRTS_ERA5_TMIN,TMIN,2013,11,,VALIDATED_LOCAL,EPSG:4326,7200,2600,"(0.050000000745, 0.0, -180.0, 0.0, -0.050000000745, 70.0, 0.0, 0.0, 1.0)",,float32
https://data.chc.ucsb.edu/experimental/CHIRTS-ERA5/tmin/tifs/monthly/CHIRTS-ERA5.monthly_Tmin.2013.12.tif,LOCAL,,,71f3220b11841424dc6625b60bd17f0fec8d48a88bce2ad62bbe903ea9829d2f,data\raw\climate\chirts_era5\tmin\monthly\CHIRTS-ERA5.monthly_Tmin.2013.12.tif,CHIRTS_ERA5_TMIN,TMIN,2013,12,,VALIDATED_LOCAL,EPSG:4326,7200,2600,"(0.050000000745, 0.0, -180.0, 0.0, -0.050000000745, 70.0, 0.0, 0.0, 1.0)",,float32
https://data.chc.ucsb.edu/experimental/CHIRTS-ERA5/tmin/tifs/monthly/CHIRTS-ERA5.monthly_Tmin.2014.01.tif,LOCAL,,,5aec492025f5392d6b834542d3178c751776d7ed8ccf3af8a4369e13f4191d9a,data\raw\climate\chirts_era5\tmin\monthly\CHIRTS-ERA5.monthly_Tmin.2014.01.tif,CHIRTS_ERA5_TMIN,TMIN,2014,1,,VALIDATED_LOCAL,EPSG:4326,7200,2600,"(0.050000000745, 0.0, -180.0, 0.0, -0.050000000745, 70.0, 0.0, 0.0, 1.0)",,float32
https://data.chc.ucsb.edu/experimental/CHIRTS-ERA5/tmin/tifs/monthly/CHIRTS-ERA5.monthly_Tmin.2014.02.tif,LOCAL,,,924c39673a93369c3ef06c2a46c01bf9b0e460b5e51e172b36564f16e752e01b,data\raw\climate\chirts_era5\tmin\monthly\CHIRTS-ERA5.monthly_Tmin.2014.02.tif,CHIRTS_ERA5_TMIN,TMIN,2014,2,,VALIDATED_LOCAL,EPSG:4326,7200,2600,"(0.050000000745, 0.0, -180.0, 0.0, -0.050000000745, 70.0, 0.0, 0.0, 1.0)",,float32
https://data.chc.ucsb.edu/experimental/CHIRTS-ERA5/tmin/tifs/monthly/CHIRTS-ERA5.monthly_Tmin.2014.03.tif,LOCAL,,,a9d339148ccd345810f25feaf4d6a811ebbf5e1ec95cf9feb1dfa7eea2d73377,data\raw\climate\chirts_era5\tmin\monthly\CHIRTS-ERA5.monthly_Tmin.2014.03.tif,CHIRTS_ERA5_TMIN,TMIN,2014,3,,VALIDATED_LOCAL,EPSG:4326,7200,2600,"(0.050000000745, 0.0, -180.0, 0.0, -0.050000000745, 70.0, 0.0, 0.0, 1.0)",,float32
https://data.chc.ucsb.edu/experimental/CHIRTS-ERA5/tmin/tifs/monthly/CHIRTS-ERA5.monthly_Tmin.2014.04.tif,LOCAL,,,8ac68c41f534fcf594641dd798380c019e4aa18bc5cae70168bdba8d9f470351,data\raw\climate\chirts_era5\tmin\monthly\CHIRTS-ERA5.monthly_Tmin.2014.04.tif,CHIRTS_ERA5_TMIN,TMIN,2014,4,,VALIDATED_LOCAL,EPSG:4326,7200,2600,"(0.050000000745, 0.0, -180.0, 0.0, -0.050000000745, 70.0, 0.0, 0.0, 1.0)",,float32
https://data.chc.ucsb.edu/experimental/CHIRTS-ERA5/tmin/tifs/monthly/CHIRTS-ERA5.monthly_Tmin.2014.05.tif,LOCAL,,,e2718df6143c4a76a6ffd5a674773560a326809886c667a04008355d746353ee,data\raw\climate\chirts_era5\tmin\monthly\CHIRTS-ERA5.monthly_Tmin.2014.05.tif,CHIRTS_ERA5_TMIN,TMIN,2014,5,,VALIDATED_LOCAL,EPSG:4326,7200,2600,"(0.050000000745, 0.0, -180.0, 0.0, -0.050000000745, 70.0, 0.0, 0.0, 1.0)",,float32
https://data.chc.ucsb.edu/experimental/CHIRTS-ERA5/tmin/tifs/monthly/CHIRTS-ERA5.monthly_Tmin.2014.06.tif,LOCAL,,,7b8a7f106d26ba97a19427f2a14671d4abe390c4a1801bf6c6b51a6202f81937,data\raw\climate\chirts_era5\tmin\monthly\CHIRTS-ERA5.monthly_Tmin.2014.06.tif,CHIRTS_ERA5_TMIN,TMIN,2014,6,,VALIDATED_LOCAL,EPSG:4326,7200,2600,"(0.050000000745, 0.0, -180.0, 0.0, -0.050000000745, 70.0, 0.0, 0.0, 1.0)",,float32
https://data.chc.ucsb.edu/experimental/CHIRTS-ERA5/tmin/tifs/monthly/CHIRTS-ERA5.monthly_Tmin.2014.07.tif,LOCAL,,,a7e7782dfc0482d8cfe932be4806aa4c1cf269940617382550ae948f227ec57c,data\raw\climate\chirts_era5\tmin\monthly\CHIRTS-ERA5.monthly_Tmin.2014.07.tif,CHIRTS_ERA5_TMIN,TMIN,2014,7,,VALIDATED_LOCAL,EPSG:4326,7200,2600,"(0.050000000745, 0.0, -180.0, 0.0, -0.050000000745, 70.0, 0.0, 0.0, 1.0)",,float32
https://data.chc.ucsb.edu/experimental/CHIRTS-ERA5/tmin/tifs/monthly/CHIRTS-ERA5.monthly_Tmin.2014.08.tif,LOCAL,,,6be89bb4b741d17bf1218fc790ee79c067b2d3c7150d4d3224b299dd4275633e,data\raw\climate\chirts_era5\tmin\monthly\CHIRTS-ERA5.monthly_Tmin.2014.08.tif,CHIRTS_ERA5_TMIN,TMIN,2014,8,,VALIDATED_LOCAL,EPSG:4326,7200,2600,"(0.050000000745, 0.0, -180.0, 0.0, -0.050000000745, 70.0, 0.0, 0.0, 1.0)",,float32
https://data.chc.ucsb.edu/experimental/CHIRTS-ERA5/tmin/tifs/monthly/CHIRTS-ERA5.monthly_Tmin.2014.09.tif,LOCAL,,,8a141c50f7c5c72c975e9273ec627a7e160c55d2820d18012363dd032e7e606f,data\raw\climate\chirts_era5\tmin\monthly\CHIRTS-ERA5.monthly_Tmin.2014.09.tif,CHIRTS_ERA5_TMIN,TMIN,2014,9,,VALIDATED_LOCAL,EPSG:4326,7200,2600,"(0.050000000745, 0.0, -180.0, 0.0, -0.050000000745, 70.0, 0.0, 0.0, 1.0)",,float32
https://data.chc.ucsb.edu/experimental/CHIRTS-ERA5/tmin/tifs/monthly/CHIRTS-ERA5.monthly_Tmin.2014.10.tif,LOCAL,,,b1b0f01092f71df98bded3842ce67fa6d3bf846f380aabde5b026dbe97e9f9cb,data\raw\climate\chirts_era5\tmin\monthly\CHIRTS-ERA5.monthly_Tmin.2014.10.tif,CHIRTS_ERA5_TMIN,TMIN,2014,10,,VALIDATED_LOCAL,EPSG:4326,7200,2600,"(0.050000000745, 0.0, -180.0, 0.0, -0.050000000745, 70.0, 0.0, 0.0, 1.0)",,float32
https://data.chc.ucsb.edu/experimental/CHIRTS-ERA5/tmin/tifs/monthly/CHIRTS-ERA5.monthly_Tmin.2014.11.tif,LOCAL,,,9feccbe8dbfb5585a35f137172cbfd4bb37fa5ca4b04a8299c13ad1ac93d3d0c,data\raw\climate\chirts_era5\tmin\monthly\CHIRTS-ERA5.monthly_Tmin.2014.11.tif,CHIRTS_ERA5_TMIN,TMIN,2014,11,,VALIDATED_LOCAL,EPSG:4326,7200,2600,"(0.050000000745, 0.0, -180.0, 0.0, -0.050000000745, 70.0, 0.0, 0.0, 1.0)",,float32
https://data.chc.ucsb.edu/experimental/CHIRTS-ERA5/tmin/tifs/monthly/CHIRTS-ERA5.monthly_Tmin.2014.12.tif,LOCAL,,,9b3c7b2f3336b720bd9cb28724abcad691b4a28ed346a64591ae8517faf39ca7,data\raw\climate\chirts_era5\tmin\monthly\CHIRTS-ERA5.monthly_Tmin.2014.12.tif,CHIRTS_ERA5_TMIN,TMIN,2014,12,,VALIDATED_LOCAL,EPSG:4326,7200,2600,"(0.050000000745, 0.0, -180.0, 0.0, -0.050000000745, 70.0, 0.0, 0.0, 1.0)",,float32
https://data.chc.ucsb.edu/experimental/CHIRTS-ERA5/tmin/tifs/monthly/CHIRTS-ERA5.monthly_Tmin.2015.01.tif,LOCAL,,,bf883d6c7237fcc00ef5fe28c6de609984b55f1cd5aa0c99717d04d77f10db9d,data\raw\climate\chirts_era5\tmin\monthly\CHIRTS-ERA5.monthly_Tmin.2015.01.tif,CHIRTS_ERA5_TMIN,TMIN,2015,1,,VALIDATED_LOCAL,EPSG:4326,7200,2600,"(0.050000000745, 0.0, -180.0, 0.0, -0.050000000745, 70.0, 0.0, 0.0, 1.0)",,float32
https://data.chc.ucsb.edu/experimental/CHIRTS-ERA5/tmin/tifs/monthly/CHIRTS-ERA5.monthly_Tmin.2015.02.tif,LOCAL,,,db4d341e74bef3dfb16f1ba9ecd8e928e08323c6a4763edd73e2226b751e8d57,data\raw\climate\chirts_era5\tmin\monthly\CHIRTS-ERA5.monthly_Tmin.2015.02.tif,CHIRTS_ERA5_TMIN,TMIN,2015,2,,VALIDATED_LOCAL,EPSG:4326,7200,2600,"(0.050000000745, 0.0, -180.0, 0.0, -0.050000000745, 70.0, 0.0, 0.0, 1.0)",,float32
https://data.chc.ucsb.edu/experimental/CHIRTS-ERA5/tmin/tifs/monthly/CHIRTS-ERA5.monthly_Tmin.2015.03.tif,LOCAL,,,b0a429b646d7e5c9dc00e0d2c4c880189a02e13df867e84951e939e7368ec5fa,data\raw\climate\chirts_era5\tmin\monthly\CHIRTS-ERA5.monthly_Tmin.2015.03.tif,CHIRTS_ERA5_TMIN,TMIN,2015,3,,VALIDATED_LOCAL,EPSG:4326,7200,2600,"(0.050000000745, 0.0, -180.0, 0.0, -0.050000000745, 70.0, 0.0, 0.0, 1.0)",,float32
https://data.chc.ucsb.edu/experimental/CHIRTS-ERA5/tmin/tifs/monthly/CHIRTS-ERA5.monthly_Tmin.2015.04.tif,LOCAL,,,96bbe96f72c7e94c7db67a27f2828b87a7e73735f07fb2d51ba69ee074d3817d,data\raw\climate\chirts_era5\tmin\monthly\CHIRTS-ERA5.monthly_Tmin.2015.04.tif,CHIRTS_ERA5_TMIN,TMIN,2015,4,,VALIDATED_LOCAL,EPSG:4326,7200,2600,"(0.050000000745, 0.0, -180.0, 0.0, -0.050000000745, 70.0, 0.0, 0.0, 1.0)",,float32
https://data.chc.ucsb.edu/experimental/CHIRTS-ERA5/tmin/tifs/monthly/CHIRTS-ERA5.monthly_Tmin.2015.05.tif,LOCAL,,,c59031c3d7d0ce4d112050c2bdfc11b247ffd0d9c720cae674611219b486d431,data\raw\climate\chirts_era5\tmin\monthly\CHIRTS-ERA5.monthly_Tmin.2015.05.tif,CHIRTS_ERA5_TMIN,TMIN,2015,5,,VALIDATED_LOCAL,EPSG:4326,7200,2600,"(0.050000000745, 0.0, -180.0, 0.0, -0.050000000745, 70.0, 0.0, 0.0, 1.0)",,float32
https://data.chc.ucsb.edu/experimental/CHIRTS-ERA5/tmin/tifs/monthly/CHIRTS-ERA5.monthly_Tmin.2015.06.tif,LOCAL,,,3bdae37541c89506fa00483d7b5c2ce2979c84e0c82ff56769e84808034c330e,data\raw\climate\chirts_era5\tmin\monthly\CHIRTS-ERA5.monthly_Tmin.2015.06.tif,CHIRTS_ERA5_TMIN,TMIN,2015,6,,VALIDATED_LOCAL,EPSG:4326,7200,2600,"(0.050000000745, 0.0, -180.0, 0.0, -0.050000000745, 70.0, 0.0, 0.0, 1.0)",,float32
https://data.chc.ucsb.edu/experimental/CHIRTS-ERA5/tmin/tifs/monthly/CHIRTS-ERA5.monthly_Tmin.2015.07.tif,LOCAL,,,7cbbd810522fde1d99495eab3ff3695e1166cb16a8bb25160f6b880d084bd3ee,data\raw\climate\chirts_era5\tmin\monthly\CHIRTS-ERA5.monthly_Tmin.2015.07.tif,CHIRTS_ERA5_TMIN,TMIN,2015,7,,VALIDATED_LOCAL,EPSG:4326,7200,2600,"(0.050000000745, 0.0, -180.0, 0.0, -0.050000000745, 70.0, 0.0, 0.0, 1.0)",,float32
https://data.chc.ucsb.edu/experimental/CHIRTS-ERA5/tmin/tifs/monthly/CHIRTS-ERA5.monthly_Tmin.2015.08.tif,LOCAL,,,9e530b3a480597861977dc69e4e5885bf79738480b517256ffa565a957029991,data\raw\climate\chirts_era5\tmin\monthly\CHIRTS-ERA5.monthly_Tmin.2015.08.tif,CHIRTS_ERA5_TMIN,TMIN,2015,8,,VALIDATED_LOCAL,EPSG:4326,7200,2600,"(0.050000000745, 0.0, -180.0, 0.0, -0.050000000745, 70.0, 0.0, 0.0, 1.0)",,float32
https://data.chc.ucsb.edu/experimental/CHIRTS-ERA5/tmin/tifs/monthly/CHIRTS-ERA5.monthly_Tmin.2015.09.tif,LOCAL,,,7f006a12fc8813469a051891c0be38d39c202f135ba698808f54c5dedb7a7ab0,data\raw\climate\chirts_era5\tmin\monthly\CHIRTS-ERA5.monthly_Tmin.2015.09.tif,CHIRTS_ERA5_TMIN,TMIN,2015,9,,VALIDATED_LOCAL,EPSG:4326,7200,2600,"(0.050000000745, 0.0, -180.0, 0.0, -0.050000000745, 70.0, 0.0, 0.0, 1.0)",,float32
https://data.chc.ucsb.edu/experimental/CHIRTS-ERA5/tmin/tifs/monthly/CHIRTS-ERA5.monthly_Tmin.2015.10.tif,LOCAL,,,3bcd9ebdb07e218bae2fe735b93dcabfc0f39dd16068bb6e0dccac6b0527695e,data\raw\climate\chirts_era5\tmin\monthly\CHIRTS-ERA5.monthly_Tmin.2015.10.tif,CHIRTS_ERA5_TMIN,TMIN,2015,10,,VALIDATED_LOCAL,EPSG:4326,7200,2600,"(0.050000000745, 0.0, -180.0, 0.0, -0.050000000745, 70.0, 0.0, 0.0, 1.0)",,float32
https://data.chc.ucsb.edu/experimental/CHIRTS-ERA5/tmin/tifs/monthly/CHIRTS-ERA5.monthly_Tmin.2015.11.tif,LOCAL,,,cd12ca8752894f1aff98184668962e6743f2009b7194d39680d35ea97377ccd7,data\raw\climate\chirts_era5\tmin\monthly\CHIRTS-ERA5.monthly_Tmin.2015.11.tif,CHIRTS_ERA5_TMIN,TMIN,2015,11,,VALIDATED_LOCAL,EPSG:4326,7200,2600,"(0.050000000745, 0.0, -180.0, 0.0, -0.050000000745, 70.0, 0.0, 0.0, 1.0)",,float32
https://data.chc.ucsb.edu/experimental/CHIRTS-ERA5/tmin/tifs/monthly/CHIRTS-ERA5.monthly_Tmin.2015.12.tif,LOCAL,,,f08a0f48cfe282915ce357997d43a98f42e8e6f811f8b37bcc5013bb0f49c2f2,data\raw\climate\chirts_era5\tmin\monthly\CHIRTS-ERA5.monthly_Tmin.2015.12.tif,CHIRTS_ERA5_TMIN,TMIN,2015,12,,VALIDATED_LOCAL,EPSG:4326,7200,2600,"(0.050000000745, 0.0, -180.0, 0.0, -0.050000000745, 70.0, 0.0, 0.0, 1.0)",,float32
https://data.chc.ucsb.edu/experimental/CHIRTS-ERA5/tmin/tifs/monthly/CHIRTS-ERA5.monthly_Tmin.2016.01.tif,LOCAL,,,4931e9d6cc28882dbda4c0086d1ea21c7386e8ce6bb52dfa31ec89e19bbf3a1e,data\raw\climate\chirts_era5\tmin\monthly\CHIRTS-ERA5.monthly_Tmin.2016.01.tif,CHIRTS_ERA5_TMIN,TMIN,2016,1,,VALIDATED_LOCAL,EPSG:4326,7200,2600,"(0.050000000745, 0.0, -180.0, 0.0, -0.050000000745, 70.0, 0.0, 0.0, 1.0)",,float32
https://data.chc.ucsb.edu/experimental/CHIRTS-ERA5/tmin/tifs/monthly/CHIRTS-ERA5.monthly_Tmin.2016.02.tif,LOCAL,,,0a27527c112b82d7c1982aa620ee08b3df3ab2e52873889aaf9c9553e3899591,data\raw\climate\chirts_era5\tmin\monthly\CHIRTS-ERA5.monthly_Tmin.2016.02.tif,CHIRTS_ERA5_TMIN,TMIN,2016,2,,VALIDATED_LOCAL,EPSG:4326,7200,2600,"(0.050000000745, 0.0, -180.0, 0.0, -0.050000000745, 70.0, 0.0, 0.0, 1.0)",,float32
https://data.chc.ucsb.edu/experimental/CHIRTS-ERA5/tmin/tifs/monthly/CHIRTS-ERA5.monthly_Tmin.2016.03.tif,LOCAL,,,e085caf92f1df201e7c263296ea3b0a21530f43d3003bd02557aa51d96eed52b,data\raw\climate\chirts_era5\tmin\monthly\CHIRTS-ERA5.monthly_Tmin.2016.03.tif,CHIRTS_ERA5_TMIN,TMIN,2016,3,,VALIDATED_LOCAL,EPSG:4326,7200,2600,"(0.050000000745, 0.0, -180.0, 0.0, -0.050000000745, 70.0, 0.0, 0.0, 1.0)",,float32
https://data.chc.ucsb.edu/experimental/CHIRTS-ERA5/tmin/tifs/monthly/CHIRTS-ERA5.monthly_Tmin.2016.04.tif,LOCAL,,,71b2fbe0754b06ed73c47f4a383196bde519f7aad81e0feb5e41b29adfde97ac,data\raw\climate\chirts_era5\tmin\monthly\CHIRTS-ERA5.monthly_Tmin.2016.04.tif,CHIRTS_ERA5_TMIN,TMIN,2016,4,,VALIDATED_LOCAL,EPSG:4326,7200,2600,"(0.050000000745, 0.0, -180.0, 0.0, -0.050000000745, 70.0, 0.0, 0.0, 1.0)",,float32
https://data.chc.ucsb.edu/experimental/CHIRTS-ERA5/tmin/tifs/monthly/CHIRTS-ERA5.monthly_Tmin.2016.05.tif,LOCAL,,,6abbaebe308aa30183923ddc3073566412bb45a70e4182df782bec2ac64e8c74,data\raw\climate\chirts_era5\tmin\monthly\CHIRTS-ERA5.monthly_Tmin.2016.05.tif,CHIRTS_ERA5_TMIN,TMIN,2016,5,,VALIDATED_LOCAL,EPSG:4326,7200,2600,"(0.050000000745, 0.0, -180.0, 0.0, -0.050000000745, 70.0, 0.0, 0.0, 1.0)",,float32
https://data.chc.ucsb.edu/experimental/CHIRTS-ERA5/tmin/tifs/monthly/CHIRTS-ERA5.monthly_Tmin.2016.06.tif,LOCAL,,,5b6197afe59d9b83ef1f3ebbd3771f8d2315cdf30fb2dfd6180cb67b1abdd57a,data\raw\climate\chirts_era5\tmin\monthly\CHIRTS-ERA5.monthly_Tmin.2016.06.tif,CHIRTS_ERA5_TMIN,TMIN,2016,6,,VALIDATED_LOCAL,EPSG:4326,7200,2600,"(0.050000000745, 0.0, -180.0, 0.0, -0.050000000745, 70.0, 0.0, 0.0, 1.0)",,float32
https://data.chc.ucsb.edu/experimental/CHIRTS-ERA5/tmin/tifs/monthly/CHIRTS-ERA5.monthly_Tmin.2016.07.tif,LOCAL,,,8c689a2d2812ba3faca71ca7f9c87259ff2b44d41cf1114ce3683db4697a84f5,data\raw\climate\chirts_era5\tmin\monthly\CHIRTS-ERA5.monthly_Tmin.2016.07.tif,CHIRTS_ERA5_TMIN,TMIN,2016,7,,VALIDATED_LOCAL,EPSG:4326,7200,2600,"(0.050000000745, 0.0, -180.0, 0.0, -0.050000000745, 70.0, 0.0, 0.0, 1.0)",,float32
https://data.chc.ucsb.edu/experimental/CHIRTS-ERA5/tmin/tifs/monthly/CHIRTS-ERA5.monthly_Tmin.2016.08.tif,LOCAL,,,145fda7d881127c02d18879a642cf268abf5d88af271db8eaca3e64f10df290d,data\raw\climate\chirts_era5\tmin\monthly\CHIRTS-ERA5.monthly_Tmin.2016.08.tif,CHIRTS_ERA5_TMIN,TMIN,2016,8,,VALIDATED_LOCAL,EPSG:4326,7200,2600,"(0.050000000745, 0.0, -180.0, 0.0, -0.050000000745, 70.0, 0.0, 0.0, 1.0)",,float32
https://data.chc.ucsb.edu/experimental/CHIRTS-ERA5/tmin/tifs/monthly/CHIRTS-ERA5.monthly_Tmin.2016.09.tif,LOCAL,,,d06616354dd71ad7fe3ec385c0f342e23467db64e47e3cd1ecb288d493d027b7,data\raw\climate\chirts_era5\tmin\monthly\CHIRTS-ERA5.monthly_Tmin.2016.09.tif,CHIRTS_ERA5_TMIN,TMIN,2016,9,,VALIDATED_LOCAL,EPSG:4326,7200,2600,"(0.050000000745, 0.0, -180.0, 0.0, -0.050000000745, 70.0, 0.0, 0.0, 1.0)",,float32
https://data.chc.ucsb.edu/experimental/CHIRTS-ERA5/tmin/tifs/monthly/CHIRTS-ERA5.monthly_Tmin.2016.10.tif,LOCAL,,,b8e8fd54b26937fa0d5282c10ff4ef9fc853cffb2c461996cb5c846eacc190dc,data\raw\climate\chirts_era5\tmin\monthly\CHIRTS-ERA5.monthly_Tmin.2016.10.tif,CHIRTS_ERA5_TMIN,TMIN,2016,10,,VALIDATED_LOCAL,EPSG:4326,7200,2600,"(0.050000000745, 0.0, -180.0, 0.0, -0.050000000745, 70.0, 0.0, 0.0, 1.0)",,float32
https://data.chc.ucsb.edu/experimental/CHIRTS-ERA5/tmin/tifs/monthly/CHIRTS-ERA5.monthly_Tmin.2016.11.tif,LOCAL,,,f1b59b74c5e06f36777057ceb7a4854f1090a87e34b0df84e8cf36aa604c89b3,data\raw\climate\chirts_era5\tmin\monthly\CHIRTS-ERA5.monthly_Tmin.2016.11.tif,CHIRTS_ERA5_TMIN,TMIN,2016,11,,VALIDATED_LOCAL,EPSG:4326,7200,2600,"(0.050000000745, 0.0, -180.0, 0.0, -0.050000000745, 70.0, 0.0, 0.0, 1.0)",,float32
https://data.chc.ucsb.edu/experimental/CHIRTS-ERA5/tmin/tifs/monthly/CHIRTS-ERA5.monthly_Tmin.2016.12.tif,LOCAL,,,b32c139d56ae868a7124d5ffd48acde03c33e1172c8d882f29762ab29fd5e0e7,data\raw\climate\chirts_era5\tmin\monthly\CHIRTS-ERA5.monthly_Tmin.2016.12.tif,CHIRTS_ERA5_TMIN,TMIN,2016,12,,VALIDATED_LOCAL,EPSG:4326,7200,2600,"(0.050000000745, 0.0, -180.0, 0.0, -0.050000000745, 70.0, 0.0, 0.0, 1.0)",,float32
https://data.chc.ucsb.edu/experimental/CHIRTS-ERA5/tmin/tifs/monthly/CHIRTS-ERA5.monthly_Tmin.2017.01.tif,LOCAL,,,b91b1339b1ecd1cf7e177b879ffd8fb0c3d7ea43b009245fa48c7dee4d594d0b,data\raw\climate\chirts_era5\tmin\monthly\CHIRTS-ERA5.monthly_Tmin.2017.01.tif,CHIRTS_ERA5_TMIN,TMIN,2017,1,,VALIDATED_LOCAL,EPSG:4326,7200,2600,"(0.050000000745, 0.0, -180.0, 0.0, -0.050000000745, 70.0, 0.0, 0.0, 1.0)",,float32
https://data.chc.ucsb.edu/experimental/CHIRTS-ERA5/tmin/tifs/monthly/CHIRTS-ERA5.monthly_Tmin.2017.02.tif,LOCAL,,,e961618f39e84a70ff3ff5e9638faa40031d72d4dcf9c25238b5eaf7c302e531,data\raw\climate\chirts_era5\tmin\monthly\CHIRTS-ERA5.monthly_Tmin.2017.02.tif,CHIRTS_ERA5_TMIN,TMIN,2017,2,,VALIDATED_LOCAL,EPSG:4326,7200,2600,"(0.050000000745, 0.0, -180.0, 0.0, -0.050000000745, 70.0, 0.0, 0.0, 1.0)",,float32
https://data.chc.ucsb.edu/experimental/CHIRTS-ERA5/tmin/tifs/monthly/CHIRTS-ERA5.monthly_Tmin.2017.03.tif,LOCAL,,,e4787a797520172e7a8950b3d8eacffed7b624a86019acd29cfc0c2cd7045630,data\raw\climate\chirts_era5\tmin\monthly\CHIRTS-ERA5.monthly_Tmin.2017.03.tif,CHIRTS_ERA5_TMIN,TMIN,2017,3,,VALIDATED_LOCAL,EPSG:4326,7200,2600,"(0.050000000745, 0.0, -180.0, 0.0, -0.050000000745, 70.0, 0.0, 0.0, 1.0)",,float32
https://data.chc.ucsb.edu/experimental/CHIRTS-ERA5/tmin/tifs/monthly/CHIRTS-ERA5.monthly_Tmin.2017.04.tif,LOCAL,,,47dbf59407f8d5692408be0a4e6532f8377de74c563e1476851927af2c64d771,data\raw\climate\chirts_era5\tmin\monthly\CHIRTS-ERA5.monthly_Tmin.2017.04.tif,CHIRTS_ERA5_TMIN,TMIN,2017,4,,VALIDATED_LOCAL,EPSG:4326,7200,2600,"(0.050000000745, 0.0, -180.0, 0.0, -0.050000000745, 70.0, 0.0, 0.0, 1.0)",,float32
https://data.chc.ucsb.edu/experimental/CHIRTS-ERA5/tmin/tifs/monthly/CHIRTS-ERA5.monthly_Tmin.2017.05.tif,LOCAL,,,8ac431b0be3416a09d6d7ae11f2351e7001d84a2c74302c6f723c2f387965447,data\raw\climate\chirts_era5\tmin\monthly\CHIRTS-ERA5.monthly_Tmin.2017.05.tif,CHIRTS_ERA5_TMIN,TMIN,2017,5,,VALIDATED_LOCAL,EPSG:4326,7200,2600,"(0.050000000745, 0.0, -180.0, 0.0, -0.050000000745, 70.0, 0.0, 0.0, 1.0)",,float32
https://data.chc.ucsb.edu/experimental/CHIRTS-ERA5/tmin/tifs/monthly/CHIRTS-ERA5.monthly_Tmin.2017.06.tif,LOCAL,,,fe91fa220bf895d6cfe110d8ccb2a6271b1b5939e36b5a32edda74edf6eaeaef,data\raw\climate\chirts_era5\tmin\monthly\CHIRTS-ERA5.monthly_Tmin.2017.06.tif,CHIRTS_ERA5_TMIN,TMIN,2017,6,,VALIDATED_LOCAL,EPSG:4326,7200,2600,"(0.050000000745, 0.0, -180.0, 0.0, -0.050000000745, 70.0, 0.0, 0.0, 1.0)",,float32
https://data.chc.ucsb.edu/experimental/CHIRTS-ERA5/tmin/tifs/monthly/CHIRTS-ERA5.monthly_Tmin.2017.07.tif,LOCAL,,,4850f20784fa59ab77106472a006ab8c2ce7a5b767b0ff984f38dff7b6e5aa37,data\raw\climate\chirts_era5\tmin\monthly\CHIRTS-ERA5.monthly_Tmin.2017.07.tif,CHIRTS_ERA5_TMIN,TMIN,2017,7,,VALIDATED_LOCAL,EPSG:4326,7200,2600,"(0.050000000745, 0.0, -180.0, 0.0, -0.050000000745, 70.0, 0.0, 0.0, 1.0)",,float32
https://data.chc.ucsb.edu/experimental/CHIRTS-ERA5/tmin/tifs/monthly/CHIRTS-ERA5.monthly_Tmin.2017.08.tif,LOCAL,,,bbe63e8c18dc5d87d5bd34f96625c59cf1d8ef557a5e02cc7096e72bf15a123d,data\raw\climate\chirts_era5\tmin\monthly\CHIRTS-ERA5.monthly_Tmin.2017.08.tif,CHIRTS_ERA5_TMIN,TMIN,2017,8,,VALIDATED_LOCAL,EPSG:4326,7200,2600,"(0.050000000745, 0.0, -180.0, 0.0, -0.050000000745, 70.0, 0.0, 0.0, 1.0)",,float32
https://data.chc.ucsb.edu/experimental/CHIRTS-ERA5/tmin/tifs/monthly/CHIRTS-ERA5.monthly_Tmin.2017.09.tif,LOCAL,,,1239d9d67b71531a19119b33c391b2163880c79b10b39023b089a6b79a511c2d,data\raw\climate\chirts_era5\tmin\monthly\CHIRTS-ERA5.monthly_Tmin.2017.09.tif,CHIRTS_ERA5_TMIN,TMIN,2017,9,,VALIDATED_LOCAL,EPSG:4326,7200,2600,"(0.050000000745, 0.0, -180.0, 0.0, -0.050000000745, 70.0, 0.0, 0.0, 1.0)",,float32
https://data.chc.ucsb.edu/experimental/CHIRTS-ERA5/tmin/tifs/monthly/CHIRTS-ERA5.monthly_Tmin.2017.10.tif,LOCAL,,,8661ea0b23e93213c1fbce97767f3b9862363df8c99ac4ed6a0c22a45a581956,data\raw\climate\chirts_era5\tmin\monthly\CHIRTS-ERA5.monthly_Tmin.2017.10.tif,CHIRTS_ERA5_TMIN,TMIN,2017,10,,VALIDATED_LOCAL,EPSG:4326,7200,2600,"(0.050000000745, 0.0, -180.0, 0.0, -0.050000000745, 70.0, 0.0, 0.0, 1.0)",,float32
https://data.chc.ucsb.edu/experimental/CHIRTS-ERA5/tmin/tifs/monthly/CHIRTS-ERA5.monthly_Tmin.2017.11.tif,LOCAL,,,33c83abbe325fb62816eefdd3c31fe466143544c26f0974945029319f0083e38,data\raw\climate\chirts_era5\tmin\monthly\CHIRTS-ERA5.monthly_Tmin.2017.11.tif,CHIRTS_ERA5_TMIN,TMIN,2017,11,,VALIDATED_LOCAL,EPSG:4326,7200,2600,"(0.050000000745, 0.0, -180.0, 0.0, -0.050000000745, 70.0, 0.0, 0.0, 1.0)",,float32
https://data.chc.ucsb.edu/experimental/CHIRTS-ERA5/tmin/tifs/monthly/CHIRTS-ERA5.monthly_Tmin.2017.12.tif,LOCAL,,,4567127bd3fd61dfa59b4fc6725060bb0a1e24bf4ff9179968737f03486e7bb6,data\raw\climate\chirts_era5\tmin\monthly\CHIRTS-ERA5.monthly_Tmin.2017.12.tif,CHIRTS_ERA5_TMIN,TMIN,2017,12,,VALIDATED_LOCAL,EPSG:4326,7200,2600,"(0.050000000745, 0.0, -180.0, 0.0, -0.050000000745, 70.0, 0.0, 0.0, 1.0)",,float32
https://data.chc.ucsb.edu/experimental/CHIRTS-ERA5/tmin/tifs/monthly/CHIRTS-ERA5.monthly_Tmin.2018.01.tif,LOCAL,,,eeccbb130fd264dd5ec15d2be6850823fe0b6dc6f270e7a4d98c6cfb5c347179,data\raw\climate\chirts_era5\tmin\monthly\CHIRTS-ERA5.monthly_Tmin.2018.01.tif,CHIRTS_ERA5_TMIN,TMIN,2018,1,,VALIDATED_LOCAL,EPSG:4326,7200,2600,"(0.050000000745, 0.0, -180.0, 0.0, -0.050000000745, 70.0, 0.0, 0.0, 1.0)",,float32
https://data.chc.ucsb.edu/experimental/CHIRTS-ERA5/tmin/tifs/monthly/CHIRTS-ERA5.monthly_Tmin.2018.02.tif,LOCAL,,,f28feafdb7bbbb3dc497b0c9ce379d4a706d2c3453eaf901b152b674d29f6d7c,data\raw\climate\chirts_era5\tmin\monthly\CHIRTS-ERA5.monthly_Tmin.2018.02.tif,CHIRTS_ERA5_TMIN,TMIN,2018,2,,VALIDATED_LOCAL,EPSG:4326,7200,2600,"(0.050000000745, 0.0, -180.0, 0.0, -0.050000000745, 70.0, 0.0, 0.0, 1.0)",,float32
https://data.chc.ucsb.edu/experimental/CHIRTS-ERA5/tmin/tifs/monthly/CHIRTS-ERA5.monthly_Tmin.2018.03.tif,LOCAL,,,88c15b0fb2f4a53b0e0b811a438fd55163c24a15dba191ecd215ce7f871f33ec,data\raw\climate\chirts_era5\tmin\monthly\CHIRTS-ERA5.monthly_Tmin.2018.03.tif,CHIRTS_ERA5_TMIN,TMIN,2018,3,,VALIDATED_LOCAL,EPSG:4326,7200,2600,"(0.050000000745, 0.0, -180.0, 0.0, -0.050000000745, 70.0, 0.0, 0.0, 1.0)",,float32
https://data.chc.ucsb.edu/experimental/CHIRTS-ERA5/tmin/tifs/monthly/CHIRTS-ERA5.monthly_Tmin.2018.04.tif,LOCAL,,,f20c26ba3d372cb73ad4f52e590d2665e408e329ca22f70b0a4c755aaef7db7a,data\raw\climate\chirts_era5\tmin\monthly\CHIRTS-ERA5.monthly_Tmin.2018.04.tif,CHIRTS_ERA5_TMIN,TMIN,2018,4,,VALIDATED_LOCAL,EPSG:4326,7200,2600,"(0.050000000745, 0.0, -180.0, 0.0, -0.050000000745, 70.0, 0.0, 0.0, 1.0)",,float32
https://data.chc.ucsb.edu/experimental/CHIRTS-ERA5/tmin/tifs/monthly/CHIRTS-ERA5.monthly_Tmin.2018.05.tif,LOCAL,,,385a71c6cc518557516722ae9ce2ab3135d11ed0f3d87e40c1ada294f23e71e1,data\raw\climate\chirts_era5\tmin\monthly\CHIRTS-ERA5.monthly_Tmin.2018.05.tif,CHIRTS_ERA5_TMIN,TMIN,2018,5,,VALIDATED_LOCAL,EPSG:4326,7200,2600,"(0.050000000745, 0.0, -180.0, 0.0, -0.050000000745, 70.0, 0.0, 0.0, 1.0)",,float32
https://data.chc.ucsb.edu/experimental/CHIRTS-ERA5/tmin/tifs/monthly/CHIRTS-ERA5.monthly_Tmin.2018.06.tif,LOCAL,,,c0d74fd59d3a2f5e3077a402ed21c669c57cd6a7faeeef61d133ed70e5c2dd0d,data\raw\climate\chirts_era5\tmin\monthly\CHIRTS-ERA5.monthly_Tmin.2018.06.tif,CHIRTS_ERA5_TMIN,TMIN,2018,6,,VALIDATED_LOCAL,EPSG:4326,7200,2600,"(0.050000000745, 0.0, -180.0, 0.0, -0.050000000745, 70.0, 0.0, 0.0, 1.0)",,float32
https://data.chc.ucsb.edu/experimental/CHIRTS-ERA5/tmin/tifs/monthly/CHIRTS-ERA5.monthly_Tmin.2018.07.tif,LOCAL,,,cce517b00ed9172d602c6628169b62f5f628e79972f01065f94f825bc44adaa9,data\raw\climate\chirts_era5\tmin\monthly\CHIRTS-ERA5.monthly_Tmin.2018.07.tif,CHIRTS_ERA5_TMIN,TMIN,2018,7,,VALIDATED_LOCAL,EPSG:4326,7200,2600,"(0.050000000745, 0.0, -180.0, 0.0, -0.050000000745, 70.0, 0.0, 0.0, 1.0)",,float32
https://data.chc.ucsb.edu/experimental/CHIRTS-ERA5/tmin/tifs/monthly/CHIRTS-ERA5.monthly_Tmin.2018.08.tif,LOCAL,,,c4eccd9546e3ad4cc48205c8e8e14f4d75f71755f602ef1ef8e7a0bf9e60a1b1,data\raw\climate\chirts_era5\tmin\monthly\CHIRTS-ERA5.monthly_Tmin.2018.08.tif,CHIRTS_ERA5_TMIN,TMIN,2018,8,,VALIDATED_LOCAL,EPSG:4326,7200,2600,"(0.050000000745, 0.0, -180.0, 0.0, -0.050000000745, 70.0, 0.0, 0.0, 1.0)",,float32
https://data.chc.ucsb.edu/experimental/CHIRTS-ERA5/tmin/tifs/monthly/CHIRTS-ERA5.monthly_Tmin.2018.09.tif,LOCAL,,,f0a364f2504d887f2551941f55857d53337e21c776d2d9d9da1159d1b32dc24c,data\raw\climate\chirts_era5\tmin\monthly\CHIRTS-ERA5.monthly_Tmin.2018.09.tif,CHIRTS_ERA5_TMIN,TMIN,2018,9,,VALIDATED_LOCAL,EPSG:4326,7200,2600,"(0.050000000745, 0.0, -180.0, 0.0, -0.050000000745, 70.0, 0.0, 0.0, 1.0)",,float32
https://data.chc.ucsb.edu/experimental/CHIRTS-ERA5/tmin/tifs/monthly/CHIRTS-ERA5.monthly_Tmin.2018.10.tif,LOCAL,,,0318e15cec74d866075cf0b7912a101f020c342ac291f71a9989aa3b46dddfa2,data\raw\climate\chirts_era5\tmin\monthly\CHIRTS-ERA5.monthly_Tmin.2018.10.tif,CHIRTS_ERA5_TMIN,TMIN,2018,10,,VALIDATED_LOCAL,EPSG:4326,7200,2600,"(0.050000000745, 0.0, -180.0, 0.0, -0.050000000745, 70.0, 0.0, 0.0, 1.0)",,float32
https://data.chc.ucsb.edu/experimental/CHIRTS-ERA5/tmin/tifs/monthly/CHIRTS-ERA5.monthly_Tmin.2018.11.tif,LOCAL,,,cf9a24036737ca6af6743116a6b55ae8b2d1f5736cbb8cab86dd03695b817125,data\raw\climate\chirts_era5\tmin\monthly\CHIRTS-ERA5.monthly_Tmin.2018.11.tif,CHIRTS_ERA5_TMIN,TMIN,2018,11,,VALIDATED_LOCAL,EPSG:4326,7200,2600,"(0.050000000745, 0.0, -180.0, 0.0, -0.050000000745, 70.0, 0.0, 0.0, 1.0)",,float32
https://data.chc.ucsb.edu/experimental/CHIRTS-ERA5/tmin/tifs/monthly/CHIRTS-ERA5.monthly_Tmin.2018.12.tif,LOCAL,,,912644758de03e7e181a7a284c5d3c257294ace70b48b24faef1c4155343bed1,data\raw\climate\chirts_era5\tmin\monthly\CHIRTS-ERA5.monthly_Tmin.2018.12.tif,CHIRTS_ERA5_TMIN,TMIN,2018,12,,VALIDATED_LOCAL,EPSG:4326,7200,2600,"(0.050000000745, 0.0, -180.0, 0.0, -0.050000000745, 70.0, 0.0, 0.0, 1.0)",,float32
https://data.chc.ucsb.edu/experimental/CHIRTS-ERA5/tmin/tifs/monthly/CHIRTS-ERA5.monthly_Tmin.2019.01.tif,LOCAL,,,a04cd112ab5e72fa1cfe3d79c41576891517520948cee3c27b9ff1daa452af8e,data\raw\climate\chirts_era5\tmin\monthly\CHIRTS-ERA5.monthly_Tmin.2019.01.tif,CHIRTS_ERA5_TMIN,TMIN,2019,1,,VALIDATED_LOCAL,EPSG:4326,7200,2600,"(0.050000000745, 0.0, -180.0, 0.0, -0.050000000745, 70.0, 0.0, 0.0, 1.0)",,float32
https://data.chc.ucsb.edu/experimental/CHIRTS-ERA5/tmin/tifs/monthly/CHIRTS-ERA5.monthly_Tmin.2019.02.tif,LOCAL,,,ac4bb7f9cc10eae4c70e7094dfdebcb94db0eec50df46f19e775d64d0bfac78c,data\raw\climate\chirts_era5\tmin\monthly\CHIRTS-ERA5.monthly_Tmin.2019.02.tif,CHIRTS_ERA5_TMIN,TMIN,2019,2,,VALIDATED_LOCAL,EPSG:4326,7200,2600,"(0.050000000745, 0.0, -180.0, 0.0, -0.050000000745, 70.0, 0.0, 0.0, 1.0)",,float32
https://data.chc.ucsb.edu/experimental/CHIRTS-ERA5/tmin/tifs/monthly/CHIRTS-ERA5.monthly_Tmin.2019.03.tif,LOCAL,,,ad9b007deb0a47aea95622ef8d948c9ef5918722d28ff4ce16683283cadf5e83,data\raw\climate\chirts_era5\tmin\monthly\CHIRTS-ERA5.monthly_Tmin.2019.03.tif,CHIRTS_ERA5_TMIN,TMIN,2019,3,,VALIDATED_LOCAL,EPSG:4326,7200,2600,"(0.050000000745, 0.0, -180.0, 0.0, -0.050000000745, 70.0, 0.0, 0.0, 1.0)",,float32
https://data.chc.ucsb.edu/experimental/CHIRTS-ERA5/tmin/tifs/monthly/CHIRTS-ERA5.monthly_Tmin.2019.04.tif,LOCAL,,,c4a95ccb4a700c6dd6a9574512e3a50c616fbfd02f99ba5835801d8c39123655,data\raw\climate\chirts_era5\tmin\monthly\CHIRTS-ERA5.monthly_Tmin.2019.04.tif,CHIRTS_ERA5_TMIN,TMIN,2019,4,,VALIDATED_LOCAL,EPSG:4326,7200,2600,"(0.050000000745, 0.0, -180.0, 0.0, -0.050000000745, 70.0, 0.0, 0.0, 1.0)",,float32
https://data.chc.ucsb.edu/experimental/CHIRTS-ERA5/tmin/tifs/monthly/CHIRTS-ERA5.monthly_Tmin.2019.05.tif,LOCAL,,,4b9fa1d2b07445e98af2cbaec5c12c527dd6822eebc2aff72a45637abc252d6f,data\raw\climate\chirts_era5\tmin\monthly\CHIRTS-ERA5.monthly_Tmin.2019.05.tif,CHIRTS_ERA5_TMIN,TMIN,2019,5,,VALIDATED_LOCAL,EPSG:4326,7200,2600,"(0.050000000745, 0.0, -180.0, 0.0, -0.050000000745, 70.0, 0.0, 0.0, 1.0)",,float32
https://data.chc.ucsb.edu/experimental/CHIRTS-ERA5/tmin/tifs/monthly/CHIRTS-ERA5.monthly_Tmin.2019.06.tif,LOCAL,,,73463b44c1e5ba8f0b50886f27a011dca7b6378eae965b813b323f0131380a0d,data\raw\climate\chirts_era5\tmin\monthly\CHIRTS-ERA5.monthly_Tmin.2019.06.tif,CHIRTS_ERA5_TMIN,TMIN,2019,6,,VALIDATED_LOCAL,EPSG:4326,7200,2600,"(0.050000000745, 0.0, -180.0, 0.0, -0.050000000745, 70.0, 0.0, 0.0, 1.0)",,float32
https://data.chc.ucsb.edu/experimental/CHIRTS-ERA5/tmin/tifs/monthly/CHIRTS-ERA5.monthly_Tmin.2019.07.tif,LOCAL,,,1e6173ecb74db98a94956e09ab26915bafc3115b758b9de82f9b5ecb35a55261,data\raw\climate\chirts_era5\tmin\monthly\CHIRTS-ERA5.monthly_Tmin.2019.07.tif,CHIRTS_ERA5_TMIN,TMIN,2019,7,,VALIDATED_LOCAL,EPSG:4326,7200,2600,"(0.050000000745, 0.0, -180.0, 0.0, -0.050000000745, 70.0, 0.0, 0.0, 1.0)",,float32
https://data.chc.ucsb.edu/experimental/CHIRTS-ERA5/tmin/tifs/monthly/CHIRTS-ERA5.monthly_Tmin.2019.08.tif,LOCAL,,,b46916cba376c3855efbdd3de3a9ad846d0aa180d92a71bfe5b2d5abc56838c7,data\raw\climate\chirts_era5\tmin\monthly\CHIRTS-ERA5.monthly_Tmin.2019.08.tif,CHIRTS_ERA5_TMIN,TMIN,2019,8,,VALIDATED_LOCAL,EPSG:4326,7200,2600,"(0.050000000745, 0.0, -180.0, 0.0, -0.050000000745, 70.0, 0.0, 0.0, 1.0)",,float32
https://data.chc.ucsb.edu/experimental/CHIRTS-ERA5/tmin/tifs/monthly/CHIRTS-ERA5.monthly_Tmin.2019.09.tif,LOCAL,,,9838e9a411fa07f1f5317bb60f28bbb956d60606da47f6928be25e7ca6164f45,data\raw\climate\chirts_era5\tmin\monthly\CHIRTS-ERA5.monthly_Tmin.2019.09.tif,CHIRTS_ERA5_TMIN,TMIN,2019,9,,VALIDATED_LOCAL,EPSG:4326,7200,2600,"(0.050000000745, 0.0, -180.0, 0.0, -0.050000000745, 70.0, 0.0, 0.0, 1.0)",,float32
https://data.chc.ucsb.edu/experimental/CHIRTS-ERA5/tmin/tifs/monthly/CHIRTS-ERA5.monthly_Tmin.2019.10.tif,LOCAL,,,5c840c27687bc19b9b7b9d2042d355e4b52c7c84bee5df3ad2c5c00e967bcf45,data\raw\climate\chirts_era5\tmin\monthly\CHIRTS-ERA5.monthly_Tmin.2019.10.tif,CHIRTS_ERA5_TMIN,TMIN,2019,10,,VALIDATED_LOCAL,EPSG:4326,7200,2600,"(0.050000000745, 0.0, -180.0, 0.0, -0.050000000745, 70.0, 0.0, 0.0, 1.0)",,float32
https://data.chc.ucsb.edu/experimental/CHIRTS-ERA5/tmin/tifs/monthly/CHIRTS-ERA5.monthly_Tmin.2019.11.tif,LOCAL,,,0a48621afa7ab40b535b57b00fc1686421f1fe82fee9f748a336d0c2a43fc0c6,data\raw\climate\chirts_era5\tmin\monthly\CHIRTS-ERA5.monthly_Tmin.2019.11.tif,CHIRTS_ERA5_TMIN,TMIN,2019,11,,VALIDATED_LOCAL,EPSG:4326,7200,2600,"(0.050000000745, 0.0, -180.0, 0.0, -0.050000000745, 70.0, 0.0, 0.0, 1.0)",,float32
https://data.chc.ucsb.edu/experimental/CHIRTS-ERA5/tmin/tifs/monthly/CHIRTS-ERA5.monthly_Tmin.2019.12.tif,LOCAL,,,683aef1dec1dcc2a26d39349e62d2d7e5d76340f83913dcb26f7c8a4d6795b70,data\raw\climate\chirts_era5\tmin\monthly\CHIRTS-ERA5.monthly_Tmin.2019.12.tif,CHIRTS_ERA5_TMIN,TMIN,2019,12,,VALIDATED_LOCAL,EPSG:4326,7200,2600,"(0.050000000745, 0.0, -180.0, 0.0, -0.050000000745, 70.0, 0.0, 0.0, 1.0)",,float32
https://data.chc.ucsb.edu/experimental/CHIRTS-ERA5/tmin/tifs/monthly/CHIRTS-ERA5.monthly_Tmin.2020.01.tif,LOCAL,,,c2aa58b9743c4135d4c1f06bb3f9c40b3ba280b777fc7ceea467a13871568680,data\raw\climate\chirts_era5\tmin\monthly\CHIRTS-ERA5.monthly_Tmin.2020.01.tif,CHIRTS_ERA5_TMIN,TMIN,2020,1,,VALIDATED_LOCAL,EPSG:4326,7200,2600,"(0.050000000745, 0.0, -180.0, 0.0, -0.050000000745, 70.0, 0.0, 0.0, 1.0)",,float32
https://data.chc.ucsb.edu/experimental/CHIRTS-ERA5/tmin/tifs/monthly/CHIRTS-ERA5.monthly_Tmin.2020.02.tif,LOCAL,,,2bc9aceb9a426d4d6e5c2923050ba462198da96f54eeb92649afd2da05b7c773,data\raw\climate\chirts_era5\tmin\monthly\CHIRTS-ERA5.monthly_Tmin.2020.02.tif,CHIRTS_ERA5_TMIN,TMIN,2020,2,,VALIDATED_LOCAL,EPSG:4326,7200,2600,"(0.050000000745, 0.0, -180.0, 0.0, -0.050000000745, 70.0, 0.0, 0.0, 1.0)",,float32
https://data.chc.ucsb.edu/experimental/CHIRTS-ERA5/tmin/tifs/monthly/CHIRTS-ERA5.monthly_Tmin.2020.03.tif,LOCAL,,,35de20f8de7f11ae9cf82d1f316fd4d39f413df961187f6f1ea69dfca22d0954,data\raw\climate\chirts_era5\tmin\monthly\CHIRTS-ERA5.monthly_Tmin.2020.03.tif,CHIRTS_ERA5_TMIN,TMIN,2020,3,,VALIDATED_LOCAL,EPSG:4326,7200,2600,"(0.050000000745, 0.0, -180.0, 0.0, -0.050000000745, 70.0, 0.0, 0.0, 1.0)",,float32
https://data.chc.ucsb.edu/experimental/CHIRTS-ERA5/tmin/tifs/monthly/CHIRTS-ERA5.monthly_Tmin.2020.04.tif,LOCAL,,,42723526c92bd3607b391e32ee6db7bbf7f3ae9dbf6672edb8d237be3a5d3d7a,data\raw\climate\chirts_era5\tmin\monthly\CHIRTS-ERA5.monthly_Tmin.2020.04.tif,CHIRTS_ERA5_TMIN,TMIN,2020,4,,VALIDATED_LOCAL,EPSG:4326,7200,2600,"(0.050000000745, 0.0, -180.0, 0.0, -0.050000000745, 70.0, 0.0, 0.0, 1.0)",,float32
https://data.chc.ucsb.edu/experimental/CHIRTS-ERA5/tmin/tifs/monthly/CHIRTS-ERA5.monthly_Tmin.2020.05.tif,LOCAL,,,3a262812b4ac3a3e3094aff1321b739f948f6c05253cea735db037ba704f1198,data\raw\climate\chirts_era5\tmin\monthly\CHIRTS-ERA5.monthly_Tmin.2020.05.tif,CHIRTS_ERA5_TMIN,TMIN,2020,5,,VALIDATED_LOCAL,EPSG:4326,7200,2600,"(0.050000000745, 0.0, -180.0, 0.0, -0.050000000745, 70.0, 0.0, 0.0, 1.0)",,float32
https://data.chc.ucsb.edu/experimental/CHIRTS-ERA5/tmin/tifs/monthly/CHIRTS-ERA5.monthly_Tmin.2020.06.tif,LOCAL,,,2f9fe63f7b8a78379b6f8ea9b18ed314aa7494139eb4439a2f3ddfc54245791b,data\raw\climate\chirts_era5\tmin\monthly\CHIRTS-ERA5.monthly_Tmin.2020.06.tif,CHIRTS_ERA5_TMIN,TMIN,2020,6,,VALIDATED_LOCAL,EPSG:4326,7200,2600,"(0.050000000745, 0.0, -180.0, 0.0, -0.050000000745, 70.0, 0.0, 0.0, 1.0)",,float32
https://data.chc.ucsb.edu/experimental/CHIRTS-ERA5/tmin/tifs/monthly/CHIRTS-ERA5.monthly_Tmin.2020.07.tif,LOCAL,,,8a69d0529a6bbf182ef841d3070b399983852eb7dabf0c5e1438223611fbbf01,data\raw\climate\chirts_era5\tmin\monthly\CHIRTS-ERA5.monthly_Tmin.2020.07.tif,CHIRTS_ERA5_TMIN,TMIN,2020,7,,VALIDATED_LOCAL,EPSG:4326,7200,2600,"(0.050000000745, 0.0, -180.0, 0.0, -0.050000000745, 70.0, 0.0, 0.0, 1.0)",,float32
https://data.chc.ucsb.edu/experimental/CHIRTS-ERA5/tmin/tifs/monthly/CHIRTS-ERA5.monthly_Tmin.2020.08.tif,LOCAL,,,f1b164f7ecba398cdc877ddf005ea033c4bb977483b168d937697e9bb3b8aa89,data\raw\climate\chirts_era5\tmin\monthly\CHIRTS-ERA5.monthly_Tmin.2020.08.tif,CHIRTS_ERA5_TMIN,TMIN,2020,8,,VALIDATED_LOCAL,EPSG:4326,7200,2600,"(0.050000000745, 0.0, -180.0, 0.0, -0.050000000745, 70.0, 0.0, 0.0, 1.0)",,float32
https://data.chc.ucsb.edu/experimental/CHIRTS-ERA5/tmin/tifs/monthly/CHIRTS-ERA5.monthly_Tmin.2020.09.tif,LOCAL,,,d4a3b0d5a56a6769a7e5245a2c1336648fed51419e1871b8aa827f07caeab1c4,data\raw\climate\chirts_era5\tmin\monthly\CHIRTS-ERA5.monthly_Tmin.2020.09.tif,CHIRTS_ERA5_TMIN,TMIN,2020,9,,VALIDATED_LOCAL,EPSG:4326,7200,2600,"(0.050000000745, 0.0, -180.0, 0.0, -0.050000000745, 70.0, 0.0, 0.0, 1.0)",,float32
https://data.chc.ucsb.edu/experimental/CHIRTS-ERA5/tmin/tifs/monthly/CHIRTS-ERA5.monthly_Tmin.2020.10.tif,LOCAL,,,97c91877548b5054f5087dbd952520524ac13a34881f146f46f94de52cffaa3b,data\raw\climate\chirts_era5\tmin\monthly\CHIRTS-ERA5.monthly_Tmin.2020.10.tif,CHIRTS_ERA5_TMIN,TMIN,2020,10,,VALIDATED_LOCAL,EPSG:4326,7200,2600,"(0.050000000745, 0.0, -180.0, 0.0, -0.050000000745, 70.0, 0.0, 0.0, 1.0)",,float32
https://data.chc.ucsb.edu/experimental/CHIRTS-ERA5/tmin/tifs/monthly/CHIRTS-ERA5.monthly_Tmin.2020.11.tif,LOCAL,,,ed9ed27fa08f9f774559280717b83098d51b56333e197caeac4243e035be6ce6,data\raw\climate\chirts_era5\tmin\monthly\CHIRTS-ERA5.monthly_Tmin.2020.11.tif,CHIRTS_ERA5_TMIN,TMIN,2020,11,,VALIDATED_LOCAL,EPSG:4326,7200,2600,"(0.050000000745, 0.0, -180.0, 0.0, -0.050000000745, 70.0, 0.0, 0.0, 1.0)",,float32
https://data.chc.ucsb.edu/experimental/CHIRTS-ERA5/tmin/tifs/monthly/CHIRTS-ERA5.monthly_Tmin.2020.12.tif,LOCAL,,,d0192918e75cb368c576cbcb7dae2755109b3231d74d15239f24c43c2208f9dd,data\raw\climate\chirts_era5\tmin\monthly\CHIRTS-ERA5.monthly_Tmin.2020.12.tif,CHIRTS_ERA5_TMIN,TMIN,2020,12,,VALIDATED_LOCAL,EPSG:4326,7200,2600,"(0.050000000745, 0.0, -180.0, 0.0, -0.050000000745, 70.0, 0.0, 0.0, 1.0)",,float32
https://data.chc.ucsb.edu/experimental/CHIRTS-ERA5/tmin/tifs/monthly/CHIRTS-ERA5.monthly_Tmin.2021.01.tif,LOCAL,,,7c43342cf85620e75c89d26b0b68c9ea903a73e47e9297f2a2bdd25fccedc473,data\raw\climate\chirts_era5\tmin\monthly\CHIRTS-ERA5.monthly_Tmin.2021.01.tif,CHIRTS_ERA5_TMIN,TMIN,2021,1,,VALIDATED_LOCAL,EPSG:4326,7200,2600,"(0.050000000745, 0.0, -180.0, 0.0, -0.050000000745, 70.0, 0.0, 0.0, 1.0)",,float32
https://data.chc.ucsb.edu/experimental/CHIRTS-ERA5/tmin/tifs/monthly/CHIRTS-ERA5.monthly_Tmin.2021.02.tif,LOCAL,,,137fb07aad9935ec10889179c12e0a32d1a014b9d89636b25cef8d0a2f6cfa12,data\raw\climate\chirts_era5\tmin\monthly\CHIRTS-ERA5.monthly_Tmin.2021.02.tif,CHIRTS_ERA5_TMIN,TMIN,2021,2,,VALIDATED_LOCAL,EPSG:4326,7200,2600,"(0.050000000745, 0.0, -180.0, 0.0, -0.050000000745, 70.0, 0.0, 0.0, 1.0)",,float32
https://data.chc.ucsb.edu/experimental/CHIRTS-ERA5/tmin/tifs/monthly/CHIRTS-ERA5.monthly_Tmin.2021.03.tif,LOCAL,,,cb1662e757156fd53890a595b6132eb86296696bbd2bc96e796fb0f036337b63,data\raw\climate\chirts_era5\tmin\monthly\CHIRTS-ERA5.monthly_Tmin.2021.03.tif,CHIRTS_ERA5_TMIN,TMIN,2021,3,,VALIDATED_LOCAL,EPSG:4326,7200,2600,"(0.050000000745, 0.0, -180.0, 0.0, -0.050000000745, 70.0, 0.0, 0.0, 1.0)",,float32
https://data.chc.ucsb.edu/experimental/CHIRTS-ERA5/tmin/tifs/monthly/CHIRTS-ERA5.monthly_Tmin.2021.04.tif,LOCAL,,,6819832277335bf7de47b13006dea185d5d3a2f249f8bc2900b85eec8bf9c915,data\raw\climate\chirts_era5\tmin\monthly\CHIRTS-ERA5.monthly_Tmin.2021.04.tif,CHIRTS_ERA5_TMIN,TMIN,2021,4,,VALIDATED_LOCAL,EPSG:4326,7200,2600,"(0.050000000745, 0.0, -180.0, 0.0, -0.050000000745, 70.0, 0.0, 0.0, 1.0)",,float32
https://data.chc.ucsb.edu/experimental/CHIRTS-ERA5/tmin/tifs/monthly/CHIRTS-ERA5.monthly_Tmin.2021.05.tif,LOCAL,,,32ca539822943f329156df5fbc663785dfbf1a22d027244c67bcd8de15d81abf,data\raw\climate\chirts_era5\tmin\monthly\CHIRTS-ERA5.monthly_Tmin.2021.05.tif,CHIRTS_ERA5_TMIN,TMIN,2021,5,,VALIDATED_LOCAL,EPSG:4326,7200,2600,"(0.050000000745, 0.0, -180.0, 0.0, -0.050000000745, 70.0, 0.0, 0.0, 1.0)",,float32
https://data.chc.ucsb.edu/experimental/CHIRTS-ERA5/tmin/tifs/monthly/CHIRTS-ERA5.monthly_Tmin.2021.06.tif,LOCAL,,,44f0de41f300a4b9f86533e69b8b442da3352826e9d5a80fffb1b6e9cc12c9c5,data\raw\climate\chirts_era5\tmin\monthly\CHIRTS-ERA5.monthly_Tmin.2021.06.tif,CHIRTS_ERA5_TMIN,TMIN,2021,6,,VALIDATED_LOCAL,EPSG:4326,7200,2600,"(0.050000000745, 0.0, -180.0, 0.0, -0.050000000745, 70.0, 0.0, 0.0, 1.0)",,float32
https://data.chc.ucsb.edu/experimental/CHIRTS-ERA5/tmin/tifs/monthly/CHIRTS-ERA5.monthly_Tmin.2021.07.tif,LOCAL,,,310b41a5b3cfec3f72c1a27602efe1cf45348f1ce0d054986af7ee7864e1aff6,data\raw\climate\chirts_era5\tmin\monthly\CHIRTS-ERA5.monthly_Tmin.2021.07.tif,CHIRTS_ERA5_TMIN,TMIN,2021,7,,VALIDATED_LOCAL,EPSG:4326,7200,2600,"(0.050000000745, 0.0, -180.0, 0.0, -0.050000000745, 70.0, 0.0, 0.0, 1.0)",,float32
https://data.chc.ucsb.edu/experimental/CHIRTS-ERA5/tmin/tifs/monthly/CHIRTS-ERA5.monthly_Tmin.2021.08.tif,LOCAL,,,77045cde0ea5fce87a5dab561b8b0934a98cd78d65c3c619ac4e3837d24eed19,data\raw\climate\chirts_era5\tmin\monthly\CHIRTS-ERA5.monthly_Tmin.2021.08.tif,CHIRTS_ERA5_TMIN,TMIN,2021,8,,VALIDATED_LOCAL,EPSG:4326,7200,2600,"(0.050000000745, 0.0, -180.0, 0.0, -0.050000000745, 70.0, 0.0, 0.0, 1.0)",,float32
https://data.chc.ucsb.edu/experimental/CHIRTS-ERA5/tmin/tifs/monthly/CHIRTS-ERA5.monthly_Tmin.2021.09.tif,LOCAL,,,9fd35f5caed881b6af78dca7a0fbc6d63c515d1ed71bdfa424c8e6b3f88bfa08,data\raw\climate\chirts_era5\tmin\monthly\CHIRTS-ERA5.monthly_Tmin.2021.09.tif,CHIRTS_ERA5_TMIN,TMIN,2021,9,,VALIDATED_LOCAL,EPSG:4326,7200,2600,"(0.050000000745, 0.0, -180.0, 0.0, -0.050000000745, 70.0, 0.0, 0.0, 1.0)",,float32
https://data.chc.ucsb.edu/experimental/CHIRTS-ERA5/tmin/tifs/monthly/CHIRTS-ERA5.monthly_Tmin.2021.10.tif,LOCAL,,,1b23d54d93682c6369dc5c13d83f2fed601c2a7a0034f7b961685164019e2105,data\raw\climate\chirts_era5\tmin\monthly\CHIRTS-ERA5.monthly_Tmin.2021.10.tif,CHIRTS_ERA5_TMIN,TMIN,2021,10,,VALIDATED_LOCAL,EPSG:4326,7200,2600,"(0.050000000745, 0.0, -180.0, 0.0, -0.050000000745, 70.0, 0.0, 0.0, 1.0)",,float32
https://data.chc.ucsb.edu/experimental/CHIRTS-ERA5/tmin/tifs/monthly/CHIRTS-ERA5.monthly_Tmin.2021.11.tif,LOCAL,,,61f49b16079a15518df9b32b3b1efd06506b421caabfc3dc5e9c4c9462bde3a2,data\raw\climate\chirts_era5\tmin\monthly\CHIRTS-ERA5.monthly_Tmin.2021.11.tif,CHIRTS_ERA5_TMIN,TMIN,2021,11,,VALIDATED_LOCAL,EPSG:4326,7200,2600,"(0.050000000745, 0.0, -180.0, 0.0, -0.050000000745, 70.0, 0.0, 0.0, 1.0)",,float32
https://data.chc.ucsb.edu/experimental/CHIRTS-ERA5/tmin/tifs/monthly/CHIRTS-ERA5.monthly_Tmin.2021.12.tif,LOCAL,,,02f55c588a748845b8f687de8df6c91687b046463356d0501882eb358eba701c,data\raw\climate\chirts_era5\tmin\monthly\CHIRTS-ERA5.monthly_Tmin.2021.12.tif,CHIRTS_ERA5_TMIN,TMIN,2021,12,,VALIDATED_LOCAL,EPSG:4326,7200,2600,"(0.050000000745, 0.0, -180.0, 0.0, -0.050000000745, 70.0, 0.0, 0.0, 1.0)",,float32
https://data.chc.ucsb.edu/experimental/CHIRTS-ERA5/tmin/tifs/monthly/CHIRTS-ERA5.monthly_Tmin.2022.01.tif,LOCAL,,,89501b00a1b12c0524c5838f013a054ae15738faee4c2d7a6cd8ca93cea87bfb,data\raw\climate\chirts_era5\tmin\monthly\CHIRTS-ERA5.monthly_Tmin.2022.01.tif,CHIRTS_ERA5_TMIN,TMIN,2022,1,,VALIDATED_LOCAL,EPSG:4326,7200,2600,"(0.050000000745, 0.0, -180.0, 0.0, -0.050000000745, 70.0, 0.0, 0.0, 1.0)",,float32
https://data.chc.ucsb.edu/experimental/CHIRTS-ERA5/tmin/tifs/monthly/CHIRTS-ERA5.monthly_Tmin.2022.02.tif,LOCAL,,,93daa19c3256f11629bc9ae365a02bd307333ed3e6c674a439348b2ba69a58e6,data\raw\climate\chirts_era5\tmin\monthly\CHIRTS-ERA5.monthly_Tmin.2022.02.tif,CHIRTS_ERA5_TMIN,TMIN,2022,2,,VALIDATED_LOCAL,EPSG:4326,7200,2600,"(0.050000000745, 0.0, -180.0, 0.0, -0.050000000745, 70.0, 0.0, 0.0, 1.0)",,float32
https://data.chc.ucsb.edu/experimental/CHIRTS-ERA5/tmin/tifs/monthly/CHIRTS-ERA5.monthly_Tmin.2022.03.tif,LOCAL,,,65325b2ab766b66d92aed294f30c50cda10a56547855d9cf95210528ad72aad8,data\raw\climate\chirts_era5\tmin\monthly\CHIRTS-ERA5.monthly_Tmin.2022.03.tif,CHIRTS_ERA5_TMIN,TMIN,2022,3,,VALIDATED_LOCAL,EPSG:4326,7200,2600,"(0.050000000745, 0.0, -180.0, 0.0, -0.050000000745, 70.0, 0.0, 0.0, 1.0)",,float32
https://data.chc.ucsb.edu/experimental/CHIRTS-ERA5/tmin/tifs/monthly/CHIRTS-ERA5.monthly_Tmin.2022.04.tif,LOCAL,,,fd3b86053ea38e98da0c378351d15fe74ff8498288961b65787407e3bb8f515c,data\raw\climate\chirts_era5\tmin\monthly\CHIRTS-ERA5.monthly_Tmin.2022.04.tif,CHIRTS_ERA5_TMIN,TMIN,2022,4,,VALIDATED_LOCAL,EPSG:4326,7200,2600,"(0.050000000745, 0.0, -180.0, 0.0, -0.050000000745, 70.0, 0.0, 0.0, 1.0)",,float32
https://data.chc.ucsb.edu/experimental/CHIRTS-ERA5/tmin/tifs/monthly/CHIRTS-ERA5.monthly_Tmin.2022.05.tif,LOCAL,,,941c2565371f5ad85df96272e178ebd5b4a85dd61d1687419c65bd772c0546cf,data\raw\climate\chirts_era5\tmin\monthly\CHIRTS-ERA5.monthly_Tmin.2022.05.tif,CHIRTS_ERA5_TMIN,TMIN,2022,5,,VALIDATED_LOCAL,EPSG:4326,7200,2600,"(0.050000000745, 0.0, -180.0, 0.0, -0.050000000745, 70.0, 0.0, 0.0, 1.0)",,float32
https://data.chc.ucsb.edu/experimental/CHIRTS-ERA5/tmin/tifs/monthly/CHIRTS-ERA5.monthly_Tmin.2022.06.tif,LOCAL,,,9453b94440879edc1e6dbd0ca4d96c33174c79445c693e7ac63dc11420804e20,data\raw\climate\chirts_era5\tmin\monthly\CHIRTS-ERA5.monthly_Tmin.2022.06.tif,CHIRTS_ERA5_TMIN,TMIN,2022,6,,VALIDATED_LOCAL,EPSG:4326,7200,2600,"(0.050000000745, 0.0, -180.0, 0.0, -0.050000000745, 70.0, 0.0, 0.0, 1.0)",,float32
https://data.chc.ucsb.edu/experimental/CHIRTS-ERA5/tmin/tifs/monthly/CHIRTS-ERA5.monthly_Tmin.2022.07.tif,LOCAL,,,d138b1638153f75dde77dd0c8b98298e91b6b832dc74eaf5fb37ad66d54994c8,data\raw\climate\chirts_era5\tmin\monthly\CHIRTS-ERA5.monthly_Tmin.2022.07.tif,CHIRTS_ERA5_TMIN,TMIN,2022,7,,VALIDATED_LOCAL,EPSG:4326,7200,2600,"(0.050000000745, 0.0, -180.0, 0.0, -0.050000000745, 70.0, 0.0, 0.0, 1.0)",,float32
https://data.chc.ucsb.edu/experimental/CHIRTS-ERA5/tmin/tifs/monthly/CHIRTS-ERA5.monthly_Tmin.2022.08.tif,LOCAL,,,badee28d274a14b3cd48afd9d5f24b32f5cf5a65078675aa017860af333f5014,data\raw\climate\chirts_era5\tmin\monthly\CHIRTS-ERA5.monthly_Tmin.2022.08.tif,CHIRTS_ERA5_TMIN,TMIN,2022,8,,VALIDATED_LOCAL,EPSG:4326,7200,2600,"(0.050000000745, 0.0, -180.0, 0.0, -0.050000000745, 70.0, 0.0, 0.0, 1.0)",,float32
https://data.chc.ucsb.edu/experimental/CHIRTS-ERA5/tmin/tifs/monthly/CHIRTS-ERA5.monthly_Tmin.2022.09.tif,LOCAL,,,24330b26ffb371c9d130512a660a69f78aa6c2665f0cb820c3275fb89e4ef5d0,data\raw\climate\chirts_era5\tmin\monthly\CHIRTS-ERA5.monthly_Tmin.2022.09.tif,CHIRTS_ERA5_TMIN,TMIN,2022,9,,VALIDATED_LOCAL,EPSG:4326,7200,2600,"(0.050000000745, 0.0, -180.0, 0.0, -0.050000000745, 70.0, 0.0, 0.0, 1.0)",,float32
https://data.chc.ucsb.edu/experimental/CHIRTS-ERA5/tmin/tifs/monthly/CHIRTS-ERA5.monthly_Tmin.2022.10.tif,LOCAL,,,1935a3c3df9e9efab9fea57fc411ce8805044d71ba7a0ed48781bfc7c616ba52,data\raw\climate\chirts_era5\tmin\monthly\CHIRTS-ERA5.monthly_Tmin.2022.10.tif,CHIRTS_ERA5_TMIN,TMIN,2022,10,,VALIDATED_LOCAL,EPSG:4326,7200,2600,"(0.050000000745, 0.0, -180.0, 0.0, -0.050000000745, 70.0, 0.0, 0.0, 1.0)",,float32
https://data.chc.ucsb.edu/experimental/CHIRTS-ERA5/tmin/tifs/monthly/CHIRTS-ERA5.monthly_Tmin.2022.11.tif,LOCAL,,,f73b4e93465d731e87bdfbbe1ef54b4b4affc7f8b84f531088f8df1952458132,data\raw\climate\chirts_era5\tmin\monthly\CHIRTS-ERA5.monthly_Tmin.2022.11.tif,CHIRTS_ERA5_TMIN,TMIN,2022,11,,VALIDATED_LOCAL,EPSG:4326,7200,2600,"(0.050000000745, 0.0, -180.0, 0.0, -0.050000000745, 70.0, 0.0, 0.0, 1.0)",,float32
https://data.chc.ucsb.edu/experimental/CHIRTS-ERA5/tmin/tifs/monthly/CHIRTS-ERA5.monthly_Tmin.2022.12.tif,LOCAL,,,3da21d31025a90f162e5a411498c1403350837d3eec346c0f38f3d937041a3dd,data\raw\climate\chirts_era5\tmin\monthly\CHIRTS-ERA5.monthly_Tmin.2022.12.tif,CHIRTS_ERA5_TMIN,TMIN,2022,12,,VALIDATED_LOCAL,EPSG:4326,7200,2600,"(0.050000000745, 0.0, -180.0, 0.0, -0.050000000745, 70.0, 0.0, 0.0, 1.0)",,float32
https://data.chc.ucsb.edu/experimental/CHIRTS-ERA5/tmin/tifs/monthly/CHIRTS-ERA5.monthly_Tmin.2023.01.tif,LOCAL,,,9c4a87cb820fabe71cc3b69bcd1990db3fb807c3745fb3b0f94d14b4b71c2efe,data\raw\climate\chirts_era5\tmin\monthly\CHIRTS-ERA5.monthly_Tmin.2023.01.tif,CHIRTS_ERA5_TMIN,TMIN,2023,1,,VALIDATED_LOCAL,EPSG:4326,7200,2600,"(0.050000000745, 0.0, -180.0, 0.0, -0.050000000745, 70.0, 0.0, 0.0, 1.0)",,float32
https://data.chc.ucsb.edu/experimental/CHIRTS-ERA5/tmin/tifs/monthly/CHIRTS-ERA5.monthly_Tmin.2023.02.tif,LOCAL,,,716c2f43cfb4ad5d90d480966003c14d0370a19c97790bd4b5a5471b58d7354a,data\raw\climate\chirts_era5\tmin\monthly\CHIRTS-ERA5.monthly_Tmin.2023.02.tif,CHIRTS_ERA5_TMIN,TMIN,2023,2,,VALIDATED_LOCAL,EPSG:4326,7200,2600,"(0.050000000745, 0.0, -180.0, 0.0, -0.050000000745, 70.0, 0.0, 0.0, 1.0)",,float32
https://data.chc.ucsb.edu/experimental/CHIRTS-ERA5/tmin/tifs/monthly/CHIRTS-ERA5.monthly_Tmin.2023.03.tif,LOCAL,,,210ff8b9947ddae9946ad107a5a1df77e4d695fee196f4adab5d95e1b700e4d5,data\raw\climate\chirts_era5\tmin\monthly\CHIRTS-ERA5.monthly_Tmin.2023.03.tif,CHIRTS_ERA5_TMIN,TMIN,2023,3,,VALIDATED_LOCAL,EPSG:4326,7200,2600,"(0.050000000745, 0.0, -180.0, 0.0, -0.050000000745, 70.0, 0.0, 0.0, 1.0)",,float32
https://data.chc.ucsb.edu/experimental/CHIRTS-ERA5/tmin/tifs/monthly/CHIRTS-ERA5.monthly_Tmin.2023.04.tif,LOCAL,,,c506e335159c2e1dca6241e4d55d6f680c3150ddcc0e9818daf9863fda91c334,data\raw\climate\chirts_era5\tmin\monthly\CHIRTS-ERA5.monthly_Tmin.2023.04.tif,CHIRTS_ERA5_TMIN,TMIN,2023,4,,VALIDATED_LOCAL,EPSG:4326,7200,2600,"(0.050000000745, 0.0, -180.0, 0.0, -0.050000000745, 70.0, 0.0, 0.0, 1.0)",,float32
https://data.chc.ucsb.edu/experimental/CHIRTS-ERA5/tmin/tifs/monthly/CHIRTS-ERA5.monthly_Tmin.2023.05.tif,LOCAL,,,9315987d665aae8a5274628c0813473a5f9823a5ae87065bd7610656e5bf30e3,data\raw\climate\chirts_era5\tmin\monthly\CHIRTS-ERA5.monthly_Tmin.2023.05.tif,CHIRTS_ERA5_TMIN,TMIN,2023,5,,VALIDATED_LOCAL,EPSG:4326,7200,2600,"(0.050000000745, 0.0, -180.0, 0.0, -0.050000000745, 70.0, 0.0, 0.0, 1.0)",,float32
https://data.chc.ucsb.edu/experimental/CHIRTS-ERA5/tmin/tifs/monthly/CHIRTS-ERA5.monthly_Tmin.2023.06.tif,LOCAL,,,217a2a0a51ecdf69a2319c51660b98f187b5fefd0695a1b236cd5605ff4561ee,data\raw\climate\chirts_era5\tmin\monthly\CHIRTS-ERA5.monthly_Tmin.2023.06.tif,CHIRTS_ERA5_TMIN,TMIN,2023,6,,VALIDATED_LOCAL,EPSG:4326,7200,2600,"(0.050000000745, 0.0, -180.0, 0.0, -0.050000000745, 70.0, 0.0, 0.0, 1.0)",,float32
https://data.chc.ucsb.edu/experimental/CHIRTS-ERA5/tmin/tifs/monthly/CHIRTS-ERA5.monthly_Tmin.2023.07.tif,LOCAL,,,42e5f5f2e5d54ec5c986c82cfca536418852be9882895e9b9084f066649131ad,data\raw\climate\chirts_era5\tmin\monthly\CHIRTS-ERA5.monthly_Tmin.2023.07.tif,CHIRTS_ERA5_TMIN,TMIN,2023,7,,VALIDATED_LOCAL,EPSG:4326,7200,2600,"(0.050000000745, 0.0, -180.0, 0.0, -0.050000000745, 70.0, 0.0, 0.0, 1.0)",,float32
https://data.chc.ucsb.edu/experimental/CHIRTS-ERA5/tmin/tifs/monthly/CHIRTS-ERA5.monthly_Tmin.2023.08.tif,LOCAL,,,b43709d03a35ab4368da1175b439850af289fce451cea666a9cb2d48b4886998,data\raw\climate\chirts_era5\tmin\monthly\CHIRTS-ERA5.monthly_Tmin.2023.08.tif,CHIRTS_ERA5_TMIN,TMIN,2023,8,,VALIDATED_LOCAL,EPSG:4326,7200,2600,"(0.050000000745, 0.0, -180.0, 0.0, -0.050000000745, 70.0, 0.0, 0.0, 1.0)",,float32
https://data.chc.ucsb.edu/experimental/CHIRTS-ERA5/tmin/tifs/monthly/CHIRTS-ERA5.monthly_Tmin.2023.09.tif,LOCAL,,,8a22fbc89c3531714fcfea9daae64fd195d12883755540c8aa6e74a8bd22dbd5,data\raw\climate\chirts_era5\tmin\monthly\CHIRTS-ERA5.monthly_Tmin.2023.09.tif,CHIRTS_ERA5_TMIN,TMIN,2023,9,,VALIDATED_LOCAL,EPSG:4326,7200,2600,"(0.050000000745, 0.0, -180.0, 0.0, -0.050000000745, 70.0, 0.0, 0.0, 1.0)",,float32
https://data.chc.ucsb.edu/experimental/CHIRTS-ERA5/tmin/tifs/monthly/CHIRTS-ERA5.monthly_Tmin.2023.10.tif,LOCAL,,,ef9bc4a33473c62952e89d337d40dbfd94d2da93d1a9fc56c97b75e3ab364efa,data\raw\climate\chirts_era5\tmin\monthly\CHIRTS-ERA5.monthly_Tmin.2023.10.tif,CHIRTS_ERA5_TMIN,TMIN,2023,10,,VALIDATED_LOCAL,EPSG:4326,7200,2600,"(0.050000000745, 0.0, -180.0, 0.0, -0.050000000745, 70.0, 0.0, 0.0, 1.0)",,float32
https://data.chc.ucsb.edu/experimental/CHIRTS-ERA5/tmin/tifs/monthly/CHIRTS-ERA5.monthly_Tmin.2023.11.tif,LOCAL,,,3744fb14328fedbb2511049310a0f78cd3a729698cc86afc9ae06eba1495451a,data\raw\climate\chirts_era5\tmin\monthly\CHIRTS-ERA5.monthly_Tmin.2023.11.tif,CHIRTS_ERA5_TMIN,TMIN,2023,11,,VALIDATED_LOCAL,EPSG:4326,7200,2600,"(0.050000000745, 0.0, -180.0, 0.0, -0.050000000745, 70.0, 0.0, 0.0, 1.0)",,float32
https://data.chc.ucsb.edu/experimental/CHIRTS-ERA5/tmin/tifs/monthly/CHIRTS-ERA5.monthly_Tmin.2023.12.tif,LOCAL,,,6fb28f31107f7ba5e3f66ed9568af5254839c4e2d15e54b94668a1bbc2f92120,data\raw\climate\chirts_era5\tmin\monthly\CHIRTS-ERA5.monthly_Tmin.2023.12.tif,CHIRTS_ERA5_TMIN,TMIN,2023,12,,VALIDATED_LOCAL,EPSG:4326,7200,2600,"(0.050000000745, 0.0, -180.0, 0.0, -0.050000000745, 70.0, 0.0, 0.0, 1.0)",,float32
https://data.chc.ucsb.edu/experimental/CHIRTS-ERA5/tmin/tifs/monthly/CHIRTS-ERA5.monthly_Tmin.2024.01.tif,LOCAL,,,fb5b3744f90c7f4586781ba062dd80a1d4df8476408a19f4a72b481f53cd5747,data\raw\climate\chirts_era5\tmin\monthly\CHIRTS-ERA5.monthly_Tmin.2024.01.tif,CHIRTS_ERA5_TMIN,TMIN,2024,1,,VALIDATED_LOCAL,EPSG:4326,7200,2600,"(0.050000000745, 0.0, -180.0, 0.0, -0.050000000745, 70.0, 0.0, 0.0, 1.0)",,float32
https://data.chc.ucsb.edu/experimental/CHIRTS-ERA5/tmin/tifs/monthly/CHIRTS-ERA5.monthly_Tmin.2024.02.tif,LOCAL,,,1f7fcc9c45ad8e252a19599de90f489aaab625a5790c09815a87eb195400ae19,data\raw\climate\chirts_era5\tmin\monthly\CHIRTS-ERA5.monthly_Tmin.2024.02.tif,CHIRTS_ERA5_TMIN,TMIN,2024,2,,VALIDATED_LOCAL,EPSG:4326,7200,2600,"(0.050000000745, 0.0, -180.0, 0.0, -0.050000000745, 70.0, 0.0, 0.0, 1.0)",,float32
https://data.chc.ucsb.edu/experimental/CHIRTS-ERA5/tmin/tifs/monthly/CHIRTS-ERA5.monthly_Tmin.2024.03.tif,LOCAL,,,c91bb80ad426834462d8d981a233198e93d6b1f13783e1227ae39689c2e297d6,data\raw\climate\chirts_era5\tmin\monthly\CHIRTS-ERA5.monthly_Tmin.2024.03.tif,CHIRTS_ERA5_TMIN,TMIN,2024,3,,VALIDATED_LOCAL,EPSG:4326,7200,2600,"(0.050000000745, 0.0, -180.0, 0.0, -0.050000000745, 70.0, 0.0, 0.0, 1.0)",,float32
https://data.chc.ucsb.edu/experimental/CHIRTS-ERA5/tmin/tifs/monthly/CHIRTS-ERA5.monthly_Tmin.2024.04.tif,LOCAL,,,77db83277c40199b52351c2444663ed49a2caa3ca4394676af8b4aa404642f09,data\raw\climate\chirts_era5\tmin\monthly\CHIRTS-ERA5.monthly_Tmin.2024.04.tif,CHIRTS_ERA5_TMIN,TMIN,2024,4,,VALIDATED_LOCAL,EPSG:4326,7200,2600,"(0.050000000745, 0.0, -180.0, 0.0, -0.050000000745, 70.0, 0.0, 0.0, 1.0)",,float32
https://data.chc.ucsb.edu/experimental/CHIRTS-ERA5/tmin/tifs/monthly/CHIRTS-ERA5.monthly_Tmin.2024.05.tif,LOCAL,,,ba9730771c634bd226a5eb13b3a7d222c2ce8b65e4b50626062786f749fc21e8,data\raw\climate\chirts_era5\tmin\monthly\CHIRTS-ERA5.monthly_Tmin.2024.05.tif,CHIRTS_ERA5_TMIN,TMIN,2024,5,,VALIDATED_LOCAL,EPSG:4326,7200,2600,"(0.050000000745, 0.0, -180.0, 0.0, -0.050000000745, 70.0, 0.0, 0.0, 1.0)",,float32
https://data.chc.ucsb.edu/experimental/CHIRTS-ERA5/tmin/tifs/monthly/CHIRTS-ERA5.monthly_Tmin.2024.06.tif,LOCAL,,,6fdbc36c7eca7c5d31f7f71c5ae44ef957033723ce0cf847270fbd62b5f10b8a,data\raw\climate\chirts_era5\tmin\monthly\CHIRTS-ERA5.monthly_Tmin.2024.06.tif,CHIRTS_ERA5_TMIN,TMIN,2024,6,,VALIDATED_LOCAL,EPSG:4326,7200,2600,"(0.050000000745, 0.0, -180.0, 0.0, -0.050000000745, 70.0, 0.0, 0.0, 1.0)",,float32
https://data.chc.ucsb.edu/experimental/CHIRTS-ERA5/tmin/tifs/monthly/CHIRTS-ERA5.monthly_Tmin.2024.07.tif,LOCAL,,,9666f47bd07e7d576eebf01e96f21abd8207f964cd2d3067bc4fad512995fbd2,data\raw\climate\chirts_era5\tmin\monthly\CHIRTS-ERA5.monthly_Tmin.2024.07.tif,CHIRTS_ERA5_TMIN,TMIN,2024,7,,VALIDATED_LOCAL,EPSG:4326,7200,2600,"(0.050000000745, 0.0, -180.0, 0.0, -0.050000000745, 70.0, 0.0, 0.0, 1.0)",,float32
https://data.chc.ucsb.edu/experimental/CHIRTS-ERA5/tmin/tifs/monthly/CHIRTS-ERA5.monthly_Tmin.2024.08.tif,LOCAL,,,bf759c8eaaa8a2d71b2f1c472fa6948b375e428a7f4fcf77cb832b636183313d,data\raw\climate\chirts_era5\tmin\monthly\CHIRTS-ERA5.monthly_Tmin.2024.08.tif,CHIRTS_ERA5_TMIN,TMIN,2024,8,,VALIDATED_LOCAL,EPSG:4326,7200,2600,"(0.050000000745, 0.0, -180.0, 0.0, -0.050000000745, 70.0, 0.0, 0.0, 1.0)",,float32
https://data.chc.ucsb.edu/experimental/CHIRTS-ERA5/tmin/tifs/monthly/CHIRTS-ERA5.monthly_Tmin.2024.09.tif,LOCAL,,,f8e2ef985540984e2d95dfb6f87227c3d2f5de932323e5fc90d753cc7ae00058,data\raw\climate\chirts_era5\tmin\monthly\CHIRTS-ERA5.monthly_Tmin.2024.09.tif,CHIRTS_ERA5_TMIN,TMIN,2024,9,,VALIDATED_LOCAL,EPSG:4326,7200,2600,"(0.050000000745, 0.0, -180.0, 0.0, -0.050000000745, 70.0, 0.0, 0.0, 1.0)",,float32
https://data.chc.ucsb.edu/experimental/CHIRTS-ERA5/tmin/tifs/monthly/CHIRTS-ERA5.monthly_Tmin.2024.10.tif,LOCAL,,,a99411a787b8851b3e2ab23ff3171753bb26894ba6cdffa685e6c13b0bf13220,data\raw\climate\chirts_era5\tmin\monthly\CHIRTS-ERA5.monthly_Tmin.2024.10.tif,CHIRTS_ERA5_TMIN,TMIN,2024,10,,VALIDATED_LOCAL,EPSG:4326,7200,2600,"(0.050000000745, 0.0, -180.0, 0.0, -0.050000000745, 70.0, 0.0, 0.0, 1.0)",,float32
https://data.chc.ucsb.edu/experimental/CHIRTS-ERA5/tmin/tifs/monthly/CHIRTS-ERA5.monthly_Tmin.2024.11.tif,LOCAL,,,8f74c604f3ed3fe0a121e4abcb834ffa2a649a74d3243bce1fc5c59057bb1de7,data\raw\climate\chirts_era5\tmin\monthly\CHIRTS-ERA5.monthly_Tmin.2024.11.tif,CHIRTS_ERA5_TMIN,TMIN,2024,11,,VALIDATED_LOCAL,EPSG:4326,7200,2600,"(0.050000000745, 0.0, -180.0, 0.0, -0.050000000745, 70.0, 0.0, 0.0, 1.0)",,float32
https://data.chc.ucsb.edu/experimental/CHIRTS-ERA5/tmin/tifs/monthly/CHIRTS-ERA5.monthly_Tmin.2024.12.tif,LOCAL,,,2709ee9d122a5ff683f26e36a35e9a3c84a9c352cabbdd7675e6bc01ae09ebbc,data\raw\climate\chirts_era5\tmin\monthly\CHIRTS-ERA5.monthly_Tmin.2024.12.tif,CHIRTS_ERA5_TMIN,TMIN,2024,12,,VALIDATED_LOCAL,EPSG:4326,7200,2600,"(0.050000000745, 0.0, -180.0, 0.0, -0.050000000745, 70.0, 0.0, 0.0, 1.0)",,float32
