UBIGEO,YEAR,RAIN_ANNUAL_MM,RAIN_ANNUAL_ANOM_MM,TMAX_ANNUAL_MEAN_C,TMAX_ANNUAL_ANOM_C,TMIN_ANNUAL_MEAN_C,TMIN_ANNUAL_ANOM_C,MONTHS_AVAILABLE
200101,1991,20.471910529451506,-149.022572950034,31.570637974699498,0.5862080237042973,20.38464216719029,0.09271223040858552,12
200101,1992,247.09419648797527,77.59971300848974,31.23272791667337,0.24829796567816764,20.9346158152137,0.6426858784319979,12
200101,1993,184.3059266214182,14.811443141932699,31.35858300477986,0.3741530537846556,20.87171690978885,0.5797869730071484,12
200101,1994,36.42511693629615,-133.06936654318935,30.939680568443254,-0.04474938255194635,20.4397764561355,0.14784651935380033,12
200101,1995,46.896242082402296,-122.59824139708321,30.952592955245397,-0.03183699574980429,20.00491519177972,-0.2870147450019835,12
200101,1996,21.25001404236009,-148.24446943712542,29.996448400770785,-0.9879815502244199,19.288156586065202,-1.0037733507165003,12
200101,1997,209.9617609185509,40.467277439065384,32.20991130912444,1.2254813581292392,22.386171202515957,2.094241265734254,12
200101,1998,1911.710535763294,1742.2160522838085,30.728445568514275,-0.2559843824809291,21.403054198862247,1.1111242620805417,12
200101,1999,162.88367540151458,-6.610808077970953,30.061365957243122,-0.9230639937520827,19.681499245401472,-0.6104306913802295,12
200101,2000,39.4881475011421,-130.0063359783434,30.3245836540423,-0.659846296952901,19.95556138979113,-0.33636854699057334,12
200101,2001,156.12547369602876,-13.369009783456761,29.885273032315776,-1.0991569186794248,20.00691445177421,-0.28501548500749213,12
200101,2002,188.22067558686243,18.726192107376924,30.832339511828817,-0.15209043916638768,20.331915085153437,0.03998514837173239,12
200101,2003,22.477316917388023,-147.0171665620975,30.7167021841387,-0.26772776685649785,19.76194679525627,-0.5299831415254305,12
200101,2004,15.00754534126339,-154.48693813822214,30.958996063835396,-0.02543388715980714,19.74899277672847,-0.5429371600532326,12
200101,2005,29.24141140551094,-140.25307207397458,30.686987945784953,-0.29744200521024994,19.682305439746703,-0.6096244970349988,12
200101,2006,74.88863147035936,-94.60585200912615,31.369500755140326,0.385070804145123,20.251062121836764,-0.04086781494493922,12
200101,2007,12.11541336776019,-157.37907011172533,30.692816786689573,-0.29161316430563033,19.480416294672178,-0.8115136421095249,12
200101,2008,133.67510376170947,-35.819379717776044,31.07075025208915,0.08632030109394595,20.51041470391058,0.21848476712887935,12
200101,2009,101.28941672394923,-68.20506675553627,31.307959082328384,0.3235291313331838,20.443782466438737,0.15185252965703247,12
200101,2010,46.19866036363426,-123.29582311585125,30.82595190593193,-0.1584780450632719,19.781197691835228,-0.5107322449464746,12
200101,2011,83.48256102557306,-86.01192245391245,31.198930560266135,0.2145006092709331,19.732798489756714,-0.5591314470249896,12
200101,2012,230.90207003276313,61.40758655327764,31.51867358873891,0.5342436377437103,20.646685303575925,0.35475536679422365,12
200101,2013,42.27367693957479,-127.22080653991073,30.42245259371219,-0.5619773572830121,19.49507595791602,-0.7968539788656841,12
200101,2014,21.49233019202235,-148.00215328746316,31.401737750885555,0.4173077998903508,20.413412717292353,0.1214827805106508,12
200101,2015,11.822987924232063,-157.67149555525344,31.789500863777572,0.8050709127823682,21.509122306601228,1.217192369819523,12
200101,2016,77.65694269207522,-91.83754078741029,31.630800423439084,0.64637047244388,20.737374186545647,0.4454442497639466,12
200101,2017,861.7550539585229,692.2605704790375,30.393641972930975,-0.5907879780642297,20.76397933189759,0.47204939511588656,12
200101,2018,17.634762185340424,-151.8597212941451,30.728318682860674,-0.256111268134525,20.018182731144503,-0.27374720563720256,12
200101,2019,61.659111904225966,-107.83537157525954,31.2093780242498,0.22494807325459773,20.436493987079064,0.14456405029736294,12
200101,2020,16.42783261136437,-153.06665086812114,31.517209239375884,0.5327792883806796,19.655716101545377,-0.6362138352363248,12
200101,2021,51.4923779612353,-118.0021055182502,30.855414393796792,-0.12901555719841085,19.69316583084566,-0.5987641059360413,12
200101,2022,21.196844545985563,-148.29763893349994,30.57895101327122,-0.40547893772398486,19.08276339411768,-1.2091665426640235,12
200101,2023,425.1827096400755,255.68822616058995,31.69522170919272,0.7107917581975128,21.978921096614055,1.6869911598323526,12
200101,2024,49.09187591621702,-120.4026075632685,31.252235064318608,0.26780511332340584,20.271288038645903,-0.020641898135798087,12
200104,1991,56.289447126637356,-199.73573713495418,31.120582041691787,0.5608487455596718,19.486589974502888,0.07537810670821947,12
200104,1992,397.1432722178817,141.11808795629017,30.76836748271441,0.20863418658229507,20.091229775555323,0.6800179077606515,12
200104,1993,285.7457776759271,29.720593414335564,30.83656637176595,0.2768330756338327,20.07071133620723,0.6594994684125574,12
200104,1994,92.54869392584202,-163.4764903357495,30.412812029398655,-0.14692126673345976,19.678642750772607,0.2674308829779382,12
200104,1995,65.67022822653594,-190.35495603505558,30.550071416046645,-0.009661880085469754,19.145425467173222,-0.2657864006214495,12
200104,1996,36.499920017467076,-219.52526424412443,29.619061671675652,-0.9406716244564622,18.44618959416506,-0.9650222736296116,12
200104,1997,234.41181085665215,-21.613373404939367,31.689735984388154,1.1300026882560408,21.54177025013634,2.1305583823416723,12
200104,1998,2344.913851111394,2088.8886668498026,30.327043886615495,-0.23268940951661943,20.583603782024742,1.1723919142300734,12
200104,1999,213.9905449340205,-42.034639327571014,29.639516076711146,-0.9202172194209671,18.860997713344428,-0.55021415445024,12
200104,2000,92.10132994125246,-163.92385432033905,29.849223582738784,-0.7105097133933324,19.139964371346675,-0.2712474964479969,12
200104,2001,349.25359692186055,93.22841266026903,29.42681762859527,-1.132915667536848,19.219768769436367,-0.19144309835830361,12
200104,2002,395.28996789016094,139.26478362856946,30.296125501605704,-0.26360779452641064,19.517206924720863,0.1059950569261933,12
200104,2003,44.52600743797545,-211.49917682361607,30.38241255122433,-0.17732074490778368,18.824262203912852,-0.5869496638818195,12
200104,2004,27.881000501994006,-228.14418375959752,30.589418971211213,0.029685675079097845,18.7751619062156,-0.6360499615790681,12
200104,2005,74.73562489104786,-181.28955937054366,30.39431982251872,-0.16541347361339417,18.726814981490175,-0.6843968863044972,12
200104,2006,127.01229650277102,-129.0128877588205,30.992444315587964,0.4327110194558485,19.3284728949187,-0.08273897287597028,12
200104,2007,33.68728019977775,-222.3379040618138,30.309142574697006,-0.25059072143510647,18.523356242835398,-0.8878556249592734,12
200104,2008,256.78859697089706,0.7634127093055163,30.50682430275982,-0.052908993372294745,19.704157805461485,0.29294593766681515,12
200104,2009,145.2249559193421,-110.80022834224941,30.805473489066486,0.24574019293437122,19.601182449359513,0.18997058156484345,12
200104,2010,116.310894506001,-139.71428975559053,30.299953764358282,-0.2597795317738312,18.889525624109996,-0.5216862436846729,12
200104,2011,112.55461023893135,-143.4705740226602,30.78451667345547,0.22478337732335874,18.793552197253742,-0.6176596705409274,12
200104,2012,338.87215798423944,82.8469737226479,31.048143117750325,0.48840982161821006,19.782147650342043,0.3709357825473738,12
200104,2013,85.66061774344371,-170.36456651814783,30.123103182858117,-0.43663011327399975,18.53952405822089,-0.8716878095737783,12
200104,2014,68.53280457232825,-187.49237968926326,31.05532154366465,0.4955882475325379,19.435983506705025,0.024771638910352205,12
200104,2015,79.83206526399498,-176.19311899759657,31.381017860055522,0.8212845639234096,20.61881030809147,1.2075984402967983,12
200104,2016,135.78710144303727,-120.23808281855426,31.276132766418595,0.71639947028648,19.824975113827488,0.41376324603281606,12
200104,2017,1250.0711214578919,994.0459371963003,29.963485400128935,-0.5962478960031768,19.9209645276298,0.5097526598351282,12
200104,2018,26.280859126948002,-229.7443251346435,30.354253791125885,-0.20547950500623072,19.097958331229872,-0.3132535365647966,12
200104,2019,156.29427671353037,-99.73090754806114,30.765983803661356,0.20625050752924276,19.52761111901415,0.11639925121948025,12
200104,2020,36.844815527962524,-219.180368733629,31.224127279473105,0.6643939833409895,18.639794403836138,-0.7714174639585333,12
200104,2021,101.06893833357913,-154.9562459280124,30.526086159212777,-0.03364713691933918,18.757813863841083,-0.6533980039535869,12
200104,2022,56.59903311049287,-199.42615115109868,30.241373219125848,-0.31836007700626556,18.102048502277782,-1.3091633655168893,12
200104,2023,648.1329099316736,392.10772567008206,31.28721531561723,0.7274820194851189,21.06615073718535,1.6549388693906808,12
200104,2024,81.23833643136086,-174.78684783023067,31.00203594116344,0.44230264503132766,19.312396227553634,-0.09881564024103599,12
200105,1991,26.562585291647824,-103.34691622279067,30.671812424559388,0.5067487364985315,19.260812830864257,0.21131851229402354,12
200105,1992,194.1602676406635,64.250766126225,30.409920873205206,0.24485718514434782,19.82966739770111,0.7801730791308753,12
200105,1993,177.51759061278162,47.60808909834313,30.537353347090136,0.372289659029283,19.72853646867026,0.6790421501000271,12
200105,1994,43.96054848179251,-85.94895303264599,29.957405450069114,-0.2076582379917431,19.3466807337569,0.29718641518666544,12
200105,1995,35.40509408255955,-94.50440743187895,30.10658463455817,-0.05847905350268364,18.80735998471721,-0.242134333853025,12
200105,1996,24.966011110158473,-104.94349040428003,29.282671123599687,-0.8823925644611675,17.980749017520417,-1.0687453010498182,12
200105,1997,120.143074298899,-9.766427215539508,31.56072726399041,1.3956635759295557,21.239566253145025,2.190071934574791,12
200105,1998,1144.7591466077736,1014.8496450933351,30.035932710205085,-0.12913097785577085,20.254814862657305,1.20532054408707,12
200105,1999,141.45323878909525,11.543737274656761,29.242876655799364,-0.9221870322614887,18.427782045212982,-0.6217122733572543,12
200105,2000,59.56129886859207,-70.34820264584643,29.45369261184187,-0.7113710762189859,18.753810223347013,-0.295684095223223,12
200105,2001,108.76241181076404,-21.147089703674464,29.2273155741256,-0.9377481139352545,18.72382920764933,-0.32566511092090433,12
200105,2002,136.69408358360997,6.784582069171457,29.916970569980197,-0.24809311808065745,19.122945886626706,0.07345156805647009,12
200105,2003,22.63461229919146,-107.27488921524703,30.007272779590448,-0.15779090847040766,18.41412189148066,-0.6353724270895738,12
200105,2004,22.55891853813583,-107.35058297630266,30.124314171602723,-0.040749516458131595,18.41724991615796,-0.6322444024122765,12
200105,2005,36.054970356511106,-93.85453115792738,30.060082693247224,-0.10498099481362999,18.352517205517987,-0.6969771130522492,12
200105,2006,89.74320199708039,-40.166299517358105,30.627442524453254,0.4623788363923979,19.037512568696624,-0.011981749873611372,12
200105,2007,23.949807514339074,-105.95969400009942,29.87557412040931,-0.2894895676515441,18.120436934243905,-0.9290573843263297,12
200105,2008,184.15098361599357,54.24148210155508,30.078282758801617,-0.08678092925923735,19.32740675891435,0.27791244034411583,12
200105,2009,68.10769880553896,-61.80180270889954,30.34158611394416,0.1765224258833067,19.25855972523103,0.20906540666079584,12
200105,2010,66.51293645678832,-63.39656505765017,29.77593492649954,-0.3891287615613172,18.498889286585452,-0.5506050319847829,12
200105,2011,87.7658126377122,-42.14368887672629,30.226659315528767,0.061595627467913104,18.514768918961376,-0.5347253996088602,12
200105,2012,173.01536194654616,43.10586043210767,30.507274567440874,0.3422108793800174,19.481593953363305,0.43209963479307206,12
200105,2013,49.77918199426288,-80.13031952017562,29.668023417002747,-0.4970402710581074,18.123115487003865,-0.9263788315663705,12
200105,2014,32.04041167475727,-97.86908983968122,30.60440917344758,0.43934548538672163,19.130726008699977,0.08123169012974192,12
200105,2015,39.588283712328945,-90.32121780210956,31.014645417160935,0.8495817291000801,20.261215807969165,1.2117214893989308,12
200105,2016,45.95826199044328,-83.95123952399521,30.959774735427402,0.7947110473665466,19.395237507025083,0.34574318845484786,12
200105,2017,632.7640297626664,502.85452824822795,29.735506104757103,-0.4295575833037549,19.476290944534647,0.4267966259644111,12
200105,2018,14.519864238158462,-115.38963727628003,29.95392778511216,-0.21113590294869558,18.690341493024096,-0.35915282554613803,12
200105,2019,70.59532759304268,-59.31417392139581,30.29672648888057,0.13166280081971346,19.139616802941998,0.09012248437176258,12
200105,2020,23.60002912132055,-106.30947239311794,30.691210309495023,0.5261466214341711,18.368673434887068,-0.6808208836831646,12
200105,2021,37.553402945640016,-92.35609856879849,30.03561910108546,-0.1294445869753981,18.438868642494118,-0.6106256760761157,12
200105,2022,24.467653230014854,-105.44184828442364,29.630741818086637,-0.5343218699742179,17.794816443312808,-1.2546778752574266,12
200105,2023,390.4928010326022,260.5832995181637,31.03374387683399,0.8686801887731361,20.74014812323968,1.6906538046694486,12
200105,2024,56.606075604636075,-73.30342590980241,30.602996025801687,0.4379323377408311,19.041569955120753,-0.00792436344947974,12
200107,1991,12.608386406402914,-98.19141464028029,31.16256021816398,0.45376954903657235,20.56631553620963,0.21204181481735507,12
200107,1992,141.44628303452737,30.646481987844165,30.99322974313931,0.28443907401190166,21.129170893979133,0.7748971725868609,12
200107,1993,118.10813184976182,7.308330803078616,31.10231664781759,0.39352597869018496,20.945515880216274,0.5912421588239992,12
200107,1994,46.2388037249933,-64.5609973216899,30.579020459893517,-0.1297702092338895,20.524559284205452,0.17028556281317778,12
200107,1995,19.905928270244576,-90.89387277643863,30.629228493630862,-0.07956217549654632,20.050984257228972,-0.30328946416330194,12
200107,1996,11.372348450090705,-99.4274525965925,29.772666376405443,-0.9361242927219623,19.25026684794308,-1.1040068734491915,12
200107,1997,121.14547141910273,10.345670372419534,32.091615202036884,1.3828245329094795,22.565345486767843,2.2110717653755714,12
200107,1998,1205.9848475820013,1095.1850465353182,30.604709515443332,-0.10408115368407748,21.484426559409858,1.130152838017587,12
200107,1999,105.66636246500238,-5.133438581680806,29.83611150115998,-0.8726791679674294,19.650810024866676,-0.7034636965255979,12
200107,2000,19.00149986698594,-91.79830117969726,30.058866272667668,-0.6499243964597413,19.997678850290978,-0.3565948711012972,12
200107,2001,85.06899900480005,-25.730802041883145,29.774681743552673,-0.9341089255747356,19.975629577811155,-0.37864414358111925,12
200107,2002,123.69962072078383,12.899819674100627,30.65619311311229,-0.052597556015116474,20.383078881087062,0.02880515969478766,12
200107,2003,18.51792984750795,-92.28187119917524,30.595170427578818,-0.11362024154859214,19.775504116601642,-0.5787696047906294,12
200107,2004,15.089161801521396,-95.7106392451618,30.69375080104375,-0.015039868083661645,19.80615108430072,-0.5481226370915543,12
200107,2005,27.737502489161628,-83.06229855752157,30.484108792211376,-0.2246818769160314,19.726941585229408,-0.627332136162865,12
200107,2006,51.26724811920138,-59.53255292748181,31.095389515197766,0.3865988460703577,20.369649251428754,0.015375530036480178,12
200107,2007,13.552058277387438,-97.24774276929577,30.336585658966897,-0.37220501016051255,19.493440421307408,-0.8608333000848637,12
200107,2008,131.30072926729,20.500928220606788,30.716694135555542,0.007903466428135589,20.545850842670642,0.19157712127836776,12
200107,2009,49.663203036006735,-61.136598010676465,30.91115355903811,0.20236288991069853,20.517161563491396,0.16288784209912185,12
200107,2010,40.92429613841416,-69.87550490826904,30.404934759229942,-0.3038559098974683,19.801589417453602,-0.55268430393867,12
200107,2011,66.37254805346258,-44.42725299322061,30.77440877106373,0.06561810193631896,19.829333095130973,-0.5249406262613014,12
200107,2012,143.72454169822817,32.92474065154495,31.216269038483688,0.507478369356277,20.726196087714584,0.3719223663223105,12
200107,2013,33.408116123699685,-77.39168492298352,30.117596966825953,-0.5911937023014548,19.5149488820599,-0.8393248393323702,12
200107,2014,20.324000096080496,-90.4758009506027,31.08440666216085,0.37561599303344373,20.53375519741736,0.17948147602508513,12
200107,2015,14.188703517548625,-96.61109752913457,31.55273141466668,0.8439407455392743,21.586478675641942,1.2322049542496705,12
200107,2016,32.19627802174533,-78.60352302493787,31.43867978054203,0.7298891114146254,20.76519527829523,0.4109215569029579,12
200107,2017,600.9003700537173,490.1005690070341,30.22292234565565,-0.4858683234717569,20.732115879681285,0.37784215828901146,12
200107,2018,9.991035001789273,-100.80876604489393,30.45984413690014,-0.2489465322272677,20.07187910849223,-0.28239461290004303,12
200107,2019,30.009454896588966,-80.79034615009424,30.84732970280744,0.13853903368003243,20.503415921236154,0.14914219984388222,12
200107,2020,14.580172166447845,-96.21962888023536,31.050544318870337,0.34175364974292916,19.80482315359886,-0.549450567793412,12
200107,2021,18.883702438940105,-91.9160986077431,30.484947768989162,-0.22384290013824368,19.767006337019822,-0.5872673843724501,12
200107,2022,13.463412407588557,-97.33638863909465,30.056501238193274,-0.6522894309341366,19.15691448763069,-1.197359233761581,12
200107,2023,342.4722029536996,231.67240190701636,31.59313230611858,0.8843416369911719,22.078662113558607,1.7243883921663363,12
200107,2024,37.59146967003824,-73.20833137664496,31.018398456748837,0.30960778762142854,20.35565008369376,0.0013763623014864852,12
200108,1991,12.410193518772365,-83.716230273372,31.101577845006968,0.4238146885561811,21.050443905037,0.24539315372749382,12
200108,1992,121.52157039550013,25.395146603355755,31.007827864536264,0.33006470808547483,21.59026345591501,0.7852127046055036,12
200108,1993,107.61449660793262,11.488072815788243,31.125032914796623,0.4472697583458369,21.36485608965295,0.5598053383434433,12
200108,1994,29.335682293167526,-66.79074149897686,30.553932807180228,-0.12383034927055873,20.94455616897309,0.13950541766358585,12
200108,1995,17.797067264207087,-78.32935652793728,30.56151467374319,-0.11624848270759713,20.49407682492652,-0.31097392638298693,12
200108,1996,10.57768417431243,-85.54873961783194,29.744046284814985,-0.9337168716357999,19.67074732356995,-1.1343034277395525,12
200108,1997,103.07075846117156,6.944334669027185,32.12490431308217,1.4471411566313845,23.034412573457193,2.2293618221476854,12
200108,1998,1073.0066816204321,976.8802578282878,30.64656773469761,-0.031195421753176984,21.933014765705085,1.1279640143955803,12
200108,1999,66.31593843477994,-29.810485357364442,29.80084883382878,-0.8769143226220079,20.07155639502795,-0.7334943562815548,12
200108,2000,19.59671715490081,-76.52970663724356,30.030560555722914,-0.6472026007278714,20.431542772876025,-0.37350797843348005,12
200108,2001,73.74014492860702,-22.386278863537356,29.820887271038007,-0.8568758854127786,20.39252193395954,-0.4125288173499649,12
200108,2002,118.85450199802897,22.72807820588458,30.670565207928338,-0.007197948522447817,20.81889507016651,0.013844318857003657,12
200108,2003,14.059201937506009,-82.06722185463836,30.571758588164315,-0.10600456828647016,20.234379415967084,-0.5706713353424216,12
200108,2004,9.76000609308564,-86.36641769905873,30.62945741499641,-0.048305741454374086,20.28783510185998,-0.5172156494495251,12
200108,2005,21.478495184159893,-74.64792860798448,30.4417549184793,-0.23600823797148726,20.19890324994885,-0.6061475013606573,12
200108,2006,39.1343414192224,-56.99208237292198,31.02420677621848,0.34644361976769744,20.858418161115715,0.05336740980620943,12
200108,2007,14.064624901265098,-82.06179889087927,30.253845070434938,-0.42391808601584763,19.970438898033063,-0.8346118532764436,12
200108,2008,109.9270881671208,13.80066437497642,30.705346277775902,0.027583121325116384,20.9776920870924,0.17264133578289323,12
200108,2009,49.38139446147991,-46.74502933066447,30.85241208785669,0.1746489314059024,20.97327383461693,0.16822308330742045,12
200108,2010,37.55312755668234,-58.57329623546204,30.3657215077215,-0.31204164872928636,20.26511449754746,-0.5399362537620457,12
200108,2011,53.445554502622116,-42.680869289522256,30.681280662900132,0.003517506449342752,20.294705406781272,-0.5103453445282321,12
200108,2012,116.752351446568,20.625927654423634,31.158449322042475,0.48068616559169036,21.18716190352264,0.38211115221313313,12
200108,2013,28.78765607501369,-67.3387677171307,30.057932110063348,-0.6198310463874362,19.969755629423258,-0.8352951218862495,12
200108,2014,18.884204755678592,-77.24221903646578,31.027250316567077,0.34948716011629016,21.008924886413023,0.2038741351035179,12
200108,2015,11.8716018515589,-84.25482194058547,31.511344740718275,0.833581584267491,22.019642994190335,1.214592242880828,12
200108,2016,20.832549791327075,-75.2938740008173,31.410041783463026,0.732278627012238,21.19220512504081,0.38715437373130257,12
200108,2017,546.5140201395061,450.3875963473617,30.26953778394261,-0.4082253725081741,21.15342499888346,0.3483742475739528,12
200108,2018,8.137298616173082,-87.9891251759713,30.443144917572308,-0.23461823887848018,20.50628452716423,-0.2987662241452762,12
200108,2019,18.539639348137474,-77.5867844440069,30.793839602090134,0.11607644563934964,20.96482771666739,0.1597769653578851,12
200108,2020,10.828120665411513,-85.29830312673286,30.947304506140565,0.26954134968977844,20.29164682575046,-0.5134039255590475,12
200108,2021,15.270635068487275,-80.8557887236571,30.40938784966379,-0.2683753067869941,20.232902894222857,-0.5721478570866495,12
200108,2022,8.462155036331572,-87.6642687558128,29.925853013808492,-0.7519101426422946,19.626079246316664,-1.1789715049928422,12
200108,2023,314.01561891756194,217.88919512541756,31.64463933256981,0.9668761761190234,22.535434999790088,1.7303842484805827,12
200108,2024,27.250255886084474,-68.8761679060599,30.95699329346496,0.2792301370141758,20.832202304604525,0.0271515532950198,12
200109,1991,17.24306073218167,-82.19116425510897,30.253266613143165,0.48378364243677235,21.282997034596377,0.2494931432809686,12
200109,1992,118.59799529717466,19.163770309884026,30.183611345806444,0.4141283751000528,21.71983336559818,0.6863294742827707,12
200109,1993,115.40605358502602,15.971828597735357,30.293716161668414,0.5242331909620201,21.533191557309166,0.4996876659937586,12
200109,1994,29.86482601993479,-69.56939896735587,29.72137491953333,-0.048108051173065235,21.075543155527967,0.042039264212558436,12
200109,1995,22.81429849319181,-76.61992649409885,29.644599740228244,-0.12488323047814524,20.729450392603166,-0.3040534987122416,12
200109,1996,12.216886550325547,-87.2173384369651,28.76196676724122,-1.0075162034651743,19.93541359630341,-1.0980902950120017,12
200109,1997,108.77380273727337,9.339577749982737,31.207748520782857,1.4382655500764656,23.096199089618125,2.062695198302714,12
200109,1998,1118.7584852440978,1019.3242602568072,29.701472663117443,-0.06801030758894999,22.024828506392776,0.991324615077367,12
200109,1999,83.34814350289331,-16.08608148439734,28.888792116759173,-0.8806908539472215,20.26308109321788,-0.7704227980975279,12
200109,2000,16.30132468956844,-83.13290029772222,29.168689277929115,-0.600793692777278,20.609053235159582,-0.42445065615582767,12
200109,2001,91.53121716374747,-7.903007823543172,28.854737004827495,-0.9147459658788989,20.573331281097378,-0.46017261021803196,12
200109,2002,119.39929222440306,19.965067237112397,29.805166884340384,0.03568391363399126,21.014374162561342,-0.019129728754066083,12
200109,2003,9.891744699101118,-89.54248028818954,29.52347503518899,-0.24600793551740066,20.538753472763833,-0.4947504185515769,12
200109,2004,8.670046250131225,-90.76417873715943,29.68280444840885,-0.08667852229754214,20.60008372837292,-0.43342016294248875,12
200109,2005,21.864970424873515,-77.56925456241714,29.404484975413762,-0.3649979952926327,20.496714185300423,-0.5367897060149845,12
200109,2006,41.90669673773176,-57.52752824955889,30.061994581650193,0.29251161094379824,21.08270504286558,0.04920115155016921,12
200109,2007,8.38806527803415,-91.0461597092565,29.338357927845284,-0.43112504286110526,20.288094771875155,-0.7454091194402522,12
200109,2008,97.35199483192233,-2.08223015536833,29.97705291616559,0.2075699454591978,21.150145700445307,0.11664180912989745,12
200109,2009,41.48408441048103,-57.950140576809616,30.02384262546434,0.2543596547579498,21.178624246197018,0.14512035488160832,12
200109,2010,23.724316250731576,-75.70990873655907,29.569267263406175,-0.200215707300219,20.5571233598791,-0.4763805314363099,12
200109,2011,51.527685114659235,-47.90653987263141,29.812818850064968,0.04333587935857578,20.58200330435144,-0.4515005869639701,12
200109,2012,120.17740582044065,20.743180833150003,30.311645507570457,0.5421625368640649,21.39432840349683,0.36082451218142086,12
200109,2013,30.360483023853785,-69.07374196343686,29.06224584989241,-0.7072371208139812,20.260170913958703,-0.7733329773567071,12
200109,2014,13.080028742043522,-86.35419624524712,30.061156836357952,0.29167386565155845,21.282782520753944,0.24927862943853482,12
200109,2015,6.528433671920615,-92.90579131537004,30.583197076876516,0.8137141061701222,22.20382131172164,1.1703174204062334,12
200109,2016,33.323208158581465,-66.11101682870918,30.393354356155694,0.6238713854493012,21.485041914974925,0.4515380236595134,12
200109,2017,584.7355523233734,485.3013273360828,29.347919390158214,-0.42156358054817594,21.332026195577257,0.2985223042618467,12
200109,2018,11.87446580540419,-87.55975918188645,29.482722711734137,-0.2867602589722565,20.80997929665928,-0.22352459465612906,12
200109,2019,13.711590084211634,-85.72263490307903,29.942360622635373,0.17287765192897808,21.24193670530857,0.20843281399316224,12
200109,2020,10.170591751406187,-89.26363323588446,30.020646130825593,0.25116316011920176,20.663485194975006,-0.37001869634040246,12
200109,2021,11.44035953801309,-87.99386544927756,29.50544319300109,-0.26403977770530346,20.511549625006552,-0.5219542663088577,12
200109,2022,11.00255196895432,-88.43167301833634,29.098397629401234,-0.6710853413051602,19.950948428655035,-1.0825554626603722,12
200109,2023,316.2719793156614,216.83775432837072,30.72006368785081,0.9505807171444198,22.733891329448493,1.7003874381330846,12
200109,2024,20.743198531605454,-78.6910264556852,29.939997478408145,0.17051450770175305,21.141821713932845,0.10831782261743832,12
200110,1991,18.764231798594796,-70.77908905817485,28.9818266089887,0.4055724687304396,21.91235835449577,0.26227430165081955,12
200110,1992,109.17713032621278,19.63380946944313,29.12779037242417,0.5515362321659056,22.323043331494123,0.6729592786491704,12
200110,1993,90.32081589139493,0.7774950346252849,29.133182894128378,0.5569287538701116,22.13141428091979,0.48133022807483883,12
200110,1994,21.965056820378447,-67.57826403639119,28.536259618445623,-0.03999452181264266,21.650751952904827,0.0006679000598746043,12
200110,1995,13.939566290300082,-75.60375456646955,28.37250056650908,-0.20375357374918313,21.337873233832315,-0.31221081901263464,12
200110,1996,12.975389236453482,-76.56793162031616,27.59362613511696,-0.9826280051413038,20.60013821093205,-1.049945841912901,12
200110,1997,85.72385917637169,-3.8194616803979358,30.10121081972194,1.524956679463673,23.572892132652083,1.9228080798071314,12
200110,1998,1023.5144551740042,933.9711343172345,28.78266868393038,0.2064145436721144,22.58651777099311,0.9364337181481602,12
200110,1999,68.7955735114952,-20.747747345274437,27.762538351039925,-0.8137157892183374,20.867110076115697,-0.7829739767292535,12
200110,2000,17.20384350857205,-72.33947734819759,28.003064390657894,-0.5731897496003707,21.205789607430813,-0.4442944454141407,12
200110,2001,84.42483262380915,-5.118488232960479,27.787241951629223,-0.7890121886290439,21.16391052838348,-0.4861735244614733,12
200110,2002,109.40604815149369,19.862727294724042,28.663962728313162,0.08770858805489941,21.627458750271057,-0.022625302573898942,12
200110,2003,7.6990774101667725,-81.84424344660287,28.284028577480594,-0.2922255627776685,21.15696366624567,-0.49312038659928287,12
200110,2004,9.185066327599094,-80.35825452917055,28.42702403460531,-0.14923010565295294,21.226555582912052,-0.42352846993289867,12
200110,2005,15.9901533733785,-73.55316748339114,28.162226702532706,-0.4140274377255553,21.135536920151306,-0.514547132693648,12
200110,2006,34.44069847507443,-55.10262238169521,28.80270816249677,0.22645402223850564,21.696443514270154,0.0463594614251989,12
200110,2007,6.74040445020293,-82.80291640656671,28.048435979435236,-0.5278181608230268,20.933081375325056,-0.7170026775198979,12
200110,2008,70.66009439560192,-18.883226461167723,28.78806762350599,0.21181348324772772,21.799960985084258,0.1498769322393073,12
200110,2009,39.081551516938376,-50.461769339831264,28.76613465232177,0.18988051206350884,21.816440880818742,0.16635682797379125,12
200110,2010,22.37326311437763,-67.170057742392,28.33061149911261,-0.2456426411456508,21.2276977252959,-0.4223863275490534,12
200110,2011,45.25557535501024,-44.2877455017594,28.520709774509147,-0.05554436574911451,21.256415127721358,-0.393668925123596,12
200110,2012,92.6943193130453,3.1509984562756586,29.039400148192964,0.46314600793469857,22.000388117121247,0.3503040642762946,12
200110,2013,27.71213030152331,-61.83119055524633,27.83517587566854,-0.7410782645897219,20.917619299249107,-0.732464753595845,12
200110,2014,13.787515869371774,-75.75580498739787,28.810185425533998,0.23393128527573293,21.904881303394664,0.25479725054971397,12
200110,2015,6.0758343589621875,-83.46748649780746,29.452492165615766,0.8762380253575005,22.75349757340852,1.1034135205635673,12
200110,2016,29.564192810717365,-59.97912804605227,29.120635049068053,0.544380908809789,22.070234102347385,0.42015004950243223,12
200110,2017,573.9443051359636,484.4009842791939,28.387434774715004,-0.18881936554326137,21.95881375944558,0.3087297066006262,12
200110,2018,14.624216565832489,-74.91910429093716,28.284715014026514,-0.2915391262317512,21.44792172876099,-0.2021623240839654,12
200110,2019,12.846310589258092,-76.69701026751154,28.730462560937116,0.15420842067885468,21.889907434924066,0.23982338207911122,12
200110,2020,7.414113830984828,-82.12920702578481,28.65130306708439,0.07504892682612734,21.3309042584474,-0.3191797943975508,12
200110,2021,8.711883303340269,-80.83143755342937,28.25625546206685,-0.3199986781914106,21.194323683820368,-0.45576036902458633,12
200110,2022,9.210892235476955,-80.33242862129269,27.763245209331856,-0.8130089309264056,20.649041950819257,-1.0010421020256945,12
200110,2023,290.11961315193525,200.57629229516562,29.686509595813195,1.1102554555549344,23.324295516090334,1.674211463245381,12
200110,2024,13.781631457836252,-75.76168939893338,28.659231336715703,0.08297719645743869,21.75427018638143,0.10418613353647584,12
200111,1991,126.04349317926305,-210.8974497604302,30.075763665880903,0.6445617553291999,19.58861558434384,-0.15923135820033765,12
200111,1992,472.9728667196345,136.03192377994128,29.59813186731137,0.16692995675966463,19.91762543251959,0.16977848997541015,12
200111,1993,522.3435790313508,185.40263609165763,29.474183105601032,0.042981195049325883,20.110296832236298,0.3624498896921183,12
200111,1994,294.10468791600795,-42.836255023685304,29.012796227370703,-0.41840568318100174,19.89877104258015,0.15092410003597312,12
200111,1995,121.84229387889232,-215.09864906080094,29.356262370077342,-0.07493954047436446,19.67292584897837,-0.07492109356580882,12
200111,1996,82.25924225839606,-254.6817006812972,28.639804023384727,-0.7913978871669775,19.143977626873525,-0.6038693156706509,12
200111,1997,464.78290593504835,127.84196299535509,29.868370968440896,0.43716905788918936,21.21447158446519,1.4666246419210107,12
200111,1998,1634.6853130898462,1297.7443701501531,29.261306304777055,-0.16989560577465035,20.635496388368882,0.8876494458247057,12
200111,1999,434.0585169661284,97.11757402643516,28.483003309547147,-0.9481986010045583,19.517477038571617,-0.23036990397256338,12
200111,2000,301.8184847914286,-35.12245814826461,28.63634172302962,-0.7948601875220836,19.567703544535444,-0.18014339800873427,12
200111,2001,414.4319457892725,77.49100284957925,28.363757781131472,-1.067444129420233,19.76281678452457,0.014969841980390678,12
200111,2002,586.1650968043332,249.22415386464,28.97360373154585,-0.4575981790058575,19.875099566664407,0.1272526241202264,12
200111,2003,79.8652707902857,-257.0756721494075,29.174999148076243,-0.25620276247546386,19.408579742440054,-0.3392672001041233,12
200111,2004,66.23810020246923,-270.702842737224,29.410755107561457,-0.02044680299024826,19.27880241806833,-0.4690445244758464,12
200111,2005,139.85419645073287,-197.0867464889604,29.33774549860709,-0.09345641194461418,19.2785596327308,-0.46928730981337957,12
200111,2006,319.6975336758636,-17.243409263829612,29.725656935025807,0.29445502447409994,19.69954423221618,-0.04830271032799723,12
200111,2007,140.84655645098465,-196.09438648870858,29.260779720085953,-0.17042219046575222,19.251444692126892,-0.4964022504172843,12
200111,2008,433.0635153533513,96.12257241365808,29.2587893183757,-0.17241259217600557,20.04341139198367,0.29556444943949156,12
200111,2009,312.01334276897967,-24.927600170713596,29.551554719334394,0.12035280878269017,20.031150630702225,0.283303688158045,12
200111,2010,251.0053595706205,-85.93558336907273,29.344995294300915,-0.08620661625079062,19.395149418154258,-0.3526975243899197,12
200111,2011,238.37622877388492,-98.56471416580831,29.918725403076536,0.48752349252483257,19.269183646762386,-0.478663295781792,12
200111,2012,482.18050874572947,145.23956580603624,29.672065650990437,0.24086374043873407,19.947077386946884,0.19923044440270457,12
200111,2013,184.76653992748157,-152.17440301221168,29.36055345871229,-0.07064845183941741,18.981635737649455,-0.7662112048947233,12
200111,2014,181.2692220913968,-155.67172084829642,30.057738447393586,0.6265365368418806,19.690936758264375,-0.05691018427980173,12
200111,2015,221.09003627459165,-115.85090666510158,30.200398193049082,0.769196282497376,20.640178892110935,0.8923319495667575,12
200111,2016,204.6537650122043,-132.28717792748895,30.13719533987654,0.7059934293248332,20.063114040806994,0.3152670982628149,12
200111,2017,917.6529993339263,580.7120563942332,29.033711704276957,-0.3974902062747481,20.155374313939216,0.4075273713950362,12
200111,2018,73.62263699622038,-263.31830594347286,29.541452836913297,0.1102509263615931,19.41311407685694,-0.3347328656872408,12
200111,2019,297.9375302747342,-39.00341266495907,29.6071435861159,0.1759416755641965,19.859163109548117,0.1113161670039388,12
200111,2020,108.58651913773832,-228.35442380195494,30.598471876680875,1.16726996612917,19.12371088035575,-0.6241360621884317,12
200111,2021,240.00032067287736,-96.94062226681588,29.683001632143668,0.25179972159196257,19.314065261894246,-0.43378168064993233,12
200111,2022,149.95858007062205,-186.98236286907118,29.782879551431634,0.3516776408799303,18.775793042760743,-0.9720538997834364,12
200111,2023,750.0796298809903,413.1386869412971,30.15232554307106,0.7211236325193573,20.976882098805863,1.2290351562616826,12
200111,2024,154.14209491466355,-182.7988480250297,30.343041385715637,0.9118394751639297,19.88729155209103,0.13944460954684987,12
200114,1991,109.57188187699145,-257.3360100324245,30.838711688358448,0.6286261193328041,19.646538974730934,-0.07751219427025606,12
200114,1992,553.1132074158,186.2053155063841,30.400141241680853,0.19005567265520776,20.13206787731895,0.40801670831775816,12
200114,1993,497.56561146038666,130.65771955097068,30.35168867688734,0.14160310786169372,20.279304636372586,0.5552534673713966,12
200114,1994,257.5057730995197,-109.40211880989634,29.927081727828483,-0.28300384119716043,20.008142730633484,0.28409156163229693,12
200114,1995,127.89467448122767,-239.01321742818834,30.20041119725373,-0.009674371771915288,19.56311946952906,-0.16093169947213,12
200114,1996,85.56710694397711,-281.3407849654389,29.34055265144009,-0.8695329175855582,19.006205427480655,-0.7178457415205349,12
200114,1997,372.3758725775309,5.467980668114905,30.94133486626554,0.7312492972398935,21.511129837961978,1.787078668960791,12
200114,1998,2337.535856317799,1970.6279644083827,29.991921841576143,-0.2181637274494994,20.798748193851697,1.074697024850507,12
200114,1999,389.41254517506826,22.504653265652273,29.265624364262354,-0.9444612047632909,19.39169544103116,-0.3323557279700274,12
200114,2000,226.1575138191485,-140.7503780902675,29.43826928805044,-0.7718162809752034,19.549528862106875,-0.17452230689431314,12
200114,2001,497.1998815902855,130.29198968086945,29.063985099492214,-1.1461004695334298,19.7369453234038,0.012894154402608807,12
200114,2002,641.9540568087035,275.0461648992875,29.781459401222147,-0.42862616780349977,19.894810059643525,0.17075889064233576,12
200114,2003,78.8394949512939,-288.0683969581221,29.99295593123799,-0.21712963778765193,19.249051996199174,-0.47499917280201487,12
200114,2004,66.96172599918656,-299.94616591022947,30.22301074455461,0.012925175528966548,19.12659848492852,-0.5974526840726684,12
200114,2005,128.2574518241241,-238.65044008529188,30.12008025728636,-0.09000531173928265,19.105745830357957,-0.6183053386432329,12
200114,2006,284.8664772423834,-82.0414146670326,30.593612111834315,0.3835265428086701,19.61849256467738,-0.10555860432380844,12
200114,2007,115.94508649680469,-250.9628054126113,30.025685453931327,-0.18440011509431908,18.99499411604447,-0.72905705295672,12
200114,2008,396.0981293719636,29.190237462547593,30.054923757747172,-0.15516181127847548,20.057461909520498,0.3334107405193099,12
200114,2009,308.67445111350077,-58.233440795915214,30.3864236842804,0.17633811525475127,19.978860558384117,0.2548093893829275,12
200114,2010,239.8778582998159,-127.03003360960011,30.00153849866335,-0.20854707036229284,19.29837617227805,-0.42567499672314035,12
200114,2011,223.7928950975394,-143.1149968118766,30.553274229968462,0.3431886609428168,19.120945561558962,-0.6031056074422277,12
200114,2012,508.2704040653835,141.36251215596752,30.532507124574142,0.32242155554850055,20.029823902412804,0.30577273341161515,12
200114,2013,170.8940248821261,-196.01386702728988,30.01305596594914,-0.19702960307650486,18.8746344795717,-0.8494166894294892,12
200114,2014,160.64854868708045,-206.25934322233556,30.81177821249923,0.6016926434735872,19.62025395933796,-0.10379720966322943,12
200114,2015,187.82212964893242,-179.0857622604836,30.973571266768868,0.7634856977432225,20.755389886118696,1.031338717117509,12
200114,2016,234.2047312557678,-132.70316065364818,30.929063500207434,0.7189779311817904,20.06342178588395,0.3393706168827588,12
200114,2017,1326.9594920413804,960.0516001319645,29.714260563075367,-0.4958250059502805,20.234789235444193,0.5107380664430027,12
200114,2018,70.17621857866222,-296.7316733307538,30.17978584328416,-0.030299725741484096,19.36610749097027,-0.35794367803091937,12
200114,2019,314.2051388364247,-52.7027530729913,30.42126419589488,0.2111786268692383,19.819455313280404,0.09540414427921373,12
200114,2020,94.8885173236726,-272.0193745857434,31.23459368469436,1.0245081156687164,18.888894989001894,-0.8351561799992963,12
200114,2021,211.71437504294735,-155.19351686646866,30.378483449423225,0.16839788039757853,19.130331582384397,-0.5937195866167917,12
200114,2022,131.81743850981786,-235.09045339959812,30.286039340917966,0.07595377189232355,18.498790117118137,-1.2252610518830507,12
200114,2023,857.4900866496293,490.5821947402134,30.929653101895017,0.7195675328693723,21.143070021395488,1.4190188523942995,12
200114,2024,148.67715039080707,-218.23074151860894,30.90916710673874,0.6990815377130929,19.69522674208807,-0.028824426913119556,12
200201,1991,916.107412822767,-237.81174915297552,24.03198997048166,0.0765928805219609,15.186781363763428,-0.037116045987687286,12
200201,1992,886.9170910962407,-267.0020708795017,24.475393231783865,0.5199961418241674,15.148051471810723,-0.07584593794039336,12
200201,1993,1649.70723537394,495.7880733981974,24.090089781300424,0.13469269134072567,15.312896468118396,0.08899905836728166,12
200201,1994,1122.9741085333412,-30.945053442401353,23.596417940706573,-0.3589791492531245,15.147010991937796,-0.07688641781332024,12
200201,1995,917.1435892840669,-236.77557269167553,23.955868000878837,0.000470910919138016,15.166841555428725,-0.057055854322389354,12
200201,1996,1017.5115063028153,-136.40765567292712,23.1921231661693,-0.7632739237903975,14.862998841422774,-0.3608985683283394,12
200201,1997,1403.5919731112267,249.67281113548424,23.939509302545304,-0.01588778741439582,15.646261615944132,0.4223642061930173,12
200201,1998,1612.9896673394692,459.07050536372685,24.19517665923939,0.23977956927969313,15.573694555922295,0.34979714617117974,12
200201,1999,1527.0232596257056,373.10409764996314,23.07783080318725,-0.8775662867724501,14.831204766689131,-0.39269264306198376,12
200201,2000,1055.8122598881384,-98.10690208760408,23.06556352625586,-0.8898335637038371,14.803283799044015,-0.4206136107071002,12
200201,2001,853.3714161994945,-300.5477457762479,23.237013137624825,-0.7183839523348755,14.998149091415518,-0.22574831833559758,12
200201,2002,1052.1295984548574,-101.78956352088515,23.644189438565785,-0.3112076513939159,15.252773977914478,0.028876568163363963,12
200201,2003,637.9140662201463,-516.005095755596,23.596209148091884,-0.3591879418678155,15.164876673019888,-0.059020736731227576,12
200201,2004,715.7642558770913,-438.1549060986512,23.804590133909088,-0.15080695605060837,15.031380808826418,-0.19251660092469747,12
200201,2005,791.141499382464,-362.7776625932785,23.886994486378896,-0.0684026035808006,15.202248878613867,-0.02164853113724652,12
200201,2006,1288.49508901708,134.5759270413376,24.14212449990886,0.18672740994916323,15.346682273095881,0.1227848633447679,12
200201,2007,836.3485068544211,-317.5706551213213,23.756263933850615,-0.19913315610908425,15.181883309411175,-0.04201410033994094,12
200201,2008,1716.9143458897856,562.9951839140431,23.785441387146633,-0.1699557028130645,15.162894152189052,-0.06100325756206182,12
200201,2009,1530.95589700303,377.03673502728765,24.084066997559418,0.12866990759971872,15.523989000212076,0.3000915904609607,12
200201,2010,1082.9864298011946,-70.93273217454788,24.18219433792009,0.22679724796039094,15.114770797343942,-0.1091266124071734,12
200201,2011,1399.3755609051764,245.45639892943393,23.93035156696638,-0.025045522993316638,14.989734593832187,-0.23416281591892738,12
200201,2012,1493.4397624796684,339.5206005039259,24.218599857520953,0.2632027675612519,15.200655247671172,-0.023242162079942563,12
200201,2013,900.7130763540405,-253.20608562170196,24.051459227529545,0.09606213756984812,15.10996423076755,-0.11393317898356307,12
200201,2014,1122.6524709933503,-31.266690982392213,24.092918739591443,0.13752164963174648,15.429645162447029,0.20574775269591342,12
200201,2015,1067.9027555277903,-86.01640644795222,24.787883736841152,0.8324866468814566,15.948613166742797,0.7247157569916829,12
200201,2016,915.179351858694,-238.7398101170484,24.919879080792402,0.9644819908327076,15.515404964476474,0.29150755472536005,12
200201,2017,1993.744807651405,839.8256456756625,24.20064426801643,0.24524717805673232,15.298658444272862,0.0747610345217485,12
200201,2018,837.3418237480499,-316.5773382276925,23.937109664562694,-0.018287425397007045,14.931937345056005,-0.2919600646951099,12
200201,2019,1338.3035946089215,184.38443263317896,24.10944953305788,0.15405244309817898,15.33323408850962,0.10933667875850676,12
200201,2020,933.1224470679,-220.79671490784244,24.674567140407493,0.7191700504477989,15.300400656634034,0.07650324688291965,12
200201,2021,984.8705958153597,-169.0485661603827,24.015454897639767,0.06005780768006878,15.175803213424714,-0.04809419632640033,12
200201,2022,927.9315561124947,-225.98760586324775,23.912616972036375,-0.04278011792332137,14.694919509565688,-0.5289779001854247,12
200201,2023,1628.2246859524062,474.3055239766637,24.76663922526697,0.8112421353072715,15.903883907859457,0.6799864981083436,12
200201,2024,821.9110661001083,-332.0080958756342,25.088079028793974,1.1326819388342788,15.94907095508838,0.7251735453372664,12
200202,1991,578.2102413022931,-195.61263627983266,25.974667941093085,0.4514484381023231,16.88517484387034,0.006998415789279881,12
200202,1992,841.5488361926264,67.72595861050064,25.877647908950312,0.3544284059595544,16.944700756498083,0.06652432841702567,12
200202,1993,1162.4024049719258,388.5795273898001,25.545215478501248,0.021995975510489707,17.083203031105132,0.2050266030240729,12
200202,1994,847.8324122530229,74.00953467089712,24.99490319663353,-0.5283163063572323,16.83164564437227,-0.04653078370879227,12
200202,1995,419.0656790836668,-354.75719849845893,25.461244808633936,-0.06197469435682527,16.786942815062986,-0.09123361301807353,12
200202,1996,442.0020493087907,-331.82082827333505,24.580934256548463,-0.9422852464422942,16.26517941954702,-0.6129970085340369,12
200202,1997,712.8253267349806,-60.99755084714508,25.769130229026548,0.24591072603578587,17.87803146694381,0.9998550388627511,12
200202,1998,2050.9609983929918,1277.138120810866,25.669646609181573,0.14642710619081414,17.58734976518447,0.7091733371034102,12
200202,1999,1052.2664467108152,278.4435691286893,24.582893957051724,-0.9403255459390373,16.40617826283374,-0.4719981652473188,12
200202,2000,811.9782663504637,38.15538876833798,24.592321509147222,-0.9308979938435419,16.486928456671333,-0.39124797140972706,12
200202,2001,704.5712565596181,-69.2516210225077,24.67957786040869,-0.8436416425820715,16.72111768892825,-0.15705873915281274,12
200202,2002,912.4609816613616,138.63810407923592,25.352446754910915,-0.17077274807984436,17.006388774307208,0.12821234622614686,12
200202,2003,314.59002963302765,-459.2328479490981,25.330770050263585,-0.1924494527271762,16.688004534078154,-0.1901718940029058,12
200202,2004,394.28032192672663,-379.5425556553991,25.495434268468827,-0.027785234521933155,16.561805747905137,-0.31637068017592274,12
200202,2005,414.3347131156085,-359.4881644665172,25.535186405245327,0.011966902254563946,16.62451546581934,-0.2536609622617223,12
200202,2006,942.8343054164845,169.01142783435887,25.839062265134825,0.31584276214406426,16.943430121097467,0.06525369301640938,12
200202,2007,405.07426135094056,-368.74861623118517,25.364315533194667,-0.15890396979609367,16.573649289634364,-0.30452713844669405,12
200202,2008,1010.5460532832163,236.72317570109058,25.131150502212407,-0.392069000778356,16.91396901680142,0.03579258872036132,12
200202,2009,853.4203235735318,79.59744599140616,25.54164251907241,0.018423016081650683,17.171344755320124,0.29316832723906455,12
200202,2010,762.5024021199446,-11.320475462181134,25.478906074962207,-0.04431342802855642,16.60081121864447,-0.27736520943658743,12
200202,2011,764.7346890945521,-9.088188487573587,25.65391780233524,0.13069829934447666,16.56401781147682,-0.3141586166042414,12
200202,2012,1035.2278930135433,261.40501543141755,25.752934079158155,0.2297145761673942,16.990161315598815,0.11198488751775626,12
200202,2013,616.5866829579077,-157.23619462421814,25.410009042833924,-0.113210460156834,16.3897535601855,-0.4884228678955604,12
200202,2014,610.7169892057842,-163.10588837634154,25.965039500641044,0.44181999765028507,17.01694957702651,0.13877314894544993,12
200202,2015,662.6680588029108,-111.15481877921498,26.344050307136126,0.8208308041453641,17.800860545188993,0.9226841171079337,12
200202,2016,537.8326364667273,-235.9902411153984,26.414030988891895,0.890811485901135,17.2583000477444,0.3801236196633388,12
200202,2017,1697.3688634915125,923.5459859093868,25.468098387900557,-0.05512111509020231,17.0648281777105,0.18665174962943767,12
200202,2018,369.36915421971963,-404.4537233624061,25.564978516387242,0.041759013396482914,16.57752857034188,-0.30064785773917996,12
200202,2019,850.9863343739659,77.16345679184013,25.809920601883636,0.2867010988928754,17.009938722209935,0.13176229412887328,12
200202,2020,435.48771589511034,-338.33516168701544,26.516507733913503,0.9932882309227455,16.712583440323325,-0.16559298775773534,12
200202,2021,524.6580567860246,-249.16482079610103,25.6280935346871,0.10487403169633976,16.62080106642074,-0.25737536166031916,12
200202,2022,477.83305235827004,-295.9898252238557,25.530839316240318,0.0076198132495587005,16.114513236723848,-0.7636631913572104,12
200202,2023,1453.1087166789569,679.285839096831,26.439811923331515,0.9165924203407547,17.974624332160346,1.0964479040792872,12
200202,2024,461.01214335892774,-312.810734223198,26.749042410818813,1.2258229078280491,17.52035930163517,0.6421828735541135,12
200203,1991,751.6474421241645,-216.24168092931544,27.112555812127805,0.4075334519823839,17.78950632158774,-0.10773464355425173,12
200203,1992,1005.7897483121782,37.900625258698234,27.085567412239115,0.3805450520936926,17.74925069476315,-0.14799027037884116,12
200203,1993,1489.1535880556876,521.2644650022075,26.73998656601661,0.03496420587118898,17.971588171963848,0.07434720682185929,12
200203,1994,946.3200827149378,-21.56904033854216,26.20678064898061,-0.49824171116480986,17.7721153900905,-0.12512557505149088,12
200203,1995,588.7988323174964,-379.0902907359837,26.503112954082344,-0.20190940606307675,17.757221230576782,-0.14001973456520908,12
200203,1996,692.4831701155182,-275.40595293796184,25.967908781598737,-0.7371135785466848,17.501479473245414,-0.39576149189657484,12
200203,1997,1213.4027369359699,245.51361388248992,26.68725769884621,-0.017764661299209727,18.596071440322163,0.6988304751801714,12
200203,1998,2027.449531785497,1059.5604087320169,26.801089778064128,0.0960674179187085,18.426724848011734,0.5294838828697449,12
200203,1999,1395.714945901227,427.8258228477472,25.75337991169104,-0.9516424484543785,17.597454650299067,-0.2997863148429258,12
200203,2000,1012.0359072351092,44.14678418162927,25.72783283755704,-0.9771895225883815,17.57794130934234,-0.31929965579964925,12
200203,2001,818.5844355209698,-149.30468753251014,25.962930458912115,-0.7420919012333028,17.822137563838016,-0.07510340130397412,12
200203,2002,1047.9113300048302,80.02220695135027,26.47204969155989,-0.23297266858553023,18.01106988535165,0.11382892020965733,12
200203,2003,521.9383547290411,-445.95076832443897,26.414590318920173,-0.2904320412252505,17.784302704861553,-0.112938260280438,12
200203,2004,441.8825510708268,-526.0065719826532,26.644969621334564,-0.06005273881085967,17.696063790227743,-0.20117717491424925,12
200203,2005,598.4377181682889,-369.4514048851911,26.587159902674262,-0.11786245747115516,17.73329047166497,-0.16395049347702084,12
200203,2006,1002.0682731026371,34.17915004915717,26.918066079587273,0.21304371944184966,17.993410282023152,0.09616931688116222,12
200203,2007,633.0654778643362,-334.82364518914386,26.472282714743262,-0.23273964540215827,17.82580094901577,-0.07144001612622046,12
200203,2008,1508.0529177902138,540.1637947367337,26.357196321868056,-0.3478260382773672,17.92997340991123,0.032732444769238235,12
200203,2009,1193.2255284270393,225.33640537355933,26.69802288336165,-0.0069994767837717005,18.180165430156375,0.282924465014385,12
200203,2010,858.8381387210677,-109.05098433241228,26.829245783130375,0.12422342298495377,17.69723539840802,-0.20000556673397205,12
200203,2011,913.8820464495202,-54.007076603959746,26.958059620089514,0.25303725994409554,17.618521155221433,-0.27871980992055523,12
200203,2012,1189.0225190514006,221.13339599792067,26.96903331750769,0.2640109573622678,17.936161642831895,0.038920677689902185,12
200203,2013,711.0095824181803,-256.87954063529963,26.805826530920765,0.10080417077534183,17.601034019919464,-0.29620694522252755,12
200203,2014,869.9735295079923,-97.91559354548758,27.05689688755588,0.3518745274104586,18.047047693525062,0.1498067283830702,12
200203,2015,939.7863098037369,-28.102813249743157,27.589364786317475,0.8843424261720552,18.64202408543381,0.7447831202918191,12
200203,2016,700.2771647064687,-267.6119583470112,27.59936058965863,0.89433822951321,18.19253386152357,0.29529289638158013,12
200203,2017,1799.4202231465076,831.5311000930276,26.77483118990793,0.06980882976250828,18.03590209662842,0.13866113148642936,12
200203,2018,502.9205667377232,-464.96855631575676,26.850158786371328,0.14513642622590664,17.58487344686878,-0.31236751827320947,12
200203,2019,1070.9990849534684,103.10996189998833,26.973896030975023,0.2688736708296006,18.05141287663506,0.1541719114930674,12
200203,2020,592.5819539323645,-375.3071691211156,27.631256887763147,0.926234527617727,17.794914660011006,-0.10232630513098669,12
200203,2021,743.4626791604192,-224.4264438930608,26.940706511326834,0.23568415118141317,17.698298213553922,-0.1989427515880693,12
200203,2022,625.7366480340552,-342.15247501942474,26.990258922383504,0.28523656223808036,17.257265872328503,-0.6399750928134887,12
200203,2023,1464.2632864016693,496.3741633481895,27.475047024154446,0.7700246640090246,18.659438395044972,0.7621974299029807,12
200203,2024,622.642676149391,-345.24644690408894,28.027570172865342,1.322547812719925,18.353408862123768,0.45616789698177723,12
200204,1991,548.8301460739,-141.70495390414496,25.074311253023136,0.29746870654830726,16.18393141743887,-0.040697534264239575,12
200204,1992,578.0940815688981,-112.44101840914684,25.17188417966079,0.39504163318595964,16.165406818128876,-0.05922213357423445,12
200204,1993,1073.54497388117,383.0098739031252,24.79912687868564,0.022284332210812014,16.321037359564563,0.09640840786145362,12
200204,1994,726.2441440803395,35.709044102294605,24.266695579777835,-0.5101469666969912,16.08330473249985,-0.14132421920326102,12
200204,1995,495.65005405270205,-194.8850459253429,24.68087000834304,-0.09597253813178981,16.11805999258998,-0.10656895911313136,12
200204,1996,460.3062517649872,-230.2288482130577,23.923314134280247,-0.8535284121945826,15.717921849322517,-0.5067071023805932,12
200204,1997,796.2338984302826,105.69879845223758,24.771561946545813,-0.005280599929014862,16.898840747998065,0.6742117962949553,12
200204,1998,1312.7310708568011,622.1959708787563,25.003849529947193,0.2270069834723675,16.782244271542663,0.5576153198395518,12
200204,1999,983.4208657849455,292.88576580690045,23.850884454952833,-0.925958091521994,15.76719560495063,-0.45743334675248226,12
200204,2000,716.4799202082028,25.9448202301578,23.84253479982365,-0.9343077466511774,15.794554369482917,-0.43007458222019385,12
200204,2001,486.6111772596344,-203.92392271841052,24.05319357289487,-0.7236489735799605,16.054178419407915,-0.17045053229519302,12
200204,2002,715.9513396171401,25.416239639095163,24.645277406905446,-0.1315651395693823,16.344128478604542,0.11949952690143355,12
200204,2003,328.38789300656805,-362.14720697147686,24.533893949711953,-0.24294859676287692,16.12290807240344,-0.10172087929966948,12
200204,2004,398.0179118013484,-292.5171881766965,24.701696050228943,-0.07514649624588839,16.0061221030337,-0.21850684866940862,12
200204,2005,358.16904849097625,-332.36605148706866,24.72377117792206,-0.05307136855276647,16.098834156663496,-0.1257947950396138,12
200204,2006,798.6289715472975,108.09387156925258,24.997724158737398,0.22088161226257075,16.328916720464772,0.10428776876165961,12
200204,2007,423.0238119199519,-267.51128805809304,24.603764096364525,-0.1730784501103028,16.093703707040522,-0.13092524466258806,12
200204,2008,1013.324548747418,322.7894487693731,24.416307633291634,-0.36053491318319314,16.19318933995528,-0.03143961174783113,12
200204,2009,877.8235157415315,187.28841576348663,24.80230302354289,0.025460477068064275,16.521122337652624,0.296493385949514,12
200204,2010,680.0782817193812,-10.456818258663777,24.908344590453368,0.13150204397854046,16.036681303194495,-0.1879476485086148,12
200204,2011,784.8703692698596,94.33526929181464,24.884293022480705,0.10745047600587476,15.97178511402504,-0.2528438376780679,12
200204,2012,961.9940035096092,271.45890353156426,25.04212035422079,0.26527780774596366,16.265727143604817,0.04109819190170475,12
200204,2013,534.9178857835834,-155.61721419446152,24.76348549191233,-0.013357054562498286,15.933076866760075,-0.29155208494303536,12
200204,2014,638.1325791439351,-52.40252083410985,25.118806031072356,0.34196348459752784,16.420725465927774,0.19609651422466343,12
200204,2015,605.2901959456226,-85.24490403242228,25.63593092750474,0.8590883810299141,17.07292750843752,0.8482985567344113,12
200204,2016,474.69971136023673,-215.83538861780823,25.697873480221247,0.9210309337464185,16.580727828090012,0.3560988763869018,12
200204,2017,1344.173408237393,653.638308259348,24.851555997143866,0.0747134506690393,16.36203091172933,0.13740196002622232,12
200204,2018,373.4197269739295,-317.11537300411544,24.846632940246092,0.06979039377126235,15.934192921610764,-0.2904360300923474,12
200204,2019,792.2710066966067,101.73590671856181,25.035993026288818,0.2591504798139879,16.362732461134797,0.13810350943168773,12
200204,2020,434.7322058670959,-255.802894110949,25.657276698060638,0.8804341515858107,16.202660527833455,-0.02196842386965499,12
200204,2021,489.52530277603245,-201.00979720201246,24.800893599708754,0.024051053233924275,16.064138152616916,-0.16049079908619376,12
200204,2022,479.49986172384655,-211.0352382541984,24.76266400768417,-0.014178538790658557,15.601459850655937,-0.6231691010471735,12
200204,2023,1186.6249852228877,496.08988524484266,25.596696336888655,0.8198537904138261,17.12202567410586,0.8973967224027511,12
200204,2024,450.29524097054366,-240.23985900750128,26.014140674346198,1.2372981278713688,16.956878877741563,0.7322499260384522,12
200205,1991,554.1990720387673,-205.34849654815378,26.352220332281032,0.3707944660545121,17.23996470791372,-0.07180318327610695,12
200205,1992,714.6665225985759,-44.88104598834526,26.368501929623452,0.3870760633969382,17.203707204093956,-0.10806068709587076,12
200205,1993,1093.4080428478624,333.8604742609414,26.01315688947638,0.031731023249865466,17.39565564591062,0.08388775472079102,12
200205,1994,746.5048497568725,-13.042718830048623,25.4802356188209,-0.5011902474056168,17.17746649069743,-0.13430140049239517,12
200205,1995,536.0479031603993,-223.49966542652177,25.821385880665645,-0.1600399855608714,17.181094208938323,-0.13067368225150267,12
200205,1996,543.5605840418239,-215.98698454509727,25.196533553599835,-0.7848923126266815,16.867353150670144,-0.4444147405196845,12
200205,1997,975.9632965883322,216.41572800141108,25.96629503793741,-0.015130828289107315,18.005287829857153,0.6935199386673244,12
200205,1998,1496.6782773050725,737.1307087181514,26.122423028416748,0.14099716219022915,17.84428149413895,0.5325136029491234,12
200205,1999,1008.2399418338648,248.69237324694362,25.03438075238064,-0.947045113845881,16.935800365060462,-0.3759675261293645,12
200205,2000,749.9439553011953,-9.6036132857259,25.02051863127994,-0.9609072349465748,16.93782813278847,-0.3739397584013579,12
200205,2001,642.8473683602141,-116.70020022670703,25.241441600158897,-0.7399842660676175,17.1896006374194,-0.12216725377042999,12
200205,2002,842.340285759323,82.79271717240182,25.78384070387423,-0.19758516235228965,17.421426173519787,0.10965828232995752,12
200205,2003,383.1865213551715,-376.3610472317496,25.704428616313862,-0.2769972499126559,17.200377014081052,-0.11139087710877578,12
200205,2004,363.20799306515283,-396.33957552176827,25.9113589629258,-0.07006690330072078,17.104603096586263,-0.2071647946035632,12
200205,2005,421.9467286951069,-337.6008398918142,25.883967161129235,-0.0974587050972815,17.16218460521831,-0.14958328597151796,12
200205,2006,792.2904328547218,32.74286426780057,26.18985777050936,0.20843190428284183,17.410436755499752,0.0986688643099245,12
200205,2007,505.11967644894725,-254.4278921379739,25.77168378328302,-0.20974208294349742,17.210592873339433,-0.10117501785039258,12
200205,2008,1176.7630014144468,417.21543282752566,25.634254588175708,-0.34717127805081205,17.3196042793895,0.007836388199674657,12
200205,2009,991.350928373316,231.80335978639488,25.98863856941742,0.0072127031909066846,17.601010788913218,0.28924289772339246,12
200205,2010,710.7754210123496,-48.77214757457152,26.112442048118396,0.1310161818918806,17.11436195835653,-0.19740593283329813,12
200205,2011,778.9599264459943,19.41235785907312,26.185175393596552,0.20374952737003346,17.053945059045855,-0.25782283214397167,12
200205,2012,1010.1058085667215,250.55823997980033,26.247044894901094,0.2656190286745777,17.35227512210762,0.04050723091779377,12
200205,2013,579.3869659467742,-180.16060264014683,26.0372446242098,0.05581875798328184,17.022563656486568,-0.289204234703259,12
200205,2014,717.1120330199207,-42.435535567000485,26.33838685678514,0.3569609905586244,17.48779278200364,0.17602489081381423,12
200205,2015,724.4532029292076,-35.094365657713496,26.85745129610118,0.8760254298746633,18.108346497896793,0.7965786067069648,12
200205,2016,547.4239995920393,-212.12356899488182,26.883595637281015,0.9021697710544986,17.633319323317647,0.32155143212782084,12
200205,2017,1468.3906929360555,708.8431243491343,26.046549182720454,0.06512331649393754,17.449809533226766,0.13804164203693592,12
200205,2018,401.39739521585614,-358.15017337106497,26.106018868328444,0.1245930021019257,17.01504756568881,-0.2967203255010169,12
200205,2019,845.5259001190268,85.97833153210561,26.241414814616746,0.2599889483902273,17.45749568892738,0.14572779773755182,12
200205,2020,464.63033002452147,-294.9172385623997,26.902328959867166,0.920903093640652,17.24980409460128,-0.061963796588547414,12
200205,2021,571.0418993167417,-188.5056692701794,26.12972602162607,0.14830015539955413,17.140522507835264,-0.17124538335456232,12
200205,2022,536.8964572438108,-222.6511113431103,26.154987735525584,0.17356186929906978,16.693561733591086,-0.618206157598741,12
200205,2023,1209.9038495897055,450.35628100278427,26.76814287430145,0.7867170080749327,18.13508161244484,0.8233137212550115,12
200205,2024,535.8899552175255,-223.65761336939556,27.27044933951032,1.2890234732838044,17.901415707832793,0.5896478166429668,12
200206,1991,662.7909113002015,-167.4582030305676,23.539653834303113,-0.02060915949125282,14.793947079568,-0.06764293601683313,12
200206,1992,594.0003008594704,-236.24881347129877,24.042074211231604,0.48181121743723754,14.822912125970015,-0.038677889614816476,12
200206,1993,1130.1896697764478,299.9405554456787,23.63113623848639,0.07087324469202431,14.94724912171614,0.08565910613130805,12
200206,1994,797.875212786852,-32.37390154391716,23.132552040867548,-0.42771095292681743,14.761707342964053,-0.09988267262078028,12
200206,1995,612.3051937598628,-217.94392057090627,23.58674105677505,0.026478062980686445,14.84655407400021,-0.015035941584621959,12
200206,1996,672.366572954609,-157.88254137616022,22.687471975217445,-0.872791018576922,14.401948817489114,-0.4596411980957182,12
200206,1997,950.661007120802,120.41189279003284,23.569560262508507,0.009297268714144083,15.254364618769083,0.39277460318424984,12
200206,1998,1212.8867785783295,382.63766424756045,23.974975387583743,0.4147123937893795,15.308097811830711,0.4465077962458768,12
200206,1999,1157.249239744495,327.0001254137259,22.79636851427254,-0.763894479521824,14.428521004429255,-0.43306901115557855,12
200206,2000,837.2494237535634,7.000309422794238,22.70643152459516,-0.8538314691992035,14.39148787996451,-0.47010213562032116,12
200206,2001,561.509887145213,-268.73922718555616,22.8854983241182,-0.6747646696761649,14.605773301606908,-0.255816713977927,12
200206,2002,764.7062507623676,-65.54286356840149,23.392673952650625,-0.1675890411437407,14.918153515508898,0.05656349992406495,12
200206,2003,494.65989781496415,-335.589216515805,23.31578279523133,-0.24448019856303857,14.820788121845899,-0.040801893738933316,12
200206,2004,621.2574732294948,-208.99164110127424,23.464262296824884,-0.09600069696948015,14.642887072846783,-0.21870294273804936,12
200206,2005,578.8429381878476,-251.40617614292154,23.575502457783198,0.015239463988830693,14.858816903313292,-0.0027731122715407195,12
200206,2006,1070.913026695094,240.66391236432483,23.798681921562252,0.23841892776788706,14.983375559479951,0.12178554389511669,12
200206,2007,617.5953577276397,-212.6537566031294,23.37719744894255,-0.18306554485181556,14.757832206983617,-0.10375780860121593,12
200206,2008,1166.453465967012,336.204351636243,23.330555990826287,-0.22970700296807647,14.75900743897718,-0.10258257660765135,12
200206,2009,987.0158669648424,156.76675263407333,23.67381935183727,0.11355635804290702,15.188012245793574,0.32642223020874245,12
200206,2010,873.5111506486502,43.26203631788107,23.73222911733693,0.17196612354256846,14.774728950867521,-0.08686106471731092,12
200206,2011,986.8984108140044,156.64929648323522,23.42314025871346,-0.1371227350809073,14.626905887111223,-0.23468412847361053,12
200206,2012,1103.1407656208132,272.89165129004414,23.84182684148801,0.2815638476936441,14.868128769266782,0.006538753681949376,12
200206,2013,686.050005901415,-144.19910842935414,23.53630684066699,-0.02395615312737635,14.685569605775278,-0.17602040980955577,12
200206,2014,756.6222175260198,-73.6268968047494,23.685000955236934,0.12473796144256817,15.046697807802575,0.18510779221774287,12
200206,2015,669.826676543174,-160.42243778759507,24.345917571701946,0.78565457790758,15.649397929846046,0.7878079142612134,12
200206,2016,614.1174457401421,-216.131668590627,24.501689864510723,0.9414268707163563,15.205518101626614,0.343928086041782,12
200206,2017,1545.1629848255518,714.9138704947827,23.851838972607307,0.29157597881294023,14.981292748841327,0.11970273325649246,12
200206,2018,583.0451459286181,-247.20396840215102,23.453533517805557,-0.10672947598880711,14.559080561106839,-0.30250945447799404,12
200206,2019,954.6144850018477,124.36537067107852,23.768907223146982,0.20864422935261975,14.994648378516011,0.13305836293117826,12
200206,2020,643.9556662437271,-186.29344808704207,24.186559064998423,0.626296071204059,14.964295483727582,0.1027054681427509,12
200206,2021,705.7159537019157,-124.53316062885337,23.483899655137094,-0.07636333865727292,14.828133668919236,-0.033456346665596236,12
200206,2022,637.6871297421644,-192.56198458860467,23.246163413021137,-0.314099580773228,14.323946566773557,-0.5376434488112753,12
200206,2023,1359.3760613621312,529.126947031362,24.420861568422225,0.8605985746278607,15.684182748202147,0.8225927326173156,12
200206,2024,568.6377382362683,-261.61137609450077,24.6517466781257,1.091483684331335,15.786519331033723,0.924929315448891,12
200207,1991,301.1774421199899,-183.01456947419103,28.441361853537316,0.5858718058365776,19.120259472370638,-0.10848940821816526,12
200207,1992,548.2032797167828,64.01126812260195,28.147940292885618,0.2924502451848812,19.17649060021663,-0.052258280372169175,12
200207,1993,761.0384393409447,276.84642774676377,27.868099945986398,0.012609898285660393,19.366914266241928,0.1381653856531259,12
200207,1994,500.43264220206345,16.2406306078825,27.338202569535976,-0.5172874781647625,19.16339972150504,-0.06534915908376189,12
200207,1995,265.02448347552274,-219.16752811865825,27.67522679353938,-0.18026325416135544,19.137866614680757,-0.090882265908044,12
200207,1996,260.3183761690316,-223.8736354251494,27.066739614963996,-0.7887504327367418,18.728349481062597,-0.5003993995262034,12
200207,1997,625.3986092410951,141.20659764691413,27.970308981816615,0.11481893411587911,20.2155096299982,0.9867607494093971,12
200207,1998,1476.6210004196016,992.4289888254207,27.85078295054473,-0.004707097156004518,19.897139324517664,0.6683904439288645,12
200207,1999,675.1850995310331,190.9930879368521,26.894741825995638,-0.9607482217051002,18.926201996958724,-0.3025468836300768,12
200207,2000,504.88667177695174,20.694660182770757,26.93473247338549,-0.9207575743152473,18.941708583398864,-0.28704029718993684,12
200207,2001,464.0713778855643,-20.12063370861666,26.996904048169455,-0.8585859995312847,19.167018215593558,-0.06173066499524301,12
200207,2002,647.8772443418358,163.6852327476548,27.56175909402495,-0.2937309536757873,19.333798838020385,0.10504995743158337,12
200207,2003,192.00903455927258,-292.1829770349084,27.5755099986069,-0.2799800490938355,19.047680312888268,-0.18106856770053378,12
200207,2004,165.70667675614644,-318.48533483803453,27.8018244197329,-0.05366562796783499,18.945315344682317,-0.28343353590648324,12
200207,2005,237.9669574157399,-246.22505417844107,27.76152774317593,-0.09396230452481102,18.97139057071242,-0.2573583098763835,12
200207,2006,480.1270905507747,-4.064921043406269,28.06897191899267,0.2134818712919294,19.279644747022324,0.05089586643352314,12
200207,2007,286.1534775857786,-198.03853400840237,27.638536119501666,-0.21695392819907214,19.013563990028327,-0.2151848905604735,12
200207,2008,774.5872135412142,290.39520194703323,27.558692582292377,-0.29679746540836255,19.362625904300753,0.13387702371194976,12
200207,2009,545.7573742852068,61.56536269102579,27.858313422529303,0.002823374828565465,19.52191456757399,0.29316568698518913,12
200207,2010,428.11332150573475,-56.07869008844625,27.91170763998936,0.056217592288623365,18.978427371017577,-0.25032150957122506,12
200207,2011,407.5832251851722,-76.60878640900881,28.262213010466102,0.40672296276536546,18.93266906944558,-0.2960798111432205,12
200207,2012,654.8026872295775,170.6106756353966,28.087829046737625,0.23233899903688826,19.308653301654118,0.07990442106531621,12
200207,2013,324.8066273154696,-159.38538427871134,27.866750711562588,0.011260663861852649,18.732339568799173,-0.4964093117896266,12
200207,2014,375.7194108272004,-108.47260076698055,28.365419473550705,0.5099294258499709,19.329418429890975,0.10066954930217313,12
200207,2015,378.313251948734,-105.878759645447,28.65830740034446,0.8028173526437209,20.030756772163866,0.8020078915750656,12
200207,2016,307.480546690017,-176.711464904164,28.644324533392624,0.7888344856918863,19.530223217557346,0.3014743369685468,12
200207,2017,1038.977196449066,554.7851848548851,27.752306023698253,-0.10318402400248505,19.43823360565615,0.20948472506734994,12
200207,2018,162.07663677775633,-322.11537481642466,28.052532487543008,0.19704243984227401,18.926320486902803,-0.3024283936859972,12
200207,2019,511.99479783858465,27.80278624440367,28.09208138326822,0.2365913355674832,19.348647006395986,0.11989812580718458,12
200207,2020,223.3501551435666,-260.8418564506144,28.961053071251854,1.1055630235511156,18.98998540640709,-0.2387634741817116,12
200207,2021,357.34635676588454,-126.84565482829643,28.10888935998136,0.2533993122806235,18.970728917375787,-0.2580199632130145,12
200207,2022,280.3992015929162,-203.79281000126477,28.243316271297832,0.3878262235970957,18.53932377479077,-0.6894251057980307,12
200207,2023,869.3370986811307,385.1450870869497,28.642383426949895,0.786893379249158,20.19478925279518,0.9660403722063755,12
200207,2024,292.7122855701473,-191.47972602403368,29.113662909692255,1.2581728619915185,19.673261111093378,0.4445122305045765,12
200208,1991,385.97058665860607,-157.59228032737855,26.375094889800625,0.5314273313157397,17.364989532844984,-0.028508772730402754,12
200208,1992,525.9028042179486,-17.660062768035896,26.169156317951153,0.3254887594662712,17.384073768977792,-0.009424536597594457,12
200208,1993,883.3849483546012,339.82208136861664,25.863285755890463,0.019618197405577575,17.541544754511047,0.1480464489356601,12
200208,1994,561.4475208150092,17.884653829024547,25.32734329079865,-0.5163242676862329,17.309588454792276,-0.08390985078310968,12
200208,1995,302.1938859343335,-241.3689810516511,25.707959822703227,-0.13570773578165785,17.300122061900836,-0.09337624367455029,12
200208,1996,317.2853036012786,-226.277563384706,24.97109357886687,-0.8725739796180149,16.830681585502052,-0.5628167200733315,12
200208,1997,614.3313639113413,70.76849692535674,25.974473446112157,0.13080588762727263,18.34515905970324,0.9516607541278524,12
200208,1998,1557.9401734268918,1014.3773064409071,25.919824734617702,0.07615717613281436,18.06672376009148,0.673225454516096,12
200208,1999,735.29416794296,191.73130095697553,24.875066160208174,-0.9686013982767102,16.977707997693443,-0.41579030788194266,12
200208,2000,542.1773912030053,-1.3854757829792366,24.91144194721238,-0.9322256112725015,17.022304033185417,-0.3711942723899699,12
200208,2001,454.9844452593164,-88.57842172666824,24.996838532208752,-0.846829026276135,17.257925933807638,-0.13557237176774883,12
200208,2002,714.23456582431,170.67169883832543,25.617165515111875,-0.22650204337300858,17.49778750124302,0.1042891956676361,12
200208,2003,216.28219336471187,-327.2806736212727,25.591143873842437,-0.2525236846424477,17.218910531276805,-0.17458777429858077,12
200208,2004,233.84705074576007,-309.7158162402245,25.785779787478774,-0.05788777100611142,17.113150792127033,-0.28034751344835246,12
200208,2005,255.9788600413656,-287.584006944619,25.785726768287464,-0.05794079019741716,17.16573108107654,-0.22776722449884831,12
200208,2006,585.1058250960012,41.542958110016635,26.073855208062323,0.2301876495774362,17.45845333174406,0.06495502616867377,12
200208,2007,299.66376741825314,-243.8990995677314,25.64904813142692,-0.19461942705796384,17.15597367019117,-0.23752463538421834,12
200208,2008,772.440271615503,228.87740462951848,25.506192238311197,-0.33747532017368886,17.473198765200078,0.07970045962469256,12
200208,2009,653.394801755485,109.83193476950045,25.855635704957162,0.011968146472275029,17.687291869207687,0.29379356363229964,12
200208,2010,522.182095967695,-21.38077101828962,25.898273912638384,0.05460635415349676,17.148362724072864,-0.24513558150252054,12
200208,2011,542.0839107248784,-1.4789562611062088,26.132827298018512,0.28915973953362756,17.130858226053956,-0.26264007952142937,12
200208,2012,791.3588284483567,247.79596146237208,26.081190105013988,0.2375225465291025,17.472493714758524,0.07899540918313797,12
200208,2013,402.67275063784916,-140.89011634813545,25.797763241744956,-0.04590431673993134,16.92344061018469,-0.4700576953906947,12
200208,2014,436.37408218805894,-107.18878479792568,26.335413323374784,0.4917457648899006,17.540051633259043,0.1465533276836591,12
200208,2015,459.1068681871365,-84.4559987988481,26.64640104167921,0.8027334831943218,18.25235454428314,0.8588562387077516,12
200208,2016,361.4613953604908,-182.10147162549376,26.675854005393294,0.8321864469084096,17.734063175486696,0.34056486991130913,12
200208,2017,1097.4496472464352,553.8867802604506,25.768882732757405,-0.07478482572748153,17.576459942399314,0.1829616368239281,12
200208,2018,214.04054957382073,-329.52231741216383,25.99877675575755,0.15510919727266584,17.108460952053957,-0.2850373535214281,12
200208,2019,582.3009709771095,38.73810399112496,26.102660440823602,0.25899288233871864,17.50957092012649,0.116072614551103,12
200208,2020,285.9949830810251,-257.56788390495944,26.915858193496547,1.0721906350116608,17.2375142395063,-0.15598406606908766,12
200208,2021,374.4667693660663,-169.09609761991834,25.997193164631426,0.1535256061465408,17.162457505783355,-0.23104079979203154,12
200208,2022,339.72811386791443,-203.83475311807015,26.055838956628822,0.21217139814394,16.72160223187187,-0.6718960737035151,12
200208,2023,1020.5776039996324,477.0147370136479,26.68138232761767,0.8377147691327854,18.420375154743862,1.0268768491684774,12
200208,2024,322.88370883235024,-220.67915815363438,27.09834158464453,1.2546740261596463,18.005580084689072,0.6120817791136863,12
200209,1991,924.5066544860305,-308.7188164266393,25.728787375181025,0.2865568675108842,16.48698975132077,-0.08927399847565143,12
200209,1992,1152.9025829446562,-80.3228879680136,25.85445000365708,0.41221949598694546,16.425523307422917,-0.1507404423735069,12
200209,1993,1841.129654512636,607.9041835999664,25.489266117355893,0.04703560968575271,16.644332971901857,0.06806922210543649,12
200209,1994,1329.7658855179068,96.54041460523703,24.96291864834662,-0.4793118593235149,16.437562424803875,-0.13870132499254698,12
200209,1995,808.9749032664681,-424.2505676462017,25.28149626977442,-0.1607342378957212,16.428742546592066,-0.1475212032043549,12
200209,1996,963.062210706727,-270.16326020594283,24.701108425819697,-0.7411220818504392,16.19154010748295,-0.3847236423134716,12
200209,1997,1582.30600233277,349.0805314201002,25.40173942482436,-0.04049108284577496,17.180774588421112,0.60451083862469,12
200209,1998,2157.4791406337504,924.2536697210805,25.60085579693315,0.1586252892630157,17.044348073785525,0.46808432398910443,12
200209,1999,1678.398966573983,445.1734956613131,24.51492150724555,-0.9273090004245862,16.236370503931774,-0.3398932458646482,12
200209,2000,1224.1601766676954,-9.06529424497429,24.47798563621851,-0.9642448714516275,16.217287992846682,-0.3589757569497423,12
200209,2001,1012.8847839183715,-220.3406869942983,24.748816605052625,-0.6934139026175125,16.467601021085006,-0.10866272871141695,12
200209,2002,1254.8748234893144,21.649352576644567,25.252655893094303,-0.18957461457583205,16.692141727851055,0.11587797805463529,12
200209,2003,668.0086075484402,-565.2168633642297,25.166236760968783,-0.27599374670135557,16.4905523567452,-0.08571139305121944,12
200209,2004,664.5514730102904,-568.6739979023794,25.37282214103055,-0.06940836663958756,16.396081510012227,-0.18018223978419515,12
200209,2005,782.3375748646919,-450.88789604797785,25.32791137014603,-0.11431913752410505,16.452308088566205,-0.12395566123021744,12
200209,2006,1293.6403999827764,60.414929070106666,25.65543194272364,0.21320143505350644,16.68762060172819,0.11135685193176863,12
200209,2007,854.8713738938106,-378.3540970188591,25.22311368222722,-0.21911682544292077,16.52489315032646,-0.051370599469960844,12
200209,2008,1865.147295271397,631.9218243587272,25.08820294834183,-0.3540275593283055,16.559693258519758,-0.016570491276665173,12
200209,2009,1606.787962731468,373.5624918187983,25.45256455764151,0.010334049971370144,16.859987246177074,0.2837234963806525,12
200209,2010,1077.2052318716494,-156.02023904102037,25.585579753152587,0.14334924548244862,16.388538864520587,-0.18772488527583317,12
200209,2011,1287.7638396453594,54.53836873268957,25.583452299878733,0.1412217922085969,16.310173685069035,-0.26609006472738866,12
200209,2012,1536.6241859535562,303.3987150408864,25.716199781384603,0.27396927371446517,16.603048962317462,0.026785212521042528,12
200209,2013,959.2567540827943,-273.9687168298755,25.53574708744654,0.09351657977640304,16.35093153340274,-0.22533221639368017,12
200209,2014,1153.359339272648,-79.86613164002182,25.72978673150686,0.2875562238367202,16.758277171355704,0.18201342155928435,12
200209,2015,1253.0953632872552,19.86989237458525,26.35873917131235,0.916508663642213,17.342636744056286,0.7663729942598643,12
200209,2016,956.1142383733234,-277.11123253934653,26.37773901382471,0.9355085061545706,16.883438660770214,0.3071749109737906,12
200209,2017,2158.6405732593325,925.4151023466626,25.563436249005054,0.12120574133491797,16.691077403902426,0.1148136541060037,12
200209,2018,746.8793166979343,-486.34615421473546,25.536623634089853,0.09439312641971871,16.268254762388697,-0.30800898740772525,12
200209,2019,1384.4069098481034,151.18143893543353,25.706969957936973,0.26473945026683676,16.735543915806513,0.15928016601009057,12
200209,2020,817.6279027349533,-415.59756817771654,26.271356443983052,0.829125936312917,16.531639560782292,-0.044624189014129456,12
200209,2021,948.797353913376,-284.42811699929376,25.59770731300989,0.15547680533975208,16.417850918731574,-0.1584128310648484,12
200209,2022,849.6906101158727,-383.5348607967971,25.580390429382586,0.1381599217124491,15.9536696831505,-0.6225940666459243,12
200209,2023,1790.9729713863615,557.7475004736917,26.2091394504706,0.7669089428004646,17.306616813442336,0.7303530636459135,12
200209,2024,866.2241834447622,-367.0012874679076,26.727069333807176,1.2848388261370367,17.115620135233172,0.5393563854367495,12
200210,1991,398.0749161875549,-245.1343553534172,29.77102085047841,0.5846324058846077,20.02983335528229,-0.22650351479646572,12
200210,1992,833.8275189340787,190.61824739310666,29.415871219559985,0.22948277496617772,20.16556594889013,-0.09077092118862377,12
200210,1993,912.1737723337422,268.96450079277014,29.17390263631083,-0.012485808282971966,20.394893195578984,0.1385563255002289,12
200210,1994,556.3373536082531,-86.87191793271896,28.63611797201645,-0.5502704725773562,20.223748177688396,-0.03258869239035622,12
200210,1995,296.4840055067475,-346.72526603422455,29.000727921366874,-0.18566052322693297,20.21052283662001,-0.04581403345874276,12
200210,1996,278.30675394758794,-364.9025175933841,28.481674096163868,-0.7047143484299404,19.80942176112514,-0.4469151089536109,12
200210,1997,747.2562108041946,104.04693926322244,29.275029331344097,0.08864088675029051,21.320337357062915,1.0640004869841608,12
200210,1998,2003.3757510442686,1360.1664795032964,29.114257152200253,-0.07213129239355028,20.96147640868821,0.7051395386094587,12
200210,1999,927.095036991017,283.88576545004486,28.22842602203548,-0.957962422558321,20.11084494034021,-0.14549192973854286,12
200210,2000,700.4036122814053,57.19434074043329,28.310218710020525,-0.8761697345732765,20.08281690886722,-0.1735199612115347,12
200210,2001,721.9486913199348,78.73941977896276,28.31389178153708,-0.8724966630567241,20.28666436503293,0.03032749495417845,12
200210,2002,889.1805507303027,245.97127918933063,28.82234754280743,-0.3640409017863743,20.381204241481026,0.12486737140227078,12
200210,2003,249.68656988133105,-393.52270165964103,28.880143401379495,-0.3062450432143109,20.07655905305454,-0.1797778170242088,12
200210,2004,232.2129783804806,-410.9962931604915,29.123626700290867,-0.06276174430293786,19.946597161393864,-0.3097397086848869,12
200210,2005,318.9823599358307,-324.22691160514137,29.098699370466274,-0.08768907412753209,19.955532743010824,-0.30080412706792803,12
200210,2006,689.2450695793166,46.03579803834449,29.417209474198824,0.23082102960502007,20.289138918294714,0.03280204821596152,12
200210,2007,385.6623087210762,-257.54696281989584,28.98232299394083,-0.20406545065297355,20.06083819856363,-0.19549867151512265,12
200210,2008,954.505727509181,311.29645596820893,28.929581483219177,-0.2568069613746274,20.42979216449443,0.173455294415677,12
200210,2009,728.1620618721454,84.95279033117335,29.203014804793742,0.016626360199937018,20.533755005056616,0.27741813497786144,12
200210,2010,547.3860910262046,-95.82318051476756,29.227518069191813,0.041129624598004476,20.000307401511666,-0.2560294685670863,12
200210,2011,462.1827946519329,-181.0264768890391,29.733448632446862,0.5470601878530559,19.87516803154489,-0.3811688385338628,12
200210,2012,957.0661040157383,313.85683247476635,29.411269100942835,0.22488065634903207,20.340323652685445,0.0839867826066909,12
200210,2013,374.0297692412299,-269.1795022997421,29.223593251744663,0.037204807150858464,19.69880418060895,-0.5575326894698032,12
200210,2014,467.84045146318704,-175.36882007778502,29.711943642874942,0.5255551982811362,20.271869995346318,0.015533125267563305,12
200210,2015,533.5036950443248,-109.70557649664731,29.992175086405467,0.8057866418116643,20.985329608466063,0.7289927383873097,12
200210,2016,435.0149903835415,-208.1942811574306,29.963529776633283,0.7771413320394774,20.525294176157146,0.2689573060783938,12
200210,2017,1540.7524374799848,897.5431659390127,29.048771136552546,-0.13761730804125763,20.507290828898732,0.25095395881997895,12
200210,2018,218.87525839679563,-424.3340131441764,29.385688512527533,0.19930006793372623,19.930800764614755,-0.32553610546399775,12
200210,2019,627.0709534002006,-16.138318140771474,29.404229453849855,0.2178410092560501,20.390000951314498,0.1336640812357457,12
200210,2020,309.63435155757344,-333.5749199833987,30.311403210513834,1.1250147659200325,19.89537377068802,-0.36096309939073173,12
200210,2021,506.85733946800565,-136.35193207296638,29.51606898473791,0.3296805401441058,19.938823001725485,-0.3175138683532654,12
200210,2022,352.17449577650126,-291.0347757644708,29.70864601426774,0.5222575696739306,19.50199430962848,-0.7543425604502737,12
200210,2023,1111.1664096871837,467.95713814621166,29.971444124922908,0.7850556803290992,21.17138131837216,0.9150444482934056,12
200210,2024,331.0207451645556,-312.18852637641646,30.451443306300217,1.2650548617064112,20.47296954108562,0.21663267100686964,12
200301,1991,494.3084613132504,-99.3497290575242,22.35382628699036,-0.0696957979914196,13.47932212766601,-0.07020502332325791,12
200301,1992,398.2537429450021,-195.4044474257725,22.99257433322485,0.569052248243073,13.510336690190982,-0.03919046079828433,12
200301,1993,720.6877226344172,127.0295322636426,22.518705023323506,0.09518293834172493,13.606632590820771,0.05710543983150466,12
200301,1994,511.7052683007258,-81.95292207004886,22.034716497806794,-0.38880558717498676,13.496172604608624,-0.0533545463806416,12
200301,1995,440.31402575986954,-153.34416461090504,22.48332861712436,0.0598065321425801,13.590982946718775,0.04145579572950823,12
200301,1996,416.2097301029546,-177.44846026782,21.534627059192175,-0.8888950257896046,13.108229964494468,-0.4412971864947995,12
200301,1997,642.2505393560668,48.592348985292205,22.443021898794125,0.01949981381234493,13.822427813145596,0.2729006621563295,12
200301,1998,974.1227676479247,380.46457727715006,22.919359447967437,0.4958373629856598,14.034753238433145,0.48522608744387785,12
200301,1999,851.250797143653,257.5926067728784,21.688692497923142,-0.7348295870586377,13.119038830796393,-0.4304883201928719,12
200301,2000,695.3322890743087,101.6740987035341,21.64562060013777,-0.7779014848440093,13.087245265844054,-0.4622818851452137,12
200301,2001,419.65879371226833,-173.99939665850627,21.70641856029307,-0.7171035246887089,13.25855849225613,-0.2909686587331364,12
200301,2002,567.9569346883268,-25.70125568244783,22.168266608531198,-0.2552554764505833,13.573127183356023,0.02360003236675749,12
200301,2003,391.1827511853852,-202.4754391853894,22.183282967234494,-0.24023911774728735,13.545927451630568,-0.003599699358698564,12
200301,2004,509.66851073326126,-83.98967963751338,22.343092554280148,-0.0804295307016319,13.330082225319666,-0.21944492566959983,12
200301,2005,504.53411464141635,-89.12407572935825,22.488301075465042,0.06477899048326297,13.559085871570298,0.009558720581032354,12
200301,2006,707.0308745516102,113.37268418083559,22.677100082022246,0.2535779970404641,13.662124081972209,0.11259693098294339,12
200301,2007,513.1694570619259,-80.48873330884874,22.230007833974557,-0.19351425100722164,13.41045550776944,-0.13907164321982876,12
200301,2008,859.2740585460868,265.61586817531224,22.241885469872074,-0.181636615109707,13.383516946655057,-0.16601020433421,12
200301,2009,586.3710881851658,-7.287102185608731,22.556190871688198,0.13266878670641713,13.886124686176272,0.3365975351870049,12
200301,2010,717.5284003201723,123.87020994939762,22.559666155056735,0.13614407007495574,13.515845020805985,-0.03368213018328037,12
200301,2011,672.1774987300201,78.51930835924551,22.19121839920092,-0.23230368578086047,13.291052431512098,-0.25847471947716905,12
200301,2012,655.1048764493962,61.446686078621624,22.698522912952924,0.2750008279711456,13.533996036289894,-0.015531114699371814,12
200301,2013,449.4782854070098,-144.1799049637648,22.406795866840497,-0.01672621814128128,13.378907680969192,-0.17061947002007471,12
200301,2014,599.3759736195075,5.717783248732914,22.471521969385787,0.0479998844040083,13.727763634301224,0.17823648331195763,12
200301,2015,418.16625591680133,-175.49193445397324,23.170131442314204,0.746609357332428,14.333771057349507,0.7842439063602403,12
200301,2016,379.81269805842896,-213.84549231234564,23.354896484693594,0.9313743997118138,13.876275803318224,0.3267486523289569,12
200301,2017,1157.2837837057295,563.6255933349548,22.769232576036604,0.3457104910548254,13.646068709462016,0.09654155847275048,12
200301,2018,454.21594958227894,-139.44224078849567,22.21333903420287,-0.21018305077890917,13.20151037370564,-0.3480167772836265,12
200301,2019,581.1968475461749,-12.461342824599642,22.572359776502505,0.14883769152072426,13.72427150470873,0.17474435371946173,12
200301,2020,522.123214204098,-71.5349761666766,23.0889596464212,0.6654375614394178,13.792207757831013,0.24268060684174664,12
200301,2021,568.0556605137176,-25.602529857057018,22.30178394532096,-0.12173813966082185,13.569528682544842,0.020001531555576452,12
200301,2022,536.529469446603,-57.12872092417161,22.05861795956636,-0.364904125415421,13.107491428838038,-0.4420357221512277,12
200301,2023,978.8869915328426,385.228801162068,23.328492908434896,0.9049708234531183,14.402264270069324,0.8527371190800559,12
200301,2024,444.6666948573371,-148.9914955134375,23.45802049731651,1.0344984123347325,14.686497131607887,1.1369699806186186,12
200302,1991,511.90395883411054,-190.99472576731395,25.317935295941997,0.03816013700115987,16.12835501587534,-0.04221034913053471,12
200302,1992,621.305099406215,-81.59358519520939,25.76279606936662,0.48302091042578404,16.13169364762953,-0.038871717376345906,12
200302,1993,842.6507489336062,139.75206433218176,25.384476948377195,0.10470178943635992,16.303107305132034,0.13254194012615952,12
200302,1994,645.1930776637947,-57.70560693762976,24.80282352111441,-0.4769516378264278,16.149810616688715,-0.020754748317162175,12
200302,1995,536.498944341601,-166.39974025982343,25.224378724405614,-0.055396434535218475,16.13999745691126,-0.030567908094616996,12
200302,1996,430.19049701091393,-272.70818759051053,24.32791375505806,-0.9518614038827783,15.63875858604469,-0.5318067789611868,12
200302,1997,621.3334115470436,-81.56527305438081,25.514040968628056,0.234265809687221,16.779907464435865,0.6093420994299886,12
200302,1998,1430.6683918216308,727.7697072202063,25.739228230828658,0.4594530718878233,16.817397545261173,0.6468321802552959,12
200302,1999,1014.5536279280906,311.6549433266661,24.450820179165373,-0.8289549797754633,15.720527820247925,-0.4500375447579503,12
200302,2000,834.6595274125776,131.7608428111531,24.438375652822057,-0.8413995061187798,15.746275623721607,-0.42428974128427016,12
200302,2001,554.9053741045725,-147.99331049685193,24.525448402299464,-0.7543267566413684,15.933148274976427,-0.23741709002944886,12
200302,2002,670.7528878892516,-32.145796712172825,25.106933243266138,-0.17284191567470172,16.26957834915267,0.0990129841467932,12
200302,2003,384.11226865652367,-318.7864159449008,25.122942169497957,-0.15683298944288163,16.12184079281125,-0.0487245721946287,12
200302,2004,484.51517663065283,-218.38350797077166,25.23106026296063,-0.04871489598020803,15.915647807030176,-0.2549175579756997,12
200302,2005,515.0174669588371,-187.88121764258744,25.347137100986803,0.06736194204597042,16.043593599754104,-0.1269717652517716,12
200302,2006,790.2480982395037,87.34941363807923,25.65314179409072,0.37336663514988544,16.276211269436995,0.1056459044311177,12
200302,2007,474.3987248222561,-228.4999597791684,25.099793186574548,-0.179981972366285,15.940368917370755,-0.23019644763512156,12
200302,2008,1043.9159665098523,341.01728190842783,24.902343980098863,-0.3774311788419755,16.02731894615069,-0.1432464188551871,12
200302,2009,693.6520116645887,-9.246672936835795,25.329707645748755,0.04993248680791821,16.501928373208006,0.331363008202129,12
200302,2010,776.7083841326403,73.8096995312158,25.169495359955082,-0.11027979898575217,15.973385304487975,-0.19718006051790157,12
200302,2011,691.9742989338794,-10.924385667545103,25.081309422184376,-0.19846573675646173,15.869631638923776,-0.30093372608210006,12
200302,2012,788.0971240785457,85.19843947712113,25.527456363883516,0.24768120494268211,16.23735497272043,0.06678960771455052,12
200302,2013,549.6920002053985,-153.20668439602593,25.187187982400218,-0.09258717654061588,15.818923488245426,-0.3516418767604487,12
200302,2014,686.8608054480767,-16.03787915334778,25.54029745552316,0.2605222965823228,16.320517111579605,0.14995174657372878,12
200302,2015,671.0191218465778,-31.879562754846628,26.136304022248368,0.856528863307533,17.04587000196719,0.8753046369613174,12
200302,2016,522.8628407108005,-180.03584389062405,26.237677494312376,0.957902335371538,16.52377188050688,0.35320651550100735,12
200302,2017,1546.3220587829228,843.4233741814983,25.45039635720734,0.17062119826650246,16.264373071279156,0.09380770627328101,12
200302,2018,501.0802961934699,-201.81838840795456,25.147608197023544,-0.1321669619172917,15.823151873979226,-0.3474134910266506,12
200302,2019,703.5946642503466,0.6959796489220693,25.489227396223896,0.2094522372830614,16.36931070853008,0.19874534352420348,12
200302,2020,548.2736830844544,-154.62500151696997,26.144997586031266,0.8652224270904311,16.28520348611732,0.1146381211114454,12
200302,2021,607.8022965585058,-95.09638804291875,25.212229321392673,-0.06754583754816117,16.074247677942054,-0.09631768706382153,12
200302,2022,545.7151177226747,-157.18356687874982,25.020071105801005,-0.25970405313983225,15.59624614405861,-0.574319220947268,12
200302,2023,1340.8605535230865,637.961868921662,26.306776904434624,1.027001745493789,17.167825321405633,0.9972599563997565,12
200302,2024,506.69520340572313,-196.20348119570136,26.290898709791332,1.0111235508504957,17.15016699778248,0.9796016327766038,12
200303,1991,759.8942448644904,-220.03214838995677,22.307606572596672,0.03673249338272052,14.072756781489895,0.05520364410284243,12
200303,1992,559.3748870352109,-420.5515062192362,22.885230510376555,0.6143564311625989,14.059672379501187,0.042119242114132906,12
200303,1993,1207.5593234753308,227.63293022088362,22.420670391170603,0.14979631195665188,14.126391489976655,0.10883835258960135,12
200303,1994,854.5618460276484,-125.36454722679872,21.943329511371534,-0.3275445678424201,14.033960731984005,0.016407594596950997,12
200303,1995,698.6895894401645,-281.23680381428267,22.38494883728342,0.1140747580694678,14.11499123744269,0.09743810005563643,12
200303,1996,885.5462423917415,-94.38015086270553,21.518833855248875,-0.7520402239650782,13.659000491707973,-0.35855264567907996,12
200303,1997,1036.472476656072,56.546083401624884,22.184260421596296,-0.08661365761765764,14.18334368599394,0.16579054860688544,12
200303,1998,1164.531487716713,184.6050944622659,22.640095123603288,0.3692210443893374,14.355683615184374,0.3381304777973206,12
200303,1999,1376.6022167362482,396.675823481801,21.48130273760408,-0.7895713416098765,13.606606384477054,-0.410946752909999,12
200303,2000,1032.0739325736852,52.14753931923795,21.459968525811732,-0.8109055534022227,13.542151723721771,-0.47540141366528293,12
200303,2001,925.2971733621089,-54.62921989233829,21.449219665115404,-0.8216544140985501,13.65973908252372,-0.3578140548633355,12
200303,2002,979.3531805816469,-0.5732126728001461,21.772658315919006,-0.4982157632949473,13.914866365356914,-0.10268677203013891,12
200303,2003,754.3900118541372,-225.53638140030986,21.74039000272876,-0.5304840764851946,13.896376558394183,-0.12117657899287011,12
200303,2004,897.1846361851437,-82.74175706930335,22.044609632838796,-0.22626444637515922,13.742296578359145,-0.2752565590279077,12
200303,2005,881.1896926623649,-98.73670059208222,22.405658975177946,0.13478489596399582,14.093880731810401,0.07632759442334718,12
200303,2006,1104.2522160613844,124.32582280693718,22.39756954160765,0.12669546239369348,14.09752999963397,0.0799768622469168,12
200303,2007,969.0716473904807,-10.854745863966379,22.12928733788253,-0.14158674133142313,13.963138115450716,-0.054415021936338036,12
200303,2008,1373.0808435235579,393.1544502691108,22.480991985056008,0.21011790584205295,14.02601949362969,0.008466356242635845,12
200303,2009,1131.3220071018072,151.3956138473601,22.499632062997524,0.22875798378357004,14.35596849655549,0.3384153591684367,12
200303,2010,1060.502108101351,80.57571484690406,22.73690304331166,0.4660289640977098,14.126231266210796,0.1086781288237429,12
200303,2011,1204.640153629856,224.7137603754089,22.277160152007344,0.0062860727933911065,13.865527260399546,-0.15202587698750655,12
200303,2012,1099.3154655363146,119.38907228186741,22.480414699735167,0.20954062052121566,13.915583527341981,-0.10196961004507148,12
200303,2013,771.9116212596326,-208.01477199481448,22.308862550065957,0.03798847085200663,13.921207870632243,-0.09634526675481118,12
200303,2014,920.7452849013625,-59.181108353084504,22.282446440921728,0.011572361707775869,14.16897009624554,0.1514169588584875,12
200303,2015,633.9051489422696,-346.0212443121775,22.649758610116095,0.37888453090214025,14.560082200897737,0.5425290635106833,12
200303,2016,694.5270007068775,-285.39939254756956,23.14122444673087,0.8703503675169136,14.275395259375813,0.25784212198875905,12
200303,2017,1608.018979078334,628.0925858238869,22.745471018538808,0.4745969393248526,14.132178453514435,0.11462531612738225,12
200303,2018,880.1039655714328,-99.82242768301425,22.09666388718277,-0.17421019203118396,13.697232277842177,-0.3203208595448763,12
200303,2019,1023.4225222073469,43.49612895289973,22.3046233919065,0.0337493126925447,14.071050604535865,0.05349746714881235,12
200303,2020,910.2518920586998,-69.6745011957473,22.956430129915024,0.6855560507010701,14.288761361421694,0.27120822403464,12
200303,2021,1043.4672838020497,63.54089054760265,22.342350764329378,0.07147668511542182,14.153455610480234,0.1359024730931814,12
200303,2022,1013.5017011169638,33.57530786251667,22.26881443138441,-0.0020596478295447085,13.761160295650539,-0.25639284173651467,12
200303,2023,1351.5477124067556,371.62131915230844,23.078220349587497,0.8073462703735448,14.726628245446308,0.7090751080592558,12
200303,2024,782.0210532174607,-197.90534003698644,23.446209348327542,1.1753352691135897,15.110427174903341,1.0928740375162869,12
200304,1991,366.02196955015376,-277.71188272856733,25.96617255759467,0.12988648483512963,16.415173767181546,0.0049272462625800095,12
200304,1992,582.5145613255028,-61.21929095321837,26.429507770126133,0.5932216973665895,16.466220676925023,0.05597415600605441,12
200304,1993,984.1541288418691,340.4202765631481,25.912226096211995,0.07594002345245521,16.571054981446256,0.16080846052729036,12
200304,1994,635.3353646205559,-8.398487658165179,25.181041176499985,-0.6552448962595587,16.36086131723746,-0.049385203681504564,12
200304,1995,457.21470165225844,-186.51915062646265,25.69449457132913,-0.14179150143041022,16.444700667206618,0.0344541462876502,12
200304,1996,458.8091707323537,-184.92468154636734,24.846430739585713,-0.9898553331738255,15.812128530316178,-0.5981179906027889,12
200304,1997,488.9088637031358,-154.82498857558528,26.29459107516327,0.458305002403734,17.120496017194892,0.7102494962759268,12
200304,1998,1434.0390894935429,790.3052372148217,26.44609848807362,0.6098124153140825,17.319298035946844,0.9090515150278765,12
200304,1999,981.459705559243,337.725853280522,24.79064082450898,-1.045645248250562,15.949734850651486,-0.4605116702674799,12
200304,2000,793.692114068921,149.95826179019994,24.910043796495973,-0.9262422762635675,16.012637932169085,-0.397608588749882,12
200304,2001,558.4915484096726,-85.24230386904846,25.117093176148,-0.7191928966115405,16.25372702081601,-0.15651950010295682,12
200304,2002,608.4880636228768,-35.24578865584432,25.751652057167462,-0.08463401559208113,16.557941309994114,0.1476947890751467,12
200304,2003,369.27092552416366,-274.46292675455743,25.715845593734944,-0.12044047902459425,16.325792873015466,-0.08445364790350023,12
200304,2004,383.2778419193959,-260.4560103593252,25.826333408270646,-0.009952664488895499,16.151883329794373,-0.258363191124593,12
200304,2005,478.75322421847517,-164.98062806024592,26.100608621244618,0.26432254848507625,16.30805671231085,-0.10218980860811566,12
200304,2006,699.3508553891637,55.61700311044261,26.202895116110202,0.3666090433506624,16.555410041218842,0.1451635202998749,12
200304,2007,475.8354474292647,-167.89840484945637,25.678883800566155,-0.157402272193386,16.162565869061428,-0.2476806518575366,12
200304,2008,977.5457542952073,333.8119020164862,25.43216338670806,-0.40412268605148033,16.37449298623854,-0.03575353468042571,12
200304,2009,669.7988318393027,26.06497956058166,25.862263749286825,0.02597767652728411,16.708626865673327,0.29838034475435987,12
200304,2010,669.31330695078,25.57945467205888,25.83910529650841,0.0028192237488697813,16.261080297734498,-0.1491662231844697,12
200304,2011,649.3305777175012,5.596725438780119,25.61217722419245,-0.22410884856709026,16.08809688610548,-0.32214963481348563,12
200304,2012,613.7709940772406,-29.962858201480483,25.95972383646387,0.1234377637043312,16.43910762220929,0.02886110129032356,12
200304,2013,469.3818253184741,-174.35202696024697,25.681849539748956,-0.154436533010584,15.942733795704944,-0.46751272521402304,12
200304,2014,538.5973452836512,-105.13650699506992,26.119053482803707,0.2827674100441661,16.51885848627455,0.10861196535558089,12
200304,2015,629.4850496029856,-14.248802675735504,26.547736630605836,0.711450557846295,17.217434354027212,0.8071878331082458,12
200304,2016,382.12734760584374,-261.60650467287735,26.845262082526204,1.0089760097666627,16.74788720135056,0.33764068043159634,12
200304,2017,1343.462622256177,699.728769977456,25.8920039559148,0.055717883155254576,16.43669910351959,0.026452582600623813,12
200304,2018,443.6309811610224,-200.10287111769864,25.640568064074078,-0.1957180086854621,15.893275297142921,-0.5169712237760472,12
200304,2019,663.9626958199657,20.22884354124455,26.00404061324251,0.16775454048296812,16.494172967058613,0.08392644613964857,12
200304,2020,505.99066037293323,-137.74319190578782,26.788075451879,0.9517893791194586,16.39724583204301,-0.013000688875957215,12
200304,2021,523.0325754194994,-120.70127685922164,25.64920952722669,-0.18707654553284878,16.213158964332006,-0.19708755658696164,12
200304,2022,571.1327143368036,-72.60113794191751,25.517822011016566,-0.3184640617429742,15.745044544825149,-0.6652019760938178,12
200304,2023,1117.8022599235328,474.0684076448116,26.862356562636617,1.0260704898770727,17.47444152249882,1.064195001579854,12
200304,2024,372.0288429242164,-271.7050093545046,26.806813182914215,0.9705271101546767,17.442509751007318,1.0322632300883516,12
200305,1991,545.4220634017846,-189.42387653995817,25.1095960397181,-0.015569212840262914,16.14732815842601,-0.06720328222658652,12
200305,1992,577.1366016481894,-157.70933829355334,25.563424194428027,0.43825894186966696,16.178782659409325,-0.03574878124326775,12
200305,1993,878.6872023669403,143.84126242519756,25.199376117167997,0.07421086460963089,16.326597908932275,0.11206646827967844,12
200305,1994,720.4643126712505,-14.381627270492256,24.649242565999263,-0.47592268655909703,16.15703809069713,-0.05749334995546166,12
200305,1995,489.7854749295069,-245.06046501223585,25.134716233784403,0.009550981226039331,16.196529692766163,-0.01800174788643316,12
200305,1996,439.6198901655792,-295.22604977616356,24.176435454736307,-0.9487297978220542,15.669265910965871,-0.5452655296867243,12
200305,1997,823.1706843864345,88.32474444469166,25.288061748374066,0.1628964958157019,16.77763552668734,0.5631040860347474,12
200305,1998,1426.3944322948387,691.5484923530959,25.567689983627677,0.4425247310693159,16.802502643522025,0.5879712028694307,12
200305,1999,967.3934164794462,232.5474765377034,24.359149472185162,-0.7660157803732016,15.763961069513163,-0.45057037113943244,12
200305,2000,889.5815876537106,154.73564771196777,24.3130448471551,-0.812120405403261,15.764848410858734,-0.44968302979385993,12
200305,2001,551.7752204421021,-183.0707194996407,24.399700204795394,-0.7254650477629703,15.958617525965295,-0.25591391468729885,12
200305,2002,689.1364187065437,-45.70952123519899,24.95549777646212,-0.16966747609624408,16.297815743102273,0.08328430244968017,12
200305,2003,425.52600177387353,-309.3199381678692,24.968041741037712,-0.157123511520649,16.170928272270647,-0.043603168381945924,12
200305,2004,535.7247238972976,-199.12121604444516,25.07820059931768,-0.04696465324068525,15.969103048356267,-0.24542839229632785,12
200305,2005,499.2975773119267,-235.5483626298161,25.151270902623992,0.026105650065629444,16.122072174495024,-0.0924592661575699,12
200305,2006,886.8984607248342,152.0525207830915,25.4618195562625,0.3366543037041397,16.321976457661474,0.10744501700888032,12
200305,2007,521.0451662032941,-213.80077373844867,24.93127689565109,-0.19388835690727468,16.009712846662406,-0.20481859399019045,12
200305,2008,1023.9081833515309,289.0622434097881,24.794348608409575,-0.3308166441487869,16.070671464180904,-0.14385997647169044,12
200305,2009,778.4218764176667,43.57593647592387,25.220419412837703,0.09525416027934301,16.56236680060112,0.34783535994852377,12
200305,2010,832.5700615615871,97.72412161984431,25.114133363521745,-0.011031889036620038,16.03530909741388,-0.17922234323871486,12
200305,2011,770.9190061188154,36.07306617707265,24.94329943581837,-0.18186581673999105,15.924237226340646,-0.29029421431194774,12
200305,2012,930.064749442678,195.21880950093527,25.3798608942147,0.25469564165633923,16.28150405377838,0.06697261312578551,12
200305,2013,618.7787230446718,-116.06721689707095,25.044195985538394,-0.08096926701996843,15.91160893268191,-0.3029225079706855,12
200305,2014,680.3929017467023,-54.45303819504052,25.319772543188815,0.19460729063044901,16.375457333427352,0.1609258927747558,12
200305,2015,582.7778175142926,-152.06812242745022,25.9774493390714,0.8522840865130336,17.092049994950994,0.8775185542983975,12
200305,2016,549.2073017438438,-185.63863819789898,26.070753223563315,0.9455879710049532,16.58829150360831,0.3737600629557167,12
200305,2017,1482.3571951755684,747.5112552338258,25.35498892384526,0.22982367128689654,16.329921227453337,0.11538978680074126,12
200305,2018,507.00581818849355,-227.84012175324924,24.96991704369672,-0.15524820886164145,15.883243669709813,-0.33128777094278217,12
200305,2019,823.5370636570241,88.69112371528131,25.360438058579394,0.23527280602103465,16.410931882571955,0.1964004419193596,12
200305,2020,598.3782652318554,-136.46767470988738,25.898836411138905,0.7736711585805457,16.33563389256783,0.12110245191523446,12
200305,2021,629.9938946137487,-104.85204532799409,25.102743607060045,-0.022421645498320448,16.152845765250138,-0.06168567540245551,12
200305,2022,573.1546299708386,-161.69130997090406,24.86261588678145,-0.2625493657769118,15.644190900078334,-0.5703405405742613,12
200305,2023,1286.311525342846,551.4655854011031,26.123781585847997,0.9986163332896331,17.190767072209244,0.9762356315566479,12
200305,2024,508.3071931250669,-226.53874681667588,26.19008556030869,1.064920307750331,17.20638416607622,0.991852725423624,12
200306,1991,461.1067612279858,-276.0296780042292,25.81425952162306,0.10342450981318052,16.491815274088978,-0.015946250066383172,12
200306,1992,684.8337478598099,-52.30269137240509,26.257292590869913,0.5464575790600303,16.47193687590728,-0.0358246482480847,12
200306,1993,910.1079260708084,172.97148683859342,25.838486673049488,0.127651661239604,16.663253265210574,0.15549174105521266,12
200306,1994,663.2868881215762,-73.84955111063874,25.209881274963962,-0.5009537368459197,16.493155461041006,-0.014606063114355491,12
200306,1995,586.7656501054355,-150.37078912677944,25.573887961801322,-0.13694705000855864,16.459865867012624,-0.047895657142737434,12
200306,1996,501.75463251190786,-235.3818067203071,24.767860645424662,-0.9429743663852198,15.995630753221562,-0.5121307709337996,12
200306,1997,616.1143621890711,-121.02207704314388,25.994064142859827,0.28322913104994313,17.138528821576656,0.6307672974212939,12
200306,1998,1507.2232972541499,770.086858021935,26.21938173761957,0.5085467258096896,17.216200117034173,0.7084385928788128,12
200306,1999,1117.3349435302116,380.19850429799675,24.802615445979033,-0.9082195658308466,16.048735931400778,-0.45902559275458515,12
200306,2000,871.3818151255563,134.24537589334125,24.79754798106093,-0.9132870307489505,16.101205893317744,-0.40655563083761787,12
200306,2001,603.955720135736,-133.18071909647904,24.96052805280469,-0.7503069590051906,16.299383993306154,-0.2083775308492061,12
200306,2002,733.7731695707353,-3.3632696614797943,25.601401211819063,-0.10943379999082008,16.63960358653698,0.13184206238161642,12
200306,2003,407.0291310006048,-330.10730823161015,25.54532705775674,-0.165507954053143,16.450833130007233,-0.05692839414812948,12
200306,2004,483.5783640409078,-253.55807519130724,25.637325873493328,-0.0735091383165513,16.243868228823228,-0.263893295332136,12
200306,2005,577.8998418072707,-159.23659742494422,25.842909898920993,0.13207488711110985,16.369090639043076,-0.13867088511228629,12
200306,2006,816.6805636047279,79.54412437251297,26.116288588283123,0.40545357647323765,16.623115196727138,0.11535367257177735,12
200306,2007,507.605826838565,-229.53061239365,25.554353467641892,-0.1564815441679901,16.2791102238344,-0.22865130032096173,12
200306,2008,1061.236651725331,324.1002124931159,25.281693144667425,-0.4291418671424602,16.39029598407334,-0.11746554008202177,12
200306,2009,723.1880902505853,-13.948348981629637,25.69365922339877,-0.01717578841110967,16.810717364815048,0.3029558406596866,12
200306,2010,762.2600210034254,25.123581771210514,25.534554334171798,-0.17628067763808808,16.312185617768744,-0.19557590638661657,12
200306,2011,725.339575835208,-11.796863397006902,25.508788047683492,-0.20204696412639075,16.216767844865064,-0.2909936792902979,12
200306,2012,799.5630492528037,62.42661002058871,25.957729537218004,0.2468945254081246,16.554916810854735,0.04715528669937171,12
200306,2013,568.9448659935969,-168.1915732386181,25.581689619747312,-0.12914539206256936,16.108710128301666,-0.3990513958536967,12
200306,2014,698.060293204681,-39.07614602753405,26.037890509721052,0.3270554979111709,16.646908661112906,0.13914713695754508,12
200306,2015,787.8599844355981,50.72354520338309,26.541673155876282,0.8308381440663997,17.362039143230128,0.8542776190747657,12
200306,2016,497.073610806808,-240.06282842540702,26.69230566728631,0.9814706554764289,16.84169061904071,0.33392909488534794,12
200306,2017,1619.1095531977705,881.9731139655555,25.82538230197392,0.11454729016403913,16.58972781631916,0.08196629216379876,12
200306,2018,512.2499312989955,-224.88650793321946,25.621897812711023,-0.08893719909885967,16.141611754176434,-0.3661497699789291,12
200306,2019,726.1382486735033,-10.99819055871166,25.896914556503635,0.18607954469375265,16.682852791565363,0.17509126741000136,12
200306,2020,582.6366602930825,-154.49977893913245,26.61746031736585,0.9066253055559687,16.589087930447985,0.08132640629262111,12
200306,2021,648.619344617187,-88.51709461502799,25.53343092767098,-0.1774040841389013,16.363046297084068,-0.1447152270712945,12
200306,2022,576.2327559132591,-160.90368331895593,25.403937763125942,-0.30689724868393914,15.9214205761758,-0.5863409479795628,12
200306,2023,1435.1571636955198,698.0207244633046,26.73920467079347,1.0283696589835891,17.511994574664055,1.0042330505086945,12
200306,2024,516.4747022779187,-220.66173695429632,26.677974024360598,0.9671390125507147,17.452514873192857,0.9447533490374936,12
200307,1991,554.574054347683,-205.5072676101548,23.27046949567473,0.06183578326328328,14.695523766003143,0.010172416926899816,12
200307,1992,556.4859426749409,-203.5953792828969,23.96922454971508,0.7605908373036311,14.789256214140329,0.10390486506408436,12
200307,1993,980.2461423144928,220.16482035665499,23.28195161572283,0.07331790331137948,14.739312373499104,0.053961024422858696,12
200307,1994,757.0679570812998,-3.0133648765380485,22.74095927027157,-0.4676744421398767,14.586002838599692,-0.0993485104765514,12
200307,1995,549.5766299391726,-210.50469201866525,23.28142099869122,0.07278728627977522,14.79252827366313,0.10717692458688537,12
200307,1996,578.6019889106021,-181.47933304723574,22.353811239602262,-0.854822472809186,14.261140163775165,-0.4242111853010792,12
200307,1997,704.2245245924719,-55.85679736536593,23.204072639802888,-0.004561072608556908,14.881146932774163,0.19579558369791808,12
200307,1998,979.0231892912235,218.9418673333857,23.786299312542685,0.5776656001312389,15.29053178110044,0.6051804320241979,12
200307,1999,1215.3237959086625,455.2424739508246,22.284434073224233,-0.9241996391872117,14.150686786092455,-0.5346645629837895,12
200307,2000,893.4690576369973,133.38773567915942,22.317909456572863,-0.8907242558385828,14.180547808794019,-0.5048035402822234,12
200307,2001,618.4904114568366,-141.59091050100122,22.459908547384572,-0.748725165026873,14.386142218066595,-0.2992091310096499,12
200307,2002,769.9454279410998,9.864105983261929,22.896502105139437,-0.3121316072720077,14.703426131903903,0.018074782827659213,12
200307,2003,580.0623862496182,-180.01893570821974,22.847442859574574,-0.3611908528368737,14.651328129538248,-0.034023219537996585,12
200307,2004,719.1867374965251,-40.894584461312746,23.0208868187031,-0.18774689370834827,14.43678870758428,-0.24856264149196403,12
200307,2005,738.9658994114345,-21.11542254640335,23.47355830517802,0.2649245927665748,14.765827740654691,0.08047639157844715,12
200307,2006,840.4866258336185,80.40530387578062,23.389249926424455,0.18061621401300818,14.777627019203223,0.09227567012698001,12
200307,2007,756.380899369813,-3.7004225880247716,23.100315113504436,-0.10831859890700901,14.582592141166865,-0.10275920790937769,12
200307,2008,994.3217283345386,234.2404063767008,23.180134041662257,-0.02849967074918928,14.579314182939882,-0.10603716613636245,12
200307,2009,734.9978824858773,-25.083439471960567,23.328698874190767,0.1200651617793224,14.96574359339784,0.28039224432159715,12
200307,2010,877.4885255375762,117.40720357973834,23.542365726490193,0.33373201407874503,14.752196369633161,0.06684502055691628,12
200307,2011,906.7447351585628,146.6634132007249,23.035412786346345,-0.1732209260650984,14.427379562776864,-0.25797178629937934,12
200307,2012,757.2188941779407,-2.862427779897196,23.439283008863736,0.23064929645229051,14.577073716714212,-0.10827763236203063,12
200307,2013,595.7822540348998,-164.299067922938,23.173026022577705,-0.03560768983374215,14.500510661355884,-0.18484068772035908,12
200307,2014,754.8421751176791,-5.239146840158838,23.261452041834758,0.05281832942330992,14.85286694849047,0.16751559941422567,12
200307,2015,546.7123075456205,-213.36901441221724,23.71923173677153,0.5105980243600836,15.39678403716188,0.7114326880856341,12
200307,2016,458.22360961923044,-301.85771233860737,24.200136182741247,0.9915024703298002,15.051570755841686,0.3662194067654411,12
200307,2017,1348.4834800314386,588.4021580736007,23.569818957504946,0.36118524509349736,14.769723324065177,0.0843719749889349,12
200307,2018,603.8931410585806,-156.18818089925725,22.94843208590456,-0.26020162650688644,14.21809050576992,-0.4672608433063246,12
200307,2019,733.3812882241924,-26.700033733645405,23.22226472318678,0.013631010775330429,14.756444032653333,0.07109268357708813,12
200307,2020,698.237966952507,-61.84335500533088,23.96033885653961,0.7517051441281654,15.042433754927567,0.35708240585132406,12
200307,2021,781.7097063398279,21.62838438199003,23.04459076167642,-0.1640429507350237,14.689846767400624,0.004495418324380089,12
200307,2022,819.3869977005028,59.30567574266492,22.972293922527125,-0.23633978988432247,14.305260544079248,-0.3800908049969964,12
200307,2023,1247.4354992871292,487.3541773292914,24.129321291568957,0.9206875791575078,15.61901077230585,0.9336594232296066,12
200307,2024,544.5534767883449,-215.52784516949293,24.507233745141672,1.2986000327302254,16.09410625366303,1.4087549045867835,12
200308,1991,479.3472857289448,-160.1286635767554,23.782108177271766,-0.004727035346633397,14.804705683224421,-0.05608241172553156,12
200308,1992,484.58090591778387,-154.89504338791633,24.462982170131056,0.676146957512656,14.832074880114298,-0.02871321483565555,12
200308,1993,779.7332180122332,140.25726870653304,23.883470970382586,0.09663575776418092,14.918044578193332,0.05725648324337632,12
200308,1994,616.6271079484197,-22.848841357280552,23.320499151313587,-0.46633606130481375,14.762273630099385,-0.09851446485057025,12
200308,1995,501.50412830986375,-137.97182099583645,23.763193967792322,-0.02364124482608047,14.87798649033668,0.01719839538672548,12
200308,1996,480.5103850274197,-158.96556427828048,22.90374000562392,-0.8830952069944823,14.426978195617979,-0.4338098993319746,12
200308,1997,562.1882249321161,-77.2877243735841,23.856930301295364,0.0700950886769632,15.145585969050067,0.2847978741001122,12
200308,1998,874.181942901057,234.70599359535674,24.406028655251472,0.619193442633069,15.488699549445814,0.6279114544958593,12
200308,1999,975.573494320136,336.09754501443575,22.947242291264914,-0.839592921353488,14.37759726531547,-0.4831908296344845,12
200308,2000,769.6525090428903,130.17655973719008,22.93918973101915,-0.8476454815992515,14.410080900144182,-0.45070719480577076,12
200308,2001,489.6857911352187,-149.7901581704815,23.123788428165824,-0.6630467844525784,14.62793436367896,-0.2328537312709953,12
200308,2002,645.5562670316493,6.080317725949051,23.67751609657078,-0.10931911604762057,14.97292179999351,0.11213370504355498,12
200308,2003,434.8074747201846,-204.66847458551567,23.595036657678083,-0.19179855494031775,14.892063382978014,0.031275288028058824,12
200308,2004,541.2601115230594,-98.21583778264083,23.69365839835074,-0.09317681426766396,14.654126628214172,-0.20666146673578142,12
200308,2005,580.9503108710451,-58.52563843465516,23.946323229877066,0.15948801725866524,14.873999412431607,0.013211317481651571,12
200308,2006,712.0629779249724,72.58702861927222,24.090040832333756,0.30320561971535415,14.994056033968667,0.1332679390187126,12
200308,2007,552.7072217534364,-86.76872755226378,23.622586734139418,-0.16424847847898297,14.728596580554173,-0.1321915143957829,12
200308,2008,903.5711480815319,264.0951987758317,23.50338983222166,-0.2834453803967394,14.671412855027866,-0.18937523992208907,12
200308,2009,646.7707470548994,7.294797749199169,23.8175540675125,0.030718854894098868,15.143371531932656,0.28258343698270094,12
200308,2010,719.2289446740126,79.75299536831234,23.84789235034185,0.061057137723447376,14.815146975981007,-0.04564111896894829,12
200308,2011,732.0613855968769,92.58543629117665,23.515440026977217,-0.27139518564118337,14.58231394779389,-0.2784741471560648,12
200308,2012,691.6573980732384,52.18144876753816,24.056845241133704,0.27001002851530576,14.810019135992766,-0.05076895895718966,12
200308,2013,506.453331423947,-133.02261788175323,23.698688434577424,-0.088146778040976,14.620033484256957,-0.24075461069299667,12
200308,2014,636.8439633254396,-2.6319859802605237,23.87157946194525,0.08474424932684628,15.043747633320207,0.1829595383702515,12
200308,2015,539.7597633245265,-99.71618598117371,24.520026974089784,0.7331917614713834,15.66448375677785,0.8036956618278953,12
200308,2016,383.60961910165537,-255.86633020404483,24.781075616298462,0.9942404036800591,15.203702695163258,0.3429146002133036,12
200308,2017,1272.4628494292565,632.9869001235562,24.037495019647952,0.2506598070295496,14.912203613137907,0.05141551818795372,12
200308,2018,483.7802473865756,-155.69570191912464,23.57129665378147,-0.21553855883693393,14.443673440061929,-0.41711465488802446,12
200308,2019,611.7255682970817,-27.75038100861854,23.892616715071885,0.10578150245348183,15.022692257283184,0.16190416233323054,12
200308,2020,575.4241563015344,-64.05179300416587,24.476820186491082,0.6899849738726808,15.10311617840843,0.2423280834584761,12
200308,2021,617.7669793848751,-21.708969920825176,23.44997710594899,-0.33685810666941524,14.789561910473758,-0.07122618447619693,12
200308,2022,634.2564894942083,-5.219459811491987,23.312433089086156,-0.47440212353224825,14.383010387915041,-0.4777777070349143,12
200308,2023,1135.159616110582,495.68366680488174,24.705563555427915,0.9187283428095127,15.769686679819884,0.9088985848699304,12
200308,2024,455.8445751701863,-183.63137413551394,24.783701625737155,0.996866413118752,16.04777090541216,1.1869828104622064,12
200401,1991,185.0945820289018,-258.31661012074653,30.440078201262768,0.6032531821933794,19.805667429253287,0.005208858729856954,12
200401,1992,600.4468561001746,157.0356639505262,30.097503232868505,0.2606782137991148,20.2387773426704,0.43831877214696924,12
200401,1993,499.5249834929288,56.11379134328047,29.99274838905424,0.1559233699848468,20.358749806292973,0.5582912357695461,12
200401,1994,340.9787743023868,-102.43241784726152,29.422956646361854,-0.41386837270753496,20.10380857267769,0.30335000215426255,12
200401,1995,152.184263276181,-291.22692887346733,29.88760766900545,0.05078264993606574,19.642867332992008,-0.15759123753142093,12
200401,1996,130.8786297011838,-312.53256244846455,28.93503785741211,-0.9017871616572789,19.08012510903578,-0.7203334614876468,12
200401,1997,316.4708618456857,-126.94033030396261,30.63277287020509,0.7959478511357023,21.526229505970672,1.7257709354472415,12
200401,1998,2323.2968557679396,1879.8856636182911,29.748553620734416,-0.0882713983349704,20.825287360758793,1.0248287902353637,12
200401,1999,548.7289387985559,105.31774664890752,28.928394163165127,-0.9084308559042583,19.38797436606293,-0.4124842044604966,12
200401,2000,353.276242705905,-90.1349494437433,29.03407053948788,-0.8027544795815086,19.6099275299389,-0.19053104058452774,12
200401,2001,532.3597366730482,88.94854452339989,28.77537591037078,-1.061449108698608,19.76636078093582,-0.03409778958760867,12
200401,2002,600.1680699322948,156.75687778264648,29.47615808095888,-0.3606669381105103,19.956374680789374,0.15591611026594432,12
200401,2003,141.42632136643834,-301.98487078320994,29.699874388653594,-0.136950630415796,19.313117372179796,-0.4873411983436311,12
200401,2004,141.27883615232048,-302.1323559973278,29.851770837267733,0.014945818198344321,19.200568992209465,-0.5998895783139613,12
200401,2005,183.01242893064352,-260.3987632190048,29.853827973420803,0.017002954351414818,19.18749355506184,-0.6129650154615858,12
200401,2006,430.7799474415945,-12.631244708053845,30.291565587370613,0.4547405683012225,19.728073043256675,-0.07238552726675558,12
200401,2007,160.24767254274548,-283.16351960690287,29.699702403325574,-0.1371226157438127,19.05672417689479,-0.7437343936286401,12
200401,2008,530.9272517864626,87.51605963681429,29.580352905853786,-0.2564721132156024,20.06936949292461,0.26891092240118536,12
200401,2009,378.9131212314269,-64.49807091822143,29.897301414097644,0.06047639502825527,20.087535714398264,0.2870771438748359,12
200401,2010,341.66477608776336,-101.74641606188499,29.485201682991633,-0.3516233360777529,19.346149700278442,-0.4543088702449882,12
200401,2011,320.62697470219626,-122.78421744745206,30.065915411768653,0.2290903926992618,19.25399184864273,-0.5464667218806959,12
200401,2012,604.9393314223498,161.52813927270145,30.03987848875737,0.20305346968798363,20.11125660276056,0.3107980322371316,12
200401,2013,277.51887276258293,-165.89231938706538,29.59704902458381,-0.23977599448557907,18.959648814577495,-0.8408097559459312,12
200401,2014,286.17086245423,-157.2403296954183,30.370202949461916,0.533377930392529,19.758383717432245,-0.04207485309118386,12
200401,2015,305.0815491403101,-138.32964300933827,30.630730870519628,0.7939058514502376,20.866750401017146,1.066291830493717,12
200401,2016,296.9414721836086,-146.46971996603972,30.631563485295207,0.7947384662258203,20.13235274678288,0.3318941762594492,12
200401,2017,1586.3217484392676,1142.9105562896193,29.45595240398866,-0.3808726150807254,20.195712291907487,0.39525372138406006,12
200401,2018,124.66284862331376,-318.74834352633457,29.75261607829186,-0.08420894077752994,19.44634550272966,-0.35411306779376783,12
200401,2019,453.7803731319338,10.369180982285467,29.994233892388348,0.15740887331895723,19.90830190017217,0.1078433296487411,12
200401,2020,154.6325814650757,-288.77861068457264,30.835753593157744,0.998928574088354,19.08983142509797,-0.7106271454254598,12
200401,2021,241.13652908107656,-202.27466306857178,30.025665096807632,0.18884007773824507,19.243772269431805,-0.5566863010916231,12
200401,2022,194.6120030726896,-248.79918907695875,29.850265783841525,0.013440764772136996,18.621415732019376,-1.1790428385040517,12
200401,2023,1094.2712636688127,650.8600715191644,30.734624468845578,0.8977994497761891,21.198291566713756,1.397832996190327,12
200401,2024,240.7940176997563,-202.61717444989205,30.6850179097317,0.8481928906623155,19.888781569966103,0.08832299944267241,12
200402,1991,238.8775473714081,-249.25604720301368,30.036389657026078,0.43331069379516735,20.38203959261333,0.05204718199875025,12
200402,1992,600.6407558125126,112.50716123809084,29.889596338776173,0.2865173755452621,20.54998647642402,0.21999406580944036,12
200402,1993,618.8324307791582,130.6988362047365,29.738075853702128,0.1349968904712163,20.736458893088276,0.4064664824736945,12
200402,1994,419.58806737927057,-68.54552719515122,29.07422453667445,-0.52885442655646,20.54685905674534,0.21686664613076032,12
200402,1995,240.57858120447162,-247.55501336995013,29.61866649849055,0.015587535259640775,20.259791145433393,-0.07020126518118601,12
200402,1996,184.66218194727838,-303.47141262714337,28.680368394915217,-0.9227105683156944,19.692496290460184,-0.6374961201543963,12
200402,1997,384.88874463782895,-103.2448499365928,30.231259861701478,0.6281808984705703,21.698713204954107,1.3687207943395296,12
200402,1998,1684.9960719029689,1196.8624773285471,29.67325733180768,0.07017836857677177,21.17341122614037,0.8434188155257886,12
200402,1999,608.0662813461862,119.93268677176437,28.698406162393656,-0.9046728008372545,19.933634359266666,-0.3963580513479152,12
200402,2000,530.3642867493264,42.230692174904625,28.763405210570067,-0.8396737526608442,20.084560410331665,-0.24543200028291481,12
200402,2001,503.7752195530643,15.6416249786425,28.592205345327972,-1.0108736179029358,20.211959422443282,-0.1180329881713001,12
200402,2002,539.5904730269717,51.45687845254993,29.20690000138052,-0.3961789618503877,20.44831555297885,0.11832314236427048,12
200402,2003,171.052510498973,-317.08108407544876,29.423761784280206,-0.17931717895070184,20.020171047605636,-0.30982136300894386,12
200402,2004,218.02989812014619,-270.10369645427556,29.56390948130465,-0.03916948192626416,19.85317592079434,-0.4768164898202416,12
200402,2005,241.79304641207648,-246.34054816234527,29.715221529714167,0.1121425664832536,19.88266556714927,-0.4473268434653101,12
200402,2006,549.4044145746095,61.270820000187804,30.069536901040504,0.4664579378095895,20.31600617990738,-0.013986230707199176,12
200402,2007,214.17890483510016,-273.9546897393216,29.535931973143988,-0.06714699008692489,19.80228572303427,-0.5277066875803085,12
200402,2008,690.5299115162638,202.3963169418421,29.32158803705383,-0.28149092617708,20.46425222492648,0.13425981431189835,12
200402,2009,389.0950179319172,-99.03857664250458,29.63733910522595,0.034260141995042424,20.663927983006005,0.33393557239142346,12
200402,2010,486.9202266774605,-1.213367896961266,29.299189732415396,-0.3038892308155159,19.898892831849153,-0.43109957876542787,12
200402,2011,456.248251576092,-31.885342998329794,29.7671170860491,0.16403812281819322,19.934019015877617,-0.3959733947369643,12
200402,2012,619.2668027852158,131.13320821079398,29.690133422651375,0.08705445942046659,20.562553026253003,0.23256061563842056,12
200402,2013,390.47779586286515,-97.65579871155663,29.433894375524147,-0.16918458770676104,19.613470674316208,-0.7165217362983739,12
200402,2014,376.0897268915817,-112.04386768284006,30.12300979185416,0.5199308286232492,20.30751695123757,-0.022475459377010527,12
200402,2015,448.9823313116873,-39.1512632627345,30.3841744306401,0.7810954674091887,21.277667758980634,0.9476753483660539,12
200402,2016,310.09355883976025,-178.0400357346615,30.445316425688315,0.8422374624574047,20.6469693652053,0.31697695459071945,12
200402,2017,1494.4897552497168,1006.3561606752952,29.46226425150329,-0.14081471172761884,20.55119308232352,0.22120067170893667,12
200402,2018,222.4408094946995,-265.6927850797223,29.517766971595403,-0.0853119916355111,19.971407782177995,-0.3585846284365865,12
200402,2019,549.2881592933595,61.15456471893771,29.751020409148946,0.14794144591803673,20.443124731312732,0.11313232069815182,12
200402,2020,260.76607365068236,-227.3675209237394,30.74843799532782,1.1453590320969103,19.972246821600816,-0.3577455890137647,12
200402,2021,359.76165652965443,-128.37193804476735,29.922700440636095,0.31962147740518354,19.987993829447593,-0.3419985811669897,12
200402,2022,289.42335433453593,-198.71024023988582,29.810631133196107,0.20755216996519424,19.429585071878012,-0.9004073387365695,12
200402,2023,1229.4983358899565,741.3647413155347,30.656916881812872,1.053837918581961,21.56330081592736,1.2333084053127754,12
200402,2024,292.4528939249511,-195.68070064947068,30.66359606124013,1.0605170980092211,20.783890546000922,0.4538981353863439,12
200403,1991,652.5968362452744,-270.8557376722815,24.537231771306395,0.10046599554727435,15.607262337622927,-0.04647221012356795,12
200403,1992,755.259168058532,-168.19340585902387,24.818343111598264,0.38157733583914205,15.64313562040631,-0.010598927340186895,12
200403,1993,1172.5260521238501,249.07347820629414,24.44747179781528,0.010706022056156783,15.780544331818552,0.12680978407205398,12
200403,1994,899.153109703277,-24.29946421427899,23.891585882665083,-0.545179893094037,15.550858518498911,-0.10287602924758543,12
200403,1995,457.21068695524747,-466.2418869623085,24.431440660438934,-0.005325115320190162,15.600100520025116,-0.05363402772138093,12
200403,1996,460.7306249866532,-462.7219489309028,23.48442267066791,-0.9523431050912098,15.072697699037427,-0.5810368487090699,12
200403,1997,806.7783228684484,-116.67425104910754,24.573895694159532,0.13712991840040947,16.319980483684258,0.6662459359377638,12
200403,1998,2055.1769378256595,1131.7243639081034,24.83129337272807,0.39452759696894785,16.273221488299182,0.6194869405526838,12
200403,1999,1296.1965492811632,372.74397536360743,23.635520807676595,-0.8012449680825302,15.17401465816087,-0.479719889585627,12
200403,2000,1001.2579894342279,77.80541551667193,23.575156712720837,-0.8616090630382865,15.203009566626738,-0.4507249811197595,12
200403,2001,735.9589351752574,-187.49363874229863,23.742364045560574,-0.6944017301985485,15.444570436859964,-0.20916411088653186,12
200403,2002,902.1076308669359,-21.344943050620074,24.381878120165965,-0.05488765559315715,15.793194843614565,0.139460295868069,12
200403,2003,494.58124379466346,-428.87133012289246,24.30812140086925,-0.12864437488987188,15.579069436260758,-0.07466511148574002,12
200403,2004,595.3306716475666,-328.12190226998933,24.409966514182766,-0.026799261576359257,15.406587831937975,-0.24714671580852343,12
200403,2005,567.0128103632438,-356.4397635543121,24.485609326355117,0.04884355059599669,15.535405594332763,-0.11832895341373255,12
200403,2006,1215.5495948789317,292.0970209613757,24.76693733204799,0.3301715562888698,15.761319110569806,0.10758456282330837,12
200403,2007,650.5709624601625,-272.8816114573935,24.288314261033708,-0.14845151472541426,15.444818455145155,-0.20891609260134159,12
200403,2008,1242.3460781930496,318.89350427549357,24.03957501409573,-0.39719076166339534,15.549743976252321,-0.10399057149417616,12
200403,2009,1011.7820852993925,88.32951138183661,24.486399514122926,0.049633738363803026,15.980902839909232,0.3271682921627366,12
200403,2010,967.2395423012799,43.78696838372398,24.442133201404573,0.0053674256454486384,15.442737528632543,-0.2109970191139515,12
200403,2011,996.3080121783175,72.85543826076155,24.329788484139996,-0.10697729161912466,15.361035819351649,-0.2926987283948477,12
200403,2012,1262.7129129754214,339.2603390578655,24.684385317732335,0.24761954197321115,15.729897322378896,0.07616277463240125,12
200403,2013,804.6346965076876,-118.81787740986834,24.31288563746341,-0.12388013829571154,15.30553035125245,-0.3482041964940448,12
200403,2014,847.0679264079483,-76.38464750960765,24.696089041841336,0.2593232660822136,15.817459396364583,0.16372484861808725,12
200403,2015,785.7697392258415,-137.6828346917144,25.28570216346144,0.8489363877023196,16.55592839649341,0.902193848746914,12
200403,2016,664.984807752224,-258.46776616533197,25.38245611673318,0.9456903409740601,16.050486609692367,0.39675206194587115,12
200403,2017,2045.1547900186233,1121.7022161010673,24.583618592413902,0.1468528166547808,15.794524913212443,0.14079036546594784,12
200403,2018,596.3230120901435,-327.12956182741243,24.329755680170816,-0.10701009558830925,15.334167747589968,-0.3195668001565277,12
200403,2019,1141.7616391136378,218.30906519608186,24.722828004745253,0.2860622289861328,15.829331801661311,0.1755972539148146,12
200403,2020,619.493848794016,-303.9587251235399,25.197803022456487,0.7610372466973656,15.670498796702438,0.01676424895594068,12
200403,2021,732.6250318783419,-190.82754203921405,24.393245561047895,-0.04352021471122688,15.520680945175434,-0.1330536025710621,12
200403,2022,670.0716739131514,-253.38090000440454,24.155244871428636,-0.2815209043304871,14.995178738371038,-0.6585558093754572,12
200403,2023,1685.6402763464512,762.1877024288951,25.37997040647714,0.9432046307180126,16.662932742169208,1.0091981944227113,12
200403,2024,619.3073392360955,-304.1452346814605,25.581126481864143,1.1443607061050185,16.54454948427563,0.8908149365291371,12
200404,1991,79.55757552588923,-222.2010671529847,30.54598148807258,0.5634251939574423,19.60191193909787,0.08853546044463052,12
200404,1992,432.36049625906634,130.60185358019237,30.205393744927534,0.22283745081239412,20.032749312026517,0.519372833373278,12
200404,1993,387.02969384618655,85.27105116731262,30.21460135098813,0.23204505687298807,20.142306564758474,0.6289300861052327,12
200404,1994,184.132315315678,-117.62632736319593,29.577426593660928,-0.40512970045421337,19.919452320796506,0.40607584214326425,12
200404,1995,111.69103689682049,-190.06760578205345,30.00900175220207,0.026445458086936213,19.397442121096024,-0.11593435755721664,12
200404,1996,76.56076453048175,-225.1978781483922,29.12801813122837,-0.8545381628867696,18.764679844164892,-0.7486966344883482,12
200404,1997,202.65723745457302,-99.10140522430092,30.907953238340415,0.9253969442252764,21.322350490400286,1.8089740117470459,12
200404,1998,1405.6938513237728,1103.935208644899,29.87418651695347,-0.10836977716167162,20.58802993729578,1.0746534586425387,12
200404,1999,377.17645709383083,75.4178144149569,29.066405785355652,-0.9161505087594858,19.128813501035026,-0.3845629776182135,12
200404,2000,292.40192018649367,-9.356722492380303,29.185387239857473,-0.7971690542576653,19.35784550711822,-0.15553097153501985,12
200404,2001,371.90521049795194,70.146567819078,28.927121972102245,-1.0554343220128901,19.436243865974074,-0.07713261267916434,12
200404,2002,387.62432220580985,85.86567952693588,29.52080678100899,-0.4617495131061471,19.665562207286765,0.15218572863352323,12
200404,2003,77.89096180630021,-223.86768087257374,29.790999865050413,-0.19155642906472448,18.982397312500314,-0.5309791661529252,12
200404,2004,80.9981928570728,-220.76044982180116,29.94579292843227,-0.036763365682867644,18.86673250313409,-0.6466439755191485,12
200404,2005,129.73045809866542,-172.02818458020855,30.089413253054104,0.10685695893896696,18.83450210828921,-0.6788743703640266,12
200404,2006,304.77165495368786,3.013012274813907,30.484522274981742,0.5019659808666054,19.418746492424862,-0.09462998622837719,12
200404,2007,92.00144751404233,-209.75719516483161,29.906230997625645,-0.0763252964894902,18.691641498340672,-0.8217349803125668,12
200404,2008,468.87114857843216,167.11250589955822,29.779114640749697,-0.20344165336544093,19.8188193789515,0.30544290029826016,12
200404,2009,202.70286940136117,-99.05577327751276,30.042344855123805,0.059788561008669326,19.810446089738836,0.2970696110855977,12
200404,2010,240.66293699549425,-61.09570568337969,29.572215764539838,-0.41034052957529915,19.03684983058602,-0.47652664806721834,12
200404,2011,235.39087454246052,-66.36776813641342,30.190034778063453,0.20747848394831822,18.99248713349989,-0.5208893451533493,12
200404,2012,400.8900431236576,99.13140044478371,30.095673497523123,0.11311720340798341,19.901075741406036,0.38769926275279804,12
200404,2013,189.33274267491785,-112.42590000395609,29.719301680166964,-0.26325461394817307,18.587330598042858,-0.9260458806103813,12
200404,2014,168.55071536920454,-133.2079273096694,30.55110284662842,0.5685465525132827,19.38315304337179,-0.1302234352814494,12
200404,2015,250.80713132752263,-50.951511351351314,30.752909890259613,0.7703535961444746,20.549836282090894,1.0364598034376542,12
200404,2016,176.71552266821655,-125.04312001065738,30.774860278908516,0.7923039847933749,19.78950203654175,0.2761255578885109,12
200404,2017,1219.5898431214873,917.8312004426133,29.650722364588457,-0.3318339295266834,19.90743380708549,0.3940573284322504,12
200404,2018,79.70633747661272,-222.05230520226124,29.869712937976473,-0.11284335613866237,19.125647201178545,-0.38772927747469527,12
200404,2019,313.2623350849484,11.503692406074482,30.09340075953985,0.11084446542471522,19.57814034472846,0.06476386607521996,12
200404,2020,112.0931836355794,-189.66545904329453,31.006050615543913,1.0234943214287755,18.76916534663552,-0.7442111320177167,12
200404,2021,193.85483602231412,-107.90380665655982,30.23454309690527,0.25198680279013025,18.94018838024088,-0.5731880984123622,12
200404,2022,129.8338011820506,-171.92484149682335,30.04869060826002,0.06613431414488365,18.324086585003695,-1.189289893649543,12
200404,2023,873.9335765125949,572.174933833721,30.915068990548132,0.9325126964329948,20.927272869701763,1.4138963910485236,12
200404,2024,172.24118736471692,-129.51745531415702,30.831208985391385,0.8486526912762494,19.581816774940833,0.06844029628759252,12
200405,1991,282.2764685551993,-220.68198448352092,30.244730519114427,0.5180292640376821,20.73314470259319,0.043621431982724466,12
200405,1992,630.1803714501075,127.22191841138722,30.03099797738294,0.3042967223061943,20.920005815952198,0.23048254534173088,12
200405,1993,601.1925005240472,98.23404748532695,29.831645697344783,0.10494444226804234,21.08999154851777,0.4004682779073064,12
200405,1994,473.76304940391174,-29.195403634808518,29.183792343813575,-0.5429089112631695,20.859394256673195,0.16987098606272819,12
200405,1995,191.85734594864562,-311.10110709007466,29.755012454294874,0.028311199218131005,20.606341552157005,-0.08318171845346001,12
200405,1996,177.56566695150423,-325.39278608721605,28.78513520350779,-0.9415660515689543,20.039840830248938,-0.6496824403615248,12
200405,1997,374.0967544101246,-128.8616986285956,30.330204156224877,0.6035029011481313,22.088173123183466,1.398649852573003,12
200405,1998,1894.638961346816,1391.6805083080958,29.773254876713395,0.04655362163665,21.532802313940383,0.8432790433299209,12
200405,1999,633.6991583892493,130.740705350529,28.806628780927216,-0.9200724741495249,20.26926752959164,-0.4202557410188265,12
200405,2000,468.64870442133457,-34.309748617385665,28.85832742257809,-0.8683738324986511,20.430989447192037,-0.25853382341842607,12
200405,2001,520.1327583033805,17.174305264660234,28.722137983189402,-1.0045632718873405,20.587040888288897,-0.10248238232156896,12
200405,2002,567.2193851901272,64.26093215140702,29.383374857373983,-0.3433263977027563,20.815477433866572,0.1259541632561083,12
200405,2003,177.88935761378485,-325.0690954249354,29.553987543376035,-0.1727137117007113,20.368799417077685,-0.3207238535327808,12
200405,2004,208.02632622780425,-294.93212681091603,29.702339511233813,-0.024361743842932288,20.21694778203804,-0.47257548857242454,12
200405,2005,243.0497939630741,-259.90865907564614,29.82289448183668,0.09619322675993451,20.2464099045311,-0.4431133660793665,12
200405,2006,549.8086146734532,46.85016163473303,30.17230818789533,0.4456069328185868,20.684768611177187,-0.004754659433277908,12
200405,2007,261.2893369234908,-241.66911611522946,29.645645145769805,-0.08105610930693974,20.16453484317706,-0.5249884274334068,12
200405,2008,672.8708386244978,169.9123855857775,29.415973048792356,-0.31072820628438375,20.833765013823086,0.1442417432126213,12
200405,2009,408.8083033487866,-94.15014968993367,29.74210880193009,0.015407546853347517,21.004202393184524,0.31467912257405867,12
200405,2010,436.5997863722356,-66.35866666648468,29.45240218174716,-0.27429907332958425,20.26563483255207,-0.4238884380583959,12
200405,2011,461.6644792703954,-41.29397376832483,29.91629268145422,0.18959142637747503,20.28430424786498,-0.405219022745485,12
200405,2012,651.7849818792803,148.82652884056003,29.8348662022359,0.10816494715916007,20.9037409923876,0.2142177217771367,12
200405,2013,410.7846713953744,-92.17378164334585,29.53807089902726,-0.188630356049481,19.973348349990957,-0.716174920619507,12
200405,2014,396.1048434123001,-106.85360962642015,30.24319935175166,0.51649809667492,20.703340059806873,0.013816789196409237,12
200405,2015,448.3869086479207,-54.57154439079957,30.510066358940875,0.7833651038641308,21.66192586522097,0.9724025946105028,12
200405,2016,322.84436646956993,-180.11408656915032,30.575023184794393,0.8483219297176513,21.03130959109037,0.34178632047990476,12
200405,2017,1586.5849894117648,1083.6265363730445,29.551263424666775,-0.1754378304099656,20.91961723650909,0.2300939658986246,12
200405,2018,232.25991252109,-270.69854051763025,29.66732967086091,-0.05937158421583651,20.342679995670643,-0.3468432749398209,12
200405,2019,589.4141845474242,86.45573150870382,29.899570587482206,0.17286933240546443,20.795436137478465,0.10591286686800079,12
200405,2020,215.31077096491225,-287.64768207380797,30.852454116041454,1.1257528609647114,20.312463402527943,-0.37705986808252057,12
200405,2021,318.97739276768414,-183.9810602710361,30.01666639472978,0.28996513965303333,20.322943994918216,-0.36657927569224774,12
200405,2022,289.34354076352344,-213.61491227519684,29.898315442796704,0.17161418771996098,19.759012140013798,-0.9305111305966663,12
200405,2023,1284.280476398456,781.3220233597356,30.763296563887746,1.0365953088110034,21.94578054135502,1.256257270744557,12
200405,2024,304.46849069687795,-198.48996234184227,30.844478187901956,1.1177769328252118,21.114887712181115,0.42536444157064945,12
200406,1991,231.66830557255753,-264.3703526144641,29.27668219314403,0.3742565426179194,19.261416884009932,0.09501261985905114,12
200406,1992,550.0766655256622,54.038007338640575,29.231918166383725,0.3294925158576148,19.341684547914806,0.17528028376392482,12
200406,1993,668.6309619460194,172.59230375899773,29.080423077306577,0.17799742678046618,19.559799450815472,0.3933951866645889,12
200406,1994,352.71629492498084,-143.32236326204077,28.403701139290536,-0.49872451123557254,19.3807405547581,0.2143362906072183,12
200406,1995,294.5267404243378,-201.5119177626838,28.759603815909035,-0.14282183461707523,19.108605051716932,-0.057799212433951176,12
200406,1996,219.4373172279608,-276.6013409590608,27.954840832555632,-0.9475848179704771,18.525683630262673,-0.6407206338882098,12
200406,1997,384.5504415417055,-111.48821664531616,29.570961857742045,0.6685362072159329,20.466973702570765,1.3005694384198838,12
200406,1998,1510.201480545345,1014.1628223583234,29.03882752609704,0.13640187557093034,20.014128762608596,0.8477244984577151,12
200406,1999,687.6983102838624,191.65965209684083,27.897737103808428,-1.0046885467176816,18.764223656070456,-0.4021806080804253,12
200406,2000,557.4035418161737,61.36488362915215,27.971316075668625,-0.9311095748574845,18.882313506528043,-0.2840907576228391,12
200406,2001,542.6093546761964,46.57069648917475,27.913954131927948,-0.9884715185981637,18.981385484462308,-0.18501877968857242,12
200406,2002,584.5253527404371,88.48669455341556,28.548311607045168,-0.3541140434809427,19.27691247250613,0.11050820835525095,12
200406,2003,176.06525558643878,-319.9734026005828,28.678801154933137,-0.2236244955929744,18.870017458066574,-0.2963868060843051,12
200406,2004,230.1139901052624,-265.9246680817592,28.827343257726625,-0.07508239279948725,18.723278918008486,-0.44312534614239585,12
200406,2005,281.1608196018983,-214.8778385851233,29.05537647398718,0.15295082346107206,18.743977173704007,-0.4224270904468727,12
200406,2006,546.4650554743038,50.42639728728216,29.378838440588467,0.4764127900623576,19.187033479317606,0.020629215166724595,12
200406,2007,251.72770448929296,-244.31095369772865,28.80947729566527,-0.09294835486084008,18.671861109179442,-0.4945431549714409,12
200406,2008,778.1798143096017,282.1411561225802,28.53553069563856,-0.36689495488754914,19.289203954048492,0.1227996898976104,12
200406,2009,419.3980878670266,-76.64057031999498,28.916488795746314,0.014063145220200765,19.49066749379199,0.3242632296411087,12
200406,2010,486.85503265262696,-9.183625534394658,28.54904176413595,-0.35338388639016305,18.774466122098286,-0.39193814205259453,12
200406,2011,438.876028097438,-57.162630089583594,28.95385808409938,0.05143243357326899,18.81940202711546,-0.3470022370354234,12
200406,2012,566.9221339998111,70.88347581278948,29.049484574518914,0.14705892399280232,19.394176391892056,0.22777212774117692,12
200406,2013,369.5503586443974,-126.48829954262415,28.72101540259381,-0.18141024793230187,18.46560641174349,-0.7007978524073929,12
200406,2014,396.47379245183686,-99.56486573518474,29.52627175786778,0.6238461073416713,19.14528875862219,-0.02111550552869179,12
200406,2015,501.0677092452539,5.029051058232302,29.71992523200073,0.8174995814746188,20.082293153623592,0.9158888894727125,12
200406,2016,337.14134230590895,-158.8973158811127,29.798603141513098,0.8961774909869881,19.468838430073244,0.3024341659223646,12
200406,2017,1418.203516509682,922.1648583226604,28.797031416553633,-0.10539423397247945,19.366851945718484,0.20044768156760226,12
200406,2018,252.9207438311842,-243.11791435583737,28.901190556068475,-0.0012350944576355143,18.80392185201605,-0.3624824121348323,12
200406,2019,534.7160193640489,38.67736117702726,29.105479436445222,0.2030537859191135,19.262179699744404,0.09577543559352424,12
200406,2020,311.2775738493966,-184.761084337625,30.10073450882199,1.1983088582958796,18.86919584153837,-0.29720842261250907,12
200406,2021,394.1845791173171,-101.85407906970445,29.117151687180918,0.21472603665480458,18.8396759820201,-0.3267282821307802,12
200406,2022,291.0431874338086,-204.99547075321297,28.992839366375573,0.09041371584946223,18.309718143885238,-0.8566861202656444,12
200406,2023,1190.2276589947157,694.1890008076941,30.00133511846303,1.0989094679369158,20.383603394010972,1.2171991298600922,12
200406,2024,307.888638097355,-188.15002008966658,29.933037404989523,1.0306117544634121,19.693857459003933,0.5274531948530505,12
200407,1991,434.4336471271437,-272.89563408339814,28.472275773788624,0.13918858694469893,19.254904728147054,-0.0033018132031704304,12
200407,1992,700.375185456702,-6.954095753839763,28.718625195716424,0.38553800887249395,19.27400783100395,0.015801289653724442,12
200407,1993,825.0176855154843,117.68840430494257,28.443743408535088,0.11065622169116344,19.470853624754852,0.21264708340462798,12
200407,1994,641.1478234547052,-66.1814577558366,27.812712947208652,-0.5203742396352737,19.290960509095452,0.03275396774522754,12
200407,1995,469.87751001431525,-237.45177119622656,28.267933815302673,-0.06515337154125127,19.20325499725404,-0.054951544096187334,12
200407,1996,364.5536282996406,-342.77565291090116,27.356232039540597,-0.9768551473033321,18.652455563299466,-0.6057509780507603,12
200407,1997,600.6628947068541,-106.66638650368765,28.72001162141038,0.38692443456645326,20.15521083800242,0.8970042966521987,12
200407,1998,1687.5595517527522,980.2302705422105,28.674334952988517,0.3412477661445917,19.973545053779397,0.7153385124291717,12
200407,1999,973.244406802372,265.91512559183025,27.461632951153494,-0.8714542356904337,18.806782667722807,-0.4514238736274165,12
200407,2000,804.3232643567803,96.99398314623856,27.47371104469103,-0.8593761421528973,18.866062282920083,-0.39214425843014195,12
200407,2001,654.9751760125973,-52.354105197944484,27.49527678897445,-0.8378103978694762,19.029379302238777,-0.22882723911144698,12
200407,2002,719.2478727578998,11.918591547358062,28.10812160626605,-0.2249655805778795,19.360951490678783,0.10274494932855809,12
200407,2003,344.700734713261,-362.6285464972808,28.173940492620925,-0.15914669422300035,19.126582571484693,-0.13162396986553096,12
200407,2004,436.56079526417244,-270.7684859463693,28.28125976768861,-0.051827419155317266,18.942249857568225,-0.3159566837819974,12
200407,2005,420.5511472724877,-286.7781339380541,28.388361852068442,0.05527466522451382,19.024890822063753,-0.23331571928647202,12
200407,2006,813.1227723098013,105.79349109925958,28.755682892650793,0.42259570580686506,19.335405659368792,0.07719911801856878,12
200407,2007,412.346957400797,-294.9823238097448,28.170239562135876,-0.16284762470804992,18.948739925141865,-0.30946661620835797,12
200407,2008,1059.3556239578768,352.0263427473349,27.94355310745264,-0.3895340793912861,19.197225300622417,-0.06098124072780801,12
200407,2009,677.604226543426,-29.725054667115803,28.38641366463827,0.05332647779434415,19.60685780110116,0.3486512597509342,12
200407,2010,819.0257597614312,111.69647855088947,28.135743630493398,-0.19734355635052955,18.948347360120707,-0.3098591812295182,12
200407,2011,686.4304497858442,-20.898831424697633,28.24708702523509,-0.08600016160883979,18.940504244676777,-0.3177022966734458,12
200407,2012,824.459425790593,117.13014458005118,28.527455764289673,0.19436857744574768,19.386837018765043,0.12863047741481873,12
200407,2013,574.5463310877071,-132.78295012283462,28.20736667502103,-0.12572051182289545,18.78159618477969,-0.47661035657053485,12
200407,2014,648.7048951206582,-58.62438608988354,28.72782800621646,0.3947408193725348,19.367007825310868,0.10880128396064255,12
200407,2015,657.4713768788781,-49.857904331663704,29.19432048380619,0.8612332969622626,20.16897867787109,0.9107721365208654,12
200407,2016,536.2480917078661,-171.0811895026757,29.26561250873891,0.9325253218949842,19.620985094884293,0.36277855353406824,12
200407,2017,1660.4558768393308,953.1265956287891,28.420487550630373,0.08740036378644511,19.38463792860409,0.12643138725386738,12
200407,2018,460.3252342345895,-247.00404697595226,28.24302796317113,-0.09005922367279713,18.920462290043982,-0.3377442513062417,12
200407,2019,785.6984595972523,78.3691783867105,28.566646971892908,0.23355978504897953,19.439898361200644,0.1816918198504179,12
200407,2020,526.8516317930355,-180.4776494175063,29.35297554099112,1.0198883541471908,19.266620428001577,0.008413886651352342,12
200407,2021,566.383077512725,-140.94620369781677,28.45891626121184,0.12582907436791224,19.110195671223277,-0.1480108701269467,12
200407,2022,496.96641201242454,-210.36286919811724,28.300184830069856,-0.03290235677407072,18.599285452960903,-0.6589210883893228,12
200407,2023,1456.5082619278173,749.1789807172755,29.442126840968125,1.109039654124196,20.361762829007713,1.1035562876574891,12
200407,2024,475.8225445424139,-231.50673666812793,29.412012918306814,1.0789257314628893,20.09869431341156,0.8404877720613341,12
200408,1991,532.0964560275472,-230.26550037162093,27.61972068141728,0.31095104695992654,18.47970843335948,0.025236417698839258,12
200408,1992,753.7093570947974,-8.652599304370714,27.661008281948828,0.3522386474914727,18.546263340749245,0.09179132508860732,12
200408,1993,1005.6085482637098,243.24659186454178,27.36327998173053,0.054510347273170424,18.69649988805556,0.2420278723949171,12
200408,1994,774.8377627605357,12.475806361367669,26.73762011068864,-0.571149523768718,18.45255462722804,-0.0019173884326007713,12
200408,1995,374.41610140102205,-387.94585499814605,27.307779035307046,-0.0009905991503087463,18.386867715898262,-0.06760429976237751,12
200408,1996,315.98636186587305,-446.37559453329504,26.31677002028978,-0.9919996141675759,17.801619574393104,-0.6528524412675342,12
200408,1997,626.3382331969669,-136.0237232022012,27.687630802571707,0.37886116811435205,19.47721285596267,1.0227408403020295,12
200408,1998,2203.0739863949666,1440.7120299957985,27.544139671126175,0.23537003666881753,19.173328976032312,0.7188569603716747,12
200408,1999,1007.2410392599817,244.87908286081358,26.409622643795117,-0.8991469906622364,17.96248275465265,-0.4919892610079912,12
200408,2000,811.6112908278972,49.249334428728986,26.411189093657253,-0.8975805408001053,18.056925053386504,-0.3975469622741379,12
200408,2001,675.7066921272565,-86.65526427191159,26.429736740378086,-0.8790328940792703,18.248004304921476,-0.20646771073916317,12
200408,2002,781.1698399687681,18.80788356959997,27.09663483739833,-0.21213479705902513,18.567635407774393,0.11316339211375433,12
200408,2003,345.2405033620096,-417.1214530371586,27.152710939119014,-0.15605869533834169,18.26890829638319,-0.18556371927744753,12
200408,2004,423.7799721617848,-338.5819842373833,27.2826481921695,-0.02612144228785714,18.111044575106337,-0.34342744055430163,12
200408,2005,420.0855039031013,-342.2764524960668,27.3823611829235,0.07359154846614462,18.194186716938,-0.26028529872264006,12
200408,2006,923.6226169267965,161.26066052762837,27.71472345683834,0.4059538223809825,18.527396829634913,0.07292481397427124,12
200408,2007,459.92249362417044,-302.43946277499765,27.191146731430845,-0.11762290302651124,18.111627967612247,-0.3428440480483917,12
200408,2008,1020.6259321362422,258.26397573707413,26.931490431846708,-0.37727920261064973,18.44409175674814,-0.01038025891249846,12
200408,2009,705.4569933429287,-56.90496305623938,27.348921417755164,0.04015178329780955,18.78535413980134,0.3308821241406988,12
200408,2010,736.9470496178861,-25.414906781281946,27.16094067974409,-0.1478289547132654,18.124738414615027,-0.3297336010456113,12
200408,2011,758.5720356777981,-3.789920721369949,27.34135824260521,0.03258860814785288,18.123893122395874,-0.3305788932647671,12
200408,2012,994.8829153437996,232.52095894463147,27.482409416777855,0.1736397823204996,18.590287117178665,0.1358151015180266,12
200408,2013,662.2000219461775,-100.16193445299069,27.161123125537113,-0.14764650892024633,17.93949818972097,-0.5149738259396676,12
200408,2014,660.9017319101683,-101.46022448899973,27.716557341935303,0.40778770747794635,18.573729216247898,0.1192572005872572,12
200408,2015,643.2472746167467,-119.11468178242139,28.156865825397983,0.8480961909406272,19.411810980411676,0.9573389647510367,12
200408,2016,521.5469944434946,-240.8149619556736,28.240216994634693,0.9314473601773386,18.854886001656023,0.40041398599538436,12
200408,2017,1896.8383253593358,1134.4763689601677,27.30902630187535,0.0002566674179907598,18.61585363401908,0.16138161835844045,12
200408,2018,448.109956684761,-314.2519997144071,27.232629920301164,-0.07613971415619118,18.12869312590723,-0.32577888975340813,12
200408,2019,941.9473410393889,179.5853846402208,27.55310740170471,0.24433776724735878,18.609573316349515,0.1551013006888772,12
200408,2020,445.1353606891307,-317.2265957100374,28.319719530815362,1.0109498963580075,18.369484136679365,-0.08498787898127642,12
200408,2021,570.6263785446313,-191.73557785453679,27.465200840166727,0.15643120570937175,18.25024689833011,-0.20422511733052792,12
200408,2022,514.5502295633693,-247.81172683579885,27.288590471385476,-0.0201791630718778,17.707604011166726,-0.746868004493912,12
200408,2023,1575.727064467067,813.365108067899,28.357333969659056,1.0485643352017024,19.61479763584626,1.160325620185619,12
200408,2024,492.1919917304269,-270.1699646687412,28.503411677946687,1.1946420434893292,19.203944365760474,0.7494723500998361,12
200409,1991,611.0504491518249,-255.66316892280332,26.528918852440174,0.35573247905324096,17.487457802652973,0.025771414664397547,12
200409,1992,872.6222656883351,5.908647613706918,26.540838349047053,0.3676519756601196,17.550336943128944,0.08865055514036498,12
200409,1993,1131.2866364043734,264.57301832974525,26.20099258774836,0.02780621436142816,17.682441010038016,0.220754622049436,12
200409,1994,893.1701495958349,26.456531521206678,25.607368770630583,-0.5658176027563536,17.425236675351183,-0.036449712637396235,12
200409,1995,413.2114718216332,-453.5021462529949,26.15804837467871,-0.015137998708225039,17.385474865905774,-0.07621152208280109,12
200409,1996,403.99845367750703,-462.71516439712116,25.18784638179892,-0.9853399915880132,16.820224084419973,-0.6414623035686043,12
200409,1997,717.4405696377697,-149.27304843685846,26.48433010219504,0.3111437288081049,18.445217425451585,0.983531037463008,12
200409,1998,2453.1316043629727,1586.4179862883445,26.40353482551762,0.23034845213068866,18.17207475090621,0.7103883629176305,12
200409,1999,1172.414165048042,305.7005469734137,25.265439254279055,-0.9077471191078805,16.960944918319083,-0.5007414696694971,12
200409,2000,937.9361331035296,71.2225150289015,25.251182826168023,-0.9220035472189076,17.05152502374447,-0.4101613642441058,12
200409,2001,797.9451771264999,-68.7684409481283,25.337364386140095,-0.8358219872468376,17.273670479042796,-0.18801590894578002,12
200409,2002,898.8679218033152,32.154303728687,26.02159099510217,-0.15159537828476596,17.591910256997643,0.13022386900906677,12
200409,2003,392.7755741449267,-473.9380439297015,26.013956126111818,-0.1592302472751165,17.28135227910812,-0.18033410888045642,12
200409,2004,493.4562498681628,-373.25736820646534,26.15134503199282,-0.021841341394114682,17.13488058383061,-0.32680580415796623,12
200409,2005,499.6113960363942,-367.10222203823395,26.241387165613133,0.06820079222619964,17.21834244921918,-0.24334393876939883,12
200409,2006,1058.4435979558093,191.7299798811812,26.546491202289463,0.3733048289025298,17.538404061221392,0.07671767323281475,12
200409,2007,515.6683593070112,-351.0452587676169,26.048552116007752,-0.12463425737918439,17.141160424525072,-0.32052596346350687,12
200409,2008,1097.090511616991,230.37689354236284,25.766756227525264,-0.4064301458616715,17.451344739796014,-0.010341648192562817,12
200409,2009,889.7122813444643,22.998663269836097,26.193636901847672,0.020450528460737694,17.770972498278798,0.30928611029022246,12
200409,2010,849.1978248523003,-17.515793222327822,26.072064273912346,-0.10112209947458606,17.16138825313379,-0.30029813485478973,12
200409,2011,870.8894315910411,4.175813516412937,26.20690542234404,0.03371904895710909,17.13697641661959,-0.3247099713689874,12
200409,2012,1125.2693363688836,258.5557182942553,26.37104598114046,0.19785960775352715,17.582429069020172,0.12074268103159429,12
200409,2013,743.0559746021552,-123.65764347247298,26.023498846334274,-0.14968752705265853,16.971375897552896,-0.49031049043568187,12
200409,2014,764.9821204250045,-101.73149764962363,26.57158486831236,0.3983984949254262,17.598002938363766,0.13631655037518767,12
200409,2015,729.8322621389683,-136.88135593565994,27.00996017159575,0.8367737982088187,18.41116064335471,0.949474255366134,12
200409,2016,597.1728488896515,-269.5407691849766,27.10340713867753,0.9302207652905953,17.865021938310562,0.40333555032198465,12
200409,2017,2056.1634835729833,1189.449865498355,26.173238749838877,5.237645194474302e-05,17.62998186369865,0.1682954757100704,12
200409,2018,484.3968946650086,-382.3167234096196,26.129053222116696,-0.044133151270239424,17.14698546828807,-0.31470091970050973,12
200409,2019,1031.1576924343922,164.44407435976407,26.451216857010664,0.27803048362372973,17.60938685454075,0.14770046655217403,12
200409,2020,499.4577050030601,-367.2559130715681,27.134035193191323,0.9608488198043886,17.354911024836525,-0.10677536315205272,12
200409,2021,625.5682945103974,-241.14532356423078,26.278706164373684,0.1055197909867518,17.23617278507399,-0.22551360291458641,12
200409,2022,555.0112934442869,-311.70232463034125,26.09791154556389,-0.07527482782304447,16.69985815996833,-0.7618282280202467,12
200409,2023,1716.2442846219913,849.5306665473631,27.17358694576876,1.0004005723818272,18.5942796241133,1.1325932361247253,12
200409,2024,555.8912370916428,-310.8223809829854,27.404699237068016,1.2315128636810844,18.193256630778247,0.7315702427896692,12
200410,1991,532.2808915035981,-255.76820556185706,26.240965679085818,0.10747949355701596,17.215326952246937,-0.032356150481942514,12
200410,1992,674.3911665967064,-113.65793046874882,26.50912501309895,0.3756388275701464,17.257042735000454,0.009359632271574695,12
200410,1993,943.4293136018738,155.3802165364187,26.192390447201245,0.058904261672440526,17.416956353367386,0.16927325063851054,12
200410,1994,788.7090245851401,0.6599275196849739,25.599085539486072,-0.5344006460427266,17.208654145926968,-0.03902895680190932,12
200410,1995,454.40197191822165,-333.64712514723357,26.130002825530585,-0.003483359998215955,17.200625764423304,-0.04705733830557494,12
200410,1996,379.84715778834953,-408.2019392771056,25.164631233593244,-0.9688549519355568,16.644222351802295,-0.6034607509265849,12
200410,1997,777.6829511947774,-10.366145870677798,26.39665873853637,0.26317255300756504,18.0328495887908,0.7851664860619207,12
200410,1998,1874.4844128032198,1086.4353157377645,26.492548217230027,0.3590620317012239,17.903869522814393,0.656186420085516,12
200410,1999,1051.9482300552165,263.89913298976126,25.314962090890976,-0.8185240946378256,16.77924056916763,-0.4684425335612472,12
200410,2000,868.0114656939763,79.9623686285212,25.289343136900857,-0.8441430486279415,16.823018082824394,-0.42466501990448374,12
200410,2001,651.2039600997754,-136.8451369656798,25.356541901783704,-0.7769442837450956,17.01865709846876,-0.22902600426011643,12
200410,2002,777.685747738652,-10.363349326803107,25.971816554793307,-0.16166963073549714,17.3575255949857,0.10984249225682137,12
200410,2003,410.0347106644907,-378.01438640096444,25.991826700057015,-0.14165948547179052,17.144411490879705,-0.10327161184917417,12
200410,2004,509.30055387280527,-278.74854319264995,26.096437546114043,-0.037048639414759776,16.96249478773825,-0.28518831499062697,12
200410,2005,462.91400237651436,-325.13509468894085,26.17423904132576,0.04075285579695572,17.07543111682487,-0.17225198590400806,12
200410,2006,967.1567056367859,179.1076085713307,26.50877464891133,0.3752884633825306,17.33961949966306,0.09193639693417947,12
200410,2007,510.52155659397215,-277.52754047148306,25.973156421289346,-0.16032976423945744,16.98401025316829,-0.2636728495605863,12
200410,2008,1077.663270766469,289.6141737010138,25.76384545468812,-0.36964073084068144,17.162770515778032,-0.08491258695084387,12
200410,2009,804.4175436977994,16.368446632344252,26.202699704170644,0.06921351864184278,17.594256206007657,0.34657310327877894,12
200410,2010,842.023051033626,53.973953968170804,26.052240557405227,-0.08124562812357657,16.984191089017827,-0.26349201371104974,12
200410,2011,827.089907146937,39.040810081481744,26.045608571565595,-0.08787761396320715,16.939316081327796,-0.3083670214010817,12
200410,2012,1059.9267397579858,271.87764269253074,26.348637673182136,0.21515148765333217,17.352295863231742,0.10461276050286446,12
200410,2013,678.8198892644008,-109.22920780105443,26.011554171658457,-0.1219320138703474,16.8397444038011,-0.40793869892777906,12
200410,2014,705.0761020362935,-82.97299502916171,26.435603937224062,0.30211775169526217,17.386850947042767,0.13916784431388848,12
200410,2015,665.852037660841,-122.19705940461422,26.993296499986712,0.8598103144579093,18.165710795948915,0.9180276932200373,12
200410,2016,578.3805171201012,-209.668579945354,27.07214412358273,0.9386579380539294,17.636606273236126,0.38892317050724784,12
200410,2017,1783.5546011948245,995.5055041293692,26.260326128267277,0.12683994273847432,17.383905997077317,0.13622289434843995,12
200410,2018,491.52486725926144,-296.5242298061937,26.014658523005068,-0.11882766252373322,16.91852241029262,-0.32916069243625684,12
200410,2019,937.075273010835,149.0261759453798,26.38639010446178,0.25290391893297376,17.430112617335315,0.18242951460643905,12
200410,2020,556.0652892902054,-231.98380777524977,27.015074380837607,0.881588195308804,17.2722539736759,0.024570870947023593,12
200410,2021,622.2704175616739,-165.77867950378132,26.19854512510444,0.06505893957563942,17.12098844916981,-0.1266946535590668,12
200410,2022,589.9317503285663,-198.11734673688883,25.991165489584024,-0.1423206959447795,16.593711016813838,-0.6539720859150405,12
200410,2023,1513.889880306129,725.8407832406739,27.166374777297566,1.0328885917687662,18.31476030478198,1.0670772020531005,12
200410,2024,516.2140002225432,-271.835096842912,27.256091339928577,1.1226051543997784,18.1275691606242,0.8798860578953244,12
200502,1991,14.038011882886828,-105.15267759797456,28.865771570102734,0.3840239374392788,19.13827404133508,0.12283569666634146,12
200502,1992,199.76729131632703,80.57660183546565,28.823986784907532,0.34223915224408125,19.513878337740532,0.4984399930717916,12
200502,1993,124.8264476155514,5.635758134690008,28.952139904941657,0.4703922722782001,19.43855125045042,0.42311290578167987,12
200502,1994,21.359213570178753,-97.83147591068263,28.493882379481054,0.012134746817599998,19.010170144843887,-0.005268199824851087,12
200502,1995,22.04645811099499,-97.14423136986639,28.412681869645567,-0.06906576301788665,18.675976148953556,-0.3394621957151829,12
200502,1996,10.588810435998232,-108.60187904486315,27.570423697518066,-0.9113239351453863,18.042508147171198,-0.9729301974975423,12
200502,1997,143.04880273095768,23.858113250096295,29.865790230709678,1.3840425980462259,20.815642678571677,1.800204333902938,12
200502,1998,1429.9602870206593,1310.769597539798,28.37090508430079,-0.11084254836266243,19.9408945195385,0.9254561748697587,12
200502,1999,99.4738843153703,-19.71680516549109,27.70963612096617,-0.7721115116972825,18.29300425659545,-0.7224340880732912,12
200502,2000,21.658477252497715,-97.53221222836366,27.942374368075434,-0.5393732645880194,18.529345435164217,-0.48609290950452283,12
200502,2001,135.0947525673936,15.90406308653223,27.712682371814353,-0.7690652608491018,18.579208489554077,-0.4362298551146638,12
200502,2002,173.60337643266195,54.412686951800566,28.633833154319422,0.15208552165596867,18.920456328578307,-0.0949820160904326,12
200502,2003,14.597921861385325,-104.59276761947606,28.291521730137788,-0.19022590252566593,18.49361085259476,-0.5218274920739779,12
200502,2004,7.162186327851964,-112.02850315300942,28.384051289735467,-0.09769634292798528,18.565438069094252,-0.4500002755744858,12
200502,2005,12.436948622738115,-106.75374085812327,28.02229907534635,-0.45944855731710393,18.597369293666087,-0.4180690510026504,12
200502,2006,50.989789128407224,-68.20090035245417,28.80428257017707,0.32253493751361795,19.036520061278807,0.021081716610068746,12
200502,2007,4.162785311988226,-115.02790416887316,27.971501379753835,-0.510246252909616,18.40818508638316,-0.6072532582855806,12
200502,2008,59.9945685452903,-59.19612093557109,28.563665904328186,0.08191827166473005,19.131530309989465,0.11609196532072463,12
200502,2009,51.509386480233104,-67.68130300062828,28.69114831807732,0.20940068541386778,19.173077927197138,0.15763958252839583,12
200502,2010,35.35631374971584,-83.83437573114556,28.352099262532175,-0.12964837013127894,18.626164492299537,-0.3892738523692019,12
200502,2011,38.726489691938866,-80.46419978892253,28.572087350552422,0.09033971788896682,18.58568914904673,-0.42974919562200986,12
200502,2012,139.4419407251591,20.25125124429772,28.944170443064365,0.46242281040090943,19.331634106813258,0.3161957621445204,12
200502,2013,39.30434043019099,-79.8863490506704,27.81391106102404,-0.6678365716394131,18.39416366507223,-0.6212746795965111,12
200502,2014,20.508528619144858,-98.68216086171653,28.82648448905556,0.34473685639210644,19.27473400461614,0.2592956599474016,12
200502,2015,7.408472219317896,-111.7822172615435,29.383441627209113,0.9016939945456593,20.17088122709239,1.1554428824236493,12
200502,2016,46.39315762874246,-72.79753185211894,29.094347279945755,0.612599647282301,19.506537981018734,0.4910996363499945,12
200502,2017,620.4651027951401,501.27441331427866,28.043593528447335,-0.4381541042161154,19.436905284040545,0.4214669393718046,12
200502,2018,14.599013396757218,-104.59167608410417,28.173212244559114,-0.3085353881043398,18.82619636025846,-0.18924198441028053,12
200502,2019,11.613113553588413,-107.57757592727297,28.53458070278619,0.05283307012273634,19.299934605697107,0.2844962610283687,12
200502,2020,5.584812086773776,-113.60587739408761,28.6319231863891,0.15017555372564514,18.706668085406484,-0.3087702592622552,12
200502,2021,39.55471862990876,-79.63597085095262,28.147501042868566,-0.3342465897948867,18.586483623353576,-0.42895472131516216,12
200502,2022,16.484747456208215,-102.70594202465318,27.73972553243712,-0.742022100226334,18.08634992628892,-0.9290884183798198,12
200502,2023,302.9936154486465,183.8029259677851,29.237393728920555,0.7556460962571044,20.727859943512588,1.7124215988438498,12
200502,2024,20.22288293858496,-98.96780654227642,28.510072243696467,0.028324611033014275,19.1516928617273,0.13625451705856081,12
200503,1991,16.169173056559742,-94.64786412631516,28.92647456238041,0.3612190244005748,20.076549810895283,0.15927721284322752,12
200503,1992,204.84590712381308,94.02886994093815,28.990171352731043,0.42491581475120704,20.429775375739844,0.5125027776877866,12
200503,1993,121.81146631900768,10.99442913613277,29.06415961830251,0.4989040803226743,20.33112154652646,0.4138489484744025,12
200503,1994,23.126971344298656,-87.69006583857625,28.582189187178457,0.016933649198622724,19.899533548954185,-0.01773904909787098,12
200503,1995,22.31854553403228,-88.49849164884262,28.43668668639218,-0.12856885158765627,19.5675604118977,-0.3497121861543591,12
200503,1996,12.73915042137055,-98.07788676150435,27.634864843304126,-0.9303906946757129,18.946912598979605,-0.9703599990724522,12
200503,1997,139.47385463441577,28.65681745154089,30.03398669783228,1.4687311598524417,21.673250156958094,1.7559775589060393,12
200503,1998,1319.4254850962948,1208.60844791342,28.57023382797547,0.004978289995633804,20.81383746353302,0.8965648654809607,12
200503,1999,71.83077808939132,-38.98625909348357,27.793919756964566,-0.7713357810152711,19.16313277521637,-0.7541398228356888,12
200503,2000,14.071118888177645,-96.74591829469725,28.03135151558978,-0.533904022390057,19.42034509819408,-0.4969274998579796,12
200503,2001,124.54509423313648,13.728057050261596,27.835078277078964,-0.7301772609008733,19.463137008923425,-0.4541355891286319,12
200503,2002,149.98516385514404,39.16812667226913,28.730207654551787,0.16495211657195105,19.833050643182947,-0.08422195486911122,12
200503,2003,12.553779645276451,-98.26325753759843,28.351504449203905,-0.21375108877593144,19.40892077230431,-0.5083518257477503,12
200503,2004,6.952054963932246,-103.86498221894266,28.45302056397965,-0.1122349740001886,19.491198552552632,-0.4260740454994269,12
200503,2005,11.267404915646821,-99.54963226722808,28.092278652813146,-0.4729768851666905,19.523204531546885,-0.3940680665051719,12
200503,2006,41.07028494401128,-69.74675223886362,28.86194252564948,0.29668698766964025,19.95866628368239,0.041393685630333486,12
200503,2007,4.2270997194623305,-106.58993746341257,28.02187000768818,-0.5433855302916571,19.327021115164907,-0.5902514828871493,12
200503,2008,61.81842164580002,-48.998615537074876,28.667641885852277,0.1023863478724379,20.02696706572527,0.10969446767321145,12
200503,2009,42.161147750438175,-68.65588943243672,28.762634125735897,0.19737858775605824,20.085601234811282,0.1683286367592244,12
200503,2010,29.170415380504856,-81.64662180237005,28.420458809474127,-0.14479672850571065,19.556746921180377,-0.3605256768716812,12
200503,2011,37.14431633739133,-73.67272084548357,28.587016779266065,0.021761241286228323,19.51639846284356,-0.4008741352084974,12
200503,2012,120.93119493052507,10.114157747650172,29.033253315865235,0.46799777788539715,20.23518316395413,0.3179105659020731,12
200503,2013,38.1233457118042,-72.6936914710707,27.870899248746124,-0.6943562892337134,19.301133169361783,-0.6161394286902754,12
200503,2014,20.551609783594913,-90.26542739927999,28.865234374310628,0.2999788363307883,20.18336566123477,0.2660930631827103,12
200503,2015,5.475932538736358,-105.34110464413854,29.444150904222326,0.8788953662424893,21.040713863335924,1.123441265283865,12
200503,2016,42.07566914130811,-68.74136804156677,29.154010867346088,0.5887553293662519,20.390223831209514,0.4729512331574588,12
200503,2017,600.0844039485165,489.26736676564155,28.217850337533566,-0.34740520044626716,20.295147149980522,0.3778745519284635,12
200503,2018,16.5390036580439,-94.278033524831,28.25644546680987,-0.30881007116996767,19.728919171975484,-0.18835342607657454,12
200503,2019,10.459095432785105,-100.3579417500898,28.627458614084546,0.06220307610470736,20.192759196339086,0.2754865982870278,12
200503,2020,3.5632264428271414,-107.25381074004775,28.640671230532416,0.07541569255257752,19.637801355357876,-0.27947124269418017,12
200503,2021,35.08916496831081,-75.72787221456409,28.19944531099928,-0.3658102269805547,19.49844770123495,-0.41882489681710694,12
200503,2022,12.20762684015,-98.6094103427249,27.755509353410755,-0.8097461845690838,19.014876007012457,-0.9023965910395982,12
200503,2023,299.8111393981308,188.9941022152559,29.395916836880655,0.8306612989008194,21.593861450582835,1.6765888525307773,12
200503,2024,15.26926195334519,-95.5477752295297,28.593667397079596,0.028411859099757446,20.06074798439272,0.14347538634066215,12
200504,1991,15.24344876776491,-95.18219542983925,27.70359031673398,0.3520687741009194,20.3454343352052,0.20745748511363496,12
200504,1992,185.81918410141628,75.39353990381213,27.93286808047438,0.5813465378413186,20.760013980526008,0.6220371304344438,12
200504,1993,120.90250334086419,10.476859143260018,27.911846533723548,0.5603249910904845,20.610722306344048,0.4727454562524847,12
200504,1994,18.016584653876727,-92.40905954372744,27.34647034047914,-0.005051202153923444,20.100974320941663,-0.03700252914990069,12
200504,1995,20.104334931866973,-90.3213092657372,27.13500647430835,-0.2165150683247088,19.760448499155228,-0.3775283509363379,12
200504,1996,12.867865213154372,-97.5577789844498,26.29194238719578,-1.0595791554372795,19.059778222610216,-1.0781986274813473,12
200504,1997,138.8667890839513,28.441144886347097,29.10356696762825,1.75204542499519,22.083014183920074,1.945037333828508,12
200504,1998,1288.0369831757457,1177.6113389781417,27.628302444150574,0.27678090151751356,21.082179811381376,0.9442029612898096,12
200504,1999,70.10560943744456,-40.320034760159615,26.481236119368102,-0.87028542326496,19.272620242459197,-0.8653566076323685,12
200504,2000,15.60038257313216,-94.825261624472,26.741349697915485,-0.6101718447175761,19.557092762563187,-0.5808840875283776,12
200504,2001,124.14136557474163,13.715721377137442,26.577368405292614,-0.7741531373404497,19.58081917794328,-0.5571576721482852,12
200504,2002,150.9577574479076,40.532113250303425,27.543588224299583,0.19206668166652166,20.114985779740298,-0.02299107035126635,12
200504,2003,16.225729848956526,-94.19991434864764,27.0466143171228,-0.30490722551026356,19.600489149331313,-0.537487700760252,12
200504,2004,11.567814584014762,-98.8578296135894,27.167812476361686,-0.18370906627137776,19.707011999718887,-0.430964850372679,12
200504,2005,14.954109769356512,-95.47153442824765,26.788603520042685,-0.5629180225903779,19.660312647860987,-0.4776642022305791,12
200504,2006,38.936451001126485,-71.48919319647769,27.632876920863243,0.2813553782301854,20.219236607377173,0.08125975728561041,12
200504,2007,9.18497423788129,-101.24066995972288,26.68506062861708,-0.6664609140159818,19.454622642848612,-0.6833542072429529,12
200504,2008,64.54810028732665,-45.877543910277524,27.511507202971135,0.15998566033807413,20.287058204687607,0.14908135459604388,12
200504,2009,44.699306697854695,-65.72633749974948,27.571769544853165,0.2202480022201009,20.336783632824737,0.19880678273317218,12
200504,2010,32.91254134581925,-77.51310285178492,27.153968052728427,-0.19755348990463428,19.78281991917025,-0.35515693092131384,12
200504,2011,39.82941730200569,-70.59622689559848,27.30712163719033,-0.04439990544273146,19.762415780972074,-0.3755610691194926,12
200504,2012,116.7903175095978,6.36467331199362,27.850726588283607,0.49920504565054397,20.507649329091063,0.36967247899949857,12
200504,2013,40.68848555529275,-69.73715864231141,26.57287833065176,-0.7786432119813016,19.4470487914303,-0.6909280586612621,12
200504,2014,25.441509795444286,-84.98413440215988,27.622760128190738,0.2712385855576767,20.40530799975104,0.26733114965947874,12
200504,2015,9.790976296052154,-100.63466790155202,28.348236120228417,0.9967145775953549,21.321023452120595,1.183046602029032,12
200504,2016,45.59267580323225,-64.83296839437193,27.94676790918974,0.5952463665566773,20.644901449065703,0.5069245989741388,12
200504,2017,599.1271134367131,488.7014692391089,27.13333441718701,-0.21818712544605065,20.471923096673024,0.3339462465814596,12
200504,2018,19.03627142809822,-91.38937276950595,27.03140362313708,-0.32011791949598073,19.922987125405367,-0.21498972468619884,12
200504,2019,13.67822559172788,-96.74741860587629,27.44942534366667,0.09790380103360914,20.418369815224217,0.28039296513265227,12
200504,2020,9.102497135758366,-101.32314706184582,27.327643526136487,-0.023878016496574023,19.861260236404195,-0.2767166136873671,12
200504,2021,31.764379311202116,-78.66126488640205,26.920554725753295,-0.43096681687976357,19.683480293467518,-0.4544965566240468,12
200504,2022,16.260431360186008,-94.16521283741817,26.406707616429728,-0.9448139262033323,19.161602923193044,-0.9763739268985213,12
200504,2023,298.9297049241995,188.5040607265953,28.440225767294745,1.088704224661681,21.89034928738478,1.7523724372932141,12
200504,2024,20.81775126223604,-89.60789293536813,27.37135156489681,0.01983002226374886,20.271154330991,0.13317748089943246,12
200505,1991,13.649033808031431,-101.63455606355902,29.029278651277057,0.4431634189562885,20.173586953028742,0.18094865776769145,12
200505,1992,153.9392047300837,38.65561485849324,29.03341521823278,0.44729998591201375,20.54938402476857,0.5567457295075187,12
200505,1993,116.23546252345359,0.9518726518631446,29.087501871600548,0.5013866392797768,20.43924796627891,0.44660967101785715,12
200505,1994,25.037320021678976,-90.24626984991147,28.596983454317282,0.010868221996514235,19.997061958307206,0.004423663046153751,12
200505,1995,20.28152074471651,-95.00206912687395,28.451439251676423,-0.13467598064434552,19.669584143209985,-0.32305415205106797,12
200505,1996,10.809688962551416,-104.47390090903903,27.601306694623855,-0.9848085376969138,18.994740726317996,-0.9978975689430537,12
200505,1997,140.24343480429417,24.959844932703717,30.042897981850874,1.4567827495301098,21.80969764284374,1.8170593475826855,12
200505,1998,1360.1233175198636,1244.839727648273,28.575899498338433,-0.010215733982333811,20.89609884639401,0.9034605511329588,12
200505,1999,93.8395830349786,-21.44400683661184,27.779278726385154,-0.8068365059356161,19.247815010130072,-0.7448232851309816,12
200505,2000,20.841134802375915,-94.44245506921453,28.037884908333712,-0.5482303239870566,19.549829433718557,-0.44280886154249516,12
200505,2001,105.35050638370382,-9.93308348788663,27.777598486764745,-0.8085167455560217,19.564189833273943,-0.4284484619871085,12
200505,2002,134.61323494210944,19.329645070519017,28.6818726104743,0.09575737815353325,19.93372670149624,-0.05891159376481022,12
200505,2003,12.512707340336238,-102.77088253125422,28.319004040140445,-0.26711119218031953,19.50750418430841,-0.485134110952643,12
200505,2004,7.312474011849791,-107.97111585974066,28.495242709140683,-0.09087252318008272,19.575141216800606,-0.4174970784604473,12
200505,2005,13.08079810186978,-102.20279176972066,28.13992071554587,-0.44619451677489624,19.553962124287946,-0.43867617097310746,12
200505,2006,48.160755553347606,-67.12283431824285,28.890200460762106,0.3040852284413382,20.03037353834673,0.03773524308567744,12
200505,2007,5.714997501199536,-109.56859237039092,28.115708314233032,-0.47040691808773555,19.353077308311644,-0.6395609869494067,12
200505,2008,74.62508278302461,-40.65850708856583,28.72732559214437,0.14121035982360594,20.11745207685387,0.12481378159281616,12
200505,2009,53.632652788002616,-61.650937083587834,28.81719967150957,0.23108443918880242,20.157881677027664,0.16524338176661355,12
200505,2010,24.577162288633744,-90.7064275829567,28.430383242443742,-0.1557319898770233,19.585973256552236,-0.4066650387088157,12
200505,2011,49.77572328284338,-65.50786658874706,28.611578114226816,0.025462881906050505,19.570687095893707,-0.4219511993673466,12
200505,2012,140.686174581169,25.402584709578555,29.073861647960424,0.4877464156396523,20.317857240014146,0.325218944753094,12
200505,2013,33.989753694076036,-81.29383617751442,27.864192562492352,-0.7219226698284137,19.31861161638985,-0.6740266788712042,12
200505,2014,15.711765486128863,-99.57182438546158,28.85788550076441,0.2717702684436419,20.24661430350436,0.2539760082433074,12
200505,2015,5.338546345022941,-109.94504352656752,29.427511319620336,0.8413960872995659,21.12746982340872,1.1348315281476704,12
200505,2016,49.673306726004014,-65.61028314558644,29.155271885751333,0.5691566534305652,20.445908433360284,0.45327013809923294,12
200505,2017,693.1809978787248,577.8974080071343,28.23848379807139,-0.34763143424938026,20.350647694162813,0.3580093989017599,12
200505,2018,16.050700022519365,-99.23288984907109,28.265580340070386,-0.32053489225038145,19.795203872723125,-0.19743442253792587,12
200505,2019,13.277342753164667,-102.00624711842579,28.72066358531539,0.1345483529946181,20.2430271077702,0.25038881250914713,12
200505,2020,6.243312731955259,-109.0402771396352,28.73808611555519,0.15197088323442257,19.65679304834728,-0.3358452469137732,12
200505,2021,26.030426742781703,-89.25316312880875,28.243552166125028,-0.3425630661957391,19.53494228603662,-0.45769600922443104,12
200505,2022,11.844638486459312,-103.43895138513115,27.813271522794278,-0.7728437095264908,19.018345686869377,-0.9742926083916763,12
200505,2023,321.84438818408074,206.56079831249022,29.438131822574146,0.8520165902533746,21.655629176234015,1.6629908809729657,12
200505,2024,26.657433323526504,-88.62615654806395,28.64178415131543,0.05566891899466153,20.11120772740242,0.11856943214136735,12
200506,1991,12.66805389284664,-113.11655856343208,29.007715430127828,0.42089447809467195,18.762436720542542,0.10752026020005756,12
200506,1992,201.35581015128326,75.57119769500454,28.892713046752863,0.30589209471971274,19.15527243301477,0.5003559726722848,12
200506,1993,133.44412314755152,7.659510691272809,29.02848888385226,0.4416679318191032,19.09161266044394,0.43669620010145654,12
200506,1994,24.590249510537937,-101.19436294574078,28.587787391403882,0.0009664393707315236,18.667060177674944,0.012143717332459078,12
200506,1995,23.139695462034116,-102.6449169942446,28.54460159922076,-0.042219352812392565,18.32616350855363,-0.3287529517888519,12
200506,1996,15.479698428929364,-110.30491402734935,27.665701341647562,-0.9211196103855906,17.68285548421309,-0.972060976129395,12
200506,1997,156.13038209295672,30.345769636678,29.913798541276098,1.3269775892429465,20.480656444744465,1.825739984401982,12
200506,1998,1509.4715267440477,1383.686914287769,28.427579858359334,-0.15924109367381925,19.596865515996722,0.9419490556542387,12
200506,1999,113.46837540579592,-12.316237050482783,27.806926850647372,-0.7798941013857794,17.95671539403366,-0.6982010663088242,12
200506,2000,21.91747042880117,-103.86714202747754,28.040432174823025,-0.5463887772101303,18.19156103377122,-0.4633554265712654,12
200506,2001,131.2262394776339,5.441627021355201,27.782433940231783,-0.8043870118013693,18.24228573319563,-0.41263072714685284,12
200506,2002,173.771778042624,47.987165586345284,28.707201050323793,0.12038009829064016,18.561335415044095,-0.09358104529839058,12
200506,2003,14.091399843498015,-111.6932126127807,28.391967020940346,-0.194853931092806,18.130977996477597,-0.5239384638648855,12
200506,2004,7.276284063179308,-118.5083283930994,28.50657172509008,-0.08024922694307524,18.1950218143563,-0.45989464598618585,12
200506,2005,14.45579512500841,-111.32881733127032,28.143876490974673,-0.44294446105848034,18.217934729573834,-0.4369817307686505,12
200506,2006,58.944521856044815,-66.84009060023389,28.9273015014607,0.3404805494275456,18.66562893120852,0.010712470866034588,12
200506,2007,3.368993516503508,-122.4156189397752,28.12076444385161,-0.46605650818154487,18.031949348251715,-0.6229671120907695,12
200506,2008,67.77843599582715,-58.006176460451556,28.660350328962267,0.07352937692911284,18.778699692791964,0.12378323244948126,12
200506,2009,56.45091931257487,-69.33369314370385,28.80803968378564,0.2212187317524895,18.809435007395866,0.1545185470533815,12
200506,2010,34.8630794180216,-90.92153303825712,28.470551714407964,-0.1162692376251897,18.239601292936744,-0.41531516740573754,12
200506,2011,43.270320241813074,-82.51429221446564,28.71594309958114,0.1291221475479857,18.20079218858825,-0.45412427175423326,12
200506,2012,155.86255378618014,30.077941329901414,29.049302135293697,0.46248118326054194,18.96862395951321,0.3137074991707256,12
200506,2013,42.76867612070925,-83.01593633556946,27.93022195853959,-0.656598993493564,18.018731448319283,-0.6361850120232013,12
200506,2014,21.254529757019633,-104.53008269925908,28.944600181915188,0.35777922988203414,18.89943437132601,0.2445179109835256,12
200506,2015,6.489564301523507,-119.29504815475521,29.477075223006164,0.890254270973009,19.828965844458473,1.1740493841159891,12
200506,2016,48.69628098097092,-77.0883314753078,29.205116086483248,0.6182951344500957,19.14874564977717,0.4938291894346851,12
200506,2017,647.5628499653317,521.778237509053,28.110067971272997,-0.47675298076015665,19.0975471363154,0.442630675972915,12
200506,2018,14.402492310385512,-111.3821201458932,28.276656588277408,-0.3101643637557438,18.45598404748153,-0.19893241286095353,12
200506,2019,13.376675514759569,-112.40793694151914,28.65420751662184,0.06738656458869159,18.93506226704885,0.28014580670636624,12
200506,2020,5.9615987939683865,-119.82301366231033,28.80663478186347,0.21981382983031672,18.30953756322509,-0.34537889711739495,12
200506,2021,45.32230494675745,-80.46230750952127,28.280584201158607,-0.30623675087454494,18.208653320782357,-0.44626313956012637,12
200506,2022,16.028057922906694,-109.75655453337203,27.896815311153166,-0.6900056408799878,17.69490205997271,-0.960014400369777,12
200506,2023,315.0412310859146,189.2566186296359,29.303018515974724,0.7161975639415683,20.373681144357178,1.7187646840146957,12
200506,2024,21.806858655126806,-103.9777538011519,28.63524180149915,0.048420849465994266,18.779172941555974,0.12425648121349164,12
200507,1991,16.732965467728175,-101.1967157869343,28.293044693959544,0.3139678820842248,20.810838115887623,0.14676834748560422,12
200507,1992,199.85179615565997,81.92211490099749,28.494209772461662,0.5151329605863445,21.224542689266528,0.5604729208645063,12
200507,1993,126.1206073335358,8.190926078873328,28.48773213938343,0.5086553275081099,21.092194299191437,0.42812453078941665,12
200507,1994,20.441809884474694,-97.48787137018779,27.959274725825708,-0.019802086049613383,20.613916230831308,-0.05015353757071317,12
200507,1995,20.03266304193,-97.89701821273248,27.79458554474481,-0.18449126713050953,20.299674710965807,-0.36439505743621464,12
200507,1996,18.406315748539807,-99.52336550612267,27.026374086265893,-0.9527027256094271,19.672409773416433,-0.9916599949855863,12
200507,1997,145.52945414388057,27.599772889218087,29.587956179851602,1.6088793679762798,22.51571448414514,1.851644715743119,12
200507,1998,1361.7154114879777,1243.7857302333152,28.230595920377272,0.25151910850195386,21.596247386955508,0.932177618553486,12
200507,1999,87.44276773226784,-30.48691352239464,27.169037140046466,-0.8100396718288557,19.8704061638844,-0.7936636045176216,12
200507,2000,26.177595873952754,-91.75208538070973,27.399598058560457,-0.5794787533148641,20.116478758835772,-0.5475910095662485,12
200507,2001,139.27218824279575,21.34250698813328,27.248852746888954,-0.7302240649863677,20.154173274919852,-0.5098964934821669,12
200507,2002,173.58412601729233,55.65444476262985,28.151013747878228,0.17193693600290594,20.61014445868103,-0.053925309720989745,12
200507,2003,19.98062004413835,-97.94906121052412,27.70235422268639,-0.2767225891889303,20.13639839096732,-0.5276713774347007,12
200507,2004,15.209125766149493,-102.72055548851299,27.785081911610547,-0.19399490026477592,20.22729360957941,-0.4367761588226105,12
200507,2005,18.13367167939487,-99.7960095752676,27.454674799967716,-0.5244020119076079,20.222458437442448,-0.4416113309595717,12
200507,2006,43.688120544849006,-74.24156070981347,28.23915621922338,0.26007940734805707,20.713960733505157,0.049890965103137695,12
200507,2007,11.233421886531358,-106.69625936813112,27.362745919963274,-0.6163308919120493,20.02097817926519,-0.6430915891368295,12
200507,2008,57.082034330640205,-60.84764692402227,28.11559359579928,0.13651678392395597,20.81406550681635,0.14999573841432787,12
200507,2009,53.93442009824814,-63.995261156414344,28.188208979911696,0.20913216803637713,20.84050759246175,0.17643782405973005,12
200507,2010,40.567101134685025,-77.36258011997745,27.79944254426992,-0.17963426760540427,20.327491037212994,-0.3365787311890263,12
200507,2011,36.09729878293664,-81.83238247172584,27.98083223410846,0.0017554222331354434,20.306491761927763,-0.35757800647425625,12
200507,2012,123.71183930306013,5.78215804839765,28.426632083711837,0.44755527183651783,21.005351549889298,0.34128178148727617,12
200507,2013,44.965725829981636,-72.96395542468083,27.274843638757503,-0.7042331731178167,20.042232198588938,-0.6218375698130844,12
200507,2014,30.860831339862656,-87.06884991479983,28.26442592074704,0.28534910887172,20.931266413638074,0.26719664523605235,12
200507,2015,12.262207430840846,-105.66747382382164,28.945079032256782,0.9660022203814597,21.786119357866948,1.1220495894649254,12
200507,2016,56.292510261955044,-61.63717099270743,28.53045965269331,0.5513828408179903,21.13232506469836,0.46825529629633805,12
200507,2017,586.3153178105072,468.3856365558447,27.76049957507594,-0.21857723679937902,21.034729968244868,0.37066019984284715,12
200507,2018,20.149223505720638,-97.78045774894184,27.69533395254616,-0.2837428593291588,20.48795417640956,-0.1761155919924621,12
200507,2019,18.70866919571884,-99.22101205894364,28.043143168938574,0.06406635706325552,20.933337338619413,0.2692675702173946,12
200507,2020,13.390597564618908,-104.53908369004357,27.961522147747782,-0.017554664127540736,20.38239138794594,-0.2816783804560818,12
200507,2021,39.38032617145091,-78.54935508321157,27.58844370843219,-0.3906331034431316,20.2565341643952,-0.4075356040068172,12
200507,2022,21.957692373037744,-95.97198888162472,27.12368325328423,-0.8553935585910871,19.767538492465928,-0.8965312759360922,12
200507,2023,294.1615155079678,176.23183425330535,28.98533194163245,1.0062551297571274,22.370926391465854,1.7068566230638333,12
200507,2024,25.27739556358864,-92.65228569107384,27.958728850353523,-0.020347961521798297,20.79179281721682,0.1277230488147986,12
200601,1991,78.14112495324312,-237.41076087024612,31.268218320930057,0.6013671069437475,19.490387262246745,-0.05939386037650044,12
200601,1992,570.0519498734851,254.50006404999587,30.805141238157827,0.13829002417151828,20.071791100853357,0.5220099782301141,12
200601,1993,404.50174853162815,88.94986270813892,30.802418493096837,0.13556727911053054,20.160019745183973,0.6102386225607296,12
200601,1994,170.68098533574712,-144.87090048774215,30.48506636740115,-0.18178484658515703,19.813397990912467,0.2636168682892226,12
200601,1995,88.37588832425675,-227.17599749923252,30.675369464877765,0.00851825089145978,19.340095681108647,-0.20968544151459825,12
200601,1996,46.40813004375049,-269.14375577973874,29.77828297350059,-0.8885682404857184,18.719417063772706,-0.8303640588505375,12
200601,1997,334.10290693798254,18.551021114493324,31.56766769704632,0.900816483060014,21.49870066461413,1.948919541990886,12
200601,1998,2403.744088263512,2088.1922024400224,30.428444462731818,-0.23840675125448887,20.62536205559774,1.075580932974496,12
200601,1999,293.3909444699141,-22.160941353575197,29.73666635692715,-0.930184857059157,19.144848489034334,-0.40493263358890835,12
200601,2000,142.9786920666537,-172.57319375683554,29.968509802522657,-0.6983414114636514,19.31253497313566,-0.23724614948758602,12
200601,2001,470.22935390837665,154.67746808488738,29.51677021403371,-1.1500809999525974,19.447739518900395,-0.10204160372284843,12
200601,2002,621.3259561172597,305.77407029377054,30.30837536700822,-0.3584758469780856,19.639404080469326,0.08962295784608099,12
200601,2003,47.27714354204095,-268.27474228144825,30.403611698573496,-0.26323951541281126,19.012775313663713,-0.5370058089595332,12
200601,2004,29.12804029196026,-286.42384553152897,30.667233862605286,0.00038264861897789143,18.941098877106104,-0.6086822455171429,12
200601,2005,93.67477272273105,-221.87711310075818,30.458655413098054,-0.20819580088825282,18.90152325399606,-0.6482578686271827,12
200601,2006,192.21563785618434,-123.3362479673049,31.064539057924105,0.3976878439377985,19.435577348696004,-0.11420377392724095,12
200601,2007,85.5484217800437,-230.00346404344555,30.496762722178584,-0.1700884918077259,18.749705168657197,-0.8000759539660477,12
200601,2008,323.646298447882,8.094412624392735,30.614435088784187,-0.05241612520212158,19.866551522802197,0.3167704001789519,12
200601,2009,212.64544731298835,-102.90643851050089,30.942143490135436,0.2752922761491279,19.746993108027176,0.19721198540393203,12
200601,2010,158.3030245931028,-157.24886123038644,30.554997531023883,-0.11185368296242408,19.075657854912006,-0.47412326771123975,12
200601,2011,141.09099543853355,-174.4608903849557,31.036145143522713,0.36929392953640533,18.92522869595381,-0.6245524266694371,12
200601,2012,422.03562116708764,106.48373534359835,31.0742138200531,0.4073626060667923,19.897444985108972,0.3476638624857295,12
200601,2013,120.63973090011088,-194.91215492337835,30.32478094296377,-0.3420702710225368,18.71267568096719,-0.837105441656055,12
200601,2014,91.27668520442636,-224.27520061906287,31.226602581152004,0.5597513671656973,19.504358239274364,-0.04542288334888115,12
200601,2015,130.73322917087145,-184.8186566526178,31.474829145875304,0.8079779318889994,20.66284663609545,1.1130655134722023,12
200601,2016,173.62601617306396,-141.9258696504253,31.317520690519714,0.6506694765334066,19.973964512867788,0.42418339024454355,12
200601,2017,1311.2713318683036,995.7194460448145,30.077172196236138,-0.5896790177501687,20.128922994639336,0.579141872016093,12
200601,2018,51.17016636827678,-264.3817194552125,30.533663442416323,-0.13318777156998665,19.248048081661604,-0.3017330409616396,12
200601,2019,204.4074275814112,-111.14445824207803,30.88831792632226,0.22146671233595208,19.700810724375327,0.15102960175208224,12
200601,2020,53.93481545984976,-261.61707036363947,31.50898090797077,0.8421296939844632,18.745552054063555,-0.8042290685596912,12
200601,2021,185.82408969130452,-129.72779613218475,30.715531503304238,0.04868028931793145,18.95601945871806,-0.5937616639051848,12
200601,2022,81.15090249224892,-234.40098333124033,30.57526211883797,-0.0915890951483398,18.32550092756548,-1.2242801950577666,12
200601,2023,723.7743127821892,408.22242695869994,31.289826579851326,0.6229753658650209,21.12940538403964,1.5796242614163927,12
200601,2024,89.10337533443712,-226.44851048905215,31.11175022836706,0.44489901438075447,19.470206355779876,-0.07957476684337046,12
200603,1991,18.48821056336131,-133.85974448739418,29.72816784046904,0.50621904267798,18.982455277612882,0.07658849334861924,12
200603,1992,216.8552641666299,64.50730911587439,29.47492771098567,0.25297891319461147,19.42206706131841,0.5162002770541458,12
200603,1993,171.53570328333157,19.187748232576066,29.579363899226394,0.35741510143533234,19.37882127739719,0.47295449313292615,12
200603,1994,44.07762710311649,-108.27032794763902,29.170294262949923,-0.0516545348411371,18.951495346566066,0.04562856230180342,12
200603,1995,26.305323153530132,-126.04263189722538,29.213449637793897,-0.008499159997165032,18.600058695710512,-0.3058080885537488,12
200603,1996,20.052014617888837,-132.29594043286667,28.26581958132317,-0.9561292164678893,17.93751539979443,-0.9683513844698278,12
200603,1997,172.27071304068232,19.922757989926836,30.442370529121366,1.2204217313303074,20.80880405148219,1.9029372672179299,12
200603,1998,1671.7966267671243,1519.4486717163688,29.06077523591044,-0.16117356188061857,19.870434223700425,0.9645674394361629,12
200603,1999,138.6552759973967,-13.692679053358807,28.393700338532224,-0.828248459258838,18.24244116081051,-0.6634256234537509,12
200603,2000,45.50177546030767,-106.84617959044783,28.62729525185641,-0.5946535459346501,18.473442484683975,-0.432424299580284,12
200603,2001,163.4060744516973,11.058119400941804,28.326093009291068,-0.895855788499996,18.523894031505684,-0.3819727527585776,12
200603,2002,225.16211654534231,72.81416149458683,29.251603247841814,0.02965445005075325,18.829592023102425,-0.07627476116183492,12
200603,2003,17.750017935732735,-134.59793711502277,28.983786425481515,-0.23816237230954643,18.37832357512548,-0.5275432091387815,12
200603,2004,8.231865273568378,-144.1160897771871,29.151227065883578,-0.07072173190748139,18.425524468738097,-0.4803423155261652,12
200603,2005,21.354801627498112,-130.99315342325738,28.812521788496053,-0.4094270092950068,18.410926524901857,-0.4949402593624024,12
200603,2006,82.43554577608212,-69.91240927467338,29.591373399817837,0.3694246020267764,18.90015774556751,-0.005709038696755542,12
200603,2007,7.336302309613496,-145.011652741142,28.860192100615038,-0.3617566971760242,18.237324991768663,-0.6685417924955983,12
200603,2008,104.56477654084449,-47.78317850991101,29.277779636035593,0.05583083824453509,19.058441251303538,0.1525744670392791,12
200603,2009,78.19698209611461,-74.15097295464089,29.48400653707732,0.26205773928625814,19.06561220305429,0.15974541879002993,12
200603,2010,47.243931175773085,-105.10402387498242,29.14360834300732,-0.07834045478374119,18.45798708489745,-0.44787969936681077,12
200603,2011,57.29509496652601,-95.05286008422951,29.442926757084326,0.2209779592932648,18.41877323472211,-0.4870935495421523,12
200603,2012,206.77920782523472,54.43125277447919,29.679289577716972,0.4573407799259129,19.232980106101348,0.3271133218370859,12
200603,2013,54.965014642091695,-97.38294040866381,28.591070450708944,-0.6308783470821145,18.228542375043777,-0.6773244092204851,12
200603,2014,28.50442617575728,-123.84352887499823,29.606625759560075,0.3846769617690165,19.116549298701077,0.2106825144368137,12
200603,2015,12.137892334282975,-140.21006271647252,30.102372742479464,0.880423944688407,20.1031371486734,1.1972703644091407,12
200603,2016,69.47246532516992,-82.87548972558558,29.834192175826875,0.6122433780358163,19.406022850063056,0.500156065798793,12
200603,2017,800.5072969749608,648.1593419242054,28.706225916398978,-0.5157228813920817,19.36945821694291,0.46359143267864855,12
200603,2018,17.22115051207768,-135.12680453867782,28.926007473855837,-0.29594132393522177,18.690354263509033,-0.2155125207552301,12
200603,2019,34.32523374191795,-118.02272130883756,29.334558579534317,0.11260978174325527,19.170839219655814,0.2649724353915519,12
200603,2020,8.009921139010268,-144.33803391174524,29.59683865885035,0.37488986105928807,18.48402793547373,-0.42183884879053163,12
200603,2021,63.64468306503093,-88.70327198572457,28.98163511306568,-0.24031368472538142,18.42498983737168,-0.48087694689258315,12
200603,2022,24.5429033391243,-127.8050517116312,28.656354189544302,-0.5655946082467569,17.88336692134666,-1.0224998629176036,12
200603,2023,377.1123943773189,224.76443932656338,29.9095711895675,0.687622391776439,20.616975753390125,1.7111089691258632,12
200603,2024,33.280780338514965,-119.06717471224053,29.319395802463273,0.09744700467221001,19.006183773380886,0.10031698911662505,12
200605,1991,39.44483107916793,-243.05607784796842,29.77017753999185,0.711300621740142,18.76466177399168,-0.059766946310550274,12
200605,1992,558.0642190849985,275.56331015786213,29.263446458412535,0.20456954016083037,19.121188495863347,0.29675977556111643,12
200605,1993,314.9110039466034,32.41009501946705,29.290153433144127,0.23127651489241904,19.20078284571056,0.37635412540832913,12
200605,1994,108.67119114265867,-173.8297177844777,28.870357049287183,-0.18851986896452258,18.81895249600166,-0.005476224300568451,12
200605,1995,60.238430146921814,-222.2624787802146,28.997242019328507,-0.061634898923202286,18.670247798563576,-0.1541809217386542,12
200605,1996,28.221580077141475,-254.2793288499949,28.179839966759644,-0.8790369514920607,17.970499838332547,-0.8539288819696823,12
200605,1997,285.22814035294374,2.727231425807389,29.647020479198996,0.5881435609472891,20.63357676799694,1.8091480476947082,12
200605,1998,2057.738094066882,1775.2371851397452,28.9331693574002,-0.12570756085150947,19.705405423414454,0.8809767031122228,12
200605,1999,305.70763510292414,23.206726175787797,28.04225830465299,-1.0166186135987194,18.316274476701306,-0.5081542436009242,12
200605,2000,169.18921939340572,-113.31168953373066,28.267384345700474,-0.7914925725512312,18.421430036511357,-0.4029986837908727,12
200605,2001,426.4775014438645,143.97659251672812,28.000566822048867,-1.0583100962028382,18.51126029861481,-0.3131684216874195,12
200605,2002,502.1668083031535,219.66589937601717,28.852406560003136,-0.2064703582485672,18.764406153027767,-0.06002256727446372,12
200605,2003,49.38080920290499,-233.12009972423138,28.764861290809126,-0.294015627442579,18.376827376457577,-0.4476013438446535,12
200605,2004,22.709181626753107,-259.79172730038323,29.005528689890525,-0.053348228361183324,18.37586680916142,-0.4485619111408112,12
200605,2005,90.8753264399099,-191.62558248722647,28.811102046016202,-0.24777487223550546,18.335364731627127,-0.4890639886751041,12
200605,2006,220.1284713149464,-62.372437612189984,29.43843453332113,0.3795576150694219,18.833729988587006,0.009301268284776102,12
200605,2007,77.70528345771415,-204.79562546942222,28.827118365761788,-0.23175855248991764,18.265145322617247,-0.5592833976849828,12
200605,2008,246.38940856284887,-36.1115003642875,29.009868688618045,-0.04900822963366025,18.99752277976106,0.17309405945882736,12
200605,2009,249.26164087300083,-33.23926805413554,29.33263092907849,0.2737540108267851,19.01362565379603,0.18919693349379862,12
200605,2010,158.53335785483347,-123.9675510723029,29.057884510881255,-0.0009924073704488852,18.4350117450772,-0.38941697522502805,12
200605,2011,96.59901331432421,-185.90189561281215,29.54001907551635,0.48114215726464266,18.352762694159185,-0.47166602614304703,12
200605,2012,358.4426937052773,75.94178477814091,29.373152196068684,0.3142752778169757,19.10713047840041,0.28270175809817893,12
200605,2013,86.24521691801301,-196.25569200912338,28.702979410225865,-0.3558975080258424,18.135261723489574,-0.6891669968126594,12
200605,2014,63.62187215211866,-218.87903677501774,29.55260341475757,0.4937264965058657,18.98044106533356,0.156012345031332,12
200605,2015,143.65774192464121,-138.84316700249514,29.97598062330414,0.9171037050524321,19.948714052418932,1.124285332116702,12
200605,2016,187.21185595408252,-95.28905297305384,29.76276776426013,0.7038908460084222,19.36732772490713,0.5428990046049021,12
200605,2017,1296.9322877848517,1014.4313788577153,28.635062599073766,-0.4238143191779405,19.208156572582656,0.3837278522804241,12
200605,2018,27.617421248356727,-254.88348767877963,28.923724866293785,-0.13515205195792124,18.569138364292616,-0.2552903560096169,12
200605,2019,212.77131035993563,-69.72959856720074,29.184845495155884,0.1259685769041763,19.088193367976295,0.26376464767406443,12
200605,2020,30.885720978912822,-251.61518794822356,29.753720712589956,0.6948437943382508,18.443954753691862,-0.38047396661036875,12
200605,2021,196.44053151622168,-86.06037741091471,28.96838181196083,-0.09049510629087543,18.37348856629973,-0.45094015400250137,12
200605,2022,88.73581763121348,-193.7650912959229,28.84483751998482,-0.2140393982668843,17.863211733132225,-0.9612169871700064,12
200605,2023,593.8958257416919,311.3949168145555,29.759854548268237,0.7009776300165308,20.37816621852568,1.5537374982234498,12
200605,2024,104.89591229397023,-177.60499663316614,29.385338977221142,0.32646205896943464,19.01452885287857,0.1901001325763385,12
200606,1991,16.639091195304882,-122.29069845839136,30.36995699613085,0.5602097474151838,20.008209509748415,0.11899583590260725,12
200606,1992,178.02387730331293,39.094087649616704,30.121776128192252,0.31202887947658375,20.482740796255037,0.5935271224092284,12
200606,1993,160.00216743156548,21.072377777869235,30.251320569338187,0.44157332062252025,20.39227496649045,0.5030612926446407,12
200606,1994,33.02595364040729,-105.90383601328895,29.811381185835312,0.001633937119643214,19.945596264231565,0.05638259038575525,12
200606,1995,29.394990829350498,-109.53479882434573,29.75416289114598,-0.05558435756968638,19.58679365321822,-0.30242002062758705,12
200606,1996,14.830163848240488,-124.09962580545576,28.809360855453196,-1.000386393262467,18.88199851913144,-1.0072151547143706,12
200606,1997,176.2345532102077,37.30476355651146,31.128507152495512,1.3187599037798432,21.874369384852013,1.985155711006203,12
200606,1998,1572.5133873888713,1433.5835977351749,29.628989005446638,-0.1807582432690289,20.901384743694788,1.012171069848977,12
200606,1999,140.51609959568307,1.5863099419868343,28.931903023950365,-0.8778442247653041,19.21713383021474,-0.6720798436310682,12
200606,2000,27.386709134079553,-111.5430805196167,29.21103489399844,-0.598712354717225,19.50101887130459,-0.3881948025412176,12
200606,2001,105.91218729058737,-33.017602363108864,28.833385952944013,-0.9763612957716505,19.52884964987954,-0.36036402396626926,12
200606,2002,147.98058302750843,9.050793373812205,29.789456001165686,-0.020291247549980202,19.864406498187353,-0.024807175658455805,12
200606,2003,18.360976157699938,-120.5688134959963,29.509111939902493,-0.3006353088131739,19.397416074726312,-0.49179759911949716,12
200606,2004,9.7630289486768,-129.16676070501944,29.7384008477682,-0.07134640094746529,19.424278088596335,-0.4649355852494755,12
200606,2005,17.65002191167597,-121.27976774202027,29.415756858828146,-0.3939903898875177,19.363552207290216,-0.5256614665555919,12
200606,2006,67.97166202337496,-70.95812763032127,30.15650679323973,0.34675954452406393,19.888151706824072,-0.0010619670217376271,12
200606,2007,8.43660581433264,-130.4931838393636,29.46667110667919,-0.34307614203647585,19.1645548272696,-0.724658846576208,12
200606,2008,115.05371079756728,-23.876078856128963,29.960729151278784,0.15098190256311708,20.0436721831128,0.15445850926699004,12
200606,2009,75.50383748566122,-63.42595216803501,30.134944817289526,0.3251975685738599,20.031105974024996,0.14189230017918675,12
200606,2010,33.15679196568027,-105.77299768801596,29.701063477543702,-0.10868377117196193,19.411836469012297,-0.47737720483351254,12
200606,2011,67.96236911866689,-70.96742053502935,29.968217277510732,0.1584700287950674,19.396844456073442,-0.49236921777236553,12
200606,2012,193.6055242281035,54.675734574407244,30.330160619844914,0.5204133711292475,20.223860640934944,0.334646967089137,12
200606,2013,38.180065114579094,-100.74972453911715,29.13733855992467,-0.6724086887909969,19.163563925432246,-0.7256497484135606,12
200606,2014,18.62512576258205,-120.30466389111419,30.135352802373003,0.3256055536573366,20.095852973926842,0.2066393000810335,12
200606,2015,6.596218647193447,-132.33357100650278,30.617188810428345,0.8074415617126783,21.086166001557036,1.1969523277112286,12
200606,2016,61.43224045428328,-77.49754919941296,30.397438188454913,0.5876909397392485,20.34655356529986,0.4573398914540518,12
200606,2017,772.4821915928269,633.5524019391306,29.299947508469177,-0.5097997402464868,20.30816873236851,0.41895505852270265,12
200606,2018,16.64719449676379,-122.28259515693243,29.506281271489353,-0.30346597722631624,19.658559483622057,-0.23065419022375178,12
200606,2019,33.49199166788279,-105.43779798581345,30.00370425449113,0.19395700577546648,20.08171954147534,0.19250586762953237,12
200606,2020,10.514369528217278,-128.41542012547896,30.172368519857546,0.36262127114188186,19.405776676619194,-0.4834369972266135,12
200606,2021,36.98159513600833,-101.94819451768791,29.5742775739844,-0.23546967473126804,19.361286391852367,-0.5279272819934414,12
200606,2022,12.983129922937037,-125.9466597307592,29.258862610344917,-0.5508846383707505,18.802402279262726,-1.0868113945830817,12
200606,2023,359.01748979127257,220.08770013757632,30.550733471314846,0.7409862225991786,21.576606672127657,1.6873929982818499,12
200606,2024,39.53698548642886,-99.39280416726739,29.933750756264008,0.1240035075483427,19.95103334430104,0.06181967045523399,12
200607,1991,60.136025537096664,-239.67533898868044,31.37859794706134,0.609151645261733,19.5851771288018,-0.06062079991211977,12
200607,1992,564.035361054837,264.22399652905995,30.881619667807076,0.11217336600746612,20.139907572093716,0.4941096433797944,12
200607,1993,376.5337310847201,76.72236655894304,30.832153190408718,0.06270688860910963,20.227680447000548,0.5818825182866284,12
200607,1994,159.16817921310187,-140.64318531267523,30.51360911744303,-0.25583718435657943,19.872368591013018,0.22657066229910003,12
200607,1995,69.83877697216538,-229.9725875536117,30.804355355286244,0.03490905348663483,19.446900819658197,-0.19889710905572233,12
200607,1996,42.90729734032051,-256.9040671854566,29.872866585252748,-0.8965797165468627,18.805491547461397,-0.8403063812525234,12
200607,1997,311.18817574460473,11.37681121882764,31.60789762752782,0.8384513257282101,21.589408634414355,1.943610705700434,12
200607,1998,2322.259965501859,2022.4486009760817,30.597416920145218,-0.1720293816543951,20.642798581803735,0.997000653089815,12
200607,1999,278.54721542988773,-21.264149095889348,29.842610466461874,-0.9268358353377352,19.208570628287017,-0.43722730042690144,12
200607,2000,138.76226380525975,-161.04910072051734,30.068798565500117,-0.7006477362994916,19.36457400475053,-0.2812239239633894,12
200607,2001,472.93187796280984,173.12051343703274,29.64712443278454,-1.1223218690150685,19.466365351243905,-0.1794325774700146,12
200607,2002,617.2156784238912,317.4043138981141,30.432838950144674,-0.33660735165493527,19.667935539441448,0.022137610727528845,12
200607,2003,37.729061955858604,-262.0823025699185,30.49942511501347,-0.2700211867861375,19.103311847890012,-0.5424860808239084,12
200607,2004,16.599455590254948,-283.21190893552216,30.75864374225547,-0.010802559544144033,19.05963117405491,-0.5861667546590107,12
200607,2005,91.11483735638944,-208.69652716938768,30.54556139749789,-0.22388490430171645,19.010385647296776,-0.6354122814171431,12
200607,2006,204.9903329125562,-94.82103161322088,31.18707478316045,0.41762848136084063,19.55093703953146,-0.09486088918246012,12
200607,2007,76.61332505622833,-223.19803946954877,30.640342028906975,-0.1291042728926334,18.874722765813974,-0.7710751628999472,12
200607,2008,275.37738862187695,-24.43397590390017,30.69640733508818,-0.07303896671143217,19.929895016788354,0.28409708807443607,12
200607,2009,193.0928059809235,-106.71855854485362,31.041749284232868,0.2723029824332596,19.84582879904122,0.2000308703273026,12
200607,2010,150.04255847151714,-149.76880605425998,30.70444637294928,-0.06499992885032994,19.165064777163348,-0.4807331515505737,12
200607,2011,111.09945760750271,-188.7119069182744,31.202104790492772,0.432658488693163,19.051110342322804,-0.5946875863911156,12
200607,2012,412.2035935793192,112.39222905354214,31.14594387592925,0.376497574129643,19.995009237828338,0.34921130911442005,12
200607,2013,112.42131070344324,-187.39005382233387,30.39935176559817,-0.370094536201439,18.835647044748935,-0.810150883964987,12
200607,2014,67.085136676426,-232.7262278493511,31.330313495149905,0.5608671933502928,19.652712865336998,0.0069149366230802185,12
200607,2015,133.51814432407554,-166.29322020170153,31.62522077371764,0.8557744719180302,20.77913815727297,1.1333402285590506,12
200607,2016,161.0648648804322,-138.7464996453449,31.42143376064051,0.6519874588409008,20.126924002969503,0.48112607425558335,12
200607,2017,1282.5369427610997,982.7255782353228,30.189889422387058,-0.579556879412554,20.190655775531543,0.5448578468176247,12
200607,2018,36.82638973279199,-262.9849747929851,30.621718522616693,-0.1477277791829167,19.378752442899703,-0.26704548581421594,12
200607,2019,183.91951917512554,-115.89184535065155,30.967043300492264,0.19759699869265615,19.850865762058845,0.20506783334492518,12
200607,2020,34.58126231693798,-265.2301022088391,31.626830462036043,0.857384160236435,18.95616631689825,-0.6896316118156687,12
200607,2021,173.39500855577398,-126.41635597000311,30.80136047373358,0.03191417193397209,19.100244154586903,-0.5455537741270158,12
200607,2022,73.52846817189561,-226.28289635388148,30.671676502117133,-0.0977697996824795,18.49572411521292,-1.1500738135009991,12
200607,2023,674.4397882400502,374.6284237142731,31.398069574338766,0.6286232725391571,21.24366310736195,1.5978651786480313,12
200607,2024,89.46146829308869,-210.34989623268845,31.19508240631947,0.42563610451986084,19.63325368232321,-0.01254424639070765,12
200608,1991,49.80859930575579,-203.07474446966287,31.373056156249827,0.6282278936771588,19.725450133848806,-0.0005664445205268246,12
200608,1992,431.54413181611153,178.66078804069286,30.91100258132524,0.16617431875257407,20.280347573669797,0.5543309953004633,12
200608,1993,333.99251323418116,81.1091694587625,30.93946319323294,0.19463493066027363,20.30424636523121,0.5782297868618794,12
200608,1994,107.52916540910367,-145.354178366315,30.600236503567498,-0.144591759005167,19.897375425580034,0.1713588472107007,12
200608,1995,55.965235436041255,-196.91810833937743,30.770076019850425,0.025247757277763405,19.473427368281573,-0.2525892100877603,12
200608,1996,37.55848087987713,-215.32486289554151,29.7705591178448,-0.9742691447278604,18.80670803370982,-0.9193085446595143,12
200608,1997,283.0694003229952,30.1860565475765,31.763605089140082,1.0187768265674155,21.750511204832936,2.024494626463602,12
200608,1998,2373.9352064815985,2121.05186270618,30.55493150264185,-0.18989675993081642,20.767248801794572,1.0412322234252382,12
200608,1999,232.20155386734953,-20.681789908069135,29.821194707657344,-0.9236335549153214,19.188878790895462,-0.5371377874738746,12
200608,2000,85.0854753539688,-167.7978684214499,30.055990018199964,-0.6888382443726998,19.398824673089244,-0.3271919052800912,12
200608,2001,316.4185043200698,63.535160544651134,29.640660697527238,-1.104167565045426,19.476635794422094,-0.24938078394724142,12
200608,2002,413.9100162228951,161.02667244747644,30.521661272497727,-0.2231669900749349,19.732980956148307,0.006964377778973112,12
200608,2003,26.615029529104124,-226.26831424631456,30.447142887489616,-0.297685375083048,19.183104433541413,-0.5429121448279218,12
200608,2004,14.39780366418103,-238.48554011123764,30.71314107841501,-0.03168718415765248,19.16726769939874,-0.5587488789705976,12
200608,2005,50.56953727756533,-202.31380649785334,30.44655638109405,-0.2982718814786158,19.1036666415988,-0.6223499367705347,12
200608,2006,142.0905587208431,-110.79278505457557,31.15742499342322,0.41259673085055404,19.660639075903024,-0.06537750246631131,12
200608,2007,43.607013479176764,-209.2763302962419,30.555953383008333,-0.1888748795643315,18.939990609263955,-0.7860259691053791,12
200608,2008,241.3777147483935,-11.505629027025194,30.747594674633845,0.002766412061178336,19.979165445465927,0.25314886709659373,12
200608,2009,150.61455819586277,-102.2687855795559,31.060463933339964,0.315635670767301,19.90613618669094,0.18011960832160354,12
200608,2010,91.09737047577065,-161.78597329964802,30.67893304589572,-0.0658952166769436,19.224500935778202,-0.5015156425911321,12
200608,2011,99.47224855528623,-153.41109522013244,31.10319351419939,0.35836525162672483,19.145090897313704,-0.5809256810556294,12
200608,2012,342.2687463809573,89.38540260553863,31.19135746725421,0.4465292046815443,20.083529583585182,0.357513005215847,12
200608,2013,83.11507411920397,-169.7682696562147,30.24764609726279,-0.4971821653098735,18.941405837319206,-0.7846107410501283,12
200608,2014,47.337369047238425,-205.54597472818025,31.228069930870404,0.4832416682977385,19.805377075121132,0.07936049675179646,12
200608,2015,45.47240460412533,-207.41093917129334,31.586147400407594,0.8413191378349291,20.924492044251306,1.1984754658819696,12
200608,2016,127.34178086971326,-125.54156290570542,31.370587587291,0.6257593247183335,20.207857200752652,0.48184062238332004,12
200608,2017,1194.7770309295122,941.8936871540935,30.158078745152768,-0.5867495174198938,20.256453683443862,0.5304371050745275,12
200608,2018,27.620187926529404,-225.26315584888926,30.521417547589778,-0.22341071498288478,19.457634467555106,-0.268382110814227,12
200608,2019,116.6878221803821,-136.19552159503658,30.954112969284875,0.20928470671221108,19.923647227221423,0.19763064885208723,12
200608,2020,21.019779908767248,-231.86356386665142,31.45458938083244,0.7097611182597765,19.067903185371616,-0.6581133929977186,12
200608,2021,116.0707100089159,-136.81263376650278,30.682031620866947,-0.06279664170572019,19.157505148508406,-0.5685114298609294,12
200608,2022,38.81321218919968,-214.070131586219,30.480842345336185,-0.26398591723648046,18.552928597504536,-1.1730879808647978,12
200608,2023,550.2198333287354,297.3364895533167,31.385557237764953,0.6407289751922898,21.38936563378198,1.6633490554126473,12
200608,2024,66.17041835087034,-186.71292542454836,31.030582957297014,0.28575469472434784,19.727000638102222,0.000984059732886659,12
200801,1991,21.5237866811103,-44.68344686269719,25.727174489058225,0.3278604555974243,18.82606857475937,0.35431166836480993,12
200801,1992,86.87749957197394,20.670266028166463,26.068053098910067,0.6687390654492686,19.303927095615265,0.8321701892207063,12
200801,1993,71.73371814864304,5.526484604835556,25.96916384502323,0.5698498115624281,19.050938445805627,0.5791815394110685,12
200801,1994,20.408305548975854,-45.79892799483163,25.286008664897995,-0.11330536856280293,18.532548845767028,0.06079193937247185,12
200801,1995,16.80561205205265,-49.40162149175483,25.153151192021948,-0.2461628414388534,18.150058489315246,-0.3216984170793136,12
200801,1996,13.411286097575761,-52.79594744623172,24.38910991563694,-1.0102041178238566,17.33567491314653,-1.1360819932480297,12
200801,1997,48.31780159494835,-17.889431948859134,27.210421847357654,1.8111078138968564,20.656316550574992,2.184559644180434,12
200801,1998,711.2940918523805,645.086858308573,25.836308425038812,0.43699439157801273,19.57313063451984,1.1013737281252793,12
200801,1999,50.348586098605054,-15.858647445202426,24.51861824618902,-0.8806957872717799,17.66425294872794,-0.8075039576666198,12
200801,2000,12.336177492428641,-53.871056051378844,24.844534988666254,-0.5547790447945449,18.073712434027385,-0.39804447236717255,12
200801,2001,40.40339446158586,-25.80383908222162,24.800554247879607,-0.5987597855811918,18.031994133452525,-0.43976277294203214,12
200801,2002,62.8354243214299,-3.3718092223775775,25.43323654581864,0.03392251235784224,18.45577733684534,-0.015979569549217015,12
200801,2003,9.148028082516927,-57.05920546129055,25.03951666325382,-0.35979737020697716,17.91191672449177,-0.55984018190279,12
200801,2004,8.567835890208427,-57.639397653599055,25.165280122887093,-0.23403391057370815,18.01974555951441,-0.4520113468801498,12
200801,2005,14.014380315767362,-52.19285322804012,24.976729134891865,-0.4225848985689356,17.957521879729725,-0.5142350266648338,12
200801,2006,26.761838911632353,-39.44539463217513,25.636702092471882,0.23738805901108417,18.51983785753517,0.04808095114061084,12
200801,2007,12.467800646819372,-53.739432896988106,24.748258701217978,-0.6510553322428203,17.674878080318667,-0.7968788260758911,12
200801,2008,53.9860997219831,-12.221133821824383,25.5528690302926,0.15355499683180263,18.729705467996265,0.2579485616017078,12
200801,2009,26.75522068395059,-39.45201285985689,25.511156429283854,0.11184239582305366,18.6662085883406,0.19445168194603824,12
200801,2010,28.510181992292253,-37.69705155151522,25.027398477840663,-0.37191555562013434,18.042289232022572,-0.42946767437198546,12
200801,2011,48.61166308505751,-17.59557045874997,25.18119324650171,-0.2181207869590883,18.085476354065445,-0.3862805523291124,12
200801,2012,58.84468531619366,-7.362548227613818,25.840653552845314,0.44133951938451715,18.832754040050077,0.36099713365551916,12
200801,2013,19.989302841525664,-46.21793070228182,24.669325212311133,-0.7299888211496673,17.675439961659137,-0.7963169447354227,12
200801,2014,19.662320327146407,-46.54491321666107,25.61482611740703,0.2155120839462299,18.730433956832872,0.2586770504383152,12
200801,2015,10.878032013396508,-55.32920153041098,26.241512142787816,0.8421981093270183,19.43665296164278,0.9648960552482185,12
200801,2016,9.941510855572332,-56.265722688235144,26.02079267219861,0.6214786387378103,18.718761478984188,0.24700457258962757,12
200801,2017,436.85166660661645,370.644433062809,25.423776116201097,0.0244620827403003,18.770272294451505,0.2985153880569462,12
200801,2018,9.090375688259238,-57.11685785554825,25.169192227110944,-0.23012180634985283,18.099546116551803,-0.37221078984275485,12
200801,2019,30.240758772310752,-35.96647477149673,25.492065751140668,0.09275171767986616,18.610294959501076,0.13853805310651732,12
200801,2020,5.599620641265657,-60.607612902541824,25.43183780668151,0.03252377322071206,18.01657127559162,-0.4551856308029378,12
200801,2021,5.292808740591059,-60.91442480321643,24.987204358480174,-0.4121096749806246,17.96440793357292,-0.5073489728216374,12
200801,2022,12.862007259030571,-53.345226284776906,24.407570609432778,-0.9917434240280217,17.40907362297132,-1.0626832834232396,12
200801,2023,230.68389461131002,164.47666106750253,26.60702840429974,1.2077143708389417,20.0951297440845,1.6233728376899383,12
200801,2024,16.96279305339636,-49.24444049041112,25.38016372350543,-0.019150309955372553,18.503433920933308,0.03167701453874905,12
200802,1991,14.570813437199412,-73.8012890957727,30.323423477383653,0.4473831415970168,21.610555442112712,0.2764318835962989,12
200802,1992,114.77781319505695,26.405710662084843,30.344190637403386,0.4681503016167475,22.076769456732375,0.7426458982159589,12
200802,1993,84.18966637334414,-4.182436159627963,30.44226884179461,0.5662285060079721,21.84224005869946,0.5081165001830458,12
200802,1994,19.23162233096292,-69.14048020200919,29.798912773545485,-0.07712756224115254,21.38786705322731,0.05374349471089671,12
200802,1995,16.58377350112001,-71.7883290318521,29.72245957819236,-0.15358075759427692,21.01554797367988,-0.31857558483653364,12
200802,1996,13.806349946625675,-74.56575258634643,28.87597587613475,-1.0000644596518873,20.201117677390467,-1.1330058811259454,12
200802,1997,94.96519139271163,6.593088859739524,31.333156626402268,1.45711629061563,23.48872904427964,2.1546054857632275,12
200802,1998,1026.7641847796265,938.3920822466544,29.924570817738072,0.04853048195143472,22.3906415235946,1.0565179650781877,12
200802,1999,64.9974253713841,-23.374677161588018,28.97845204384061,-0.897588291946026,20.55131272675495,-0.7828108317614625,12
200802,2000,13.462327381892122,-74.90977515108,29.231589800193515,-0.6444505355931239,20.913905905139963,-0.42021765337645167,12
200802,2001,74.6260602441635,-13.746042288808603,29.01433124806118,-0.8617090877254571,20.87490815250457,-0.4592154060118456,12
200802,2002,120.1744116771786,31.802309144206504,29.918202349676786,0.04216201389014825,21.33348374565978,-0.0006398128566316904,12
200802,2003,8.369851558725067,-80.00225097424705,29.667762828727444,-0.20827750705919237,20.812008212593277,-0.5221153459231367,12
200802,2004,10.440448332472668,-77.93165420049944,29.76374269592883,-0.11229763985780632,20.883370092148134,-0.45075346636827884,12
200802,2005,17.211171888712386,-71.16093064425972,29.561244972208467,-0.3147953635781704,20.778206706295304,-0.5559168522211119,12
200802,2006,33.057240269863605,-55.3148622631085,30.129686805033618,0.2536464692469824,21.40218194980478,0.068058391288365,12
200802,2007,11.697677374220438,-76.67442515875167,29.40219357324376,-0.47384676254287655,20.56857765744364,-0.7655459010727738,12
200802,2008,73.35844635036729,-15.013656182604818,30.069870639324986,0.19383030353834751,21.47158379572929,0.13746023721287828,12
200802,2009,34.596372073279504,-53.7757304596926,30.06834221913559,0.19230188334895626,21.485353041240113,0.15122948272369965,12
200802,2010,25.746581855230612,-62.6255206777415,29.634815525665744,-0.2412248101208944,20.85165394215227,-0.48246961636414404,12
200802,2011,45.9701873261078,-42.40191520686432,29.868363095093112,-0.007677240693526007,20.85650080197543,-0.47762275654098474,12
200802,2012,98.50343900304448,10.13133647007236,30.367732792308022,0.491692456521388,21.70875829132861,0.3746347328122006,12
200802,2013,26.023473766808102,-62.348628766164005,29.181538465021116,-0.6945018707655229,20.5337441398348,-0.8003794186816163,12
200802,2014,14.993454704481385,-73.37864782849073,30.166517919955968,0.29047758416933256,21.572913350333028,0.23878979181661641,12
200802,2015,8.380132117813075,-79.99197041515903,30.68464970354046,0.8086093677538267,22.506267936365152,1.1721443778487373,12
200802,2016,18.380431433272967,-69.99167109969915,30.53071977329469,0.6546794375080497,21.746765513630876,0.41264195511446494,12
200802,2017,527.4707135156165,439.09861098264435,29.54133101333228,-0.3347093224543582,21.643360779452635,0.30923722093622086,12
200802,2018,11.980074048065667,-76.39202848490645,29.61623796485833,-0.2598023709283111,21.059892420521393,-0.27423113799502136,12
200802,2019,17.427357396346185,-70.94474513662593,30.006443075223128,0.13040273943648875,21.535771042209365,0.20164748369295063,12
200802,2020,9.406383343470095,-78.96571918950201,30.112482941336882,0.23644260555024696,20.919718322658596,-0.4144052358578169,12
200802,2021,7.509584304848846,-80.86251822812326,29.62466753316576,-0.2513728026208802,20.790128439004796,-0.5439951195116164,12
200802,2022,5.16498409529505,-83.20711843767705,29.157585805660535,-0.7184545301260984,20.20882622655238,-1.1252973319640363,12
200802,2023,283.90708867139784,195.5349861384257,30.948077182866623,1.0720368470799864,23.064375334167497,1.7302517756510847,12
200802,2024,12.194972307593753,-76.17713022537836,30.08492243963009,0.20888210384345504,21.42826148884375,0.0941379303273342,12
200803,1991,13.138567350619937,-74.7719788581206,30.558763286032683,0.4294749462339957,21.565143398696666,0.273683741886322,12
200803,1992,114.54090605316343,26.630359844422895,30.576219620040675,0.4469312802419904,22.05360254695837,0.7621428901480263,12
200803,1993,91.13643787102417,3.22589166228364,30.67565142605906,0.5463630862603743,21.810143685773237,0.5186840289628911,12
200803,1994,18.47998135274844,-69.4305648559921,30.034345552839,-0.09494278695968283,21.36801987015889,0.07656021334854508,12
200803,1995,16.664451638732583,-71.24609457000795,29.97678804407109,-0.15250029572759458,20.97087546602102,-0.3205841907893226,12
200803,1996,11.009294478091249,-76.90125173064929,29.147646465940074,-0.9816418738586098,20.150078158426986,-1.1413814983833566,12
200803,1997,90.10962870755579,2.199082498815244,31.593906301010794,1.4646179612121133,23.48490574671796,2.1934460899076194,12
200803,1998,1013.3890000193262,925.4784538105856,30.183830036619327,0.05454169682064188,22.37657300076736,1.0851133439570158,12
200803,1999,60.27563382955156,-27.63491237918898,29.235557326954922,-0.8937310128437597,20.518765877075314,-0.7726937797350271,12
200803,2000,14.003463131881652,-73.90708307685888,29.47487586427346,-0.6544124755252202,20.884107688945022,-0.40735196786532174,12
200803,2001,72.33090615416131,-15.579640054579219,29.28793623804729,-0.8413521017513949,20.845780615008792,-0.4456790418015508,12
200803,2002,116.66515980975156,28.754613601011034,30.162073943926917,0.03278560412823298,21.29579141505926,0.0043317582489154445,12
200803,2003,9.855720153534435,-78.0548260552061,29.958813367711247,-0.1704749720874359,20.753146453465696,-0.5383132033446459,12
200803,2004,8.33523130871849,-79.57531490002205,30.0291152317252,-0.10017310807348216,20.823564909504523,-0.46789474730581837,12
200803,2005,16.822040209405728,-71.0885059993348,29.84717552135004,-0.28211281844864305,20.724221548348783,-0.567238108461558,12
200803,2006,34.13531339945324,-53.7752328092873,30.39855078614488,0.26926244634619617,21.363546420502555,0.07208676369221194,12
200803,2007,11.494020980277623,-76.41652522846292,29.657364291870042,-0.4719240479286378,20.508473572985668,-0.7829860838246766,12
200803,2008,77.02971183708318,-10.880834371657354,30.27515513196546,0.1458667921667741,21.44034257415767,0.1488829173473274,12
200803,2009,38.360853700356685,-49.549692508383856,30.29905165822804,0.1697633184293584,21.44822685395292,0.1567671971425796,12
200803,2010,30.42421201254679,-57.486334196193745,29.858729920351426,-0.2705584194472553,20.79254969932235,-0.49890995748799344,12
200803,2011,45.556446457121005,-42.35409975161953,30.108777174481517,-0.02051116531716583,20.799141050819873,-0.49231860599046734,12
200803,2012,98.26999628484263,10.3594500761021,30.604154896525056,0.4748665567263724,21.670388552548193,0.37892889573785266,12
200803,2013,24.24266379791977,-63.66788241082076,29.45739466035833,-0.671893679440353,20.479413503182855,-0.8120461536274876,12
200803,2014,16.977638184668546,-70.93290802407199,30.433481770056485,0.30419343025780093,21.521070630847543,0.22961097403719855,12
200803,2015,8.124177150089455,-79.78636905865108,30.941462517261765,0.8121741774630783,22.473450182507758,1.1819905256974164,12
200803,2016,15.944879495840793,-71.96566671289975,30.81280076384641,0.6835124240477294,21.688407987855864,0.3969483310455188,12
200803,2017,533.1255138353928,445.21496762665225,29.798365656431944,-0.3309226833667391,21.610795933577084,0.3193362767667403,12
200803,2018,10.422073529573955,-77.48847267916658,29.882315179254686,-0.24697316054399585,20.999962495973477,-0.2914971608368653,12
200803,2019,17.037090868269857,-70.87345534047068,30.24194273065358,0.11265439085489988,21.48081179413134,0.189352137321,12
200803,2020,9.415372660513242,-78.4951735482273,30.3664048299291,0.2371164901304151,20.842488071017257,-0.44897158579308566,12
200803,2021,6.442162021605991,-81.46838418713455,29.872954674488494,-0.2563336653101895,20.737467869366135,-0.5539917874442075,12
200803,2022,6.330429498388682,-81.58011671035186,29.382242132154133,-0.7470462076445493,20.143546613609544,-1.1479130432007978,12
200803,2023,283.44738836560686,195.53684215686633,31.201470106155682,1.0721817663569977,23.02704780942432,1.735588152613981,12
200803,2024,14.432434171725765,-73.47811203701477,30.362210701016043,0.23292236121736,21.367743764430543,0.07628410762019833,12
200804,1991,13.754007044947656,-69.1511105041025,30.99331719451797,0.39573937663076936,21.64184659445326,0.28261438550073265,12
200804,1992,112.14671904715499,29.24160149810482,31.012044965646766,0.4144671477595674,22.154124345051827,0.7948921360993007,12
200804,1993,96.1400561529213,13.234938603871155,31.107164369864453,0.5095865519772526,21.904107857317047,0.5448756483645223,12
200804,1994,19.78922844791324,-63.115889101136915,30.476338265525275,-0.12123955236192281,21.464952207182833,0.10571999823030638,12
200804,1995,10.323340175766518,-72.58177737328364,30.4417930633152,-0.155784754572004,21.038409383620305,-0.32082282533222034,12
200804,1996,8.027010855056277,-74.87810669399387,29.64467706363389,-0.9529007542533101,20.19950390761835,-1.1597283013341764,12
200804,1997,66.66120135600339,-16.243916193046765,32.109211196258656,1.5116333783714577,23.58996990856832,2.2307376996157937,12
200804,1998,893.1802890799196,810.2751715308694,30.67204880771735,0.07447098983014862,22.472246129279664,1.1130139203271359,12
200804,1999,59.49819932426145,-23.406918224788708,29.720896838568986,-0.8766809793182135,20.591671759354053,-0.7675604495984739,12
200804,2000,15.149661914080466,-67.75545563496969,29.951662725757867,-0.6459150921293357,20.965931936549126,-0.3933002724034,12
200804,2001,66.61085714605645,-16.29426040299371,29.82049625468883,-0.7770815631983702,20.929312171001673,-0.42992003795085293,12
200804,2002,105.01939676187735,22.114279212827185,30.624101774658026,0.026523956770824714,21.362582307608132,0.0033500986556035763,12
200804,2003,10.625488480596534,-72.27962906845362,30.46166049160684,-0.13591732628036013,20.796166026095474,-0.5630661828570526,12
200804,2004,9.598127681849776,-73.30698986720037,30.504123994459945,-0.0934538234272561,20.872226520854642,-0.48700568809788375,12
200804,2005,18.459241141724448,-64.4458764073257,30.333677808657512,-0.2639000092296883,20.780482019605184,-0.5787501893473447,12
200804,2006,33.607233405982676,-49.29788414306748,30.891992219046244,0.29441440115904377,21.434265817116913,0.07503360816438942,12
200804,2007,10.27252539667628,-72.63259215237387,30.11956849074402,-0.4780093271431782,20.557338582757627,-0.8018936261948989,12
200804,2008,90.81650591569887,7.911388366648717,30.671049799870747,0.07347198198355098,21.535813160792113,0.17658095183958564,12
200804,2009,43.153384729286344,-39.75173281976382,30.737030083107935,0.13945226522073195,21.53541442536906,0.17618221641653312,12
200804,2010,31.28188705118704,-51.62323049786311,30.28168482466135,-0.3158929932258501,20.843520187354308,-0.5157120215982193,12
200804,2011,47.490714909090336,-35.41440263995982,30.532885158309156,-0.06469265957804193,20.864296364503524,-0.49493584444900307,12
200804,2012,101.41769418378377,18.51257663473361,31.06108276429887,0.4635049464116709,21.750893411273612,0.39166120232108587,12
200804,2013,23.95290068070422,-58.952216868345936,29.942919722695148,-0.6546580951920555,20.53256637926736,-0.8266658296851649,12
200804,2014,17.104795667264074,-65.80032188178608,30.90500543218316,0.30742761429595894,21.585124090606396,0.22589188165386678,12
200804,2015,12.426667737295768,-70.47844981175439,31.417974441402848,0.8203966235156468,22.513159633273784,1.153927424321257,12
200804,2016,14.03369637587334,-68.87142117317681,31.324130839064093,0.7265530211768908,21.716355874208556,0.3571236652560277,12
200804,2017,524.7391381023797,441.83402055332954,30.295301299293545,-0.30227651859365273,21.68502391693987,0.325791707987344,12
200804,2018,9.247066281022857,-73.6580512680273,30.37269199794922,-0.22488581993797455,21.041851393831134,-0.3173808151213935,12
200804,2019,15.020968711801062,-67.88414883724909,30.69478799474975,0.09721017686254818,21.53425072207067,0.17501851311814468,12
200804,2020,7.60552271332903,-75.29959483572112,30.80601465436234,0.20843683647513966,20.883559235050978,-0.47567297390155083,12
200804,2021,9.136156815612633,-73.76896073343752,30.297752904670755,-0.29982491321644505,20.803089526017082,-0.5561426829354446,12
200804,2022,11.133001992119482,-71.77211555693067,29.765111219329658,-0.8324665985575423,20.202462540062093,-1.1567696688904332,12
200804,2023,280.13498361744354,197.22986606839336,31.647377444855938,1.0497996269687377,23.08420196874829,1.724969759795762,12
200804,2024,16.344665156416355,-66.5604523926338,30.832030402962996,0.2344525850757965,21.40955610971594,0.050323900763413164,12
200805,1991,19.770058019588333,-64.44902020913338,23.10727701694863,0.3717190183061918,17.43029547102935,0.30021079262876027,12
200805,1992,103.37522355959449,19.156145330872768,23.353632839980406,0.6180748413379685,17.889606429055252,0.759521750654661,12
200805,1993,83.15271199669995,-1.066366232021768,23.331549806948306,0.5959918083058687,17.661675002419678,0.5315903240190862,12
200805,1994,24.40617284289535,-59.81290538582636,22.678695979637425,-0.056862019005014496,17.139304506466175,0.00921982806558382,12
200805,1995,15.033549112971453,-69.18552911575026,22.470416213373138,-0.2651417852692995,16.79493983340431,-0.33514484499628283,12
200805,1996,14.771744831097987,-69.44733339762372,21.76650260220497,-0.9690553964374656,16.053500236545187,-1.076584441855405,12
200805,1997,72.34426284009677,-11.874815388624938,24.389274803264854,1.6537168046224169,19.214954840007554,2.0848701616069634,12
200805,1998,955.5186780276393,871.2995997989177,23.17624795180137,0.4406899531589274,18.133863710688853,1.0037790322882636,12
200805,1999,59.455658377301454,-24.763419851420256,21.91505164477901,-0.8205063538634289,16.329302540701345,-0.8007821376992444,12
200805,2000,17.25241427357616,-66.96666395514555,22.124341486499578,-0.6112165121428615,16.658402654383632,-0.47168202401695947,12
200805,2001,73.17200797687325,-11.047070251848476,21.9594245923424,-0.7761334063000375,16.58211867367885,-0.5479660047217433,12
200805,2002,102.6200616719279,18.40098344320619,22.820963149732577,0.08540515109014013,17.137823170614798,0.007738492214208599,12
200805,2003,8.434724772023305,-75.78435345669841,22.412214548474477,-0.32334345016796345,16.59744045965102,-0.532644218749574,12
200805,2004,10.577616267399598,-73.64146196132212,22.508780946250138,-0.2267770523923008,16.66732165910677,-0.46276301929382396,12
200805,2005,18.21118505862436,-66.00789317009736,22.332351690781934,-0.40320630786050443,16.54548918305532,-0.5845954953452707,12
200805,2006,32.21315327357996,-52.00592495514175,22.900795433723925,0.1652374350814864,17.17769275727417,0.04760807887357924,12
200805,2007,7.69753550709585,-76.52154272162586,22.0933308875717,-0.6422271110707394,16.3122116715858,-0.8178730068147927,12
200805,2008,55.16130428056586,-29.05777394815586,22.958086225526515,0.2225282268840744,17.320473185818617,0.19038850741802374,12
200805,2009,38.779867423523605,-45.439210805198115,22.891789068149624,0.15623106950718876,17.304232736267526,0.1741480578669322,12
200805,2010,23.35152993208343,-60.86754829663828,22.40513626828847,-0.3304217303539702,16.680999872197678,-0.4490848062029162,12
200805,2011,44.04451606138528,-40.17456216733643,22.62001701529724,-0.11554098334519598,16.751557267734658,-0.3785274106659318,12
200805,2012,88.56201444316724,4.34293621444553,23.138070002063614,0.4025120034211751,17.49469779826092,0.36461311986032746,12
200805,2013,28.46917556696932,-55.749902661752394,21.976793359510882,-0.7587646391315545,16.35928388142223,-0.7708007969783623,12
200805,2014,17.593175432694522,-66.62590279602719,22.973699659634914,0.2381416609924735,17.382012325553244,0.251927647152652,12
200805,2015,6.853488995182081,-77.36558923353964,23.738878524930822,1.0033205262883815,18.28526824176706,1.1551835633664689,12
200805,2016,20.688935980357808,-63.53014224836391,23.242386289107994,0.506828290465554,17.514992038037523,0.3849073596369312,12
200805,2017,543.3126813996921,459.09360317097037,22.691823233465712,-0.04373476517672614,17.453785268192522,0.3237005897919302,12
200805,2018,17.01245091258463,-67.20662731613709,22.496042182646516,-0.23951581599592497,16.912235622728545,-0.21784905567204715,12
200805,2019,16.212749744063576,-68.00632848465814,22.89414591069247,0.15858791205003206,17.35937162006195,0.229286941661357,12
200805,2020,8.52369828039647,-75.69537994832524,22.699020625643527,-0.036537372998909724,16.75768769430722,-0.37239698409337496,12
200805,2021,6.165646763225898,-78.05343146549582,22.451994355281837,-0.28356364336060064,16.684248114039477,-0.4458365643611157,12
200805,2022,9.480754430960669,-74.73832379776105,21.872453675313306,-0.8631043233291317,16.08532862776998,-1.0447560506306113,12
200805,2023,276.7536491457317,192.53457091701,24.130205783780017,1.3946477851375783,18.906726496577313,1.7766418181767223,12
200805,2024,11.269426161644924,-72.9496520670768,22.818563950698703,0.08300595205626404,17.177630731223342,0.04754605282274893,12
200806,1991,18.065351201433266,-63.17708595229375,29.905089776951968,0.4063281624292223,22.14242315828905,0.2909966077918984,12
200806,1992,112.5218783624517,31.27944120872469,30.043771360827026,0.54500974630428,22.615606651503214,0.7641801010060613,12
200806,1993,93.79747845656392,12.555041302836905,30.1011387068682,0.6023770923454546,22.35854509490356,0.5071185444064087,12
200806,1994,12.270182797508811,-68.9722543562182,29.416419947459687,-0.08234166706306094,21.88908881815225,0.03766226765509787,12
200806,1995,11.557541580402907,-69.68489557332411,29.303764968404924,-0.19499664611782208,21.523906221755755,-0.32752032874139303,12
200806,1996,10.312830427365204,-70.92960672636181,28.511208922942895,-0.9875526915798497,20.725791724662663,-1.1256348258344875,12
200806,1997,61.868019124580854,-19.374418029146163,30.986177793256278,1.4874161787335323,23.996529710544664,2.1451031600475132,12
200806,1998,911.4447113847541,830.202274231027,29.70702569066403,0.20826407614128475,22.919865214043583,1.0684386635464314,12
200806,1999,50.05684884777694,-31.185588305950077,28.618565069871504,-0.8801965446512424,21.06093114703068,-0.7904954034664714,12
200806,2000,16.294277846943338,-64.94815930678368,28.847418710198053,-0.6513429043246921,21.422402013737464,-0.42902453675968655,12
200806,2001,60.126779097283375,-21.115658056443642,28.69907476509653,-0.7996868494262136,21.382793645610775,-0.46863290488637627,12
200806,2002,109.80393380338987,28.561496649662832,29.559538470556205,0.06077685603345954,21.857851545330806,0.006424994833655735,12
200806,2003,8.220013139039636,-73.02242401468739,29.271109664630426,-0.22765194989232165,21.320165463794595,-0.5312610867025546,12
200806,2004,8.134118280097224,-73.1083188736298,29.337387627644187,-0.16137398687855894,21.393949246628072,-0.45747730386907826,12
200806,2005,16.80996521304404,-64.43247194068297,29.182361340623302,-0.3164002738994454,21.293511633625226,-0.5579149168719238,12
200806,2006,33.53021599867484,-47.71222115505218,29.698509236986,0.19974762246325461,21.919891726430834,0.0684651759336831,12
200806,2007,11.424982768651832,-69.8174543850752,28.96926513255602,-0.5294964819667225,21.084210716070555,-0.7672158344265965,12
200806,2008,58.43101899376361,-22.811418159963413,29.712434253820376,0.2136726392976295,22.012455548555703,0.16102899805855397,12
200806,2009,38.21793006795535,-43.024507085771674,29.648445762021783,0.14968414749903936,22.00719246118501,0.15576591068785875,12
200806,2010,26.390736420137415,-54.85170073358961,29.230923511622986,-0.2678381028997621,21.387035505600597,-0.46439104489655403,12
200806,2011,44.697394269699636,-36.54504288402739,29.435726402635044,-0.06303521188769838,21.38649071379582,-0.4649358367013325,12
200806,2012,91.66018455854962,10.417747404822608,29.940531133911502,0.44176951938875497,22.22433386195134,0.37290731145419304,12
200806,2013,24.75167268790933,-56.49076446581769,28.797237440358114,-0.7015241741646333,21.060542656101784,-0.7908838943953681,12
200806,2014,17.643589770147198,-63.59884738357982,29.765000906872302,0.2662392923495546,22.08998055856748,0.23855400807033078,12
200806,2015,4.730227483610493,-76.51220967011653,30.329841073818823,0.831079459296077,22.994106995411897,1.1426804449147492,12
200806,2016,11.681320313343786,-69.56111684038324,30.125160235260562,0.6263986207378176,22.23613998984729,0.3847134393501361,12
200806,2017,535.1032165441017,453.8607793903746,29.29498536047232,-0.20377625405042496,22.175634649635416,0.32420809913826637,12
200806,2018,13.236268582851089,-68.00616857087593,29.251749762096228,-0.24701185242651746,21.566559341028647,-0.28486720946850524,12
200806,2019,15.537174685174854,-65.70526246855216,29.61115991648874,0.11239830196599421,22.058397059528613,0.20697050903145944,12
200806,2020,8.953251904604759,-72.28918524912226,29.661825490766372,0.1630638762436242,21.43646344159117,-0.41496310890598104,12
200806,2021,3.4257190386540217,-77.816718115073,29.25048874096868,-0.24827287355406322,21.32895464322591,-0.5224719072712402,12
200806,2022,8.670441823784182,-72.57199532994284,28.731873065026708,-0.7668885494960355,20.741537427148618,-1.1098891233485297,12
200806,2023,271.0282351704818,189.7857980167548,30.694513624073952,1.1957520095512069,23.58860112660442,1.7371745761072723,12
200806,2024,9.14075549704736,-72.10168165667966,29.685376305691197,0.18661469116845217,21.935141878714834,0.08371532821768479,12
